{
  "Sex":0,
  "HairColorsL":{
    "0":{
      "A":1.0,
      "R":0.0,
      "G":0.0,
      "B":0.0
    }
  },
  "EyeMaterial":"/Game/Art/Character/Modular/Eyes_Human/MIC_Human_Eyes_Brown2.MIC_Human_Eyes_Brown2",
  "Author":"Bethesda",
  "Date":"2025-06-04 19:33:58",
  "Description":"saved from in-game",
  "Name":"BP_AnvilGuardCastlePatrolDay01_C",
  "ModCreator":"animandan",
  "ModName":"RaceMenuUtilities",
  "FaceBaseMesh":"/Game/Art/Character/Imperial/SK_Imperial_Head_m.SK_Imperial_Head_m",
  "ModVersion":"1.1.0",
  "Body":"SkeletalMesh /Game/Art/Character/Imperial/SK_Imperial_Body_m.SK_Imperial_Body_m",
  "FaceMorphValuesMap":{
    "Nose Nostrils Thin / Wide":-0.87999999523163,
    "Forehead / Sellion / Nose Ratio":-0.14943799376488,
    "Cheekbones Thin / Wide":0.0,
    "Forehead Small / Large":-0.74000000953674,
    "Chin Recessed / Pronounced":0.0,
    "Brow / Nose / Chin Ratio":-0.059999998658895,
    "Jaw Thin / Wide":0.87999999523163,
    "Cheeks Gaunt / Round":0.0,
    "Chin Backward / Forward":0.0,
    "Chin Thin / Wide":0.41999998688698,
    "Forehead Short / Tall":-0.18729500472546,
    "Face Thin / Wide":-0.53280800580978,
    "Brow Ridge Inner Down / Up":-0.25999999046326,
    "Mouth Underbite / Overbite":0.0,
    "Mouth Low / High":0.0,
    "Vampire":0.0,
    "Face Gaunt / Round":-0.25409299135208,
    "Eyes Small / Large":-0.69999998807907,
    "Mouth Drawn / Pursed":0.56000000238419,
    "Chin Retracted / Jutting":0.0,
    "Nose Tilt Down / Up":-0.080000996589661,
    "Mouth Small / Large":0.41999900341034,
    "Nose Short / Long":0.0,
    "Nose Bridge Shallow / Deep":0.65204000473022,
    "Nose Sellion Thin / Wide":-0.23999999463558,
    "Mouth Retracted / Protruding":0.0,
    "Nose Sellion Shallow / Deep":0.0,
    "Jaw Retracted / Jutting":0.11999999731779,
    "Nose Sellion Down / Up":0.16966299712658,
    "Eyes Inward / Outward":-0.098968997597694,
    "Nose Region Concave / Convex":-0.5799999833107,
    "Brow Ridge Outer Down / Up":0.36000001430511,
    "Nose Nostrils Small / Large":0.079999998211861,
    "Eyes Apart / Together":0.53999900817871,
    "Nose Nostrils Tilt Down / Up":-0.52520501613617,
    "Nose Flat / Pointed":-0.32541799545288,
    "Mouth Tilt Down / Up":-0.20000000298023,
    "Jaw Concave / Convex":-0.62000000476837,
    "Mouth Sad / Happy":0.0,
    "Cheekbones Shallow / Pronounced":0.0,
    "Face Light / Heavy":-0.5689070224762,
    "Nose Down / Up":-0.30722498893738,
    "Chin Short / Tall":0.0,
    "Eyes Down / Up":0.0,
    "Cheeks Concave / Convex":0.0,
    "Nose Bridge Short / Long":0.20375299453735,
    "Mouth Chin Short / Long":0.0,
    "Nose Sellion Lower Shallow / Deep":0.25999999046326,
    "Mouth Retracted / Puckered":0.0,
    "Hair Length":0.0,
    "Mouth Deflated / Inflated":-0.36000001430511,
    "Chin Shallow / Deep":0.0,
    "Jaw Neck Slope Low / High":0.1973659992218,
    "Brow Ridge Low / High":-0.38419699668884,
    "Cheekbones Low / High":0.036586999893188,
    "Forehead Back / Forward":-0.032388001680374,
    "Chin Small / Large":0.0
  },
  "Hair":"/Game/Dev/Phenotypes/Hair/HP_Redguard_HR_Fade.HP_Redguard_HR_Fade",
  "SenescenceLevel":4,
  "APIVersion":"v2",
  "SkinParametersMap":{
    "Complexion":0.0,
    "Cheek Blush Light/Red":0.0,
    "Eyebrows Color Intensity":0.0,
    "Eye socket Bruised/Bright":0.0,
    "Lipstick Amount":0.0,
    "Root Redness":0.0,
    "Freckles":0.0,
    "Cheekbones Flushed/Pale":0.0,
    "Eyebrows Redness Intensity":0.0,
    "Root Color":0.0,
    "Eyelids Pale/Red":0.0,
    "Tip Color":0.0,
    "Tip Redness":0.0,
    "Ombre Amount":0.0,
    "Salt And Pepper":0.0,
    "Ombre Constrast":0.0
  },
  "Race":"TESRace /Game/Forms/actors/race/Imperial.Imperial",
  "SkinColorsMapL":{
    "Root DyeColor":{
      "A":1.0,
      "R":0.0047769998200238,
      "G":0.0012140000471845,
      "B":0.0
    },
    "Eyeliner Tone":{
      "A":1.0,
      "R":1.0,
      "G":1.0,
      "B":1.0
    },
    "Tip DyeColor":{
      "A":1.0,
      "R":0.10702300071716,
      "G":0.034340001642704,
      "B":0.0056050000712276
    },
    "Skin Tone":{
      "A":1.0,
      "R":1.0,
      "G":1.0,
      "B":1.0
    },
    "Lipstick Color":{
      "A":1.0,
      "R":0.093058958649635,
      "G":0.0009105809731409,
      "B":0.0097212167456746
    }
  }
}