{
  "Sex":0,
  "HairColorsL":{
    "0":{
      "A":1.0,
      "R":0.0,
      "G":0.0,
      "B":0.0
    }
  },
  "EyeMaterial":"/Game/Art/Character/Modular/Eyes_Human/MIC_Human_Eyes_Brown2.MIC_Human_Eyes_Brown2",
  "Author":"Bethesda",
  "Date":"2025-06-04 19:34:01",
  "Description":"saved from in-game",
  "Name":"BP_AnvilGuardEscortCountess_C",
  "ModCreator":"animandan",
  "ModName":"RaceMenuUtilities",
  "FaceBaseMesh":"/Game/Art/Character/Imperial/SK_Imperial_Head_m.SK_Imperial_Head_m",
  "ModVersion":"1.1.0",
  "Body":"SkeletalMesh /Game/Art/Character/Imperial/SK_Imperial_Body_m.SK_Imperial_Body_m",
  "FaceMorphValuesMap":{
    "Nose Nostrils Thin / Wide":-0.014845781028271,
    "Forehead / Sellion / Nose Ratio":-0.13702084124088,
    "Cheekbones Thin / Wide":0.34584799408913,
    "Forehead Small / Large":0.0,
    "Chin Recessed / Pronounced":0.0,
    "Brow / Nose / Chin Ratio":0.0,
    "Jaw Thin / Wide":-0.46000000834465,
    "Cheeks Gaunt / Round":0.24253599345684,
    "Chin Backward / Forward":0.0,
    "Chin Thin / Wide":0.23799699544907,
    "Forehead Short / Tall":0.45498898625374,
    "Face Thin / Wide":-0.09612900018692,
    "Brow Ridge Inner Down / Up":-0.13183300197124,
    "Mouth Underbite / Overbite":0.0,
    "Mouth Low / High":-0.31982401013374,
    "Vampire":0.0,
    "Face Gaunt / Round":0.21126300096512,
    "Eyes Small / Large":-0.87953001260757,
    "Mouth Drawn / Pursed":0.0,
    "Chin Retracted / Jutting":0.0,
    "Nose Tilt Down / Up":0.0,
    "Mouth Small / Large":0.079999998211861,
    "Nose Short / Long":0.0,
    "Nose Bridge Shallow / Deep":0.77999997138977,
    "Nose Sellion Thin / Wide":0.0,
    "Mouth Retracted / Protruding":0.0,
    "Nose Sellion Shallow / Deep":0.0,
    "Jaw Retracted / Jutting":0.33645114302635,
    "Nose Sellion Down / Up":0.00059005775256082,
    "Eyes Inward / Outward":-0.10797363519669,
    "Nose Region Concave / Convex":-0.11048100143671,
    "Brow Ridge Outer Down / Up":-0.060853999108076,
    "Nose Nostrils Small / Large":0.21688345074654,
    "Eyes Apart / Together":0.34894898533821,
    "Nose Nostrils Tilt Down / Up":-0.26536801457405,
    "Nose Flat / Pointed":0.1635939925909,
    "Mouth Tilt Down / Up":0.0,
    "Jaw Concave / Convex":0.099997997283936,
    "Mouth Sad / Happy":-0.65417897701263,
    "Cheekbones Shallow / Pronounced":-0.35871601104736,
    "Face Light / Heavy":0.14940300583839,
    "Nose Down / Up":-0.098830997943878,
    "Chin Short / Tall":0.0,
    "Eyes Down / Up":-0.10000000149012,
    "Cheeks Concave / Convex":0.34749600291252,
    "Nose Bridge Short / Long":0.16831900179386,
    "Mouth Chin Short / Long":0.0,
    "Nose Sellion Lower Shallow / Deep":0.0,
    "Mouth Retracted / Puckered":0.0,
    "Hair Length":0.0,
    "Mouth Deflated / Inflated":0.0,
    "Chin Shallow / Deep":0.0,
    "Jaw Neck Slope Low / High":0.33227100968361,
    "Brow Ridge Low / High":-0.37141600251198,
    "Cheekbones Low / High":0.14000000059605,
    "Forehead Back / Forward":-0.20616599917412,
    "Chin Small / Large":0.0
  },
  "Hair":"/Game/Dev/Phenotypes/Hair/HP_Redguard_HR_Fade.HP_Redguard_HR_Fade",
  "SenescenceLevel":1,
  "APIVersion":"v2",
  "SkinParametersMap":{
    "Complexion":0.0,
    "Ombre Constrast":0.0,
    "Age":0.0,
    "Eye Sockets Dark/Light":0.0,
    "Root Redness":0.0,
    "Naso Small/Large":0.0,
    "Eyebrows Redness Intensity":0.0,
    "Root Color":0.0,
    "Lipstick Dark Blue/Light Red":0.0,
    "Lipstick Dark Red/Light Blue":0.0,
    "Freckles":0.0,
    "Eye socket Bruised/Bright":0.0,
    "Cheek Blush Light/Red":0.0,
    "Eyebrows Color Intensity":0.0,
    "Cheekbones Flushed/Pale":0.0,
    "Lipstick Amount":0.0,
    "Eye Sockets Bruised/Bright":0.0,
    "Ombre Amount":0.0,
    "Lips Flushed/Pale":0.0,
    "Tip Redness":0.0,
    "Naso Labial Lines Light/Dark":0.0,
    "Eyelids Pale/Red":0.0,
    "Tip Color":0.0,
    "Eyeshadow Light/Dark":0.0,
    "Eyeliner Light/Dark":0.0,
    "Salt And Pepper":0.0,
    "Eyelids Light/Dark":0.0
  },
  "Race":"TESRace /Game/Forms/actors/race/Imperial.Imperial",
  "SkinColorsMapL":{
    "Root DyeColor":{
      "A":1.0,
      "R":0.0047769998200238,
      "G":0.0012140000471845,
      "B":0.0
    },
    "Eyeliner Tone":{
      "A":1.0,
      "R":1.0,
      "G":1.0,
      "B":1.0
    },
    "Tip DyeColor":{
      "A":1.0,
      "R":0.10702300071716,
      "G":0.034340001642704,
      "B":0.0056050000712276
    },
    "Skin Tone":{
      "A":1.0,
      "R":0.8125,
      "G":0.8125,
      "B":0.8125
    },
    "Lipstick Color":{
      "A":1.0,
      "R":0.093058958649635,
      "G":0.0009105809731409,
      "B":0.0097212167456746
    }
  }
}