{
  "Sex":0,
  "HairColorsL":{
    "0":{
      "A":1.0,
      "R":1.0,
      "G":1.0,
      "B":1.0
    }
  },
  "EyeMaterial":"/Game/Art/Character/Modular/Eyes_Human/MIC_Human_Eyes_Blue1.MIC_Human_Eyes_Blue1",
  "Author":"Bethesda",
  "Date":"2025-06-04 19:33:59",
  "Description":"saved from in-game",
  "Name":"BP_AnvilGuardCityPatrolNight02_C",
  "ModCreator":"animandan",
  "ModName":"RaceMenuUtilities",
  "FaceBaseMesh":"/Game/Art/Character/Imperial/SK_Imperial_Head_m.SK_Imperial_Head_m",
  "ModVersion":"1.1.0",
  "Body":"SkeletalMesh /Game/Art/Character/Imperial/SK_Imperial_Body_m.SK_Imperial_Body_m",
  "FaceMorphValuesMap":{
    "Nose Nostrils Thin / Wide":-0.40871399641037,
    "Forehead / Sellion / Nose Ratio":-0.11188200116158,
    "Cheekbones Thin / Wide":-0.20919899642467,
    "Forehead Small / Large":-0.12071000039577,
    "Chin Recessed / Pronounced":0.0,
    "Brow / Nose / Chin Ratio":-0.14431899785995,
    "Jaw Thin / Wide":-0.55997598171234,
    "Cheeks Gaunt / Round":-0.0038560000248253,
    "Chin Backward / Forward":0.0,
    "Chin Thin / Wide":0.099063999950886,
    "Forehead Short / Tall":0.0,
    "Face Thin / Wide":0.3817430138588,
    "Brow Ridge Inner Down / Up":0.33795800805092,
    "Mouth Underbite / Overbite":-0.13251499831676,
    "Mouth Low / High":-0.077684998512268,
    "Vampire":0.0,
    "Face Gaunt / Round":0.18312199413776,
    "Eyes Small / Large":-0.59047597646713,
    "Mouth Drawn / Pursed":0.0,
    "Chin Retracted / Jutting":0.25999999046326,
    "Nose Tilt Down / Up":0.0,
    "Mouth Small / Large":-0.043021000921726,
    "Nose Short / Long":0.30000001192093,
    "Nose Bridge Shallow / Deep":0.33496800065041,
    "Nose Sellion Thin / Wide":0.46000000834465,
    "Mouth Retracted / Protruding":0.27956598997116,
    "Nose Sellion Shallow / Deep":0.0,
    "Jaw Retracted / Jutting":-0.003086999990046,
    "Nose Sellion Down / Up":0.18781000375748,
    "Eyes Inward / Outward":0.30866798758507,
    "Nose Region Concave / Convex":0.13066999614239,
    "Brow Ridge Outer Down / Up":-0.022329999133945,
    "Nose Nostrils Small / Large":-0.13207800686359,
    "Eyes Apart / Together":0.90000301599503,
    "Nose Nostrils Tilt Down / Up":-0.12350100278854,
    "Nose Flat / Pointed":-0.28410801291466,
    "Mouth Tilt Down / Up":0.10829500108957,
    "Jaw Concave / Convex":0.78103297948837,
    "Mouth Sad / Happy":0.63937699794769,
    "Cheekbones Shallow / Pronounced":-0.006355999968946,
    "Face Light / Heavy":-0.14495000243187,
    "Nose Down / Up":-0.16620400547981,
    "Chin Short / Tall":-0.21999999880791,
    "Eyes Down / Up":0.043680001050234,
    "Cheeks Concave / Convex":0.024349000304937,
    "Nose Bridge Short / Long":0.10016400367022,
    "Mouth Chin Short / Long":0.11202400177717,
    "Nose Sellion Lower Shallow / Deep":0.0,
    "Mouth Retracted / Puckered":-0.30835399031639,
    "Hair Length":0.0,
    "Mouth Deflated / Inflated":0.75999999046326,
    "Chin Shallow / Deep":0.0,
    "Jaw Neck Slope Low / High":0.075790002942085,
    "Brow Ridge Low / High":0.38117098808289,
    "Cheekbones Low / High":0.0050900001078844,
    "Forehead Back / Forward":0.0,
    "Chin Small / Large":-0.32498401403427
  },
  "Hair":"/Game/Dev/Phenotypes/Hair/HP_HR_Cropped.HP_HR_Cropped",
  "SenescenceLevel":3,
  "APIVersion":"v2",
  "SkinParametersMap":{
    "Complexion":0.25468200445175,
    "Cheek Blush Light/Red":0.0,
    "Eyebrows Color Intensity":0.0,
    "Eye socket Bruised/Bright":0.0,
    "Lipstick Amount":0.0,
    "Root Redness":0.0,
    "Freckles":0.0,
    "Cheekbones Flushed/Pale":0.0,
    "Eyebrows Redness Intensity":0.0,
    "Root Color":0.0,
    "Eyelids Pale/Red":0.0,
    "Tip Color":0.0,
    "Tip Redness":0.0,
    "Ombre Amount":0.0,
    "Salt And Pepper":0.0,
    "Ombre Constrast":0.0
  },
  "Race":"TESRace /Game/Forms/actors/race/Imperial.Imperial",
  "SkinColorsMapL":{
    "Root DyeColor":{
      "A":1.0,
      "R":0.0047769998200238,
      "G":0.0012140000471845,
      "B":0.0
    },
    "Eyeliner Tone":{
      "A":1.0,
      "R":1.0,
      "G":1.0,
      "B":1.0
    },
    "Tip DyeColor":{
      "A":1.0,
      "R":0.10702300071716,
      "G":0.034340001642704,
      "B":0.0056050000712276
    },
    "Skin Tone":{
      "A":1.0,
      "R":1.0,
      "G":1.0,
      "B":1.0
    },
    "Lipstick Color":{
      "A":1.0,
      "R":0.093058958649635,
      "G":0.0009105809731409,
      "B":0.0097212167456746
    }
  }
}