{
  "ModName":"RaceMenuUtilities",
  "FaceBaseMesh":"/Game/Art/Character/DarkElf/SK_DarkElf_Head_m.SK_DarkElf_Head_m",
  "Author":"Bethesda",
  "Date":"2025-06-04 20:30:44",
  "SkinColorsMapL":{
    "Lipstick Color":{
      "A":1.0,
      "B":0.12477181851864,
      "G":0.16202937066555,
      "R":0.040915194898844
    },
    "Eyeliner Tone":{
      "A":1.0,
      "B":1.0,
      "G":1.0,
      "R":1.0
    },
    "Root DyeColor":{
      "A":1.0,
      "B":1.0,
      "G":1.0,
      "R":1.0
    },
    "Tip DyeColor":{
      "A":1.0,
      "B":0.0018211619462818,
      "G":0.015996292233467,
      "R":0.1746474057436
    },
    "Skin Tone":{
      "A":1.0,
      "B":0.40513798594475,
      "G":0.57945001125336,
      "R":0.75520801544189
    }
  },
  "APIVersion":"v2",
  "FaceMorphValuesMap":{
    "Eyes Small / Large":-0.25990810990334,
    "Jaw Thin / Wide":0.02929399907589,
    "Brow Ridge Low / High":-0.46834799647331,
    "Chin Retracted / Jutting":0.079451516270638,
    "Face Thin / Wide":-0.23167799413204,
    "Hair Length":0.0,
    "Chin Backward / Forward":-0.11898498982191,
    "Vampire":0.0,
    "Mouth Underbite / Overbite":0.26157200336456,
    "Eyes Inward / Outward":0.26041916012764,
    "Mouth Sad / Happy":-0.22517800331116,
    "Jaw Retracted / Jutting":-0.12748174369335,
    "Nose Flat / Pointed":0.036366000771523,
    "Chin Recessed / Pronounced":-0.17158713936806,
    "Cheeks Gaunt / Round":0.28706100583076,
    "Forehead Back / Forward":0.058260630816221,
    "Nose Sellion Down / Up":0.057756092399359,
    "Mouth Deflated / Inflated":-0.50765299797058,
    "Mouth Small / Large":-0.64589899778366,
    "Nose Tilt Down / Up":0.0,
    "Nose Short / Long":0.0,
    "Mouth Drawn / Pursed":0.23774200677872,
    "Chin Short / Tall":0.1059760004282,
    "Nose Sellion Thin / Wide":0.0,
    "Jaw Neck Slope Low / High":0.13608999550343,
    "Cheekbones Shallow / Pronounced":0.086916901171207,
    "Nose Sellion Shallow / Deep":0.0,
    "Mouth Tilt Down / Up":0.4318679869175,
    "Brow / Nose / Chin Ratio":-0.11103868484497,
    "Brow Ridge Outer Down / Up":-0.19549891352654,
    "Chin Small / Large":0.45488101243973,
    "Mouth Retracted / Puckered":0.54000002145767,
    "Chin Thin / Wide":0.16759152710438,
    "Nose Nostrils Tilt Down / Up":-0.08069434016943,
    "Face Gaunt / Round":0.20162999629974,
    "Cheekbones Thin / Wide":-0.10724899917841,
    "Forehead / Sellion / Nose Ratio":0.30904015898705,
    "Cheekbones Low / High":0.041187357157469,
    "Nose Bridge Short / Long":0.23608882725239,
    "Forehead Short / Tall":0.045896999537945,
    "Nose Bridge Shallow / Deep":0.056641437113285,
    "Mouth Chin Short / Long":-0.23083661496639,
    "Face Light / Heavy":0.38513100147247,
    "Nose Region Concave / Convex":0.23494343459606,
    "Mouth Retracted / Protruding":0.04526200145483,
    "Cheeks Concave / Convex":0.30205300450325,
    "Nose Nostrils Small / Large":0.22552971541882,
    "Jaw Concave / Convex":0.31357398629189,
    "Nose Down / Up":0.35760998725891,
    "Mouth Low / High":-0.1360200047493,
    "Eyes Down / Up":-0.43243199586868,
    "Chin Shallow / Deep":0.44603714346886,
    "Eyes Apart / Together":0.54979997873306,
    "Brow Ridge Inner Down / Up":-0.11803200095892,
    "Nose Sellion Lower Shallow / Deep":0.0,
    "Nose Nostrils Thin / Wide":-0.22082190215588,
    "Forehead Small / Large":0.37033200263977
  },
  "EyeMaterial":"/Game/Art/Character/Modular/Eyes_DarkElf/MIC_DarkElf_Eyes_Red.MIC_DarkElf_Eyes_Red",
  "HairColorsL":{
    "0":{
      "A":1.0,
      "B":0.0060488330200315,
      "G":0.01032982300967,
      "R":0.021219009533525
    }
  },
  "SkinParametersMap":{
    "Complexion":0.0,
    "Freckles":-0.14000000059605,
    "Ombre Amount":1.0,
    "Eylids Light/Dark":0.0,
    "Skin Tint Purple/Yellow":0.36000001430511,
    "Cheek Blush Light/Red":0.11999999731779,
    "Ombre Constrast":1.0,
    "Tip Color":0.019999999552965,
    "Eye socket Bruised/Bright":0.62000000476837,
    "Skin Tint Orange/Blue":0.0,
    "Eyebrows Color Intensity":0.60000002384186,
    "Tip Redness":1.0,
    "Root Redness":1.0,
    "Root Color":0.0099999997764826,
    "Skin Dark/Light":-0.10000000149012,
    "Salt And Pepper":0.0,
    "Eyebrows Redness Intensity":0.0,
    "Eyeliner Light/Dark":0.0,
    "Eyelids Pale/Red":0.25999900698662,
    "Cheekbones Flushed/Pale":0.019999999552965,
    "Eye Socket Dark/Light":0.18000000715256,
    "Lipstick Amount":0.050000000745058
  },
  "SenescenceLevel":5,
  "Sex":0,
  "Description":"saved from in-game",
  "ModCreator":"animandan",
  "ModVersion":"1.1.0",
  "Hair":"/Game/Dev/Phenotypes/Hair/HP_DarkElf_HR_Mane.HP_DarkElf_HR_Mane",
  "Name":"BP_AlvalUvani_C",
  "Race":"TESRace /Game/Forms/actors/race/DarkElf.DarkElf",
  "Body":"SkeletalMesh /Game/Art/Character/Imperial/SK_Imperial_Body_m.SK_Imperial_Body_m"
}