{
  "Race":"TESRace /Game/Forms/actors/race/Imperial.Imperial",
  "FaceBaseMesh":"/Game/Art/Character/Imperial/SK_Imperial_Head_F.SK_Imperial_Head_F",
  "Date":"2025-06-04 18:50:18",
  "HairColorsL":[],
  "SkinParametersMap":{
    "Complexion":0.30000001192093
  },
  "Sex":1,
  "FaceMorphValuesMap":{
    "Hair Length":0.0,
    "Vampire":0.0,
    "Nose Sellion Down / Up":0.30000001192093,
    "Forehead Back / Forward":-0.081220000982285,
    "Mouth Deflated / Inflated":0.33741998672485,
    "Chin Backward / Forward":-0.52834701538086,
    "Eyes Apart / Together":0.12590000033379,
    "Nose Tilt Down / Up":-0.21999999880791,
    "Mouth Sad / Happy":0.37640699744225,
    "Brow Ridge Outer Down / Up":1.0,
    "Nose Sellion Thin / Wide":1.0,
    "Nose Short / Long":0.0,
    "Nose Sellion Shallow / Deep":0.60000002384186,
    "Brow / Nose / Chin Ratio":0.18740299344063,
    "Chin Small / Large":-0.40783101320267,
    "Nose Flat / Pointed":0.078861996531487,
    "Jaw Thin / Wide":-0.41999998688698,
    "Nose Nostrils Tilt Down / Up":-0.02542999945581,
    "Eyes Inward / Outward":0.077610000967979,
    "Cheekbones Shallow / Pronounced":-0.028920194134116,
    "Nose Nostrils Thin / Wide":0.34448099136353,
    "Chin Shallow / Deep":-0.24623000621796,
    "Nose Down / Up":-1.0,
    "Nose Bridge Short / Long":0.056772999465466,
    "Mouth Tilt Down / Up":-0.38857099413872,
    "Chin Thin / Wide":-0.2844800055027,
    "Face Light / Heavy":-0.090199001133442,
    "Mouth Chin Short / Long":0.10182700306177,
    "Jaw Concave / Convex":0.87838399410248,
    "Brow Ridge Low / High":0.20000000298023,
    "Chin Recessed / Pronounced":0.69950997829437,
    "Cheeks Gaunt / Round":-0.011169999837875,
    "Face Thin / Wide":0.25169798731804,
    "Eyes Down / Up":-0.23238299787045,
    "Jaw Retracted / Jutting":0.28000000119209,
    "Chin Short / Tall":-0.1493416428566,
    "Jaw Neck Slope Low / High":0.21806499361992,
    "Nose Bridge Shallow / Deep":0.17620499432087,
    "Mouth Retracted / Protruding":-0.61372202634811,
    "Cheekbones Thin / Wide":0.077353000640869,
    "Mouth Low / High":-0.49093100428581,
    "Mouth Retracted / Puckered":-0.081132002174854,
    "Mouth Small / Large":-0.41999998688698,
    "Forehead Short / Tall":0.1543390005827,
    "Nose Nostrils Small / Large":0.12218844145536,
    "Chin Retracted / Jutting":-0.20673300325871,
    "Forehead Small / Large":-0.11745300143957,
    "Cheekbones Low / High":-0.19107593595982,
    "Eyes Small / Large":0.29693999886513,
    "Cheeks Concave / Convex":0.25818899273872,
    "Brow Ridge Inner Down / Up":-0.52069997787476,
    "Nose Sellion Lower Shallow / Deep":0.25999999046326,
    "Face Gaunt / Round":0.035957001149654,
    "Mouth Underbite / Overbite":0.28941199183464,
    "Nose Region Concave / Convex":0.11866938322783,
    "Forehead / Sellion / Nose Ratio":0.37999999523163,
    "Mouth Drawn / Pursed":0.28000000119209
  },
  "Author":"Bethesda",
  "SkinColorsMapL":[],
  "ModVersion":"1.1.0",
  "Body":"SkeletalMesh /Game/Art/Character/Imperial/SK_Imperial_Body_m.SK_Imperial_Body_m",
  "Description":"saved from in-game",
  "SenescenceLevel":0,
  "APIVersion":"v2",
  "ModCreator":"animandan",
  "ModName":"RaceMenuUtilities",
  "Hair":"/Game/Dev/Phenotypes/Hair/HP_HR_Loose.HP_HR_Loose",
  "Name":"BP_ArenaYellowCombatant_C"
}