{
  "ModName":"RaceMenuUtilities",
  "FaceBaseMesh":"/Game/Art/Character/DarkElf/SK_DarkElf_Head_f.SK_DarkElf_Head_f",
  "Author":"Bethesda",
  "Date":"2025-06-04 20:30:46",
  "SkinColorsMapL":{
    "Lipstick Color":{
      "A":1.0,
      "B":1.0,
      "G":1.0,
      "R":1.0
    },
    "Eyeliner Tone":{
      "A":1.0,
      "B":0.70833301544189,
      "G":0.70833301544189,
      "R":0.70833301544189
    },
    "Root DyeColor":{
      "A":1.0,
      "B":0.030712999403477,
      "G":0.030712999403477,
      "R":0.030712999403477
    },
    "Tip DyeColor":{
      "A":1.0,
      "B":0.0,
      "G":0.0,
      "R":0.0
    },
    "Skin Tone":{
      "A":1.0,
      "B":0.72916698455811,
      "G":0.72916698455811,
      "R":0.72916698455811
    }
  },
  "APIVersion":"v2",
  "FaceMorphValuesMap":{
    "Eyes Small / Large":0.81999999284744,
    "Jaw Thin / Wide":-0.092877000570297,
    "Brow Ridge Low / High":-0.015995999798179,
    "Chin Retracted / Jutting":0.030029000714421,
    "Face Thin / Wide":0.0,
    "Hair Length":0.0,
    "Chin Backward / Forward":0.63999998569489,
    "Vampire":0.0,
    "Mouth Underbite / Overbite":-0.52411901950836,
    "Eyes Inward / Outward":0.17383800446987,
    "Mouth Sad / Happy":0.80000001192093,
    "Jaw Retracted / Jutting":-0.21755599975586,
    "Nose Flat / Pointed":0.2364050000906,
    "Chin Recessed / Pronounced":0.25999999046326,
    "Cheeks Gaunt / Round":-0.27304100990295,
    "Forehead Back / Forward":0.15001699328423,
    "Nose Sellion Down / Up":0.092487998306751,
    "Mouth Deflated / Inflated":0.63999998569489,
    "Mouth Small / Large":-0.47999998927116,
    "Nose Tilt Down / Up":0.0,
    "Nose Short / Long":0.0,
    "Mouth Drawn / Pursed":-0.54000002145767,
    "Chin Short / Tall":0.33999800682068,
    "Nose Sellion Thin / Wide":0.0,
    "Jaw Neck Slope Low / High":-0.033132001757622,
    "Cheekbones Shallow / Pronounced":-0.72000002861023,
    "Nose Sellion Shallow / Deep":0.0,
    "Mouth Tilt Down / Up":-0.63999998569489,
    "Brow / Nose / Chin Ratio":-0.81999897956848,
    "Brow Ridge Outer Down / Up":0.17938999831676,
    "Chin Small / Large":-0.23999999463558,
    "Mouth Retracted / Puckered":-0.62000000476837,
    "Chin Thin / Wide":-0.37999999523163,
    "Nose Nostrils Tilt Down / Up":-0.25292301177979,
    "Face Gaunt / Round":-0.099666997790337,
    "Cheekbones Thin / Wide":-0.23999999463558,
    "Forehead / Sellion / Nose Ratio":0.60000002384186,
    "Cheekbones Low / High":0.17976500093937,
    "Nose Bridge Short / Long":0.27822399139404,
    "Forehead Short / Tall":-0.07167000323534,
    "Nose Bridge Shallow / Deep":-0.067806996405125,
    "Mouth Chin Short / Long":0.19548699259758,
    "Face Light / Heavy":0.36000001430511,
    "Nose Region Concave / Convex":0.24669100344181,
    "Mouth Retracted / Protruding":0.0,
    "Cheeks Concave / Convex":0.09009999781847,
    "Nose Nostrils Small / Large":0.16902600228786,
    "Jaw Concave / Convex":0.42403998970985,
    "Nose Down / Up":-0.0055499998852611,
    "Mouth Low / High":0.062127999961376,
    "Eyes Down / Up":-0.30285200476646,
    "Chin Shallow / Deep":0.29999899864197,
    "Eyes Apart / Together":0.64552301168442,
    "Brow Ridge Inner Down / Up":-0.029610000550747,
    "Nose Sellion Lower Shallow / Deep":0.0,
    "Nose Nostrils Thin / Wide":-0.34000098705292,
    "Forehead Small / Large":-0.31838500499725
  },
  "EyeMaterial":"/Game/Art/Character/Modular/MIC_ME_DarkElf.MIC_ME_DarkElf",
  "HairColorsL":{
    "0":{
      "A":1.0,
      "B":0.0,
      "G":0.85499262809753,
      "R":1.0
    }
  },
  "SkinParametersMap":{
    "Complexion":0.0,
    "Freckles":-0.72000002861023,
    "Ombre Amount":-0.31999999284744,
    "Eylids Light/Dark":0.69999998807907,
    "None":0.019999999552965,
    "Skin Tint Purple/Yellow":0.0,
    "Cheek Blush Light/Red":0.03999999910593,
    "Ombre Constrast":0.18000000715256,
    "Tip Color":-0.21999999880791,
    "Eye socket Bruised/Bright":0.36000001430511,
    "Skin Tint Orange/Blue":0.0,
    "Eyebrows Color Intensity":0.5,
    "Tip Redness":0.079999998211861,
    "Root Redness":0.20000000298023,
    "Root Color":0.62000000476837,
    "Skin Dark/Light":0.0,
    "Salt And Pepper":0.93999999761581,
    "Eyebrows Redness Intensity":-0.20000000298023,
    "Eyeliner Light/Dark":0.36000001430511,
    "Eyelids Pale/Red":0.0,
    "Cheekbones Flushed/Pale":0.43999999761581,
    "Eye Socket Dark/Light":-0.079998999834061,
    "Lipstick Amount":0.0
  },
  "SenescenceLevel":4,
  "Sex":1,
  "Description":"saved from in-game",
  "ModCreator":"animandan",
  "ModVersion":"1.1.0",
  "Hair":"/Game/Dev/Phenotypes/Hair/HP_HighElf_HR_Bun.HP_HighElf_HR_Bun",
  "Name":"BP_ArvenaThelas_C",
  "Race":"TESRace /Game/Forms/actors/race/DarkElf.DarkElf",
  "Body":"SkeletalMesh /Game/Art/Character/Imperial/SK_Imperial_Body_m.SK_Imperial_Body_m"
}