{
  "Sex":0,
  "HairColorsL":{
    "1":{
      "A":1.0,
      "R":0.16202937066555,
      "G":0.1046164855361,
      "B":0.061246052384377
    },
    "2":{
      "A":1.0,
      "R":0.16202937066555,
      "G":0.1046164855361,
      "B":0.061246052384377
    },
    "0":{
      "A":1.0,
      "R":0.021219009533525,
      "G":0.01032982300967,
      "B":0.0060488330200315
    }
  },
  "EyeMaterial":"/Game/Art/Character/Modular/Eyes_WoodElf/MIC_WoodElf_Eyes_Black.MIC_WoodElf_Eyes_Black",
  "SkinColorsMapL":{
    "Root DyeColor":{
      "A":1.0,
      "R":1.0,
      "G":1.0,
      "B":1.0
    },
    "Eyeliner Tone":{
      "A":1.0,
      "R":0.953125,
      "G":0.953125,
      "B":0.953125
    },
    "Tip DyeColor":{
      "A":1.0,
      "R":1.0,
      "G":1.0,
      "B":1.0
    },
    "Skin Tone":{
      "A":1.0,
      "R":0.74479198455811,
      "G":0.74479198455811,
      "B":0.74479198455811
    },
    "Lipstick Color":{
      "A":1.0,
      "R":1.0,
      "G":1.0,
      "B":1.0
    }
  },
  "Date":"2025-06-04 19:33:49",
  "Description":"saved from in-game",
  "Name":"BP_Anguilon_C",
  "ModCreator":"animandan",
  "ModName":"RaceMenuUtilities",
  "ModVersion":"1.1.0",
  "Mustache":"/Game/Dev/Phenotypes/Mustache/HP_WoodElf_MS_Medium.HP_WoodElf_MS_Medium",
  "Author":"Bethesda",
  "APIVersion":"v2",
  "Body":"SkeletalMesh /Game/Art/Character/Imperial/SK_Imperial_Body_m.SK_Imperial_Body_m",
  "FaceMorphValuesMap":{
    "Nose Nostrils Thin / Wide":0.12835299968719,
    "Forehead / Sellion / Nose Ratio":-0.49272200465202,
    "Cheekbones Thin / Wide":0.41999998688698,
    "Forehead Small / Large":-0.89999997615814,
    "Chin Recessed / Pronounced":0.076388075947762,
    "Brow / Nose / Chin Ratio":0.30000001192093,
    "Jaw Thin / Wide":0.0,
    "Cheeks Gaunt / Round":0.03999999910593,
    "Chin Backward / Forward":-0.079999998211861,
    "Chin Thin / Wide":-0.28000000119209,
    "Forehead Short / Tall":-0.79999899864197,
    "Face Thin / Wide":-0.044527001678944,
    "Brow Ridge Inner Down / Up":0.44999998807907,
    "Mouth Underbite / Overbite":0.0088830003514886,
    "Mouth Low / High":-9.9999999747524e-07,
    "Vampire":0.0,
    "Face Gaunt / Round":0.11999999731779,
    "Eyes Small / Large":-0.5,
    "Mouth Drawn / Pursed":0.37999999523163,
    "Chin Retracted / Jutting":0.37999999523163,
    "Nose Tilt Down / Up":0.0,
    "Mouth Small / Large":0.36000001430511,
    "Nose Short / Long":0.0,
    "Nose Bridge Shallow / Deep":0.29999798536301,
    "Nose Sellion Thin / Wide":0.14000000059605,
    "Mouth Retracted / Protruding":-0.27936783432961,
    "Nose Sellion Shallow / Deep":0.77999997138977,
    "Jaw Retracted / Jutting":0.56942600011826,
    "Nose Sellion Down / Up":-0.14053599536419,
    "Eyes Inward / Outward":0.0,
    "Nose Region Concave / Convex":0.29014000296593,
    "Brow Ridge Outer Down / Up":0.37816900014877,
    "Nose Nostrils Small / Large":0.14699499309063,
    "Eyes Apart / Together":0.86000001430511,
    "Nose Nostrils Tilt Down / Up":0.39163100719452,
    "Nose Flat / Pointed":0.16278499364853,
    "Mouth Tilt Down / Up":-0.89999997615814,
    "Jaw Concave / Convex":0.89999997615814,
    "Mouth Sad / Happy":0.98000001907349,
    "Cheekbones Shallow / Pronounced":-0.86000001430511,
    "Face Light / Heavy":0.18000000715256,
    "Nose Down / Up":0.21999999880791,
    "Chin Short / Tall":-0.89999997615814,
    "Eyes Down / Up":-0.5,
    "Cheeks Concave / Convex":0.68000000715256,
    "Nose Bridge Short / Long":0.54000002145767,
    "Mouth Chin Short / Long":-0.15074700117111,
    "Nose Sellion Lower Shallow / Deep":-0.079999998211861,
    "Mouth Retracted / Puckered":0.0,
    "Hair Length":0.0,
    "Mouth Deflated / Inflated":-0.23999999463558,
    "Chin Shallow / Deep":0.89999997615814,
    "Jaw Neck Slope Low / High":0.0,
    "Brow Ridge Low / High":-0.44999998807907,
    "Cheekbones Low / High":0.0,
    "Forehead Back / Forward":-0.18308800458908,
    "Chin Small / Large":0.0
  },
  "Hair":"/Game/Dev/Phenotypes/Hair/HP_HR_Ponytail.HP_HR_Ponytail",
  "Beard":"/Game/Dev/Phenotypes/Beard/HP_WoodElf_BD_Goatee.HP_WoodElf_BD_Goatee",
  "SkinParametersMap":{
    "Complexion":0.0,
    "Ombre Constrast":0.0,
    "Eye socket Bruised/Bright":0.37999999523163,
    "Root Redness":1.0,
    "Eyebrows Redness Intensity":0.0,
    "Root Color":1.0,
    "Eylids Light/Dark":0.0,
    "Cheek Blush Light/Red":-0.14000000059605,
    "Eyebrows Color Intensity":0.0,
    "Cheekbones Flushed/Pale":-0.68000000715256,
    "Lipstick Amount":0.0,
    "Skin Tint Orange/Blue":0.0,
    "Freckles":0.31999999284744,
    "Ombre Amount":0.0,
    "Tip Redness":1.0,
    "Skin Tint Purple/Yellow":0.34999999403954,
    "Eyelids Pale/Red":0.51999998092651,
    "Tip Color":0.66000002622604,
    "Eyeliner Light/Dark":0.0,
    "Eye Socket Dark/Light":-0.03999999910593,
    "Salt And Pepper":0.059999998658895,
    "Skin Dark/Light":-0.10000000149012
  },
  "FaceBaseMesh":"/Game/Art/Character/WoodElf/SK_WoodElf_Head_m.SK_WoodElf_Head_m",
  "Race":"TESRace /Game/Forms/actors/race/WoodElf.WoodElf",
  "SenescenceLevel":3
}