{
  "ModName":"RaceMenuUtilities",
  "FaceBaseMesh":"/Game/Art/Character/Imperial/SK_Imperial_Head_m.SK_Imperial_Head_m",
  "Author":"Bethesda",
  "Date":"2025-06-04 20:30:45",
  "SkinColorsMapL":{
    "Lipstick Color":{
      "A":1.0,
      "B":1.0,
      "G":1.0,
      "R":1.0
    },
    "Eyeliner Tone":{
      "A":1.0,
      "B":1.0,
      "G":1.0,
      "R":1.0
    },
    "Root DyeColor":{
      "A":1.0,
      "B":1.0,
      "G":1.0,
      "R":1.0
    },
    "Tip DyeColor":{
      "A":1.0,
      "B":1.0,
      "G":1.0,
      "R":1.0
    },
    "Skin Tone":{
      "A":1.0,
      "B":1.0,
      "G":1.0,
      "R":1.0
    }
  },
  "APIVersion":"v2",
  "FaceMorphValuesMap":{
    "Eyes Small / Large":-0.31100299954414,
    "Jaw Thin / Wide":0.0,
    "Brow Ridge Low / High":0.39804300665855,
    "Chin Retracted / Jutting":0.0,
    "Face Thin / Wide":0.0,
    "Hair Length":0.0,
    "Chin Backward / Forward":0.0,
    "Vampire":0.0,
    "Mouth Underbite / Overbite":0.19392700493336,
    "Eyes Inward / Outward":0.21708300709724,
    "Mouth Sad / Happy":0.88578099012375,
    "Jaw Retracted / Jutting":0.0,
    "Nose Flat / Pointed":0.60576498508453,
    "Chin Recessed / Pronounced":0.0,
    "Cheeks Gaunt / Round":0.34000000357628,
    "Forehead Back / Forward":0.0,
    "Nose Sellion Down / Up":0.15012399852276,
    "Mouth Deflated / Inflated":0.36460301280022,
    "Mouth Small / Large":0.37113198637962,
    "Nose Tilt Down / Up":0.0,
    "Nose Short / Long":0.0,
    "Mouth Drawn / Pursed":0.036357000470161,
    "Chin Short / Tall":0.0,
    "Nose Sellion Thin / Wide":0.39550599455833,
    "Jaw Neck Slope Low / High":0.30000001192093,
    "Cheekbones Shallow / Pronounced":0.0,
    "Nose Sellion Shallow / Deep":0.73033702373505,
    "Mouth Tilt Down / Up":-0.087582997977734,
    "Brow / Nose / Chin Ratio":-0.043118000030518,
    "Brow Ridge Outer Down / Up":0.21885299682617,
    "Chin Small / Large":0.0,
    "Mouth Retracted / Puckered":0.036315001547337,
    "Chin Thin / Wide":0.0,
    "Nose Nostrils Tilt Down / Up":0.015131000429392,
    "Face Gaunt / Round":0.40000000596046,
    "Cheekbones Thin / Wide":0.0,
    "Forehead / Sellion / Nose Ratio":0.125373005867,
    "Cheekbones Low / High":-0.072192996740341,
    "Nose Bridge Short / Long":0.22552999854088,
    "Forehead Short / Tall":0.0,
    "Nose Bridge Shallow / Deep":-0.053192000836134,
    "Mouth Chin Short / Long":0.026852000504732,
    "Face Light / Heavy":0.0,
    "Nose Region Concave / Convex":0.23287999629974,
    "Mouth Retracted / Protruding":0.39557701349258,
    "Cheeks Concave / Convex":0.28000000119209,
    "Nose Nostrils Small / Large":0.14261600375175,
    "Jaw Concave / Convex":0.69509702920914,
    "Nose Down / Up":0.60545599460602,
    "Mouth Low / High":0.3518739938736,
    "Eyes Down / Up":0.38295701146126,
    "Chin Shallow / Deep":0.0,
    "Eyes Apart / Together":0.25999900698662,
    "Brow Ridge Inner Down / Up":0.39873099327087,
    "Nose Sellion Lower Shallow / Deep":0.0,
    "Nose Nostrils Thin / Wide":-0.19290299713612,
    "Forehead Small / Large":0.0
  },
  "EyeMaterial":"/Game/Art/Character/Modular/Eyes_Human/MIC_Human_Eyes_Blue1.MIC_Human_Eyes_Blue1",
  "HairColorsL":{
    "0":{
      "A":1.0,
      "B":0.0060488330200315,
      "G":0.01032982300967,
      "R":0.021219009533525
    }
  },
  "SkinParametersMap":{
    "Complexion":0.19475699961185,
    "Freckles":0.69999998807907,
    "Ombre Amount":0.0,
    "Root Redness":1.0,
    "Cheek Blush Light/Red":0.41947600245476,
    "Ombre Constrast":0.0,
    "Tip Color":0.47940099239349,
    "Eye socket Bruised/Bright":0.0,
    "Eyebrows Color Intensity":0.0,
    "Tip Redness":1.0,
    "Salt And Pepper":0.13483199477196,
    "Eyebrows Redness Intensity":0.0,
    "Lipstick Amount":0.0,
    "Root Color":1.0,
    "Cheekbones Flushed/Pale":0.0,
    "Eyelids Pale/Red":0.0,
    "Eye Socket Dark/Light":0.0
  },
  "SenescenceLevel":4,
  "Sex":0,
  "Description":"saved from in-game",
  "ModCreator":"animandan",
  "ModVersion":"1.1.0",
  "Hair":"/Game/Dev/Phenotypes/Hair/HP_Human_HR_Short.HP_Human_HR_Short",
  "Name":"BP_AndreasDraconis_C",
  "Race":"TESRace /Game/Forms/actors/race/Imperial.Imperial",
  "Body":"SkeletalMesh /Game/Art/Character/Imperial/SK_Imperial_Body_m.SK_Imperial_Body_m"
}