{
  "Race":"TESRace /Game/Forms/actors/race/WoodElf.WoodElf",
  "SenescenceLevel":0,
  "Hair":"/Game/Dev/Phenotypes/CustomHair/HP_HR_AdoringFan.HP_HR_AdoringFan",
  "ModCreator":"animandan",
  "EyeMaterial":"/Game/Art/Character/AdoringFan/MIC_AdoringFan_Eyes.MIC_AdoringFan_Eyes",
  "ModName":"RaceMenuUtilities",
  "HairColorsL":{
    "0":{
      "A":1.0,
      "R":0.44520118832588,
      "G":0.29177063703537,
      "B":0.16826939582825
    }
  },
  "Description":"saved from in-game",
  "ModVersion":"1.1.0",
  "APIVersion":"v2",
  "FaceMorphValuesMap":[],
  "Body":"SkeletalMesh /Game/Art/Character/Imperial/SK_Imperial_Body_m.SK_Imperial_Body_m",
  "SkinColorsMapL":{
    "Tip DyeColor":{
      "A":1.0,
      "R":0.63075697422028,
      "G":0.27049800753593,
      "B":0.0
    },
    "Root DyeColor":{
      "A":1.0,
      "R":0.63075697422028,
      "G":0.27049800753593,
      "B":0.0
    },
    "Skin Tone":{
      "A":1.0,
      "R":1.0,
      "G":1.0,
      "B":1.0
    },
    "Eyeliner Tone":{
      "A":1.0,
      "R":1.0,
      "G":1.0,
      "B":1.0
    },
    "Lipstick Color":{
      "A":1.0,
      "R":1.0,
      "G":1.0,
      "B":1.0
    }
  },
  "SkinParametersMap":{
    "Complexion":0.0,
    "Eyelids Pale/Red":0.0,
    "Cheek Blush Light/Red":0.0,
    "Root Redness":0.0,
    "Cheekbones Flushed/Pale":0.0,
    "Root Color":0.19475600123405,
    "Khajiit Pattern Number":0.0,
    "Lipstick Amount":0.0,
    "Eye socket Bruised/Bright":0.0,
    "Eyebrows Redness Intensity":0.0,
    "Ombre Constrast":0.0,
    "Eyebrows Color Intensity":0.0,
    "Tip Color":0.0,
    "Tip Redness":0.0,
    "Ombre Amount":0.0,
    "Salt And Pepper":0.0,
    "Freckles":0.0,
    "Eye Socket Dark/Light":0.0
  },
  "Author":"Bethesda",
  "Date":"2025-06-07 19:34:57",
  "FaceBaseMesh":"/Game/Art/Character/AdoringFan/SK_AdoringFan_head.SK_AdoringFan_head",
  "Name":"BP_ArenaFan1_C",
  "Sex":0
}