{
  "ModName":"RaceMenuUtilities",
  "FaceBaseMesh":"/Game/Art/Character/Khajiit/SK_Khajiit_Head_f.SK_Khajiit_Head_f",
  "Author":"Bethesda",
  "Date":"2025-06-04 20:30:43",
  "SkinColorsMapL":{
    "Color 1":{
      "A":1.0,
      "B":0.15701499581337,
      "G":0.39476200938225,
      "R":0.72305500507355
    },
    "Eyeliner Tone":{
      "A":1.0,
      "B":1.0,
      "G":1.0,
      "R":1.0
    },
    "Color 3":{
      "A":1.0,
      "B":0.93011087179184,
      "G":1.0,
      "R":0.7304607629776
    },
    "Color 2":{
      "A":1.0,
      "B":0.11697066575289,
      "G":0.11697066575289,
      "R":0.201556250453
    }
  },
  "APIVersion":"v2",
  "FaceMorphValuesMap":{
    "Eyes Small / Large":-0.95999997854233,
    "Jaw Thin / Wide":0.37999901175499,
    "Brow Ridge Low / High":-0.5,
    "Chin Retracted / Jutting":0.23999999463558,
    "Face Thin / Wide":-0.95999902486801,
    "Hair Length":0.0,
    "Chin Backward / Forward":0.079999998211861,
    "Vampire":0.0,
    "Mouth Underbite / Overbite":0.86000001430511,
    "Eyes Inward / Outward":0.059999998658895,
    "Mouth Sad / Happy":0.23999999463558,
    "Jaw Retracted / Jutting":0.75999999046326,
    "Nose Flat / Pointed":0.77999997138977,
    "Chin Recessed / Pronounced":0.23999999463558,
    "Cheeks Gaunt / Round":-0.15999999642372,
    "Forehead Back / Forward":0.80000001192093,
    "Nose Sellion Down / Up":0.10000000149012,
    "Mouth Deflated / Inflated":0.66000002622604,
    "Mouth Small / Large":0.74000000953674,
    "Nose Tilt Down / Up":-0.68000000715256,
    "Nose Short / Long":0.079999998211861,
    "Mouth Drawn / Pursed":0.15999999642372,
    "Chin Short / Tall":-0.81999999284744,
    "Nose Sellion Thin / Wide":-0.040001001209021,
    "Jaw Neck Slope Low / High":0.77999997138977,
    "Cheekbones Shallow / Pronounced":0.63999897241592,
    "Nose Sellion Shallow / Deep":0.75999999046326,
    "Mouth Tilt Down / Up":0.47999900579453,
    "Brow / Nose / Chin Ratio":0.02000099979341,
    "Brow Ridge Outer Down / Up":-0.30000001192093,
    "Chin Small / Large":-0.019999999552965,
    "Mouth Retracted / Puckered":0.059999000281096,
    "Chin Thin / Wide":0.079999998211861,
    "Nose Nostrils Tilt Down / Up":-0.47999900579453,
    "Face Gaunt / Round":-0.86000001430511,
    "Cheekbones Thin / Wide":0.80000001192093,
    "Forehead / Sellion / Nose Ratio":-0.059999998658895,
    "Cheekbones Low / High":-0.14000000059605,
    "Nose Bridge Short / Long":0.46000000834465,
    "Forehead Short / Tall":0.41999998688698,
    "Nose Bridge Shallow / Deep":-0.46000000834465,
    "Mouth Chin Short / Long":0.80000001192093,
    "Face Light / Heavy":-0.68000000715256,
    "Nose Region Concave / Convex":-0.49999898672104,
    "Mouth Retracted / Protruding":-0.69999897480011,
    "Cheeks Concave / Convex":-0.80000001192093,
    "Nose Nostrils Small / Large":0.51999998092651,
    "Jaw Concave / Convex":0.80000001192093,
    "Nose Down / Up":0.5199990272522,
    "Mouth Low / High":-0.71999901533127,
    "Eyes Down / Up":-0.53999799489975,
    "Chin Shallow / Deep":0.80000001192093,
    "Eyes Apart / Together":0.81999999284744,
    "Brow Ridge Inner Down / Up":0.14000000059605,
    "Nose Sellion Lower Shallow / Deep":0.7599989771843,
    "Nose Nostrils Thin / Wide":0.89999997615814,
    "Forehead Small / Large":-0.35999900102615
  },
  "EyeMaterial":"/Game/Art/Character/Modular/MIC_ME_Khajiit.MIC_ME_Khajiit",
  "HairColorsL":{
    "0":{
      "A":1.0,
      "B":0.22605599462986,
      "G":0.34206798672676,
      "R":0.52083301544189
    }
  },
  "SkinParametersMap":{
    "Khajiit Pattern Number":1.0,
    "Eye socket Bruised/Bright":1.0,
    "Complexion":0.0,
    "Lipstick Amount":0.0,
    "Eylids Light/Dark":-1.0,
    "Eye Socket Dark/Light":1.0,
    "Eyeliner Light/Dark":0.80000001192093,
    "Eyelids Pale/Red":0.34000098705292,
    "Hair Desaturation for Khajiit":0.0
  },
  "SenescenceLevel":2,
  "Sex":1,
  "Description":"saved from in-game",
  "ModCreator":"animandan",
  "ModVersion":"1.1.0",
  "Hair":"/Game/Dev/Phenotypes/Hair/HP_Khajiit_HR_Wisps.HP_Khajiit_HR_Wisps",
  "Name":"BP_Abhuki_C",
  "Race":"TESRace /Game/Forms/actors/race/Khajiit.Khajiit",
  "Body":"SkeletalMesh /Game/Art/Character/Humanoid/SK_Human_FullBody_placeholder.SK_Human_FullBody_placeholder"
}