{
  "Race":"TESRace /Game/Forms/actors/race/Imperial.Imperial",
  "FaceBaseMesh":"/Game/Art/Character/Imperial/SK_Imperial_Head_m.SK_Imperial_Head_m",
  "Date":"2025-06-04 18:50:22",
  "HairColorsL":{
    "0":{
      "B":0.0018210000125691,
      "G":0.0018210000125691,
      "R":0.0051819998770952,
      "A":1.0
    }
  },
  "SkinParametersMap":{
    "Cheekbones Flushed/Pale":0.0,
    "Eyelids Pale/Red":0.0,
    "Freckles":0.0,
    "Eyebrows Redness Intensity":0.0,
    "Lipstick Amount":0.0,
    "Ombre Amount":0.0,
    "Root Color":0.0,
    "Cheek Blush Light/Red":0.0,
    "Root Redness":0.0,
    "Tip Color":0.0,
    "Eye socket Bruised/Bright":0.0,
    "Complexion":0.46000000834465,
    "Salt And Pepper":0.0,
    "Eyebrows Color Intensity":0.5,
    "Tip Redness":0.0,
    "Ombre Constrast":0.0
  },
  "Sex":0,
  "FaceMorphValuesMap":{
    "Hair Length":0.0,
    "Vampire":0.0,
    "Nose Sellion Down / Up":0.0,
    "Forehead Back / Forward":0.0,
    "Mouth Deflated / Inflated":0.0,
    "Chin Backward / Forward":0.0,
    "Eyes Apart / Together":0.0,
    "Nose Tilt Down / Up":0.0,
    "Mouth Sad / Happy":0.0,
    "Brow Ridge Outer Down / Up":0.0,
    "Nose Sellion Thin / Wide":0.0,
    "Nose Short / Long":0.0,
    "Nose Sellion Shallow / Deep":0.0,
    "Brow / Nose / Chin Ratio":0.0,
    "Chin Small / Large":0.0,
    "Nose Flat / Pointed":0.0,
    "Jaw Thin / Wide":-0.62000000476837,
    "Nose Nostrils Tilt Down / Up":0.0,
    "Eyes Inward / Outward":0.0,
    "Cheekbones Shallow / Pronounced":0.0,
    "Nose Nostrils Thin / Wide":0.0,
    "Chin Shallow / Deep":0.0,
    "Nose Down / Up":0.0,
    "Nose Bridge Short / Long":0.0,
    "Mouth Tilt Down / Up":0.0,
    "Chin Thin / Wide":0.0,
    "Face Light / Heavy":0.0,
    "Mouth Chin Short / Long":0.0,
    "Jaw Concave / Convex":0.0,
    "Brow Ridge Low / High":0.40000000596046,
    "Chin Recessed / Pronounced":0.0,
    "Cheeks Gaunt / Round":0.43999999761581,
    "Face Thin / Wide":0.0,
    "Eyes Down / Up":0.0,
    "Jaw Retracted / Jutting":0.0,
    "Chin Short / Tall":0.0,
    "Jaw Neck Slope Low / High":0.0,
    "Nose Bridge Shallow / Deep":0.0,
    "Mouth Retracted / Protruding":0.0,
    "Cheekbones Thin / Wide":0.0,
    "Mouth Low / High":0.0,
    "Mouth Retracted / Puckered":0.0,
    "Mouth Small / Large":0.0,
    "Forehead Short / Tall":0.0,
    "Nose Nostrils Small / Large":0.0,
    "Chin Retracted / Jutting":0.0,
    "Forehead Small / Large":0.0,
    "Cheekbones Low / High":0.0,
    "Eyes Small / Large":0.0,
    "Cheeks Concave / Convex":0.18000000715256,
    "Brow Ridge Inner Down / Up":0.0,
    "Nose Sellion Lower Shallow / Deep":0.0,
    "Face Gaunt / Round":0.0,
    "Mouth Underbite / Overbite":0.0,
    "Nose Region Concave / Convex":0.0,
    "Forehead / Sellion / Nose Ratio":0.0,
    "Mouth Drawn / Pursed":0.0
  },
  "Author":"Bethesda",
  "SkinColorsMapL":{
    "Lipstick Color":{
      "B":0.0097212167456746,
      "G":0.0009105809731409,
      "R":0.093058958649635,
      "A":1.0
    },
    "Tip DyeColor":{
      "B":0.0056050000712276,
      "G":0.034340001642704,
      "R":0.10702300071716,
      "A":1.0
    },
    "Root DyeColor":{
      "B":0.0,
      "G":0.0012140000471845,
      "R":0.0047769998200238,
      "A":1.0
    },
    "Skin Tone":{
      "B":1.0,
      "G":1.0,
      "R":1.0,
      "A":1.0
    },
    "Eyeliner Tone":{
      "B":1.0,
      "G":1.0,
      "R":1.0,
      "A":1.0
    }
  },
  "ModVersion":"1.1.0",
  "EyeMaterial":"/Game/Art/Character/Modular/Eyes_Human/MIC_Human_Eyes_Gary2.MIC_Human_Eyes_Gary2",
  "Body":"SkeletalMesh /Game/Art/Character/Imperial/SK_Imperial_Body_m.SK_Imperial_Body_m",
  "Description":"saved from in-game",
  "SenescenceLevel":2,
  "APIVersion":"v2",
  "ModCreator":"animandan",
  "ModName":"RaceMenuUtilities",
  "Hair":"/Game/Dev/Phenotypes/Hair/HP_Imperial_HR_Headband.HP_Imperial_HR_Headband",
  "Name":"BP_ArenaBlueCombatant_C"
}