{
  "ModName":"RaceMenuUtilities",
  "FaceBaseMesh":"/Game/Art/Character/HighElf/SK_HighElf_Head_m.SK_HighElf_Head_m",
  "Author":"Bethesda",
  "Date":"2025-06-04 20:30:46",
  "SkinColorsMapL":{
    "Lipstick Color":{
      "A":1.0,
      "B":1.0,
      "G":1.0,
      "R":1.0
    },
    "Eyeliner Tone":{
      "A":1.0,
      "B":1.0,
      "G":1.0,
      "R":1.0
    },
    "Root DyeColor":{
      "A":1.0,
      "B":1.0,
      "G":1.0,
      "R":1.0
    },
    "Tip DyeColor":{
      "A":1.0,
      "B":1.0,
      "G":1.0,
      "R":1.0
    },
    "Skin Tone":{
      "A":1.0,
      "B":1.0,
      "G":0.83072501420975,
      "R":0.68055599927902
    }
  },
  "Name":"BP_Arterion_C",
  "FaceMorphValuesMap":{
    "Eyes Small / Large":-0.66000002622604,
    "Jaw Thin / Wide":0.41999998688698,
    "Brow Ridge Low / High":-0.20000000298023,
    "Chin Retracted / Jutting":-0.14000000059605,
    "Face Thin / Wide":-0.41999998688698,
    "Hair Length":0.0,
    "Chin Backward / Forward":0.0,
    "Vampire":0.0,
    "Mouth Underbite / Overbite":0.0,
    "Eyes Inward / Outward":0.0,
    "Mouth Sad / Happy":-0.34000000357628,
    "Jaw Retracted / Jutting":0.46000000834465,
    "Nose Flat / Pointed":0.0,
    "Chin Recessed / Pronounced":-0.059999998658895,
    "Cheeks Gaunt / Round":0.14000000059605,
    "Forehead Back / Forward":-0.019999999552965,
    "Nose Sellion Down / Up":-0.03999999910593,
    "Mouth Deflated / Inflated":0.0,
    "Mouth Small / Large":-0.21999999880791,
    "Nose Tilt Down / Up":0.14000000059605,
    "Nose Short / Long":0.0,
    "Mouth Drawn / Pursed":0.37999999523163,
    "Chin Short / Tall":-0.79999899864197,
    "Nose Sellion Thin / Wide":0.0,
    "Jaw Neck Slope Low / High":0.14000000059605,
    "Cheekbones Shallow / Pronounced":0.28000000119209,
    "Nose Sellion Shallow / Deep":0.10000000149012,
    "Mouth Tilt Down / Up":0.20000000298023,
    "Brow / Nose / Chin Ratio":0.0,
    "Brow Ridge Outer Down / Up":0.28000000119209,
    "Chin Small / Large":0.019999999552965,
    "Mouth Retracted / Puckered":0.0,
    "Chin Thin / Wide":0.60000002384186,
    "Nose Nostrils Tilt Down / Up":0.0,
    "Face Gaunt / Round":0.36000001430511,
    "Cheekbones Thin / Wide":-0.079999998211861,
    "Forehead / Sellion / Nose Ratio":0.19999900460243,
    "Cheekbones Low / High":0.0,
    "Nose Bridge Short / Long":0.0,
    "Forehead Short / Tall":0.079999998211861,
    "Nose Bridge Shallow / Deep":0.0,
    "Mouth Chin Short / Long":0.0,
    "Face Light / Heavy":0.28000000119209,
    "Nose Region Concave / Convex":-0.059999998658895,
    "Mouth Retracted / Protruding":0.0,
    "Cheeks Concave / Convex":-0.10000000149012,
    "Nose Nostrils Small / Large":0.34000000357628,
    "Jaw Concave / Convex":0.69999998807907,
    "Nose Down / Up":0.0,
    "Mouth Low / High":0.20000000298023,
    "Eyes Down / Up":-0.15999999642372,
    "Chin Shallow / Deep":0.0,
    "Eyes Apart / Together":0.60000002384186,
    "Brow Ridge Inner Down / Up":-0.40000000596046,
    "Nose Sellion Lower Shallow / Deep":0.0,
    "Nose Nostrils Thin / Wide":-0.69999897480011,
    "Forehead Small / Large":-0.059999998658895
  },
  "EyeMaterial":"/Game/Art/Character/Modular/Eyes_HighElf/MIC_HighElf_Eyes_Black.MIC_HighElf_Eyes_Black",
  "HairColorsL":{
    "1":{
      "A":1.0,
      "B":0.061246052384377,
      "G":0.1046164855361,
      "R":0.16202937066555
    },
    "2":{
      "A":1.0,
      "B":0.061246052384377,
      "G":0.1046164855361,
      "R":0.16202937066555
    },
    "0":{
      "A":1.0,
      "B":0.084376208484173,
      "G":0.14412847161293,
      "R":0.22322796285152
    }
  },
  "SkinParametersMap":{
    "Complexion":0.0,
    "Freckles":-0.30000001192093,
    "Ombre Amount":0.0,
    "Eylids Light/Dark":0.0,
    "Skin Tint Purple/Yellow":0.15999999642372,
    "Cheek Blush Light/Red":-0.15999999642372,
    "Ombre Constrast":0.0,
    "Tip Color":0.10000000149012,
    "Eye socket Bruised/Bright":0.0,
    "Skin Tint Orange/Blue":0.0,
    "Eyebrows Color Intensity":0.0,
    "Tip Redness":0.5,
    "Root Redness":0.5,
    "Root Color":0.10000000149012,
    "Skin Dark/Light":0.0,
    "Salt And Pepper":0.0,
    "Eyebrows Redness Intensity":0.0,
    "Eyeliner Light/Dark":0.0,
    "Eyelids Pale/Red":0.0,
    "Cheekbones Flushed/Pale":-0.25999999046326,
    "Eye Socket Dark/Light":0.0,
    "Lipstick Amount":0.029999999329448
  },
  "Mustache":"/Game/Dev/Phenotypes/Mustache/HP_HighElf_MS_Medium.HP_HighElf_MS_Medium",
  "SenescenceLevel":2,
  "Sex":0,
  "Description":"saved from in-game",
  "Beard":"/Game/Dev/Phenotypes/Beard/HP_HighElf_BD_Goatee.HP_HighElf_BD_Goatee",
  "ModCreator":"animandan",
  "ModVersion":"1.1.0",
  "APIVersion":"v2",
  "Hair":"/Game/Dev/Phenotypes/Hair/HP_HighElf_HR_Pony.HP_HighElf_HR_Pony",
  "Race":"TESRace /Game/Forms/actors/race/HighElf.HighElf",
  "Body":"SkeletalMesh /Game/Art/Character/Imperial/SK_Imperial_Body_m.SK_Imperial_Body_m"
}