{
  "APIVersion":"v2",
  "SkinParametersMap":{
    "Tip Color":0.39962500333786,
    "Ombre Constrast":-0.11999999731779,
    "Complexion":0.0,
    "Ombre Amount":0.0,
    "Khajiit Pattern Number":0.0,
    "Lipstick Amount":0.0,
    "Salt And Pepper":0.0,
    "Skin Dark/Light":-0.28000000119209,
    "Root Redness":0.5,
    "Eye socket Bruised/Bright":0.0,
    "Freckles":0.0,
    "Eyeliner Light/Dark":0.54000002145767,
    "Eyebrows Redness Intensity":0.31086099147797,
    "Eye Socket Dark/Light":0.60000002384186,
    "Eyebrows Color Intensity":0.51910102367401,
    "Root Color":1.0,
    "Cheek Blush Light/Red":0.80000001192093,
    "Eylids Light/Dark":-0.37999999523163,
    "Skin Tint Orange/Blue":-0.079999998211861,
    "Tip Redness":0.5,
    "Cheekbones Flushed/Pale":1.0,
    "Eyelids Pale/Red":0.0,
    "Skin Tint Purple/Yellow":0.019999999552965
  },
  "Author":"Bethesda",
  "Race":"TESRace /Game/Forms/actors/race/Orc.Orc",
  "HairColorsL":{
    "0":{
      "R":0.12477181851864,
      "G":0.09758734703064,
      "B":0.086500458419323,
      "A":1.0
    }
  },
  "Body":"SkeletalMesh /Game/Art/Character/Imperial/SK_Imperial_Body_m.SK_Imperial_Body_m",
  "Date":"2025-06-04 19:27:57",
  "SkinColorsMapL":{
    "Root DyeColor":{
      "R":1.0,
      "G":1.0,
      "B":1.0,
      "A":1.0
    },
    "Eyeliner Tone":{
      "R":1.0,
      "G":1.0,
      "B":1.0,
      "A":1.0
    },
    "Lipstick Color":{
      "R":1.0,
      "G":1.0,
      "B":1.0,
      "A":1.0
    },
    "Skin Tone":{
      "R":1.0,
      "G":1.0,
      "B":1.0,
      "A":1.0
    },
    "Tip DyeColor":{
      "R":1.0,
      "G":1.0,
      "B":1.0,
      "A":1.0
    }
  },
  "Sex":0,
  "ModCreator":"animandan",
  "ModVersion":"1.1.0",
  "ModName":"RaceMenuUtilities",
  "FaceBaseMesh":"/Game/Art/Character/Orc/SK_Orc_Head_m.SK_Orc_Head_m",
  "Hair":"/Game/Dev/Phenotypes/Hair/HP_Orc_HR_TwoBraids.HP_Orc_HR_TwoBraids",
  "Description":"saved from in-game",
  "SenescenceLevel":4,
  "FaceMorphValuesMap":{
    "Face Gaunt / Round":0.013158497400582,
    "Nose Short / Long":0.0,
    "Nose Tilt Down / Up":0.0,
    "Mouth Sad / Happy":-0.34782698750496,
    "Mouth Retracted / Protruding":-0.58922398090363,
    "Chin Short / Tall":0.13903796672821,
    "Cheekbones Low / High":-0.30372276902199,
    "Nose Nostrils Tilt Down / Up":0.070977002382278,
    "Mouth Deflated / Inflated":0.16927100718021,
    "Hair Length":0.0,
    "Nose Sellion Shallow / Deep":0.0,
    "Chin Shallow / Deep":-0.25221806764603,
    "Jaw Concave / Convex":-0.035613998770714,
    "Brow Ridge Low / High":0.15014800429344,
    "Chin Recessed / Pronounced":-0.075246810913086,
    "Mouth Tilt Down / Up":-0.51046043634415,
    "Nose Sellion Thin / Wide":0.0,
    "Cheeks Gaunt / Round":-0.10972499847412,
    "Nose Sellion Lower Shallow / Deep":0.0,
    "Nose Sellion Down / Up":0.17129500210285,
    "Cheeks Concave / Convex":-0.31064140796661,
    "Nose Region Concave / Convex":-1.0,
    "Eyes Inward / Outward":-0.050735682249069,
    "Nose Nostrils Thin / Wide":0.46238100528717,
    "Brow Ridge Inner Down / Up":-0.45540899038315,
    "Eyes Apart / Together":0.57643800973892,
    "Mouth Underbite / Overbite":0.74289298057556,
    "Chin Retracted / Jutting":-0.29734149575233,
    "Brow / Nose / Chin Ratio":-0.35116755962372,
    "Nose Bridge Short / Long":-0.22889859974384,
    "Mouth Low / High":-0.006628000177443,
    "Forehead Small / Large":-0.77999997138977,
    "Nose Bridge Shallow / Deep":0.048073094338179,
    "Eyes Small / Large":0.77999997138977,
    "Forehead / Sellion / Nose Ratio":-0.51195704936981,
    "Mouth Chin Short / Long":0.24715915322304,
    "Forehead Short / Tall":-0.17389599978924,
    "Eyes Down / Up":-0.24545699357986,
    "Vampire":0.0,
    "Mouth Retracted / Puckered":-0.10250099748373,
    "Jaw Retracted / Jutting":0.61931401491165,
    "Mouth Drawn / Pursed":-0.23949800431728,
    "Cheekbones Thin / Wide":0.51676601171494,
    "Nose Down / Up":-0.38237246870995,
    "Jaw Neck Slope Low / High":-0.26038900017738,
    "Chin Thin / Wide":-0.014787876978517,
    "Cheekbones Shallow / Pronounced":0.38863599300385,
    "Nose Nostrils Small / Large":0.18616284430027,
    "Nose Flat / Pointed":-0.50385254621506,
    "Face Thin / Wide":0.16600738465786,
    "Chin Backward / Forward":0.031134000048041,
    "Face Light / Heavy":0.50251799821854,
    "Mouth Small / Large":0.49148699641228,
    "Forehead Back / Forward":-0.29493874311447,
    "Jaw Thin / Wide":0.18654699623585,
    "Brow Ridge Outer Down / Up":0.25575599074364,
    "Chin Small / Large":-0.088091537356377
  },
  "Name":"BP_AdventurerOrcWarrior02_C"
}