{
  "APIVersion":"v2",
  "SkinParametersMap":{
    "Tip Color":0.10000000149012,
    "Ombre Constrast":0.0,
    "Eyebrows Color Intensity":0.68913900852203,
    "Ombre Amount":1.0,
    "Salt And Pepper":0.0,
    "Freckles":0.0,
    "Eyebrows Redness Intensity":0.0,
    "Root Color":0.0,
    "Complexion":0.46441900730133,
    "Lipstick Amount":0.0,
    "Cheek Blush Light/Red":0.34456899762154,
    "Root Redness":0.0,
    "Khajiit Pattern Number":0.0,
    "Tip Redness":0.0,
    "Cheekbones Flushed/Pale":0.0,
    "Eyelids Pale/Red":0.0,
    "Eye socket Bruised/Bright":0.0
  },
  "Author":"Bethesda",
  "Race":"TESRace /Game/Forms/actors/race/Breton.Breton",
  "HairColorsL":{
    "1":{
      "R":0.22395800054073,
      "G":0.1452250033617,
      "B":0.08398400247097,
      "A":1.0
    },
    "2":{
      "R":0.22395800054073,
      "G":0.1452250033617,
      "B":0.08398400247097,
      "A":1.0
    },
    "0":{
      "R":0.0,
      "G":0.0,
      "B":0.0,
      "A":1.0
    }
  },
  "Body":"SkeletalMesh /Game/Art/Character/Imperial/SK_Imperial_Body_m.SK_Imperial_Body_m",
  "Date":"2025-06-04 19:27:58",
  "ModCreator":"animandan",
  "ModName":"RaceMenuUtilities",
  "SkinColorsMapL":{
    "Root DyeColor":{
      "R":1.0,
      "G":1.0,
      "B":1.0,
      "A":1.0
    },
    "Eyeliner Tone":{
      "R":1.0,
      "G":1.0,
      "B":1.0,
      "A":1.0
    },
    "Lipstick Color":{
      "R":1.0,
      "G":1.0,
      "B":1.0,
      "A":1.0
    },
    "Skin Tone":{
      "R":1.0,
      "G":1.0,
      "B":1.0,
      "A":1.0
    },
    "Tip DyeColor":{
      "R":1.0,
      "G":1.0,
      "B":1.0,
      "A":1.0
    }
  },
  "Beard":"/Game/Dev/Phenotypes/Beard/HP_New_ChinGoatee.HP_New_ChinGoatee",
  "Sex":0,
  "ModVersion":"1.1.0",
  "EyeMaterial":"/Game/Art/Character/Modular/Eyes_Human/MIC_Human_Eyes_Brown2.MIC_Human_Eyes_Brown2",
  "Description":"saved from in-game",
  "FaceBaseMesh":"/Game/Art/Character/Breton/SK_Breton_Head_m.SK_Breton_Head_m",
  "FaceMorphValuesMap":{
    "Face Gaunt / Round":0.28000000119209,
    "Nose Short / Long":0.0,
    "Nose Tilt Down / Up":0.0,
    "Mouth Sad / Happy":0.14000000059605,
    "Mouth Retracted / Protruding":-0.54000097513199,
    "Chin Short / Tall":-0.46000000834465,
    "Cheekbones Low / High":0.093186996877193,
    "Nose Nostrils Tilt Down / Up":-0.62661898136139,
    "Mouth Deflated / Inflated":-0.019999999552965,
    "Hair Length":0.0,
    "Nose Sellion Shallow / Deep":0.0,
    "Chin Shallow / Deep":0.0,
    "Jaw Concave / Convex":0.5799999833107,
    "Brow Ridge Low / High":0.17272900044918,
    "Chin Recessed / Pronounced":-0.019999999552965,
    "Mouth Tilt Down / Up":-0.61999797821045,
    "Nose Sellion Thin / Wide":0.25999999046326,
    "Cheeks Gaunt / Round":0.15999999642372,
    "Nose Sellion Lower Shallow / Deep":0.51999998092651,
    "Nose Sellion Down / Up":0.2170519977808,
    "Cheeks Concave / Convex":0.54000002145767,
    "Nose Region Concave / Convex":0.44414296746254,
    "Eyes Inward / Outward":0.33420291543007,
    "Nose Nostrils Thin / Wide":0.63299202919006,
    "Brow Ridge Inner Down / Up":0.10000000149012,
    "Eyes Apart / Together":-0.46304199099541,
    "Mouth Underbite / Overbite":0.23999999463558,
    "Chin Retracted / Jutting":0.14000099897385,
    "Brow / Nose / Chin Ratio":-0.36093398928642,
    "Nose Bridge Short / Long":0.35365614295006,
    "Mouth Low / High":-0.46513301134109,
    "Forehead Small / Large":0.16140699386597,
    "Nose Bridge Shallow / Deep":0.37855398654938,
    "Eyes Small / Large":0.87920200824738,
    "Forehead / Sellion / Nose Ratio":-0.63813698291779,
    "Mouth Chin Short / Long":0.0,
    "Forehead Short / Tall":0.016929000616074,
    "Eyes Down / Up":-0.10556700080633,
    "Vampire":0.0,
    "Mouth Retracted / Puckered":0.03999900072813,
    "Jaw Retracted / Jutting":-0.080123998224735,
    "Mouth Drawn / Pursed":0.62000000476837,
    "Cheekbones Thin / Wide":0.43999999761581,
    "Nose Down / Up":0.28315499424934,
    "Jaw Neck Slope Low / High":-0.31999999284744,
    "Chin Thin / Wide":0.11999899893999,
    "Cheekbones Shallow / Pronounced":-0.24976800382137,
    "Nose Nostrils Small / Large":0.54923450946808,
    "Nose Flat / Pointed":-0.12983299791813,
    "Face Thin / Wide":0.2281219959259,
    "Chin Backward / Forward":0.03999999910593,
    "Face Light / Heavy":0.69999998807907,
    "Mouth Small / Large":0.87999999523163,
    "Forehead Back / Forward":0.26326701045036,
    "Jaw Thin / Wide":-0.28000000119209,
    "Brow Ridge Outer Down / Up":0.42392799258232,
    "Chin Small / Large":-0.11999999731779
  },
  "Hair":"/Game/Dev/Phenotypes/Hair/HP_Imperial_HR_Headband.HP_Imperial_HR_Headband",
  "Mustache":"/Game/Dev/Phenotypes/Mustache/HP_Breton_MS_Short.HP_Breton_MS_Short",
  "SenescenceLevel":6,
  "Name":"BP_AelwinMerowald_C"
}