{
  "Race":"TESRace /Game/Forms/actors/race/Breton.Breton",
  "FaceBaseMesh":"/Game/Art/Character/Breton/SK_Breton_Head_f.SK_Breton_Head_f",
  "Date":"2025-06-04 18:48:02",
  "HairColorsL":{
    "0":{
      "B":0.0061369999311864,
      "G":0.010127999819815,
      "R":0.020833000540733,
      "A":1.0
    }
  },
  "SkinParametersMap":{
    "Cheekbones Flushed/Pale":0.47999998927116,
    "Eyelids Pale/Red":0.0,
    "Skin Tint Purple/Yellow":-0.14000000059605,
    "Lipstick Amount":0.0,
    "Cheek Blush Light/Red":0.0,
    "Skin Dark/Light":0.059999998658895,
    "Complexion":0.21999999880791,
    "Salt And Pepper":0.0,
    "Eye Socket Dark/Light":-0.5,
    "Eylids Light/Dark":0.0,
    "Khajiit Pattern Number":0.0,
    "Ombre Amount":0.0,
    "Freckles":0.40000000596046,
    "Root Color":0.10000000149012,
    "Ombre Constrast":0.0,
    "Eyeliner Light/Dark":0.0,
    "Tip Color":0.10000000149012,
    "Eyebrows Redness Intensity":0.0,
    "Root Redness":0.5,
    "Skin Tint Orange/Blue":0.0,
    "Eye socket Bruised/Bright":0.0,
    "Tip Redness":0.5,
    "Eyebrows Color Intensity":0.71910101175308
  },
  "Sex":1,
  "FaceMorphValuesMap":{
    "Hair Length":0.0,
    "Vampire":0.0,
    "Nose Sellion Down / Up":0.35440239310265,
    "Forehead Back / Forward":-0.6114484667778,
    "Mouth Deflated / Inflated":-0.31999999284744,
    "Chin Backward / Forward":0.5532061457634,
    "Eyes Apart / Together":-0.11450352519751,
    "Nose Tilt Down / Up":0.0,
    "Mouth Sad / Happy":-0.41999998688698,
    "Brow Ridge Outer Down / Up":-0.11455299705267,
    "Nose Sellion Thin / Wide":0.0,
    "Nose Short / Long":0.0,
    "Nose Sellion Shallow / Deep":0.0,
    "Brow / Nose / Chin Ratio":0.1657911837101,
    "Chin Small / Large":0.19961632788181,
    "Nose Flat / Pointed":-0.086219504475594,
    "Jaw Thin / Wide":0.49393001198769,
    "Nose Nostrils Tilt Down / Up":0.24765639007092,
    "Eyes Inward / Outward":0.33503326773643,
    "Cheekbones Shallow / Pronounced":-0.60015898942947,
    "Nose Nostrils Thin / Wide":0.21561877429485,
    "Chin Shallow / Deep":-0.32629832625389,
    "Nose Down / Up":0.0,
    "Nose Bridge Short / Long":-0.26023349165916,
    "Mouth Tilt Down / Up":0.47558000683784,
    "Chin Thin / Wide":0.33737713098526,
    "Face Light / Heavy":0.47035190463066,
    "Mouth Chin Short / Long":0.12682335078716,
    "Jaw Concave / Convex":0.53248900175095,
    "Brow Ridge Low / High":-0.5,
    "Chin Recessed / Pronounced":-0.059646811336279,
    "Cheeks Gaunt / Round":-0.14670127630234,
    "Face Thin / Wide":-0.62665897607803,
    "Eyes Down / Up":0.0,
    "Jaw Retracted / Jutting":0.033343203365803,
    "Chin Short / Tall":-0.0035970897879452,
    "Jaw Neck Slope Low / High":0.092940002679825,
    "Nose Bridge Shallow / Deep":-0.16347242891788,
    "Mouth Retracted / Protruding":0.0,
    "Cheekbones Thin / Wide":-0.1939650028944,
    "Mouth Low / High":0.0,
    "Mouth Retracted / Puckered":0.0,
    "Mouth Small / Large":0.54000002145767,
    "Forehead Short / Tall":0.18841436505318,
    "Nose Nostrils Small / Large":-0.48209357261658,
    "Chin Retracted / Jutting":0.51974254846573,
    "Forehead Small / Large":-0.034934043884277,
    "Cheekbones Low / High":0.33593451976776,
    "Eyes Small / Large":0.0,
    "Cheeks Concave / Convex":0.24710799753666,
    "Brow Ridge Inner Down / Up":0.013411000370979,
    "Nose Sellion Lower Shallow / Deep":0.0,
    "Face Gaunt / Round":0.43720960617065,
    "Mouth Underbite / Overbite":0.36454701423645,
    "Nose Region Concave / Convex":0.049036998301744,
    "Forehead / Sellion / Nose Ratio":-0.060494303703308,
    "Mouth Drawn / Pursed":0.10000000149012
  },
  "Author":"Bethesda",
  "SkinColorsMapL":{
    "Lipstick Color":{
      "B":0.98225057125092,
      "G":0.98225057125092,
      "R":0.98225057125092,
      "A":1.0
    },
    "Tip DyeColor":{
      "B":1.0,
      "G":1.0,
      "R":1.0,
      "A":1.0
    },
    "Root DyeColor":{
      "B":1.0,
      "G":1.0,
      "R":1.0,
      "A":1.0
    },
    "Eyeliner Tone":{
      "B":1.0,
      "G":1.0,
      "R":1.0,
      "A":1.0
    },
    "Skin Tone":{
      "B":1.0,
      "G":1.0,
      "R":1.0,
      "A":1.0
    }
  },
  "ModVersion":"1.1.0",
  "EyeMaterial":"/Game/Art/Character/Modular/Eyes_Human/MIC_Human_Eyes_Green2.MIC_Human_Eyes_Green2",
  "Body":"SkeletalMesh /Game/Art/Character/Imperial/SK_Imperial_Body_m.SK_Imperial_Body_m",
  "Description":"saved from in-game",
  "SenescenceLevel":3,
  "APIVersion":"v2",
  "ModCreator":"animandan",
  "ModName":"RaceMenuUtilities",
  "Hair":"/Game/Dev/Phenotypes/Hair/HP_HR_PonytailTwist.HP_HR_PonytailTwist",
  "Name":"BP_ArenaRank2B_C"
}