{
  "Race":"TESRace /Game/Forms/actors/race/WoodElf.WoodElf",
  "FaceBaseMesh":"/Game/Art/Character/WoodElf/SK_WoodElf_Head_f.SK_WoodElf_Head_f",
  "Date":"2025-06-04 18:40:46",
  "HairColorsL":{
    "0":{
      "B":0.061246052384377,
      "G":0.1046164855361,
      "R":0.16202937066555,
      "A":1.0
    }
  },
  "SkinParametersMap":{
    "Cheekbones Flushed/Pale":0.0,
    "Eyelids Pale/Red":0.0,
    "Freckles":0.0,
    "Eyebrows Redness Intensity":0.0,
    "Lipstick Amount":0.0,
    "Ombre Amount":0.0,
    "Root Color":0.0,
    "Cheek Blush Light/Red":0.0,
    "Root Redness":0.0,
    "Tip Color":0.0,
    "Eye socket Bruised/Bright":0.0,
    "Complexion":0.0,
    "Salt And Pepper":0.43445700407028,
    "Eyebrows Color Intensity":0.37453201413155,
    "Tip Redness":0.0,
    "Ombre Constrast":0.0
  },
  "Sex":1,
  "FaceMorphValuesMap":{
    "Hair Length":0.0,
    "Vampire":0.0,
    "Nose Sellion Down / Up":0.053188998252153,
    "Forehead Back / Forward":-0.060984998941422,
    "Mouth Deflated / Inflated":0.0,
    "Chin Backward / Forward":-0.21993599832058,
    "Eyes Apart / Together":1.0,
    "Nose Tilt Down / Up":0.0,
    "Mouth Sad / Happy":0.95999997854233,
    "Brow Ridge Outer Down / Up":0.54037499427795,
    "Nose Sellion Thin / Wide":0.18000000715256,
    "Nose Short / Long":0.0,
    "Nose Sellion Shallow / Deep":0.0,
    "Brow / Nose / Chin Ratio":-0.81999999284744,
    "Chin Small / Large":-0.12606799602509,
    "Nose Flat / Pointed":-0.013527999632061,
    "Jaw Thin / Wide":0.61048698425293,
    "Nose Nostrils Tilt Down / Up":0.061030998826027,
    "Eyes Inward / Outward":0.3081060051918,
    "Cheekbones Shallow / Pronounced":0.14097400009632,
    "Nose Nostrils Thin / Wide":-0.66350698471069,
    "Chin Shallow / Deep":0.27662101387978,
    "Nose Down / Up":-0.4708240032196,
    "Nose Bridge Short / Long":0.033721998333931,
    "Mouth Tilt Down / Up":-0.54000002145767,
    "Chin Thin / Wide":-0.085692003369331,
    "Face Light / Heavy":0.46000000834465,
    "Mouth Chin Short / Long":-0.24345099925995,
    "Jaw Concave / Convex":0.0,
    "Brow Ridge Low / High":0.48934000730515,
    "Chin Recessed / Pronounced":0.28998699784279,
    "Cheeks Gaunt / Round":0.013372999615967,
    "Face Thin / Wide":-0.81999999284744,
    "Eyes Down / Up":-0.07099100202322,
    "Jaw Retracted / Jutting":0.0,
    "Chin Short / Tall":-0.28000000119209,
    "Jaw Neck Slope Low / High":0.0,
    "Nose Bridge Shallow / Deep":0.46546500921249,
    "Mouth Retracted / Protruding":0.0,
    "Cheekbones Thin / Wide":0.30000001192093,
    "Mouth Low / High":0.0,
    "Mouth Retracted / Puckered":0.0,
    "Mouth Small / Large":-0.47999998927116,
    "Forehead Short / Tall":0.47768300771713,
    "Nose Nostrils Small / Large":-0.11554700136185,
    "Chin Retracted / Jutting":0.10599300265312,
    "Forehead Small / Large":-0.95999997854233,
    "Cheekbones Low / High":0.0,
    "Eyes Small / Large":0.95999997854233,
    "Cheeks Concave / Convex":-0.65056198835373,
    "Brow Ridge Inner Down / Up":-0.030199000611901,
    "Nose Sellion Lower Shallow / Deep":0.69999998807907,
    "Face Gaunt / Round":-0.22694599628448,
    "Mouth Underbite / Overbite":0.0055160000920296,
    "Nose Region Concave / Convex":0.21456299722195,
    "Forehead / Sellion / Nose Ratio":0.10326799750328,
    "Mouth Drawn / Pursed":0.0
  },
  "Author":"Bethesda",
  "SkinColorsMapL":{
    "Lipstick Color":{
      "B":0.0097212167456746,
      "G":0.0009105809731409,
      "R":0.093058958649635,
      "A":1.0
    },
    "Skin Tone":{
      "B":1.0,
      "G":1.0,
      "R":1.0,
      "A":1.0
    },
    "Root DyeColor":{
      "B":0.0,
      "G":0.0012140000471845,
      "R":0.0047769998200238,
      "A":1.0
    },
    "Tip DyeColor":{
      "B":0.0015180000336841,
      "G":0.020289000123739,
      "R":0.10461600124836,
      "A":1.0
    },
    "Eyeliner Tone":{
      "B":0.4918760061264,
      "G":0.31542998552322,
      "R":0.53125,
      "A":1.0
    }
  },
  "ModVersion":"1.1.0",
  "EyeMaterial":"/Game/Art/Character/Modular/Eyes_HighElf/MIC_HighElf_Eyes_Darkbrown.MIC_HighElf_Eyes_Darkbrown",
  "Body":"SkeletalMesh /Game/Art/Character/Imperial/SK_Imperial_Body_m.SK_Imperial_Body_m",
  "Description":"saved from in-game",
  "SenescenceLevel":7,
  "APIVersion":"v2",
  "ModCreator":"animandan",
  "ModName":"RaceMenuUtilities",
  "Hair":"/Game/Dev/Phenotypes/Hair/HP_HR_Ponytail.HP_HR_Ponytail",
  "Name":"BP_Anedhel_C"
}