{
  "ModName":"RaceMenuUtilities",
  "FaceBaseMesh":"/Game/Art/Character/Imperial/SK_Imperial_Head_F.SK_Imperial_Head_F",
  "Author":"Bethesda",
  "Date":"2025-06-04 20:30:46",
  "SkinColorsMapL":{
    "Lipstick Color":{
      "A":1.0,
      "B":0.039172999560833,
      "G":0.0036710000131279,
      "R":0.375
    },
    "Eyeliner Tone":{
      "A":1.0,
      "B":1.0,
      "G":1.0,
      "R":1.0
    },
    "Root DyeColor":{
      "A":1.0,
      "B":1.0,
      "G":1.0,
      "R":1.0
    },
    "Tip DyeColor":{
      "A":1.0,
      "B":0.21875,
      "G":0.46490299701691,
      "R":1.0
    },
    "Skin Tone":{
      "A":1.0,
      "B":1.0,
      "G":1.0,
      "R":1.0
    }
  },
  "APIVersion":"v2",
  "FaceMorphValuesMap":{
    "Eyes Small / Large":0.68000000715256,
    "Jaw Thin / Wide":-0.46308600902557,
    "Brow Ridge Low / High":0.34673398733139,
    "Chin Retracted / Jutting":0.21043984591961,
    "Face Thin / Wide":-0.77657401561737,
    "Hair Length":1.0,
    "Chin Backward / Forward":0.012401073239744,
    "Vampire":0.0,
    "Mouth Underbite / Overbite":0.0,
    "Eyes Inward / Outward":0.15999999642372,
    "Mouth Sad / Happy":-0.17982484400272,
    "Jaw Retracted / Jutting":-0.049957178533077,
    "Nose Flat / Pointed":-0.021154999732971,
    "Chin Recessed / Pronounced":0.74564301967621,
    "Cheeks Gaunt / Round":0.0,
    "Forehead Back / Forward":-0.27410718798637,
    "Nose Sellion Down / Up":0.70629197359085,
    "Mouth Deflated / Inflated":0.0,
    "Mouth Small / Large":-0.27802699804306,
    "Nose Tilt Down / Up":-0.15999999642372,
    "Nose Short / Long":0.62000000476837,
    "Mouth Drawn / Pursed":-0.042040999978781,
    "Chin Short / Tall":0.086754180490971,
    "Nose Sellion Thin / Wide":0.41999998688698,
    "Jaw Neck Slope Low / High":0.32768699526787,
    "Cheekbones Shallow / Pronounced":0.27624598145485,
    "Nose Sellion Shallow / Deep":-0.36000001430511,
    "Mouth Tilt Down / Up":-0.014677129685879,
    "Brow / Nose / Chin Ratio":-0.5,
    "Brow Ridge Outer Down / Up":0.0,
    "Chin Small / Large":0.13145700097084,
    "Mouth Retracted / Puckered":-0.05876100063324,
    "Chin Thin / Wide":0.0,
    "Nose Nostrils Tilt Down / Up":0.27987098693848,
    "Face Gaunt / Round":0.027642000466585,
    "Cheekbones Thin / Wide":0.076856315135956,
    "Forehead / Sellion / Nose Ratio":-0.010665000416338,
    "Cheekbones Low / High":-0.17412313818932,
    "Nose Bridge Short / Long":0.12736545503139,
    "Forehead Short / Tall":0.19531016051769,
    "Nose Bridge Shallow / Deep":1.0,
    "Mouth Chin Short / Long":0.035152852535248,
    "Face Light / Heavy":0.10328000038862,
    "Nose Region Concave / Convex":-0.24767599999905,
    "Mouth Retracted / Protruding":0.4570719897747,
    "Cheeks Concave / Convex":0.0,
    "Nose Nostrils Small / Large":0.16782900691032,
    "Jaw Concave / Convex":0.15175500512123,
    "Nose Down / Up":-0.55386799573898,
    "Mouth Low / High":-0.2441900074482,
    "Eyes Down / Up":0.0,
    "Chin Shallow / Deep":0.71610200405121,
    "Eyes Apart / Together":0.45350700616837,
    "Brow Ridge Inner Down / Up":-0.12148600071669,
    "Nose Sellion Lower Shallow / Deep":-0.60000002384186,
    "Nose Nostrils Thin / Wide":0.80843698978424,
    "Forehead Small / Large":-0.0080924918875098
  },
  "EyeMaterial":"/Game/Art/Character/Modular/Eyes_Human/MIC_Human_Eyes_Brown2.MIC_Human_Eyes_Brown2",
  "HairColorsL":{
    "0":{
      "A":1.0,
      "B":0.0018210000125691,
      "G":0.0018210000125691,
      "R":0.0051819998770952
    }
  },
  "SkinParametersMap":{
    "Complexion":0.47999998927116,
    "Lipstick Dark Red/Light Blue":0.0,
    "Eyeshadow Light/Dark":0.0,
    "Root Redness":0.0,
    "Eyelids Light/Dark":0.0,
    "Naso Small/Large":0.0,
    "Lipstick Amount":0.050000000745058,
    "Cheek Blush Light/Red":0.0,
    "Freckles":0.0,
    "Lips Flushed/Pale":0.0,
    "Ombre Constrast":1.0,
    "Tip Color":0.019999999552965,
    "Eye Sockets Bruised/Bright":0.0,
    "Cheekbones Flushed/Pale":0.0,
    "Eye socket Bruised/Bright":0.0,
    "Eyebrows Color Intensity":0.60000002384186,
    "Tip Redness":0.0,
    "Lipstick Dark Blue/Light Red":0.0,
    "Root Color":0.20973800122738,
    "Ombre Amount":1.0,
    "Salt And Pepper":0.25468200445175,
    "Eyebrows Redness Intensity":0.0,
    "Eyeliner Light/Dark":0.0,
    "Age":0.0,
    "Eyelids Pale/Red":0.0,
    "Naso Labial Lines Light/Dark":0.0,
    "Eye Sockets Dark/Light":0.0
  },
  "SenescenceLevel":6,
  "Sex":1,
  "Description":"saved from in-game",
  "ModCreator":"animandan",
  "ModVersion":"1.1.0",
  "Hair":"/Game/Dev/Phenotypes/Hair/HP_Human_HR_Fringes.HP_Human_HR_Fringes",
  "Name":"BP_AugustaCalidia_C",
  "Race":"TESRace /Game/Forms/actors/race/Imperial.Imperial",
  "Body":"SkeletalMesh /Game/Art/Character/Imperial/SK_Imperial_Body_m.SK_Imperial_Body_m"
}