{
  "ModName":"RaceMenuUtilities",
  "FaceBaseMesh":"/Game/Art/Character/Imperial/SK_Imperial_Head_F.SK_Imperial_Head_F",
  "Author":"Bethesda",
  "Date":"2025-06-04 20:30:44",
  "SkinColorsMapL":{
    "Lipstick Color":{
      "A":1.0,
      "B":0.0009105809731409,
      "G":0.0,
      "R":0.03310476616025
    },
    "Eyeliner Tone":{
      "A":1.0,
      "B":0.0,
      "G":0.0036765071563423,
      "R":0.10224173218012
    },
    "Root DyeColor":{
      "A":1.0,
      "B":0.0,
      "G":0.1046164855361,
      "R":1.0
    },
    "Tip DyeColor":{
      "A":1.0,
      "B":0.0,
      "G":0.1046164855361,
      "R":1.0
    },
    "Skin Tone":{
      "A":1.0,
      "B":1.0,
      "G":1.0,
      "R":1.0
    }
  },
  "APIVersion":"v2",
  "FaceMorphValuesMap":{
    "Eyes Small / Large":-0.064691059291363,
    "Jaw Thin / Wide":0.62000000476837,
    "Brow Ridge Low / High":0.34748700261116,
    "Chin Retracted / Jutting":0.10858199745417,
    "Face Thin / Wide":0.052255000919104,
    "Hair Length":0.0,
    "Chin Backward / Forward":-0.031070999801159,
    "Vampire":0.0,
    "Mouth Underbite / Overbite":0.027336314320564,
    "Eyes Inward / Outward":-0.079999998211861,
    "Mouth Sad / Happy":0.49086600542068,
    "Jaw Retracted / Jutting":-0.06878300011158,
    "Nose Flat / Pointed":0.096000000834465,
    "Chin Recessed / Pronounced":-0.34000000357628,
    "Cheeks Gaunt / Round":-0.36841258406639,
    "Forehead Back / Forward":0.090115450322628,
    "Nose Sellion Down / Up":0.0594795756042,
    "Mouth Deflated / Inflated":0.49236300587654,
    "Mouth Small / Large":0.13611100614071,
    "Nose Tilt Down / Up":0.21999999880791,
    "Nose Short / Long":0.059999998658895,
    "Mouth Drawn / Pursed":0.18754599988461,
    "Chin Short / Tall":0.38185799121857,
    "Nose Sellion Thin / Wide":0.0,
    "Jaw Neck Slope Low / High":-0.040837001055479,
    "Cheekbones Shallow / Pronounced":0.035992912948132,
    "Nose Sellion Shallow / Deep":0.0,
    "Mouth Tilt Down / Up":-0.65132302045822,
    "Brow / Nose / Chin Ratio":-0.12486358731985,
    "Brow Ridge Outer Down / Up":-0.059999998658895,
    "Chin Small / Large":-0.03999999910593,
    "Mouth Retracted / Puckered":-0.25999999046326,
    "Chin Thin / Wide":-0.0023930000606924,
    "Nose Nostrils Tilt Down / Up":0.3479799926281,
    "Face Gaunt / Round":0.13255000114441,
    "Cheekbones Thin / Wide":0.065111018717289,
    "Forehead / Sellion / Nose Ratio":-0.076374180614948,
    "Cheekbones Low / High":0.10528868436813,
    "Nose Bridge Short / Long":0.49143499135971,
    "Forehead Short / Tall":-0.099682003259659,
    "Nose Bridge Shallow / Deep":0.36000001430511,
    "Mouth Chin Short / Long":0.0,
    "Face Light / Heavy":0.17654800415039,
    "Nose Region Concave / Convex":-0.19120593369007,
    "Mouth Retracted / Protruding":-0.70000100135803,
    "Cheeks Concave / Convex":-0.25453773140907,
    "Nose Nostrils Small / Large":-0.10000000149012,
    "Jaw Concave / Convex":0.21749399602413,
    "Nose Down / Up":-0.36818400025368,
    "Mouth Low / High":-0.065255001187325,
    "Eyes Down / Up":-0.16967205703259,
    "Chin Shallow / Deep":0.23106500506401,
    "Eyes Apart / Together":0.3062059879303,
    "Brow Ridge Inner Down / Up":-0.18127399682999,
    "Nose Sellion Lower Shallow / Deep":0.0,
    "Nose Nostrils Thin / Wide":0.11999999731779,
    "Forehead Small / Large":-0.2967090010643
  },
  "ModVersion":"1.1.0",
  "SkinParametersMap":{
    "Complexion":0.44943800568581,
    "Freckles":0.0,
    "Ombre Amount":0.0,
    "Root Redness":1.0,
    "Cheek Blush Light/Red":0.0,
    "Ombre Constrast":0.0,
    "Tip Color":0.38576799631119,
    "Eye socket Bruised/Bright":0.0,
    "Eyebrows Color Intensity":0.0,
    "Tip Redness":1.0,
    "Salt And Pepper":0.0,
    "Eyebrows Redness Intensity":0.0,
    "Lipstick Amount":0.2247190028429,
    "Root Color":0.47453200817108,
    "Cheekbones Flushed/Pale":0.0,
    "Eyelids Pale/Red":0.0,
    "Eye Socket Dark/Light":0.0
  },
  "SenescenceLevel":0,
  "Sex":1,
  "Description":"saved from in-game",
  "ModCreator":"animandan",
  "Hair":"/Game/Dev/Phenotypes/Hair/HP_New_HR_UpdoBun.HP_New_HR_UpdoBun",
  "Name":"BP_AlessiaCaro_C",
  "HairColorsL":{
    "0":{
      "A":1.0,
      "B":0.0060488330200315,
      "G":0.01032982300967,
      "R":0.021219009533525
    }
  },
  "Race":"TESRace /Game/Forms/actors/race/Imperial.Imperial",
  "Body":"SkeletalMesh /Game/Art/Character/Imperial/SK_Imperial_Body_m.SK_Imperial_Body_m"
}