{
  "Race":"TESRace /Game/Forms/actors/race/Nord.Nord",
  "FaceBaseMesh":"/Game/Art/Character/Nord/SK_Nord_Head_m.SK_Nord_Head_m",
  "Date":"2025-06-04 18:45:39",
  "HairColorsL":{
    "0":{
      "B":1.0,
      "G":1.0,
      "R":1.0,
      "A":1.0
    }
  },
  "SkinParametersMap":{
    "Cheekbones Flushed/Pale":0.10000000149012,
    "Eyelids Pale/Red":0.10000000149012,
    "Skin Tint Purple/Yellow":0.20000000298023,
    "Lipstick Amount":0.0,
    "Cheek Blush Light/Red":0.20000000298023,
    "Skin Dark/Light":0.30000001192093,
    "Complexion":0.31999999284744,
    "Salt And Pepper":0.0,
    "Eye Socket Dark/Light":0.059999998658895,
    "Eylids Light/Dark":0.20000000298023,
    "Khajiit Pattern Number":0.0,
    "Ombre Amount":0.0,
    "Freckles":0.5199990272522,
    "Root Color":0.10000000149012,
    "Ombre Constrast":0.0,
    "Eyeliner Light/Dark":0.14000000059605,
    "Tip Color":0.10000000149012,
    "Eyebrows Redness Intensity":0.21999999880791,
    "Root Redness":0.5,
    "Skin Tint Orange/Blue":-0.029999999329448,
    "Eye socket Bruised/Bright":0.059999998658895,
    "Tip Redness":0.5,
    "Eyebrows Color Intensity":0.54000002145767
  },
  "Sex":0,
  "FaceMorphValuesMap":{
    "Hair Length":0.0,
    "Vampire":0.0,
    "Nose Sellion Down / Up":0.51999998092651,
    "Forehead Back / Forward":-0.72000002861023,
    "Mouth Deflated / Inflated":0.60000002384186,
    "Chin Backward / Forward":0.13847604393959,
    "Eyes Apart / Together":0.44569298624992,
    "Nose Tilt Down / Up":-0.019999999552965,
    "Mouth Sad / Happy":0.33999899029732,
    "Brow Ridge Outer Down / Up":-0.094382002949715,
    "Nose Sellion Thin / Wide":0.0,
    "Nose Short / Long":-0.18000000715256,
    "Nose Sellion Shallow / Deep":-0.10000000149012,
    "Brow / Nose / Chin Ratio":-0.2304340004921,
    "Chin Small / Large":-0.14732120931149,
    "Nose Flat / Pointed":0.31999999284744,
    "Jaw Thin / Wide":-0.020064353942871,
    "Nose Nostrils Tilt Down / Up":-0.28063198924065,
    "Eyes Inward / Outward":0.13895800709724,
    "Cheekbones Shallow / Pronounced":-0.2255489975214,
    "Nose Nostrils Thin / Wide":0.62000000476837,
    "Chin Shallow / Deep":0.12620210647583,
    "Nose Down / Up":-0.46000000834465,
    "Nose Bridge Short / Long":-0.41999998688698,
    "Mouth Tilt Down / Up":0.80000001192093,
    "Chin Thin / Wide":-0.45488399267197,
    "Face Light / Heavy":0.017561523243785,
    "Mouth Chin Short / Long":-0.45745012164116,
    "Jaw Concave / Convex":0.28561013936996,
    "Brow Ridge Low / High":-0.5,
    "Chin Recessed / Pronounced":-0.35289400815964,
    "Cheeks Gaunt / Round":-0.10171200335026,
    "Face Thin / Wide":0.34000000357628,
    "Eyes Down / Up":-0.079999998211861,
    "Jaw Retracted / Jutting":-0.54193556308746,
    "Chin Short / Tall":-0.040529001504183,
    "Jaw Neck Slope Low / High":-0.26834687590599,
    "Nose Bridge Shallow / Deep":0.2249434441328,
    "Mouth Retracted / Protruding":-0.28559240698814,
    "Cheekbones Thin / Wide":-0.39822098612785,
    "Mouth Low / High":-0.5157790184021,
    "Mouth Retracted / Puckered":-0.44203981757164,
    "Mouth Small / Large":-0.075931333005428,
    "Forehead Short / Tall":0.32662400603294,
    "Nose Nostrils Small / Large":0.40000000596046,
    "Chin Retracted / Jutting":0.080867491662502,
    "Forehead Small / Large":0.08836405724287,
    "Cheekbones Low / High":0.015931999310851,
    "Eyes Small / Large":-0.10000000149012,
    "Cheeks Concave / Convex":-0.013512000441551,
    "Brow Ridge Inner Down / Up":0.38393801450729,
    "Nose Sellion Lower Shallow / Deep":-0.019999999552965,
    "Face Gaunt / Round":0.0083969999104738,
    "Mouth Underbite / Overbite":0.099999003112316,
    "Nose Region Concave / Convex":0.30000001192093,
    "Forehead / Sellion / Nose Ratio":0.28000000119209,
    "Mouth Drawn / Pursed":0.08738648891449
  },
  "Author":"Bethesda",
  "SkinColorsMapL":{
    "Lipstick Color":{
      "B":1.0,
      "G":1.0,
      "R":1.0,
      "A":1.0
    },
    "Tip DyeColor":{
      "B":1.0,
      "G":1.0,
      "R":1.0,
      "A":1.0
    },
    "Root DyeColor":{
      "B":1.0,
      "G":1.0,
      "R":1.0,
      "A":1.0
    },
    "Eyeliner Tone":{
      "B":1.0,
      "G":1.0,
      "R":1.0,
      "A":1.0
    },
    "Skin Tone":{
      "B":1.0,
      "G":1.0,
      "R":1.0,
      "A":1.0
    }
  },
  "ModVersion":"1.1.0",
  "EyeMaterial":"/Game/Art/Character/Nord/MIC_Nord_Eye.MIC_Nord_Eye",
  "Body":"SkeletalMesh /Game/Art/Character/Imperial/SK_Imperial_Body_m.SK_Imperial_Body_m",
  "Description":"saved from in-game",
  "SenescenceLevel":0,
  "APIVersion":"v2",
  "ModCreator":"animandan",
  "ModName":"RaceMenuUtilities",
  "Hair":"/Game/Dev/Phenotypes/Hair/HP_HR_Cropped.HP_HR_Cropped",
  "Name":"BP_ArenaRank1A_C"
}