{
  "Sex":0,
  "HairColorsL":{
    "0":{
      "A":1.0,
      "R":0.22395800054073,
      "G":0.1452250033617,
      "B":0.08398400247097
    }
  },
  "EyeMaterial":"/Game/Art/Character/Modular/MIC_ME_DarkElf.MIC_ME_DarkElf",
  "Author":"Bethesda",
  "Date":"2025-06-04 19:33:27",
  "Description":"saved from in-game",
  "Name":"BP_AldosOthran_C",
  "ModCreator":"animandan",
  "ModName":"RaceMenuUtilities",
  "FaceBaseMesh":"/Game/Art/Character/DarkElf/SK_DarkElf_Head_m.SK_DarkElf_Head_m",
  "ModVersion":"1.1.0",
  "Body":"SkeletalMesh /Game/Art/Character/Imperial/SK_Imperial_Body_m.SK_Imperial_Body_m",
  "FaceMorphValuesMap":{
    "Nose Nostrils Thin / Wide":-0.72000002861023,
    "Forehead / Sellion / Nose Ratio":0.11976017802954,
    "Cheekbones Thin / Wide":-0.34000000357628,
    "Forehead Small / Large":0.70960301160812,
    "Chin Recessed / Pronounced":-0.083221100270748,
    "Brow / Nose / Chin Ratio":0.28686389327049,
    "Jaw Thin / Wide":0.0,
    "Cheeks Gaunt / Round":0.29504200816154,
    "Chin Backward / Forward":-0.22212782502174,
    "Chin Thin / Wide":0.36000001430511,
    "Forehead Short / Tall":-0.21273417770863,
    "Face Thin / Wide":-0.22601899504662,
    "Brow Ridge Inner Down / Up":0.17350366711617,
    "Mouth Underbite / Overbite":0.11140884459019,
    "Mouth Low / High":-0.65832602977753,
    "Vampire":0.0,
    "Face Gaunt / Round":-0.50882339477539,
    "Eyes Small / Large":-0.16690230369568,
    "Mouth Drawn / Pursed":-0.094659462571144,
    "Chin Retracted / Jutting":0.14160399138927,
    "Nose Tilt Down / Up":0.0,
    "Mouth Small / Large":-0.34464800357819,
    "Nose Short / Long":0.0,
    "Nose Bridge Shallow / Deep":0.041314791887999,
    "Nose Sellion Thin / Wide":0.0,
    "Mouth Retracted / Protruding":0.21903698146343,
    "Nose Sellion Shallow / Deep":0.0,
    "Jaw Retracted / Jutting":0.10473318397999,
    "Nose Sellion Down / Up":0.23592968285084,
    "Eyes Inward / Outward":0.18067263066769,
    "Nose Region Concave / Convex":-0.042841482907534,
    "Brow Ridge Outer Down / Up":-0.062736049294472,
    "Nose Nostrils Small / Large":0.097326375544071,
    "Eyes Apart / Together":0.048108767718077,
    "Nose Nostrils Tilt Down / Up":0.091849997639656,
    "Nose Flat / Pointed":-0.33700761198997,
    "Mouth Tilt Down / Up":0.15047417581081,
    "Jaw Concave / Convex":-0.10647974163294,
    "Mouth Sad / Happy":0.49680298566818,
    "Cheekbones Shallow / Pronounced":0.0047760396264493,
    "Face Light / Heavy":0.18000000715256,
    "Nose Down / Up":-0.37444707751274,
    "Chin Short / Tall":0.0,
    "Eyes Down / Up":-0.30504617094994,
    "Cheeks Concave / Convex":0.41787099838257,
    "Nose Bridge Short / Long":-0.068451777100563,
    "Mouth Chin Short / Long":-0.08250542730093,
    "Nose Sellion Lower Shallow / Deep":0.0,
    "Mouth Retracted / Puckered":-0.44300866127014,
    "Hair Length":0.0,
    "Mouth Deflated / Inflated":0.13845716416836,
    "Chin Shallow / Deep":-0.18050859868526,
    "Jaw Neck Slope Low / High":0.0,
    "Brow Ridge Low / High":0.1613442003727,
    "Cheekbones Low / High":0.0,
    "Forehead Back / Forward":0.1529975682497,
    "Chin Small / Large":0.34527856111526
  },
  "Hair":"/Game/Dev/Phenotypes/Hair/HP_HighElf_HR_Classic.HP_HighElf_HR_Classic",
  "SenescenceLevel":0,
  "APIVersion":"v2",
  "SkinParametersMap":{
    "Complexion":0.0,
    "Cheek Blush Light/Red":0.0,
    "Eyebrows Color Intensity":0.0,
    "Eye socket Bruised/Bright":0.0,
    "Lipstick Amount":0.0,
    "Root Redness":0.0,
    "Freckles":0.0,
    "Cheekbones Flushed/Pale":0.0,
    "Eyebrows Redness Intensity":0.0,
    "Root Color":0.0,
    "Eyelids Pale/Red":0.0,
    "Tip Color":0.0,
    "Tip Redness":0.0,
    "Ombre Amount":0.0,
    "Salt And Pepper":0.0,
    "Ombre Constrast":0.0
  },
  "Race":"TESRace /Game/Forms/actors/race/DarkElf.DarkElf",
  "SkinColorsMapL":{
    "Root DyeColor":{
      "A":1.0,
      "R":0.0047769998200238,
      "G":0.0012140000471845,
      "B":0.0
    },
    "Eyeliner Tone":{
      "A":1.0,
      "R":1.0,
      "G":1.0,
      "B":1.0
    },
    "Tip DyeColor":{
      "A":1.0,
      "R":0.0047769998200238,
      "G":0.0018589999526739,
      "B":0.00086500000907108
    },
    "Skin Tone":{
      "A":1.0,
      "R":0.90625,
      "G":0.89255601167679,
      "B":0.7976890206337
    },
    "Lipstick Color":{
      "A":1.0,
      "R":0.093058958649635,
      "G":0.0009105809731409,
      "B":0.0097212167456746
    }
  }
}