{
  "Race":"TESRace /Game/Forms/actors/race/HighElf.HighElf",
  "FaceBaseMesh":"/Game/Art/Character/HighElf/SK_HighElf_Head_m.SK_HighElf_Head_m",
  "Date":"2025-06-04 18:38:09",
  "HairColorsL":{
    "0":{
      "B":1.0,
      "G":1.0,
      "R":1.0,
      "A":1.0
    }
  },
  "SkinParametersMap":{
    "Cheekbones Flushed/Pale":0.68000000715256,
    "Eyelids Pale/Red":-0.03999999910593,
    "Skin Tint Purple/Yellow":0.21999999880791,
    "Lipstick Amount":0.0099999997764826,
    "Cheek Blush Light/Red":0.3999989926815,
    "Skin Dark/Light":0.0,
    "Complexion":0.54000002145767,
    "Salt And Pepper":0.80000001192093,
    "None":0.0,
    "Eye Socket Dark/Light":-0.55999898910522,
    "Eylids Light/Dark":0.059999998658895,
    "Ombre Amount":-0.31999999284744,
    "Freckles":-0.23999999463558,
    "Root Color":0.62000000476837,
    "Ombre Constrast":0.18000000715256,
    "Eyeliner Light/Dark":0.66000002622604,
    "Tip Color":-0.21999999880791,
    "Eyebrows Redness Intensity":0.0,
    "Root Redness":0.20000000298023,
    "Skin Tint Orange/Blue":0.0,
    "Eye socket Bruised/Bright":-0.10000000149012,
    "Tip Redness":0.079999998211861,
    "Eyebrows Color Intensity":0.66000002622604
  },
  "Sex":0,
  "FaceMorphValuesMap":{
    "Hair Length":0.0,
    "Vampire":0.0,
    "Nose Sellion Down / Up":0.0,
    "Forehead Back / Forward":-0.22000099718571,
    "Mouth Deflated / Inflated":-0.15999999642372,
    "Chin Backward / Forward":0.03999999910593,
    "Eyes Apart / Together":0.68000000715256,
    "Nose Tilt Down / Up":0.21999999880791,
    "Mouth Sad / Happy":0.019999999552965,
    "Brow Ridge Outer Down / Up":-0.20000000298023,
    "Nose Sellion Thin / Wide":0.0,
    "Nose Short / Long":0.54000002145767,
    "Nose Sellion Shallow / Deep":0.0,
    "Brow / Nose / Chin Ratio":-0.34000000357628,
    "Chin Small / Large":0.60000002384186,
    "Nose Flat / Pointed":-0.5799999833107,
    "Jaw Thin / Wide":0.25999999046326,
    "Nose Nostrils Tilt Down / Up":0.15999999642372,
    "Eyes Inward / Outward":0.0,
    "Cheekbones Shallow / Pronounced":-0.21999999880791,
    "Nose Nostrils Thin / Wide":-0.75999999046326,
    "Chin Shallow / Deep":-0.83999902009964,
    "Nose Down / Up":-0.25999999046326,
    "Nose Bridge Short / Long":0.0,
    "Mouth Tilt Down / Up":0.14000000059605,
    "Chin Thin / Wide":0.95999997854233,
    "Face Light / Heavy":0.40000000596046,
    "Mouth Chin Short / Long":0.0,
    "Jaw Concave / Convex":0.64000099897385,
    "Brow Ridge Low / High":0.10000000149012,
    "Chin Recessed / Pronounced":-0.36000001430511,
    "Cheeks Gaunt / Round":0.43999999761581,
    "Face Thin / Wide":-0.079999998211861,
    "Eyes Down / Up":-0.34000000357628,
    "Jaw Retracted / Jutting":0.059999998658895,
    "Chin Short / Tall":-0.55999898910522,
    "Jaw Neck Slope Low / High":0.02000099979341,
    "Nose Bridge Shallow / Deep":0.0,
    "Mouth Retracted / Protruding":-0.31999999284744,
    "Cheekbones Thin / Wide":-0.34000000357628,
    "Mouth Low / High":-0.5799999833107,
    "Mouth Retracted / Puckered":-0.68000000715256,
    "Mouth Small / Large":0.0,
    "Forehead Short / Tall":0.72000002861023,
    "Nose Nostrils Small / Large":-0.21999999880791,
    "Chin Retracted / Jutting":-0.11999999731779,
    "Forehead Small / Large":0.080000996589661,
    "Cheekbones Low / High":0.0,
    "Eyes Small / Large":-0.30000001192093,
    "Cheeks Concave / Convex":0.20000000298023,
    "Brow Ridge Inner Down / Up":0.059999998658895,
    "Nose Sellion Lower Shallow / Deep":0.0,
    "Face Gaunt / Round":0.12000100314617,
    "Mouth Underbite / Overbite":0.10000000149012,
    "Nose Region Concave / Convex":0.019999999552965,
    "Forehead / Sellion / Nose Ratio":0.30000001192093,
    "Mouth Drawn / Pursed":0.68000000715256
  },
  "Author":"Bethesda",
  "SkinColorsMapL":{
    "Lipstick Color":{
      "B":1.0,
      "G":1.0,
      "R":1.0,
      "A":1.0
    },
    "Tip DyeColor":{
      "B":0.0,
      "G":0.0,
      "R":0.0,
      "A":1.0
    },
    "Root DyeColor":{
      "B":0.030713442713022,
      "G":0.030713442713022,
      "R":0.030713442713022,
      "A":1.0
    },
    "Eyeliner Tone":{
      "B":0.10946170985699,
      "G":0.099898725748062,
      "R":0.30054378509521,
      "A":1.0
    },
    "Skin Tone":{
      "B":0.72656202316284,
      "G":0.75,
      "R":0.72790402173996,
      "A":1.0
    }
  },
  "ModVersion":"1.1.0",
  "EyeMaterial":"/Game/Art/Character/Modular/Eyes_HighElf/MIC_HighElf_Eyes_Red.MIC_HighElf_Eyes_Red",
  "Body":"SkeletalMesh /Game/Art/Character/Imperial/SK_Imperial_Body_m.SK_Imperial_Body_m",
  "Description":"saved from in-game",
  "SenescenceLevel":5,
  "APIVersion":"v2",
  "ModCreator":"animandan",
  "ModName":"RaceMenuUtilities",
  "Hair":"/Game/Dev/Phenotypes/Hair/HP_Nord_HR_BaldPony.HP_Nord_HR_BaldPony",
  "Name":"BP_Angalmo_C"
}