{
  "ModName":"RaceMenuUtilities",
  "FaceBaseMesh":"/Game/Art/Character/Imperial/SK_Imperial_Head_m.SK_Imperial_Head_m",
  "Author":"Bethesda",
  "Date":"2025-06-04 20:30:43",
  "SkinColorsMapL":{
    "Lipstick Color":{
      "A":1.0,
      "B":1.0,
      "G":1.0,
      "R":1.0
    },
    "Eyeliner Tone":{
      "A":1.0,
      "B":1.0,
      "G":1.0,
      "R":1.0
    },
    "Root DyeColor":{
      "A":1.0,
      "B":1.0,
      "G":1.0,
      "R":1.0
    },
    "Tip DyeColor":{
      "A":1.0,
      "B":1.0,
      "G":1.0,
      "R":1.0
    },
    "Skin Tone":{
      "A":1.0,
      "B":1.0,
      "G":1.0,
      "R":1.0
    }
  },
  "APIVersion":"v2",
  "FaceMorphValuesMap":{
    "Eyes Small / Large":-0.56554299592972,
    "Jaw Thin / Wide":0.0,
    "Brow Ridge Low / High":-0.23656399548054,
    "Chin Retracted / Jutting":0.0,
    "Face Thin / Wide":-0.68913799524307,
    "Hair Length":0.0,
    "Chin Backward / Forward":0.0,
    "Vampire":0.0,
    "Mouth Underbite / Overbite":0.0,
    "Eyes Inward / Outward":0.18684899806976,
    "Mouth Sad / Happy":-0.41947600245476,
    "Jaw Retracted / Jutting":0.0,
    "Nose Flat / Pointed":-0.29861798882484,
    "Chin Recessed / Pronounced":0.0,
    "Cheeks Gaunt / Round":-0.61048698425293,
    "Forehead Back / Forward":0.0,
    "Nose Sellion Down / Up":0.16016900539398,
    "Mouth Deflated / Inflated":-0.65917599201202,
    "Mouth Small / Large":0.0,
    "Nose Tilt Down / Up":-0.019999999552965,
    "Nose Short / Long":0.0,
    "Mouth Drawn / Pursed":0.0,
    "Chin Short / Tall":0.0,
    "Nose Sellion Thin / Wide":-0.14404499530792,
    "Jaw Neck Slope Low / High":0.0,
    "Cheekbones Shallow / Pronounced":-0.50936299562454,
    "Nose Sellion Shallow / Deep":0.044943999499083,
    "Mouth Tilt Down / Up":0.0,
    "Brow / Nose / Chin Ratio":0.0,
    "Brow Ridge Outer Down / Up":-0.26591798663139,
    "Chin Small / Large":0.0,
    "Mouth Retracted / Puckered":0.0,
    "Chin Thin / Wide":0.0,
    "Nose Nostrils Tilt Down / Up":-0.10801000148058,
    "Face Gaunt / Round":0.13857600092888,
    "Cheekbones Thin / Wide":0.16479399800301,
    "Forehead / Sellion / Nose Ratio":0.0,
    "Cheekbones Low / High":-0.14000000059605,
    "Nose Bridge Short / Long":0.44569298624992,
    "Forehead Short / Tall":0.0,
    "Nose Bridge Shallow / Deep":0.58052402734756,
    "Mouth Chin Short / Long":0.0,
    "Face Light / Heavy":0.0,
    "Nose Region Concave / Convex":-0.69288402795792,
    "Mouth Retracted / Protruding":0.0,
    "Cheeks Concave / Convex":-0.089887998998165,
    "Nose Nostrils Small / Large":0.19711199402809,
    "Jaw Concave / Convex":0.0,
    "Nose Down / Up":-0.062547996640205,
    "Mouth Low / High":0.0,
    "Eyes Down / Up":0.0,
    "Chin Shallow / Deep":0.0,
    "Eyes Apart / Together":0.69513297080994,
    "Brow Ridge Inner Down / Up":-0.15424099564552,
    "Nose Sellion Lower Shallow / Deep":-0.063670001924038,
    "Nose Nostrils Thin / Wide":1.0,
    "Forehead Small / Large":-0.74531799554825
  },
  "ModVersion":"1.1.0",
  "SkinParametersMap":{
    "Tip Color":0.43445700407028,
    "Eye socket Bruised/Bright":0.0,
    "Complexion":0.29962599277496,
    "Freckles":0.0,
    "Eyebrows Color Intensity":0.47940000891685,
    "Lipstick Amount":0.0,
    "Root Redness":0.0,
    "Tip Redness":0.0,
    "Cheekbones Flushed/Pale":0.0,
    "Salt And Pepper":1.0,
    "Eyebrows Redness Intensity":1.0,
    "Ombre Amount":0.0,
    "Cheek Blush Light/Red":0.0,
    "Eyelids Pale/Red":0.0,
    "Root Color":1.0,
    "Ombre Constrast":0.0
  },
  "SenescenceLevel":5,
  "Sex":0,
  "Description":"saved from in-game",
  "ModCreator":"animandan",
  "Hair":"/Game/Dev/Phenotypes/Hair/HP_New_HR_Casual.HP_New_HR_Casual",
  "Name":"BP_AdamusPhillida_C",
  "HairColorsL":{
    "0":{
      "A":0.0,
      "B":0.84687322378159,
      "G":0.97344529628754,
      "R":1.0
    }
  },
  "Race":"TESRace /Game/Forms/actors/race/Imperial.Imperial",
  "Body":"SkeletalMesh /Game/Art/Character/Imperial/SK_Imperial_Body_m.SK_Imperial_Body_m"
}