{
  "Race":"TESRace /Game/Forms/actors/race/Redguard.Redguard",
  "FaceBaseMesh":"/Game/Art/Character/Redguard/SK_Redguard_Head_m.SK_Redguard_Head_m",
  "Date":"2025-06-04 18:40:59",
  "HairColorsL":{
    "0":{
      "B":1.0,
      "G":1.0,
      "R":1.0,
      "A":1.0
    }
  },
  "SkinParametersMap":{
    "Cheekbones Flushed/Pale":0.0,
    "Eyelids Pale/Red":0.0,
    "Eyebrows Redness Intensity":0.0,
    "Lipstick Amount":0.0,
    "Cheek Blush Light/Red":0.0,
    "Khajiit Pattern Number":0.0,
    "Complexion":0.0,
    "Salt And Pepper":0.0,
    "Eye socket Bruised/Bright":0.0,
    "Freckles":0.0,
    "Root Color":0.0,
    "Root Redness":0.0,
    "Tip Color":0.0,
    "Ombre Constrast":0.0,
    "Ombre Amount":0.0,
    "Tip Redness":0.0,
    "Eyebrows Color Intensity":0.52434498071671
  },
  "Sex":0,
  "FaceMorphValuesMap":{
    "Hair Length":-1.0,
    "Vampire":0.0,
    "Nose Sellion Down / Up":-0.079999998211861,
    "Forehead Back / Forward":-0.11999999731779,
    "Mouth Deflated / Inflated":0.0,
    "Chin Backward / Forward":-0.66000002622604,
    "Eyes Apart / Together":0.0,
    "Nose Tilt Down / Up":0.15999999642372,
    "Mouth Sad / Happy":0.0,
    "Brow Ridge Outer Down / Up":0.0,
    "Nose Sellion Thin / Wide":-0.15999999642372,
    "Nose Short / Long":-0.28000000119209,
    "Nose Sellion Shallow / Deep":0.41999998688698,
    "Brow / Nose / Chin Ratio":0.0,
    "Chin Small / Large":0.079999998211861,
    "Nose Flat / Pointed":0.20000000298023,
    "Jaw Thin / Wide":-0.11999999731779,
    "Nose Nostrils Tilt Down / Up":-0.37999999523163,
    "Eyes Inward / Outward":0.0,
    "Cheekbones Shallow / Pronounced":0.15580500662327,
    "Nose Nostrils Thin / Wide":-0.41999998688698,
    "Chin Shallow / Deep":0.30000001192093,
    "Nose Down / Up":-0.14000000059605,
    "Nose Bridge Short / Long":-0.079999998211861,
    "Mouth Tilt Down / Up":0.0,
    "Chin Thin / Wide":0.31999999284744,
    "Face Light / Heavy":-0.14000000059605,
    "Mouth Chin Short / Long":0.0,
    "Jaw Concave / Convex":0.03999999910593,
    "Brow Ridge Low / High":0.0,
    "Chin Recessed / Pronounced":0.1799989938736,
    "Cheeks Gaunt / Round":0.10000000149012,
    "Face Thin / Wide":-0.31999999284744,
    "Eyes Down / Up":0.0,
    "Jaw Retracted / Jutting":0.31999999284744,
    "Chin Short / Tall":0.0,
    "Jaw Neck Slope Low / High":0.019999999552965,
    "Nose Bridge Shallow / Deep":-0.15999999642372,
    "Mouth Retracted / Protruding":0.0,
    "Cheekbones Thin / Wide":-0.10000000149012,
    "Mouth Low / High":0.0,
    "Mouth Retracted / Puckered":0.0,
    "Mouth Small / Large":0.0,
    "Forehead Short / Tall":0.059999998658895,
    "Nose Nostrils Small / Large":0.93999999761581,
    "Chin Retracted / Jutting":0.56000000238419,
    "Forehead Small / Large":0.18000000715256,
    "Cheekbones Low / High":0.0,
    "Eyes Small / Large":0.0,
    "Cheeks Concave / Convex":0.80524301528931,
    "Brow Ridge Inner Down / Up":-0.14000000059605,
    "Nose Sellion Lower Shallow / Deep":0.34000000357628,
    "Face Gaunt / Round":-0.03999999910593,
    "Mouth Underbite / Overbite":0.0,
    "Nose Region Concave / Convex":-0.23999999463558,
    "Forehead / Sellion / Nose Ratio":0.0,
    "Mouth Drawn / Pursed":0.0
  },
  "Author":"Bethesda",
  "SkinColorsMapL":{
    "Lipstick Color":{
      "B":0.0097212167456746,
      "G":0.0009105809731409,
      "R":0.093058958649635,
      "A":1.0
    },
    "Tip DyeColor":{
      "B":0.0056050000712276,
      "G":0.034340001642704,
      "R":0.10702300071716,
      "A":1.0
    },
    "Root DyeColor":{
      "B":0.010910999961197,
      "G":0.066846996545792,
      "R":0.20833300054073,
      "A":1.0
    },
    "Skin Tone":{
      "B":1.0,
      "G":1.0,
      "R":1.0,
      "A":1.0
    },
    "Eyeliner Tone":{
      "B":1.0,
      "G":1.0,
      "R":1.0,
      "A":1.0
    }
  },
  "ModVersion":"1.1.0",
  "EyeMaterial":"/Game/Art/Character/Modular/Eyes_Human/MIC_Human_Eyes_Brown2.MIC_Human_Eyes_Brown2",
  "Body":"SkeletalMesh /Game/Art/Character/Imperial/SK_Imperial_Body_m.SK_Imperial_Body_m",
  "Description":"saved from in-game",
  "SenescenceLevel":0,
  "APIVersion":"v2",
  "ModCreator":"animandan",
  "ModName":"RaceMenuUtilities",
  "Hair":"/Game/Dev/Phenotypes/Hair/HP_Redguard_HR_Fade.HP_Redguard_HR_Fade",
  "Name":"BP_Amir_C"
}