{
  "Race":"TESRace /Game/Forms/actors/race/Imperial.Imperial",
  "FaceBaseMesh":"/Game/Art/Character/Imperial/SK_Imperial_Head_F.SK_Imperial_Head_F",
  "Date":"2025-06-04 18:34:49",
  "HairColorsL":{
    "0":{
      "B":0.0018210000125691,
      "G":0.0018210000125691,
      "R":0.0051819998770952,
      "A":1.0
    }
  },
  "SkinParametersMap":{
    "Cheekbones Flushed/Pale":0.0,
    "Eyelids Pale/Red":0.0,
    "Eyebrows Redness Intensity":0.0,
    "Lipstick Dark Red/Light Blue":0.0,
    "Cheek Blush Light/Red":0.0,
    "Eye Sockets Bruised/Bright":0.0,
    "Eyelids Light/Dark":0.0,
    "Eyeshadow Light/Dark":0.0,
    "Complexion":0.0,
    "Salt And Pepper":0.044943999499083,
    "Lips Flushed/Pale":0.0,
    "Eye Sockets Dark/Light":0.0,
    "Lipstick Amount":0.0,
    "Freckles":0.0,
    "Eye socket Bruised/Bright":0.0,
    "Naso Small/Large":0.0,
    "Ombre Amount":0.0,
    "Root Color":1.0,
    "Ombre Constrast":0.0,
    "Root Redness":1.0,
    "Tip Color":0.47940099239349,
    "Eyebrows Color Intensity":0.0,
    "Naso Labial Lines Light/Dark":0.0,
    "Lipstick Dark Blue/Light Red":0.0,
    "Eyeliner Light/Dark":0.0,
    "Tip Redness":1.0,
    "Age":0.0
  },
  "Sex":1,
  "FaceMorphValuesMap":{
    "Hair Length":0.0,
    "Vampire":0.0,
    "Nose Sellion Down / Up":0.0,
    "Forehead Back / Forward":0.0,
    "Mouth Deflated / Inflated":0.0,
    "Chin Backward / Forward":0.0,
    "Eyes Apart / Together":0.40000000596046,
    "Nose Tilt Down / Up":0.0,
    "Mouth Sad / Happy":-0.18912093341351,
    "Brow Ridge Outer Down / Up":0.40000000596046,
    "Nose Sellion Thin / Wide":0.0,
    "Nose Short / Long":0.30000001192093,
    "Nose Sellion Shallow / Deep":0.0,
    "Brow / Nose / Chin Ratio":0.088120602071285,
    "Chin Small / Large":0.0,
    "Nose Flat / Pointed":0.68000000715256,
    "Jaw Thin / Wide":-0.81999999284744,
    "Nose Nostrils Tilt Down / Up":0.0,
    "Eyes Inward / Outward":0.23714999854565,
    "Cheekbones Shallow / Pronounced":-0.31999999284744,
    "Nose Nostrils Thin / Wide":0.0,
    "Chin Shallow / Deep":0.0,
    "Nose Down / Up":-0.56000000238419,
    "Nose Bridge Short / Long":-0.60000002384186,
    "Mouth Tilt Down / Up":-0.18533770740032,
    "Chin Thin / Wide":0.34000000357628,
    "Face Light / Heavy":0.41999998688698,
    "Mouth Chin Short / Long":-0.024511264637113,
    "Jaw Concave / Convex":0.059999998658895,
    "Brow Ridge Low / High":0.0,
    "Chin Recessed / Pronounced":0.0,
    "Cheeks Gaunt / Round":0.31999999284744,
    "Face Thin / Wide":0.0,
    "Eyes Down / Up":0.32576948404312,
    "Jaw Retracted / Jutting":0.0,
    "Chin Short / Tall":0.0,
    "Jaw Neck Slope Low / High":0.20000000298023,
    "Nose Bridge Shallow / Deep":0.0,
    "Mouth Retracted / Protruding":-0.22375810146332,
    "Cheekbones Thin / Wide":0.0,
    "Mouth Low / High":0.013078460469842,
    "Mouth Retracted / Puckered":-0.14560806751251,
    "Mouth Small / Large":-0.46000000834465,
    "Forehead Short / Tall":0.0,
    "Nose Nostrils Small / Large":0.0,
    "Chin Retracted / Jutting":0.0,
    "Forehead Small / Large":0.0,
    "Cheekbones Low / High":0.0,
    "Eyes Small / Large":0.0,
    "Cheeks Concave / Convex":0.34000000357628,
    "Brow Ridge Inner Down / Up":-0.1277923732996,
    "Nose Sellion Lower Shallow / Deep":0.0,
    "Face Gaunt / Round":0.28000000119209,
    "Mouth Underbite / Overbite":0.14336451888084,
    "Nose Region Concave / Convex":0.0,
    "Forehead / Sellion / Nose Ratio":0.082464300096035,
    "Mouth Drawn / Pursed":0.0
  },
  "Author":"Bethesda",
  "SkinColorsMapL":{
    "Lipstick Color":{
      "B":0.0097212167456746,
      "G":0.0009105809731409,
      "R":0.093058958649635,
      "A":1.0
    },
    "Skin Tone":{
      "B":1.0,
      "G":1.0,
      "R":1.0,
      "A":1.0
    },
    "Root DyeColor":{
      "B":1.0,
      "G":1.0,
      "R":1.0,
      "A":1.0
    },
    "Tip DyeColor":{
      "B":1.0,
      "G":1.0,
      "R":1.0,
      "A":1.0
    },
    "Eyeliner Tone":{
      "B":1.0,
      "G":1.0,
      "R":1.0,
      "A":1.0
    }
  },
  "ModVersion":"1.1.0",
  "EyeMaterial":"/Game/Art/Character/Modular/Eyes_Human/MIC_Human_Eyes_Red1.MIC_Human_Eyes_Red1",
  "Body":"SkeletalMesh /Game/Art/Character/Imperial/SK_Imperial_Body_m.SK_Imperial_Body_m",
  "Description":"saved from in-game",
  "SenescenceLevel":0,
  "APIVersion":"v2",
  "ModCreator":"animandan",
  "ModName":"RaceMenuUtilities",
  "Hair":"/Game/Dev/Phenotypes/Hair/HP_Imperial_HR_Headband.HP_Imperial_HR_Headband",
  "Name":"BP_AstiniaAtius_C"
}