{
  "Sex":0,
  "HairColorsL":{
    "1":{
      "A":1.0,
      "R":0.16145800054073,
      "G":0.10424599796534,
      "B":0.061027999967337
    },
    "2":{
      "A":1.0,
      "R":0.16145800054073,
      "G":0.10424599796534,
      "B":0.061027999967337
    },
    "0":{
      "A":1.0,
      "R":0.22395800054073,
      "G":0.1452250033617,
      "B":0.08398400247097
    }
  },
  "SkinColorsMapL":{
    "Root DyeColor":{
      "A":1.0,
      "R":1.0,
      "G":1.0,
      "B":1.0
    },
    "Eyeliner Tone":{
      "A":1.0,
      "R":1.0,
      "G":1.0,
      "B":1.0
    },
    "Tip DyeColor":{
      "A":1.0,
      "R":1.0,
      "G":1.0,
      "B":1.0
    },
    "Skin Tone":{
      "A":1.0,
      "R":1.0,
      "G":1.0,
      "B":1.0
    },
    "Lipstick Color":{
      "A":1.0,
      "R":1.0,
      "G":1.0,
      "B":1.0
    }
  },
  "Date":"2025-06-04 19:33:41",
  "Description":"saved from in-game",
  "Name":"BP_AleronLoche_C",
  "ModCreator":"animandan",
  "ModName":"RaceMenuUtilities",
  "ModVersion":"1.1.0",
  "Mustache":"/Game/Dev/Phenotypes/Mustache/HP_Breton_MS_Short.HP_Breton_MS_Short",
  "Author":"Bethesda",
  "Body":"SkeletalMesh /Game/Art/Character/Imperial/SK_Imperial_Body_m.SK_Imperial_Body_m",
  "SenescenceLevel":7,
  "FaceMorphValuesMap":{
    "Nose Nostrils Thin / Wide":0.80000001192093,
    "Forehead / Sellion / Nose Ratio":-0.03999999910593,
    "Cheekbones Thin / Wide":0.0,
    "Forehead Small / Large":0.34000098705292,
    "Chin Recessed / Pronounced":-0.30000001192093,
    "Brow / Nose / Chin Ratio":0.080000996589661,
    "Jaw Thin / Wide":-0.15999999642372,
    "Cheeks Gaunt / Round":0.18000000715256,
    "Chin Backward / Forward":0.0,
    "Chin Thin / Wide":-0.03999999910593,
    "Forehead Short / Tall":0.34000000357628,
    "Face Thin / Wide":0.03999999910593,
    "Brow Ridge Inner Down / Up":-0.47999998927116,
    "Mouth Underbite / Overbite":0.37999901175499,
    "Mouth Low / High":0.0,
    "Vampire":0.0,
    "Face Gaunt / Round":0.18000000715256,
    "Eyes Small / Large":-0.55999898910522,
    "Mouth Drawn / Pursed":-0.15999899804592,
    "Chin Retracted / Jutting":-0.40000000596046,
    "Nose Tilt Down / Up":0.0,
    "Mouth Small / Large":0.03999999910593,
    "Nose Short / Long":0.0,
    "Nose Bridge Shallow / Deep":0.0,
    "Nose Sellion Thin / Wide":0.0,
    "Mouth Retracted / Protruding":0.0,
    "Nose Sellion Shallow / Deep":0.74000000953674,
    "Jaw Retracted / Jutting":0.0,
    "Nose Sellion Down / Up":0.0,
    "Eyes Inward / Outward":0.0,
    "Nose Region Concave / Convex":0.0,
    "Brow Ridge Outer Down / Up":0.5,
    "Nose Nostrils Small / Large":0.5,
    "Eyes Apart / Together":0.0,
    "Nose Nostrils Tilt Down / Up":-0.41999998688698,
    "Nose Flat / Pointed":0.0,
    "Mouth Tilt Down / Up":0.0,
    "Jaw Concave / Convex":0.03999900072813,
    "Mouth Sad / Happy":0.41999998688698,
    "Cheekbones Shallow / Pronounced":0.0,
    "Face Light / Heavy":0.25999999046326,
    "Nose Down / Up":0.0,
    "Chin Short / Tall":-0.15999999642372,
    "Eyes Down / Up":0.11999999731779,
    "Cheeks Concave / Convex":0.0,
    "Nose Bridge Short / Long":0.0,
    "Mouth Chin Short / Long":0.0,
    "Nose Sellion Lower Shallow / Deep":0.0,
    "Mouth Retracted / Puckered":0.0,
    "Hair Length":0.0,
    "Mouth Deflated / Inflated":-0.21999999880791,
    "Chin Shallow / Deep":0.0,
    "Jaw Neck Slope Low / High":0.0,
    "Brow Ridge Low / High":-0.5,
    "Cheekbones Low / High":0.0,
    "Forehead Back / Forward":-0.23999999463558,
    "Chin Small / Large":-0.41999998688698
  },
  "Hair":"/Game/Dev/Phenotypes/Hair/HP_New_HR_Receding.HP_New_HR_Receding",
  "FaceBaseMesh":"/Game/Art/Character/Breton/SK_Breton_Head_m.SK_Breton_Head_m",
  "APIVersion":"v2",
  "Beard":"/Game/Dev/Phenotypes/Beard/HP_Breton_BD_Goatee.HP_Breton_BD_Goatee",
  "Race":"TESRace /Game/Forms/actors/race/Breton.Breton",
  "SkinParametersMap":{
    "Complexion":0.17977499961853,
    "Ombre Constrast":0.0,
    "Eye socket Bruised/Bright":0.0,
    "Root Redness":0.0,
    "Khajiit Pattern Number":0.0,
    "Eyebrows Redness Intensity":0.0,
    "Root Color":0.0,
    "Cheek Blush Light/Red":0.0,
    "Eyebrows Color Intensity":0.76404500007629,
    "Cheekbones Flushed/Pale":0.0,
    "Lipstick Amount":0.0,
    "Tip Redness":0.0,
    "Eyelids Pale/Red":0.0,
    "Tip Color":0.10000000149012,
    "Ombre Amount":1.0,
    "Salt And Pepper":0.0,
    "Freckles":0.0
  }
}