{
  "Race":"TESRace /Game/Forms/actors/race/Nord.Nord",
  "FaceBaseMesh":"/Game/Art/Character/Nord/SK_Nord_Head_f_Agnete_The_Pigglet.SK_Nord_Head_f_Agnete_The_Pigglet",
  "Date":"2025-06-04 18:44:42",
  "HairColorsL":{
    "0":{
      "B":0.084376208484173,
      "G":0.14412847161293,
      "R":0.22322796285152,
      "A":1.0
    }
  },
  "SkinParametersMap":{
    "Cheekbones Flushed/Pale":0.0,
    "Eyelids Pale/Red":0.26591798663139,
    "Eyebrows Redness Intensity":0.0,
    "Lipstick Amount":0.0,
    "Cheek Blush Light/Red":0.7153559923172,
    "Khajiit Pattern Number":0.0,
    "Complexion":0.47940099239349,
    "Salt And Pepper":0.0,
    "Eye socket Bruised/Bright":-0.46067398786545,
    "Freckles":0.25468200445175,
    "Root Color":0.089887000620365,
    "Root Redness":1.0,
    "Tip Color":0.029962999746203,
    "Ombre Constrast":0.0,
    "Ombre Amount":0.0,
    "Tip Redness":0.9850190281868,
    "Eyebrows Color Intensity":0.76029998064041
  },
  "Sex":1,
  "FaceMorphValuesMap":{
    "Hair Length":0.0,
    "Vampire":0.0,
    "Nose Sellion Down / Up":0.18000000715256,
    "Forehead Back / Forward":0.097424000501633,
    "Mouth Deflated / Inflated":0.0,
    "Chin Backward / Forward":-0.10001360625029,
    "Eyes Apart / Together":0.0,
    "Nose Tilt Down / Up":0.0,
    "Mouth Sad / Happy":0.0,
    "Brow Ridge Outer Down / Up":0.0,
    "Nose Sellion Thin / Wide":0.0,
    "Nose Short / Long":0.0,
    "Nose Sellion Shallow / Deep":-0.079999998211861,
    "Brow / Nose / Chin Ratio":0.0,
    "Chin Small / Large":0.78518402576447,
    "Nose Flat / Pointed":-0.01999899931252,
    "Jaw Thin / Wide":0.04594599828124,
    "Nose Nostrils Tilt Down / Up":-0.36531698703766,
    "Eyes Inward / Outward":0.0,
    "Cheekbones Shallow / Pronounced":-0.063858464360237,
    "Nose Nostrils Thin / Wide":0.38067400455475,
    "Chin Shallow / Deep":0.0077254772186279,
    "Nose Down / Up":-0.53018701076508,
    "Nose Bridge Short / Long":-0.14000099897385,
    "Mouth Tilt Down / Up":0.0,
    "Chin Thin / Wide":0.12749341130257,
    "Face Light / Heavy":0.20164032280445,
    "Mouth Chin Short / Long":0.0,
    "Jaw Concave / Convex":0.15068799257278,
    "Brow Ridge Low / High":-0.19101099669933,
    "Chin Recessed / Pronounced":-0.13199000060558,
    "Cheeks Gaunt / Round":0.28653800487518,
    "Face Thin / Wide":-0.54609298706055,
    "Eyes Down / Up":0.0,
    "Jaw Retracted / Jutting":0.12219996750355,
    "Chin Short / Tall":0.47483399510384,
    "Jaw Neck Slope Low / High":0.35642299056053,
    "Nose Bridge Shallow / Deep":0.0,
    "Mouth Retracted / Protruding":0.0,
    "Cheekbones Thin / Wide":0.092119000852108,
    "Mouth Low / High":0.0,
    "Mouth Retracted / Puckered":0.0,
    "Mouth Small / Large":0.0,
    "Forehead Short / Tall":0.5127130150795,
    "Nose Nostrils Small / Large":0.24569299817085,
    "Chin Retracted / Jutting":-0.36178600788116,
    "Forehead Small / Large":-0.11663799732924,
    "Cheekbones Low / High":0.2349641174078,
    "Eyes Small / Large":0.0,
    "Cheeks Concave / Convex":0.51153302192688,
    "Brow Ridge Inner Down / Up":1.0,
    "Nose Sellion Lower Shallow / Deep":0.43999999761581,
    "Face Gaunt / Round":-0.019899999722838,
    "Mouth Underbite / Overbite":0.0,
    "Nose Region Concave / Convex":0.0,
    "Forehead / Sellion / Nose Ratio":0.099743001163006,
    "Mouth Drawn / Pursed":0.0
  },
  "Author":"Bethesda",
  "SkinColorsMapL":{
    "Lipstick Color":{
      "B":1.0,
      "G":1.0,
      "R":1.0,
      "A":1.0
    },
    "Eyeliner Tone":{
      "B":0.37123766541481,
      "G":0.37123766541481,
      "R":0.37123766541481,
      "A":1.0
    },
    "Tip DyeColor":{
      "B":1.0,
      "G":1.0,
      "R":1.0,
      "A":1.0
    },
    "Root DyeColor":{
      "B":1.0,
      "G":1.0,
      "R":1.0,
      "A":1.0
    },
    "Skin Tone":{
      "B":1.0,
      "G":1.0,
      "R":1.0,
      "A":1.0
    },
    "None":{
      "B":0.0,
      "G":0.0,
      "R":0.0,
      "A":0.0
    }
  },
  "ModVersion":"1.1.0",
  "EyeMaterial":"/Game/Art/Character/Modular/Eyes_Human/MIC_Human_Eyes_Green2.MIC_Human_Eyes_Green2",
  "Body":"SkeletalMesh /Game/Art/Character/Imperial/SK_Imperial_Body_m.SK_Imperial_Body_m",
  "Description":"saved from in-game",
  "SenescenceLevel":0,
  "APIVersion":"v2",
  "ModCreator":"animandan",
  "ModName":"RaceMenuUtilities",
  "Hair":"/Game/Dev/Phenotypes/Hair/HP_HR_Ponytail.HP_HR_Ponytail",
  "Name":"BP_AgnetethePickled_C"
}