{
  "Race":"TESRace /Game/Forms/actors/race/Nord.Nord",
  "FaceBaseMesh":"/Game/Art/Character/Nord/SK_Nord_Head_m.SK_Nord_Head_m",
  "Date":"2025-06-04 18:34:29",
  "HairColorsL":{
    "0":{
      "B":0.0061369999311864,
      "G":0.010127999819815,
      "R":0.020833000540733,
      "A":1.0
    }
  },
  "SkinParametersMap":{
    "Cheekbones Flushed/Pale":0.0,
    "Eyelids Pale/Red":0.0,
    "Freckles":0.0,
    "Eyebrows Redness Intensity":0.0,
    "Lipstick Amount":0.0,
    "Ombre Amount":0.0,
    "Root Color":0.0,
    "Cheek Blush Light/Red":0.0,
    "Root Redness":0.0,
    "Tip Color":0.0,
    "Eye socket Bruised/Bright":0.0,
    "Complexion":0.25468200445175,
    "Salt And Pepper":0.0,
    "Eyebrows Color Intensity":0.63999998569489,
    "Tip Redness":0.0,
    "Ombre Constrast":0.0
  },
  "Sex":0,
  "FaceMorphValuesMap":{
    "Hair Length":0.0,
    "Vampire":0.0,
    "Nose Sellion Down / Up":-0.4254093170166,
    "Forehead Back / Forward":-0.20778559148312,
    "Mouth Deflated / Inflated":0.42048999667168,
    "Chin Backward / Forward":-0.023134041577578,
    "Eyes Apart / Together":-0.068990290164948,
    "Nose Tilt Down / Up":0.0,
    "Mouth Sad / Happy":0.14543187618256,
    "Brow Ridge Outer Down / Up":0.068657845258713,
    "Nose Sellion Thin / Wide":0.0,
    "Nose Short / Long":0.0,
    "Nose Sellion Shallow / Deep":0.0,
    "Brow / Nose / Chin Ratio":-0.37917149066925,
    "Chin Small / Large":0.028128189966083,
    "Nose Flat / Pointed":-0.1279202401638,
    "Jaw Thin / Wide":0.20299723744392,
    "Nose Nostrils Tilt Down / Up":0.21169494092464,
    "Eyes Inward / Outward":0.13675381243229,
    "Cheekbones Shallow / Pronounced":0.079951964318752,
    "Nose Nostrils Thin / Wide":-0.10356634110212,
    "Chin Shallow / Deep":-0.11122385412455,
    "Nose Down / Up":-0.076694317162037,
    "Nose Bridge Short / Long":0.066559933125973,
    "Mouth Tilt Down / Up":0.21263948082924,
    "Chin Thin / Wide":-0.10731326788664,
    "Face Light / Heavy":-0.021094942465425,
    "Mouth Chin Short / Long":0.23541457951069,
    "Jaw Concave / Convex":0.16184955835342,
    "Brow Ridge Low / High":0.093158341944218,
    "Chin Recessed / Pronounced":0.059762239456177,
    "Cheeks Gaunt / Round":0.19989074766636,
    "Face Thin / Wide":-0.37870100140572,
    "Eyes Down / Up":-0.33161237835884,
    "Jaw Retracted / Jutting":-0.038609992712736,
    "Chin Short / Tall":-0.10547555983067,
    "Jaw Neck Slope Low / High":-0.11178147047758,
    "Nose Bridge Shallow / Deep":0.17987732589245,
    "Mouth Retracted / Protruding":-0.029261523857713,
    "Cheekbones Thin / Wide":0.035652797669172,
    "Mouth Low / High":0.18274180591106,
    "Mouth Retracted / Puckered":-0.09844183921814,
    "Mouth Small / Large":-0.23197229206562,
    "Forehead Short / Tall":0.012659365311265,
    "Nose Nostrils Small / Large":0.44003495573997,
    "Chin Retracted / Jutting":-0.089381791651249,
    "Forehead Small / Large":0.39076673984528,
    "Cheekbones Low / High":-0.17558155953884,
    "Eyes Small / Large":0.091888263821602,
    "Cheeks Concave / Convex":0.21611206233501,
    "Brow Ridge Inner Down / Up":0.2321148365736,
    "Nose Sellion Lower Shallow / Deep":0.0,
    "Face Gaunt / Round":-0.17832271754742,
    "Mouth Underbite / Overbite":0.33013889193535,
    "Nose Region Concave / Convex":0.43932515382767,
    "Forehead / Sellion / Nose Ratio":-0.12859986722469,
    "Mouth Drawn / Pursed":-0.067609302699566
  },
  "Author":"Bethesda",
  "SkinColorsMapL":{
    "Lipstick Color":{
      "B":0.0097212167456746,
      "G":0.0009105809731409,
      "R":0.093058958649635,
      "A":1.0
    },
    "Skin Tone":{
      "B":0.84027802944183,
      "G":0.8447300195694,
      "R":1.0,
      "A":1.0
    },
    "Root DyeColor":{
      "B":0.058965001255274,
      "G":0.21680399775505,
      "R":0.40625,
      "A":1.0
    },
    "Tip DyeColor":{
      "B":0.097268000245094,
      "G":0.35763201117516,
      "R":0.67013901472092,
      "A":1.0
    },
    "Eyeliner Tone":{
      "B":1.0,
      "G":1.0,
      "R":1.0,
      "A":1.0
    }
  },
  "ModVersion":"1.1.0",
  "EyeMaterial":"/Game/Art/Character/Modular/Eyes_Human/MIC_Human_Eyes_Brown2.MIC_Human_Eyes_Brown2",
  "Body":"SkeletalMesh /Game/Art/Character/Imperial/SK_Imperial_Body_m.SK_Imperial_Body_m",
  "Description":"saved from in-game",
  "SenescenceLevel":4,
  "APIVersion":"v2",
  "ModCreator":"animandan",
  "ModName":"RaceMenuUtilities",
  "Hair":"/Game/Dev/Phenotypes/Hair/HP_HighElf_HR_Classic.HP_HighElf_HR_Classic",
  "Name":"BP_Agarmir_C"
}