{
  "Race":"TESRace /Game/Forms/actors/race/WoodElf.WoodElf",
  "FaceBaseMesh":"/Game/Art/Character/WoodElf/SK_WoodElf_Head_f.SK_WoodElf_Head_f",
  "Date":"2025-06-04 18:49:45",
  "HairColorsL":{
    "0":{
      "B":0.0,
      "G":0.0,
      "R":0.0,
      "A":1.0
    }
  },
  "SkinParametersMap":{
    "Cheekbones Flushed/Pale":0.56000000238419,
    "Eyelids Pale/Red":0.74000000953674,
    "Skin Tint Purple/Yellow":0.0,
    "Lipstick Amount":0.050000000745058,
    "Cheek Blush Light/Red":0.43999999761581,
    "Skin Dark/Light":0.0,
    "Complexion":0.2846440076828,
    "Salt And Pepper":0.0,
    "Eye Socket Dark/Light":-0.46000000834465,
    "Eylids Light/Dark":0.75999999046326,
    "Ombre Amount":1.0,
    "Freckles":0.0,
    "Root Color":0.10000000149012,
    "Ombre Constrast":1.0,
    "Eyeliner Light/Dark":0.30000001192093,
    "Tip Color":0.81999999284744,
    "Eyebrows Redness Intensity":0.0,
    "Root Redness":0.5,
    "Skin Tint Orange/Blue":0.15000000596046,
    "Eye socket Bruised/Bright":-0.14000000059605,
    "Tip Redness":0.5,
    "Eyebrows Color Intensity":0.0
  },
  "Sex":1,
  "FaceMorphValuesMap":{
    "Hair Length":0.0,
    "Vampire":0.0,
    "Nose Sellion Down / Up":0.3832939863205,
    "Forehead Back / Forward":0.75999999046326,
    "Mouth Deflated / Inflated":-0.19933800399303,
    "Chin Backward / Forward":-0.28767403960228,
    "Eyes Apart / Together":0.67079800367355,
    "Nose Tilt Down / Up":0.0,
    "Mouth Sad / Happy":0.0,
    "Brow Ridge Outer Down / Up":0.095214001834393,
    "Nose Sellion Thin / Wide":0.0,
    "Nose Short / Long":0.0,
    "Nose Sellion Shallow / Deep":0.18000000715256,
    "Brow / Nose / Chin Ratio":-0.87999999523163,
    "Chin Small / Large":0.0,
    "Nose Flat / Pointed":0.12122495472431,
    "Jaw Thin / Wide":-0.46000000834465,
    "Nose Nostrils Tilt Down / Up":0.0096685709431767,
    "Eyes Inward / Outward":0.17307911813259,
    "Cheekbones Shallow / Pronounced":0.80000001192093,
    "Nose Nostrils Thin / Wide":-0.54000002145767,
    "Chin Shallow / Deep":0.0,
    "Nose Down / Up":-0.87999999523163,
    "Nose Bridge Short / Long":-0.1540856808424,
    "Mouth Tilt Down / Up":0.0,
    "Chin Thin / Wide":0.63999998569489,
    "Face Light / Heavy":0.40000000596046,
    "Mouth Chin Short / Long":0.21722888946533,
    "Jaw Concave / Convex":0.47999998927116,
    "Brow Ridge Low / High":0.0088440058752894,
    "Chin Recessed / Pronounced":0.15326224267483,
    "Cheeks Gaunt / Round":0.0,
    "Face Thin / Wide":-0.93999999761581,
    "Eyes Down / Up":-0.13749413192272,
    "Jaw Retracted / Jutting":-0.011664999648929,
    "Chin Short / Tall":-0.79999899864197,
    "Jaw Neck Slope Low / High":0.066977001726627,
    "Nose Bridge Shallow / Deep":-0.11457014083862,
    "Mouth Retracted / Protruding":0.0,
    "Cheekbones Thin / Wide":0.15272663533688,
    "Mouth Low / High":-0.20000100135803,
    "Mouth Retracted / Puckered":0.0,
    "Mouth Small / Large":-0.14673200249672,
    "Forehead Short / Tall":0.47999998927116,
    "Nose Nostrils Small / Large":0.51956921815872,
    "Chin Retracted / Jutting":-0.29531198740005,
    "Forehead Small / Large":0.18999999761581,
    "Cheekbones Low / High":0.0,
    "Eyes Small / Large":0.85751301050186,
    "Cheeks Concave / Convex":0.60000002384186,
    "Brow Ridge Inner Down / Up":0.44999998807907,
    "Nose Sellion Lower Shallow / Deep":0.89999997615814,
    "Face Gaunt / Round":-0.18000100553036,
    "Mouth Underbite / Overbite":-0.11459500342607,
    "Nose Region Concave / Convex":-0.12218659371138,
    "Forehead / Sellion / Nose Ratio":-0.030537927523255,
    "Mouth Drawn / Pursed":0.81999999284744
  },
  "Author":"Bethesda",
  "SkinColorsMapL":{
    "Lipstick Color":{
      "B":0.068478167057037,
      "G":0.0,
      "R":0.082282707095146,
      "A":1.0
    },
    "Tip DyeColor":{
      "B":0.1714410930872,
      "G":0.0,
      "R":0.2307400405407,
      "A":1.0
    },
    "Root DyeColor":{
      "B":1.0,
      "G":1.0,
      "R":1.0,
      "A":1.0
    },
    "Eyeliner Tone":{
      "B":0.44520118832588,
      "G":0.21223075687885,
      "R":0.16202937066555,
      "A":1.0
    },
    "Skin Tone":{
      "B":1.0,
      "G":1.0,
      "R":1.0,
      "A":1.0
    }
  },
  "ModVersion":"1.1.0",
  "EyeMaterial":"/Game/Art/Character/Modular/Eyes_WoodElf/MIC_WoodElf_Eyes_Red.MIC_WoodElf_Eyes_Red",
  "Body":"SkeletalMesh /Game/Art/Character/Imperial/SK_Imperial_Body_m.SK_Imperial_Body_m",
  "Description":"saved from in-game",
  "SenescenceLevel":0,
  "APIVersion":"v2",
  "ModCreator":"animandan",
  "ModName":"RaceMenuUtilities",
  "Hair":"/Game/Dev/Phenotypes/Hair/HP_WoodElf_HR_Fringes.HP_WoodElf_HR_Fringes",
  "Name":"BP_ArenaRank0A_C"
}