{
  "ModName":"RaceMenuUtilities",
  "FaceBaseMesh":"/Game/Art/Character/Argonian/SK_Argonian_Head_m.SK_Argonian_Head_m",
  "Author":"Bethesda",
  "Date":"2025-06-04 20:30:44",
  "SkinColorsMapL":{
    "Color 1":{
      "A":1.0,
      "B":0.47569501399994,
      "G":0.48098999261856,
      "R":1.0
    },
    "Eyeliner Tone":{
      "A":1.0,
      "B":1.0,
      "G":1.0,
      "R":1.0
    },
    "Color 3":{
      "A":1.0,
      "B":1.0,
      "G":0.81439799070358,
      "R":0.7055150270462
    },
    "Color 2":{
      "A":1.0,
      "B":0.51694601774216,
      "G":0.32291701436043,
      "R":1.0
    }
  },
  "APIVersion":"v2",
  "FaceMorphValuesMap":{
    "Eyes Small / Large":0.037424471229315,
    "Jaw Thin / Wide":-0.35789766907692,
    "Brow Ridge Low / High":0.51717710494995,
    "Chin Retracted / Jutting":-0.34369921684265,
    "Face Thin / Wide":0.10112400352955,
    "Hair Length":1.0,
    "Chin Backward / Forward":0.41181012988091,
    "Vampire":0.0,
    "Mouth Underbite / Overbite":-0.06808128207922,
    "Eyes Inward / Outward":-0.097144797444344,
    "Mouth Sad / Happy":-0.039532374590635,
    "Jaw Retracted / Jutting":0.20987777411938,
    "Nose Flat / Pointed":0.15448999404907,
    "Chin Recessed / Pronounced":-0.28989967703819,
    "Cheeks Gaunt / Round":-0.059587147086859,
    "Forehead Back / Forward":-0.25857821106911,
    "Nose Sellion Down / Up":-0.34040433168411,
    "Mouth Deflated / Inflated":-0.25117966532707,
    "Mouth Small / Large":0.27858754992485,
    "Nose Tilt Down / Up":0.0,
    "Nose Short / Long":0.0,
    "Mouth Drawn / Pursed":-0.32226184010506,
    "Chin Short / Tall":0.031805396080017,
    "Nose Sellion Thin / Wide":0.0,
    "Jaw Neck Slope Low / High":0.24434271454811,
    "Cheekbones Shallow / Pronounced":-0.29334017634392,
    "Nose Sellion Shallow / Deep":0.0,
    "Mouth Tilt Down / Up":-0.12395077198744,
    "Brow / Nose / Chin Ratio":0.13972540199757,
    "Brow Ridge Outer Down / Up":0.096266962587833,
    "Chin Small / Large":-0.005937528796494,
    "Mouth Retracted / Puckered":0.16976757347584,
    "Chin Thin / Wide":-0.15067668259144,
    "Nose Nostrils Tilt Down / Up":0.14818330109119,
    "Face Gaunt / Round":-0.058201361447573,
    "Cheekbones Thin / Wide":0.084829285740852,
    "Forehead / Sellion / Nose Ratio":-0.082532666623592,
    "Cheekbones Low / High":-0.053671848028898,
    "Nose Bridge Short / Long":-0.39173039793968,
    "Forehead Short / Tall":0.035447981208563,
    "Nose Bridge Shallow / Deep":-0.16025142371655,
    "Mouth Chin Short / Long":0.312585324049,
    "Face Light / Heavy":0.026217000558972,
    "Nose Region Concave / Convex":-0.013988303951919,
    "Mouth Retracted / Protruding":-0.21037903428078,
    "Cheeks Concave / Convex":0.11666303128004,
    "Nose Nostrils Small / Large":0.044255018234253,
    "Jaw Concave / Convex":-0.016250420361757,
    "Nose Down / Up":0.15338020026684,
    "Mouth Low / High":-0.42993304133415,
    "Eyes Down / Up":0.42189380526543,
    "Chin Shallow / Deep":-0.18752393126488,
    "Eyes Apart / Together":0.24030494689941,
    "Brow Ridge Inner Down / Up":0.11323895305395,
    "Nose Sellion Lower Shallow / Deep":0.0,
    "Nose Nostrils Thin / Wide":0.065904431045055,
    "Forehead Small / Large":-0.043850231915712
  },
  "ModVersion":"1.1.0",
  "SkinParametersMap":{
    "Eye socket Bruised/Bright":-0.40000000596046,
    "Complexion":0.0,
    "Eyeliner Light/Dark":0.41999998688698,
    "Hair Desaturation for Argonian":0.0,
    "Eyelids Pale/Red":0.0,
    "Eylids Light/Dark":-0.18000000715256,
    "Eye Socket Dark/Light":0.0
  },
  "SenescenceLevel":0,
  "Sex":0,
  "Description":"saved from in-game",
  "ModCreator":"animandan",
  "Hair":"/Game/Dev/Phenotypes/Hair/HP_Argonian_HR_CentralSpineCluster_Jeweled.HP_Argonian_HR_CentralSpineCluster_Jeweled",
  "Name":"BP_AjumKajin_C",
  "HairColorsL":{
    "0":{
      "A":1.0,
      "B":0.0,
      "G":0.0,
      "R":0.0
    }
  },
  "Race":"TESRace /Game/Forms/actors/race/Argonian.Argonian",
  "Body":"SkeletalMesh /Game/Art/Character/Imperial/SK_Imperial_Body_m.SK_Imperial_Body_m"
}