{
  "Race":"TESRace /Game/Forms/actors/race/Khajiit.Khajiit",
  "FaceBaseMesh":"/Game/Art/Character/Khajiit/SK_Khajiit_Head_m.SK_Khajiit_Head_m",
  "Date":"2025-06-04 18:45:49",
  "HairColorsL":{
    "0":{
      "B":0.22605599462986,
      "G":0.34206798672676,
      "R":0.52083301544189,
      "A":1.0
    }
  },
  "SkinParametersMap":{
    "Eyelids Pale/Red":0.51999998092651,
    "Lipstick Amount":0.0,
    "Khajiit Pattern Number":1.0,
    "Eyeliner Light/Dark":0.74000000953674,
    "Complexion":0.0,
    "Hair Desaturation for Khajiit":0.0,
    "Eye socket Bruised/Bright":0.36000001430511,
    "Eye Socket Dark/Light":-0.31999999284744,
    "Eylids Light/Dark":0.72000002861023
  },
  "Sex":0,
  "FaceMorphValuesMap":{
    "Hair Length":0.0,
    "Vampire":0.0,
    "Nose Sellion Down / Up":0.81999999284744,
    "Forehead Back / Forward":0.80000001192093,
    "Mouth Deflated / Inflated":-0.45999899506569,
    "Chin Backward / Forward":0.80000001192093,
    "Eyes Apart / Together":0.5,
    "Nose Tilt Down / Up":0.0,
    "Mouth Sad / Happy":0.14000000059605,
    "Brow Ridge Outer Down / Up":-0.44000101089478,
    "Nose Sellion Thin / Wide":-0.28000000119209,
    "Nose Short / Long":1.0,
    "Nose Sellion Shallow / Deep":0.0,
    "Brow / Nose / Chin Ratio":0.51999998092651,
    "Chin Small / Large":0.47999998927116,
    "Nose Flat / Pointed":0.5,
    "Jaw Thin / Wide":0.36000001430511,
    "Nose Nostrils Tilt Down / Up":-0.28000000119209,
    "Eyes Inward / Outward":0.80000001192093,
    "Cheekbones Shallow / Pronounced":0.80000001192093,
    "Nose Nostrils Thin / Wide":0.66000002622604,
    "Chin Shallow / Deep":0.80000001192093,
    "Nose Down / Up":-0.03999999910593,
    "Nose Bridge Short / Long":0.80000001192093,
    "Mouth Tilt Down / Up":0.019999999552965,
    "Chin Thin / Wide":-0.11999999731779,
    "Face Light / Heavy":0.03999999910593,
    "Mouth Chin Short / Long":0.80000001192093,
    "Jaw Concave / Convex":0.80000001192093,
    "Brow Ridge Low / High":-0.34000000357628,
    "Chin Recessed / Pronounced":0.079999998211861,
    "Cheeks Gaunt / Round":-0.079999998211861,
    "Face Thin / Wide":-0.46000000834465,
    "Eyes Down / Up":0.80000001192093,
    "Jaw Retracted / Jutting":0.079999998211861,
    "Chin Short / Tall":-0.69999998807907,
    "Jaw Neck Slope Low / High":0.80000001192093,
    "Nose Bridge Shallow / Deep":0.80000001192093,
    "Mouth Retracted / Protruding":0.80000001192093,
    "Cheekbones Thin / Wide":0.81999999284744,
    "Mouth Low / High":0.60000002384186,
    "Mouth Retracted / Puckered":0.0,
    "Mouth Small / Large":0.40000000596046,
    "Forehead Short / Tall":0.80000001192093,
    "Nose Nostrils Small / Large":0.74000000953674,
    "Chin Retracted / Jutting":0.80000001192093,
    "Forehead Small / Large":0.40000000596046,
    "Cheekbones Low / High":-0.059999998658895,
    "Eyes Small / Large":-0.059999998658895,
    "Cheeks Concave / Convex":0.03999999910593,
    "Brow Ridge Inner Down / Up":-0.47999998927116,
    "Nose Sellion Lower Shallow / Deep":0.0,
    "Face Gaunt / Round":-0.28000000119209,
    "Mouth Underbite / Overbite":0.20000000298023,
    "Nose Region Concave / Convex":0.80000001192093,
    "Forehead / Sellion / Nose Ratio":0.80000001192093,
    "Mouth Drawn / Pursed":0.28000000119209
  },
  "Author":"Bethesda",
  "SkinColorsMapL":{
    "Color 1":{
      "B":0.1384319961071,
      "G":0.25535699725151,
      "R":0.72305500507355,
      "A":1.0
    },
    "Color 2":{
      "B":0.078186996281147,
      "G":0.078186996281147,
      "R":0.1384319961071,
      "A":1.0
    },
    "Eyeliner Tone":{
      "B":1.0,
      "G":1.0,
      "R":1.0,
      "A":1.0
    }
  },
  "ModVersion":"1.1.0",
  "Body":"SkeletalMesh /Game/Art/Character/Imperial/SK_Imperial_Body_m.SK_Imperial_Body_m",
  "Description":"saved from in-game",
  "SenescenceLevel":1,
  "APIVersion":"v2",
  "ModCreator":"animandan",
  "ModName":"RaceMenuUtilities",
  "Hair":"/Game/Dev/Phenotypes/Hair/HP_Khajiit_HR_Wisps.HP_Khajiit_HR_Wisps",
  "Name":"BP_ArenaRank1D_C"
}