{
  "FaceMorphValuesMap":{
    "Nose Bridge Short / Long":-0.096473000943661,
    "Mouth Tilt Down / Up":0.0,
    "Forehead Back / Forward":-0.3198350071907,
    "Eyes Small / Large":-0.47999998927116,
    "Chin Recessed / Pronounced":0.021833000704646,
    "Cheekbones Thin / Wide":0.21999999880791,
    "Jaw Neck Slope Low / High":0.25462999939919,
    "Chin Retracted / Jutting":0.57756298780441,
    "Jaw Retracted / Jutting":0.19994400441647,
    "Mouth Low / High":0.0,
    "Mouth Sad / Happy":0.54000002145767,
    "Forehead / Sellion / Nose Ratio":0.051819000393152,
    "Hair Length":0.0,
    "Vampire":0.0,
    "Forehead Short / Tall":-0.021604999899864,
    "Jaw Concave / Convex":0.089656002819538,
    "Nose Nostrils Small / Large":0.42321899533272,
    "Cheeks Gaunt / Round":0.60000002384186,
    "Nose Tilt Down / Up":-0.20000000298023,
    "Mouth Drawn / Pursed":0.0,
    "Nose Short / Long":0.0,
    "Cheekbones Shallow / Pronounced":-0.47999998927116,
    "Jaw Thin / Wide":-0.70494097471237,
    "Eyes Apart / Together":0.63104099035263,
    "Chin Backward / Forward":0.11825300008059,
    "Nose Sellion Thin / Wide":0.87999999523163,
    "Nose Sellion Lower Shallow / Deep":0.0,
    "Nose Sellion Shallow / Deep":0.0,
    "Mouth Retracted / Protruding":0.0,
    "Eyes Down / Up":0.073909997940063,
    "Nose Region Concave / Convex":-0.1799989938736,
    "Nose Down / Up":0.34949600696564,
    "Chin Shallow / Deep":0.0029889999423176,
    "Nose Nostrils Tilt Down / Up":0.29744899272919,
    "Nose Flat / Pointed":-0.15899999439716,
    "Eyes Inward / Outward":0.17667099833488,
    "Brow / Nose / Chin Ratio":-0.25173899531364,
    "Chin Short / Tall":0.42228600382805,
    "Brow Ridge Outer Down / Up":0.46068099141121,
    "Nose Nostrils Thin / Wide":0.45435300469398,
    "Face Thin / Wide":0.0,
    "Chin Thin / Wide":-0.381796002388,
    "Nose Bridge Shallow / Deep":0.0,
    "Mouth Underbite / Overbite":0.0,
    "Mouth Chin Short / Long":0.0,
    "Cheekbones Low / High":-0.011713000014424,
    "Brow Ridge Inner Down / Up":0.19206400215626,
    "Mouth Small / Large":0.59340000152588,
    "Mouth Deflated / Inflated":0.0,
    "Nose Sellion Down / Up":0.020896999165416,
    "Brow Ridge Low / High":0.34329301118851,
    "Chin Small / Large":-0.19044800102711,
    "Forehead Small / Large":-0.53331297636032,
    "Face Light / Heavy":0.20000000298023,
    "Cheeks Concave / Convex":0.20000000298023,
    "Mouth Retracted / Puckered":0.0,
    "Face Gaunt / Round":0.03558100014925
  },
  "Sex":0,
  "SkinParametersMap":{
    "Lipstick Amount":0.0,
    "Ombre Constrast":0.0,
    "Salt And Pepper":0.0,
    "Freckles":0.0,
    "Tip Color":0.0,
    "Eye socket Bruised/Bright":0.0,
    "Root Color":0.0,
    "Eyebrows Color Intensity":0.0,
    "Eyelids Pale/Red":0.0,
    "Cheekbones Flushed/Pale":0.0,
    "Root Redness":0.0,
    "Eyebrows Redness Intensity":0.0,
    "Cheek Blush Light/Red":0.0,
    "Ombre Amount":0.0,
    "Complexion":0.55430698394775,
    "Tip Redness":0.0
  },
  "Description":"saved from in-game",
  "FaceBaseMesh":"/Game/Art/Character/Imperial/SK_Imperial_Head_m.SK_Imperial_Head_m",
  "Hair":"/Game/Dev/Phenotypes/Hair/HP_Elf_HR_PonyTail.HP_Elf_HR_PonyTail",
  "ModVersion":"1.1.0",
  "Date":"2025-06-04 19:16:26",
  "SenescenceLevel":0,
  "ModCreator":"animandan",
  "Mustache":"/Game/Dev/Phenotypes/Mustache/HP_Imperial_MS_Short.HP_Imperial_MS_Short",
  "EyeMaterial":"/Game/Art/Character/Modular/Eyes_Human/MIC_Human_Eyes_Green2.MIC_Human_Eyes_Green2",
  "ModName":"RaceMenuUtilities",
  "Name":"BP_AntusFlonius_C",
  "SkinColorsMapL":{
    "Lipstick Color":{
      "B":0.0097212167456746,
      "G":0.0009105809731409,
      "R":0.093058958649635,
      "A":1.0
    },
    "Tip DyeColor":{
      "B":0.10702300071716,
      "G":0.046055000275373,
      "R":0.027498999610543,
      "A":1.0
    },
    "Skin Tone":{
      "B":1.0,
      "G":1.0,
      "R":1.0,
      "A":1.0
    },
    "Root DyeColor":{
      "B":0.0,
      "G":0.0012140000471845,
      "R":0.0047769998200238,
      "A":1.0
    },
    "Eyeliner Tone":{
      "B":1.0,
      "G":1.0,
      "R":1.0,
      "A":1.0
    }
  },
  "Body":"SkeletalMesh /Game/Art/Character/Imperial/SK_Imperial_Body_m.SK_Imperial_Body_m",
  "APIVersion":"v2",
  "Beard":"/Game/Dev/Phenotypes/Beard/HP_New_Curly.HP_New_Curly",
  "HairColorsL":{
    "1":{
      "B":0.061027999967337,
      "G":0.10424599796534,
      "R":0.16145800054073,
      "A":1.0
    },
    "2":{
      "B":0.0037769998889416,
      "G":0.0072949999012053,
      "R":0.012152999639511,
      "A":1.0
    },
    "0":{
      "B":0.08398400247097,
      "G":0.1452250033617,
      "R":0.22395800054073,
      "A":1.0
    }
  },
  "Race":"TESRace /Game/Forms/actors/race/Imperial.Imperial",
  "Author":"Bethesda"
}