{
  "Race":"TESRace /Game/Forms/actors/race/DarkElf.DarkElf",
  "FaceBaseMesh":"/Game/Art/Character/DarkElf/SK_DarkElf_Head_m.SK_DarkElf_Head_m",
  "Date":"2025-06-04 18:49:29",
  "HairColorsL":[],
  "SkinParametersMap":{
    "Cheekbones Flushed/Pale":0.0,
    "Eyelids Pale/Red":0.0,
    "Skin Tint Purple/Yellow":0.15999999642372,
    "Lipstick Amount":0.0,
    "Cheek Blush Light/Red":0.0,
    "Skin Dark/Light":0.15999999642372,
    "Complexion":0.0,
    "Salt And Pepper":0.0,
    "Eye Socket Dark/Light":0.0,
    "Eylids Light/Dark":0.0,
    "Ombre Amount":1.0,
    "Freckles":0.0,
    "Root Color":0.10000000149012,
    "Ombre Constrast":1.0,
    "Eyeliner Light/Dark":0.0,
    "Tip Color":0.63999998569489,
    "Eyebrows Redness Intensity":0.0,
    "Root Redness":0.5,
    "Skin Tint Orange/Blue":-0.03999999910593,
    "Eye socket Bruised/Bright":0.0,
    "Tip Redness":0.5,
    "Eyebrows Color Intensity":0.0
  },
  "Sex":0,
  "FaceMorphValuesMap":{
    "Hair Length":0.0,
    "Vampire":0.0,
    "Nose Sellion Down / Up":0.082025222480297,
    "Forehead Back / Forward":-0.15228395164013,
    "Mouth Deflated / Inflated":-0.37479513883591,
    "Chin Backward / Forward":-0.13824735581875,
    "Eyes Apart / Together":-0.38389134407043,
    "Nose Tilt Down / Up":0.0,
    "Mouth Sad / Happy":-0.44773417711258,
    "Brow Ridge Outer Down / Up":0.014889717102051,
    "Nose Sellion Thin / Wide":0.0,
    "Nose Short / Long":0.0,
    "Nose Sellion Shallow / Deep":0.0,
    "Brow / Nose / Chin Ratio":0.19106738269329,
    "Chin Small / Large":0.039909936487675,
    "Nose Flat / Pointed":-0.071708038449287,
    "Jaw Thin / Wide":0.13885314762592,
    "Nose Nostrils Tilt Down / Up":0.26174864172935,
    "Eyes Inward / Outward":-0.2260153144598,
    "Cheekbones Shallow / Pronounced":-0.029674787074327,
    "Nose Nostrils Thin / Wide":-0.45686537027359,
    "Chin Shallow / Deep":0.04134014248848,
    "Nose Down / Up":0.4777440726757,
    "Nose Bridge Short / Long":0.20000000298023,
    "Mouth Tilt Down / Up":-0.076903775334358,
    "Chin Thin / Wide":-0.20415878295898,
    "Face Light / Heavy":0.090892985463142,
    "Mouth Chin Short / Long":0.7520387172699,
    "Jaw Concave / Convex":0.094921611249447,
    "Brow Ridge Low / High":0.20376256108284,
    "Chin Recessed / Pronounced":-0.13468304276466,
    "Cheeks Gaunt / Round":0.13421142101288,
    "Face Thin / Wide":-0.28604730963707,
    "Eyes Down / Up":-0.1498889029026,
    "Jaw Retracted / Jutting":-0.084725759923458,
    "Chin Short / Tall":-0.34550818800926,
    "Jaw Neck Slope Low / High":0.10652830451727,
    "Nose Bridge Shallow / Deep":0.3026519715786,
    "Mouth Retracted / Protruding":0.1114344149828,
    "Cheekbones Thin / Wide":0.033021606504917,
    "Mouth Low / High":0.092605970799923,
    "Mouth Retracted / Puckered":-0.80000001192093,
    "Mouth Small / Large":-0.049472194164991,
    "Forehead Short / Tall":0.46457424759865,
    "Nose Nostrils Small / Large":-0.0091322427615523,
    "Chin Retracted / Jutting":-0.23652926087379,
    "Forehead Small / Large":-0.14944823086262,
    "Cheekbones Low / High":-0.18485520780087,
    "Eyes Small / Large":-0.13859310746193,
    "Cheeks Concave / Convex":-0.0081835510209203,
    "Brow Ridge Inner Down / Up":0.37957087159157,
    "Nose Sellion Lower Shallow / Deep":0.0,
    "Face Gaunt / Round":0.22460825741291,
    "Mouth Underbite / Overbite":-0.57937741279602,
    "Nose Region Concave / Convex":0.80000001192093,
    "Forehead / Sellion / Nose Ratio":-0.059846926480532,
    "Mouth Drawn / Pursed":-0.12089616060257
  },
  "Author":"Bethesda",
  "SkinColorsMapL":{
    "Tip DyeColor":{
      "B":1.0,
      "G":1.0,
      "R":1.0,
      "A":1.0
    },
    "Root DyeColor":{
      "B":1.0,
      "G":1.0,
      "R":1.0,
      "A":1.0
    },
    "Lipstick Color":{
      "B":1.0,
      "G":1.0,
      "R":1.0,
      "A":1.0
    }
  },
  "ModVersion":"1.1.0",
  "Body":"SkeletalMesh /Game/Art/Character/Imperial/SK_Imperial_Body_m.SK_Imperial_Body_m",
  "Description":"saved from in-game",
  "SenescenceLevel":2,
  "APIVersion":"v2",
  "ModCreator":"animandan",
  "ModName":"RaceMenuUtilities",
  "Hair":"/Game/Dev/Phenotypes/Hair/HP_DarkElf_HR_Mane.HP_DarkElf_HR_Mane",
  "Name":"BP_ArenaRank6C_C"
}