{
  "ModName":"RaceMenuUtilities",
  "FaceBaseMesh":"/Game/Art/Character/HighElf/SK_HighElf_Head_f.SK_HighElf_Head_f",
  "Author":"Bethesda",
  "Date":"2025-06-04 20:30:46",
  "SkinColorsMapL":{
    "Lipstick Color":{
      "A":1.0,
      "B":0.11953842639923,
      "G":0.37123766541481,
      "R":1.0
    },
    "Eyeliner Tone":{
      "A":1.0,
      "B":0.048171821981668,
      "G":0.070360094308853,
      "R":0.1046164855361
    },
    "Root DyeColor":{
      "A":1.0,
      "B":0.0,
      "G":0.0,
      "R":0.0
    },
    "Tip DyeColor":{
      "A":1.0,
      "B":0.0,
      "G":0.0,
      "R":0.0
    },
    "Skin Tone":{
      "A":1.0,
      "B":1.0,
      "G":1.0,
      "R":1.0
    }
  },
  "APIVersion":"v2",
  "FaceMorphValuesMap":{
    "Eyes Small / Large":0.93999999761581,
    "Jaw Thin / Wide":0.079999998211861,
    "Brow Ridge Low / High":0.14000000059605,
    "Chin Retracted / Jutting":0.0,
    "Face Thin / Wide":-0.019999999552965,
    "Hair Length":0.0,
    "Chin Backward / Forward":-0.47999998927116,
    "Vampire":0.0,
    "Mouth Underbite / Overbite":0.0,
    "Eyes Inward / Outward":0.0,
    "Mouth Sad / Happy":1.0,
    "Jaw Retracted / Jutting":0.0,
    "Nose Flat / Pointed":0.0,
    "Chin Recessed / Pronounced":0.23999999463558,
    "Cheeks Gaunt / Round":0.03999999910593,
    "Forehead Back / Forward":0.0,
    "Nose Sellion Down / Up":0.0,
    "Mouth Deflated / Inflated":0.0,
    "Mouth Small / Large":0.0,
    "Nose Tilt Down / Up":0.0,
    "Nose Short / Long":0.0,
    "Mouth Drawn / Pursed":0.20000000298023,
    "Chin Short / Tall":0.31999999284744,
    "Nose Sellion Thin / Wide":0.0,
    "Jaw Neck Slope Low / High":0.23999999463558,
    "Cheekbones Shallow / Pronounced":0.0,
    "Nose Sellion Shallow / Deep":0.0,
    "Mouth Tilt Down / Up":0.0,
    "Brow / Nose / Chin Ratio":0.0,
    "Brow Ridge Outer Down / Up":0.21999999880791,
    "Chin Small / Large":0.0,
    "Mouth Retracted / Puckered":0.40000000596046,
    "Chin Thin / Wide":0.0,
    "Nose Nostrils Tilt Down / Up":0.0,
    "Face Gaunt / Round":0.03999999910593,
    "Cheekbones Thin / Wide":0.0,
    "Forehead / Sellion / Nose Ratio":0.0,
    "Cheekbones Low / High":0.0,
    "Nose Bridge Short / Long":0.0,
    "Forehead Short / Tall":0.5,
    "Nose Bridge Shallow / Deep":0.0,
    "Mouth Chin Short / Long":0.0,
    "Face Light / Heavy":0.47999998927116,
    "Nose Region Concave / Convex":0.0,
    "Mouth Retracted / Protruding":0.15999999642372,
    "Cheeks Concave / Convex":0.40000000596046,
    "Nose Nostrils Small / Large":0.0,
    "Jaw Concave / Convex":0.37999999523163,
    "Nose Down / Up":0.0,
    "Mouth Low / High":0.0,
    "Eyes Down / Up":0.0,
    "Chin Shallow / Deep":0.0,
    "Eyes Apart / Together":0.31999999284744,
    "Brow Ridge Inner Down / Up":0.18000000715256,
    "Nose Sellion Lower Shallow / Deep":0.0,
    "Nose Nostrils Thin / Wide":0.0,
    "Forehead Small / Large":0.14000000059605
  },
  "EyeMaterial":"/Game/Art/Character/Modular/Eyes_HighElf/MIC_HighElf_Eyes_Blue.MIC_HighElf_Eyes_Blue",
  "HairColorsL":{
    "0":{
      "A":1.0,
      "B":0.16826939582825,
      "G":0.29177063703537,
      "R":0.44520118832588
    }
  },
  "SkinParametersMap":{
    "Complexion":0.60000002384186,
    "Freckles":0.81999999284744,
    "Ombre Amount":0.0,
    "Eylids Light/Dark":0.0,
    "Skin Tint Purple/Yellow":0.0,
    "Cheek Blush Light/Red":-0.66000002622604,
    "Ombre Constrast":0.0,
    "Tip Color":0.10000000149012,
    "Eye socket Bruised/Bright":-0.43999999761581,
    "Skin Tint Orange/Blue":0.0,
    "Eyebrows Color Intensity":0.56000000238419,
    "Tip Redness":0.5,
    "Root Redness":0.5,
    "Root Color":0.10000000149012,
    "Skin Dark/Light":0.0,
    "Salt And Pepper":0.0,
    "Eyebrows Redness Intensity":-0.20000000298023,
    "Eyeliner Light/Dark":0.0,
    "Eyelids Pale/Red":0.0,
    "Cheekbones Flushed/Pale":-0.20000000298023,
    "Eye Socket Dark/Light":-0.23999999463558,
    "Lipstick Amount":0.0
  },
  "SenescenceLevel":2,
  "Sex":1,
  "Description":"saved from in-game",
  "ModCreator":"animandan",
  "ModVersion":"1.1.0",
  "Hair":"/Game/Dev/Phenotypes/Hair/HP_HighElf_HR_Bun.HP_HighElf_HR_Bun",
  "Name":"BP_Atraena_C",
  "Race":"TESRace /Game/Forms/actors/race/HighElf.HighElf",
  "Body":"SkeletalMesh /Game/Art/Character/Imperial/SK_Imperial_Body_m.SK_Imperial_Body_m"
}