{
  "Sex":0,
  "HairColorsL":{
    "1":{
      "A":1.0,
      "R":0.16202937066555,
      "G":0.1046164855361,
      "B":0.061246052384377
    },
    "2":{
      "A":1.0,
      "R":0.22322796285152,
      "G":0.14412847161293,
      "B":0.084376208484173
    },
    "0":{
      "A":1.0,
      "R":0.021219009533525,
      "G":0.01032982300967,
      "B":0.0060488330200315
    }
  },
  "EyeMaterial":"/Game/Art/Character/Modular/Eyes_Human/MIC_Human_Eyes_Red4.MIC_Human_Eyes_Red4",
  "SkinColorsMapL":{
    "Root DyeColor":{
      "A":1.0,
      "R":0.0047769998200238,
      "G":0.0012140000471845,
      "B":0.0
    },
    "Eyeliner Tone":{
      "A":1.0,
      "R":1.0,
      "G":1.0,
      "B":1.0
    },
    "Tip DyeColor":{
      "A":1.0,
      "R":0.10702300071716,
      "G":0.034340001642704,
      "B":0.0056050000712276
    },
    "Skin Tone":{
      "A":1.0,
      "R":1.0,
      "G":1.0,
      "B":1.0
    },
    "Lipstick Color":{
      "A":1.0,
      "R":0.093058958649635,
      "G":0.0009105809731409,
      "B":0.0097212167456746
    }
  },
  "Date":"2025-06-04 19:33:52",
  "Description":"saved from in-game",
  "Name":"BP_AnvilGuardCastlePostDay01_C",
  "ModCreator":"animandan",
  "ModName":"RaceMenuUtilities",
  "ModVersion":"1.1.0",
  "Mustache":"/Game/Dev/Phenotypes/Mustache/HP_Imperial_MS_Short.HP_Imperial_MS_Short",
  "Author":"Bethesda",
  "APIVersion":"v2",
  "Body":"SkeletalMesh /Game/Art/Character/Imperial/SK_Imperial_Body_m.SK_Imperial_Body_m",
  "FaceMorphValuesMap":{
    "Nose Nostrils Thin / Wide":0.0,
    "Forehead / Sellion / Nose Ratio":0.0,
    "Cheekbones Thin / Wide":0.0,
    "Forehead Small / Large":0.0,
    "Chin Recessed / Pronounced":0.0,
    "Brow / Nose / Chin Ratio":0.0,
    "Jaw Thin / Wide":-0.43999999761581,
    "Cheeks Gaunt / Round":0.28000000119209,
    "Chin Backward / Forward":0.0,
    "Chin Thin / Wide":0.0,
    "Forehead Short / Tall":0.0,
    "Face Thin / Wide":0.0,
    "Brow Ridge Inner Down / Up":0.0,
    "Mouth Underbite / Overbite":0.0,
    "Mouth Low / High":0.0,
    "Vampire":0.0,
    "Face Gaunt / Round":0.0,
    "Eyes Small / Large":-0.36000001430511,
    "Mouth Drawn / Pursed":0.41999998688698,
    "Chin Retracted / Jutting":0.0,
    "Nose Tilt Down / Up":0.0,
    "Mouth Small / Large":0.21999999880791,
    "Nose Short / Long":0.0,
    "Nose Bridge Shallow / Deep":0.80000001192093,
    "Nose Sellion Thin / Wide":0.0,
    "Mouth Retracted / Protruding":0.0,
    "Nose Sellion Shallow / Deep":0.0,
    "Jaw Retracted / Jutting":0.0,
    "Nose Sellion Down / Up":0.0,
    "Eyes Inward / Outward":0.0,
    "Nose Region Concave / Convex":0.0,
    "Brow Ridge Outer Down / Up":0.0,
    "Nose Nostrils Small / Large":0.0,
    "Eyes Apart / Together":0.0,
    "Nose Nostrils Tilt Down / Up":0.0,
    "Nose Flat / Pointed":0.0,
    "Mouth Tilt Down / Up":0.0,
    "Jaw Concave / Convex":0.0,
    "Mouth Sad / Happy":0.0,
    "Cheekbones Shallow / Pronounced":0.0,
    "Face Light / Heavy":0.0,
    "Nose Down / Up":0.0,
    "Chin Short / Tall":0.0,
    "Eyes Down / Up":0.0,
    "Cheeks Concave / Convex":0.11999999731779,
    "Nose Bridge Short / Long":0.20000000298023,
    "Mouth Chin Short / Long":0.0,
    "Nose Sellion Lower Shallow / Deep":0.0,
    "Mouth Retracted / Puckered":0.0,
    "Hair Length":0.0,
    "Mouth Deflated / Inflated":0.0,
    "Chin Shallow / Deep":0.0,
    "Jaw Neck Slope Low / High":0.0,
    "Brow Ridge Low / High":0.0,
    "Cheekbones Low / High":0.0,
    "Forehead Back / Forward":0.0,
    "Chin Small / Large":0.0
  },
  "Hair":"/Game/Dev/Phenotypes/Hair/HP_HR_Loose.HP_HR_Loose",
  "Beard":"/Game/Dev/Phenotypes/Beard/HP_Imperial_BD_Short.HP_Imperial_BD_Short",
  "SkinParametersMap":{
    "Complexion":0.43445700407028,
    "Eye Sockets Bruised/Bright":0.0,
    "Ombre Constrast":0.0,
    "Skin Tint Purple/Yellow":0.0,
    "Eye Sockets Dark/Light":0.0,
    "Root Redness":1.0,
    "Naso Small/Large":0.0,
    "Ombre Amount":0.0,
    "Eyebrows Redness Intensity":0.0,
    "Root Color":1.0,
    "Age":0.0,
    "Lipstick Dark Blue/Light Red":0.0,
    "Lipstick Dark Red/Light Blue":0.0,
    "Eye socket Bruised/Bright":0.0,
    "Freckles":0.0,
    "Eylids Light/Dark":0.0,
    "Eye Socket Dark/Light":0.0,
    "Cheek Blush Light/Red":0.21999999880791,
    "Eyebrows Color Intensity":0.0,
    "Cheekbones Flushed/Pale":0.059999998658895,
    "Lipstick Amount":0.0,
    "Skin Tint Orange/Blue":0.0,
    "Eyelids Light/Dark":0.0,
    "Naso Labial Lines Light/Dark":0.0,
    "Tip Redness":1.0,
    "Eyeshadow Light/Dark":0.0,
    "Eyelids Pale/Red":0.0,
    "Tip Color":0.77999901771545,
    "Lips Flushed/Pale":0.0,
    "Eyeliner Light/Dark":0.0,
    "Salt And Pepper":0.0,
    "Skin Dark/Light":0.0
  },
  "FaceBaseMesh":"/Game/Art/Character/Imperial/SK_Imperial_Head_m.SK_Imperial_Head_m",
  "Race":"TESRace /Game/Forms/actors/race/Imperial.Imperial",
  "SenescenceLevel":2
}