{
  "Race":"TESRace /Game/Forms/actors/race/Nord.Nord",
  "FaceBaseMesh":"/Game/Art/Character/Nord/SK_Nord_Head_f.SK_Nord_Head_f",
  "Date":"2025-06-04 18:48:45",
  "HairColorsL":{
    "0":{
      "B":0.014444000087678,
      "G":0.016806999221444,
      "R":0.021219000220299,
      "A":1.0
    }
  },
  "SkinParametersMap":{
    "Cheekbones Flushed/Pale":0.0,
    "Eyelids Pale/Red":0.0,
    "Eyebrows Redness Intensity":1.0,
    "Lipstick Amount":0.0,
    "Cheek Blush Light/Red":0.0,
    "Khajiit Pattern Number":0.0,
    "Complexion":0.0,
    "Salt And Pepper":0.0,
    "Eye socket Bruised/Bright":0.0,
    "Freckles":0.0,
    "Root Color":0.0,
    "Root Redness":0.0,
    "Tip Color":0.16479399800301,
    "Ombre Constrast":0.0,
    "Ombre Amount":1.0,
    "Tip Redness":1.0,
    "Eyebrows Color Intensity":0.71910101175308
  },
  "Sex":1,
  "FaceMorphValuesMap":{
    "Hair Length":0.0,
    "Vampire":0.0,
    "Nose Sellion Down / Up":0.0,
    "Forehead Back / Forward":0.14791016280651,
    "Mouth Deflated / Inflated":-0.47238600254059,
    "Chin Backward / Forward":0.23323149979115,
    "Eyes Apart / Together":0.28199145197868,
    "Nose Tilt Down / Up":0.0,
    "Mouth Sad / Happy":-0.4746710062027,
    "Brow Ridge Outer Down / Up":0.072383418679237,
    "Nose Sellion Thin / Wide":0.0,
    "Nose Short / Long":0.0,
    "Nose Sellion Shallow / Deep":0.0,
    "Brow / Nose / Chin Ratio":0.13668711483479,
    "Chin Small / Large":0.043888449668884,
    "Nose Flat / Pointed":0.0,
    "Jaw Thin / Wide":0.11894500255585,
    "Nose Nostrils Tilt Down / Up":0.0,
    "Eyes Inward / Outward":-0.031034851446748,
    "Cheekbones Shallow / Pronounced":0.4510940015316,
    "Nose Nostrils Thin / Wide":0.46000000834465,
    "Chin Shallow / Deep":-0.13987100124359,
    "Nose Down / Up":0.0,
    "Nose Bridge Short / Long":0.30000001192093,
    "Mouth Tilt Down / Up":-0.14250861108303,
    "Chin Thin / Wide":0.063897997140884,
    "Face Light / Heavy":-0.12713670730591,
    "Mouth Chin Short / Long":-0.072424083948135,
    "Jaw Concave / Convex":0.030690999701619,
    "Brow Ridge Low / High":0.2030523121357,
    "Chin Recessed / Pronounced":0.083967827260494,
    "Cheeks Gaunt / Round":0.13153000175953,
    "Face Thin / Wide":0.054286397993565,
    "Eyes Down / Up":0.18486593663692,
    "Jaw Retracted / Jutting":0.19069786369801,
    "Chin Short / Tall":0.37027624249458,
    "Jaw Neck Slope Low / High":0.048537399619818,
    "Nose Bridge Shallow / Deep":0.0,
    "Mouth Retracted / Protruding":0.19146500527859,
    "Cheekbones Thin / Wide":0.095755003392696,
    "Mouth Low / High":-0.10268609970808,
    "Mouth Retracted / Puckered":0.15876999497414,
    "Mouth Small / Large":0.022902442142367,
    "Forehead Short / Tall":0.19909822940826,
    "Nose Nostrils Small / Large":0.46000000834465,
    "Chin Retracted / Jutting":-0.19537515938282,
    "Forehead Small / Large":-0.22779126465321,
    "Cheekbones Low / High":0.15070199966431,
    "Eyes Small / Large":-0.017374468967319,
    "Cheeks Concave / Convex":-0.13413168489933,
    "Brow Ridge Inner Down / Up":-0.24982218444347,
    "Nose Sellion Lower Shallow / Deep":0.0,
    "Face Gaunt / Round":0.0057475566864014,
    "Mouth Underbite / Overbite":0.40698298811913,
    "Nose Region Concave / Convex":0.0,
    "Forehead / Sellion / Nose Ratio":0.27019199728966,
    "Mouth Drawn / Pursed":0.10026080906391
  },
  "Author":"Bethesda",
  "SkinColorsMapL":{
    "Lipstick Color":{
      "B":1.0,
      "G":1.0,
      "R":1.0,
      "A":1.0
    },
    "Eyeliner Tone":{
      "B":1.0,
      "G":1.0,
      "R":1.0,
      "A":1.0
    },
    "Tip DyeColor":{
      "B":1.0,
      "G":1.0,
      "R":1.0,
      "A":1.0
    },
    "Root DyeColor":{
      "B":1.0,
      "G":1.0,
      "R":1.0,
      "A":1.0
    },
    "Skin Tone":{
      "B":1.0,
      "G":1.0,
      "R":1.0,
      "A":1.0
    },
    "None":{
      "B":0.0,
      "G":0.0,
      "R":0.0,
      "A":0.0
    }
  },
  "ModVersion":"1.1.0",
  "EyeMaterial":"/Game/Art/Character/Modular/Eyes_Human/MIC_Human_Eyes_Blue1.MIC_Human_Eyes_Blue1",
  "Body":"SkeletalMesh /Game/Art/Character/Imperial/SK_Imperial_Body_m.SK_Imperial_Body_m",
  "Description":"saved from in-game",
  "SenescenceLevel":2,
  "APIVersion":"v2",
  "ModCreator":"animandan",
  "ModName":"RaceMenuUtilities",
  "Hair":"/Game/Dev/Phenotypes/Hair/HP_Elf_HR_Braid.HP_Elf_HR_Braid",
  "Name":"BP_ArenaRank4A_C"
}