{
  "Sex":1,
  "HairColorsL":{
    "0":{
      "A":1.0,
      "R":0.021219009533525,
      "G":0.01032982300967,
      "B":0.0060488330200315
    }
  },
  "EyeMaterial":"/Game/Art/Character/Modular/Eyes_WoodElf/MIC_WoodElf_Eyes_Brown.MIC_WoodElf_Eyes_Brown",
  "Author":"Bethesda",
  "Date":"2025-06-04 19:33:40",
  "Description":"saved from in-game",
  "Name":"BP_Andragil_C",
  "ModCreator":"animandan",
  "ModName":"RaceMenuUtilities",
  "FaceBaseMesh":"/Game/Art/Character/WoodElf/SK_WoodElf_Head_f.SK_WoodElf_Head_f",
  "ModVersion":"1.1.0",
  "Body":"SkeletalMesh /Game/Art/Character/Imperial/SK_Imperial_Body_m.SK_Imperial_Body_m",
  "FaceMorphValuesMap":{
    "Nose Nostrils Thin / Wide":-0.89999997615814,
    "Forehead / Sellion / Nose Ratio":0.012208342552185,
    "Cheekbones Thin / Wide":-0.23999999463558,
    "Forehead Small / Large":-0.81999999284744,
    "Chin Recessed / Pronounced":0.1339316368103,
    "Brow / Nose / Chin Ratio":-0.83999997377396,
    "Jaw Thin / Wide":-0.53999900817871,
    "Cheeks Gaunt / Round":0.03999999910593,
    "Chin Backward / Forward":-0.37908959388733,
    "Chin Thin / Wide":-0.28000101447105,
    "Forehead Short / Tall":-0.05680900067091,
    "Face Thin / Wide":-0.83999997377396,
    "Brow Ridge Inner Down / Up":0.23626300692558,
    "Mouth Underbite / Overbite":0.0,
    "Mouth Low / High":0.0,
    "Vampire":0.0,
    "Face Gaunt / Round":-0.036697935312986,
    "Eyes Small / Large":0.55999797582626,
    "Mouth Drawn / Pursed":0.0,
    "Chin Retracted / Jutting":-0.10215900093317,
    "Nose Tilt Down / Up":0.0,
    "Mouth Small / Large":-0.46000000834465,
    "Nose Short / Long":0.74000000953674,
    "Nose Bridge Shallow / Deep":0.66263902187347,
    "Nose Sellion Thin / Wide":0.43999999761581,
    "Mouth Retracted / Protruding":0.0,
    "Nose Sellion Shallow / Deep":0.14000000059605,
    "Jaw Retracted / Jutting":0.059999998658895,
    "Nose Sellion Down / Up":0.81999999284744,
    "Eyes Inward / Outward":0.0,
    "Nose Region Concave / Convex":0.36355900764465,
    "Brow Ridge Outer Down / Up":0.40000000596046,
    "Nose Nostrils Small / Large":0.1285630017519,
    "Eyes Apart / Together":0.98000001907349,
    "Nose Nostrils Tilt Down / Up":0.40408599376678,
    "Nose Flat / Pointed":0.0090960003435612,
    "Mouth Tilt Down / Up":-0.33999899029732,
    "Jaw Concave / Convex":0.98000001907349,
    "Mouth Sad / Happy":0.95999997854233,
    "Cheekbones Shallow / Pronounced":-0.36000001430511,
    "Face Light / Heavy":0.20000000298023,
    "Nose Down / Up":-0.87999999523163,
    "Chin Short / Tall":-0.16000099480152,
    "Eyes Down / Up":-0.6383690237999,
    "Cheeks Concave / Convex":0.11999999731779,
    "Nose Bridge Short / Long":0.40616598725319,
    "Mouth Chin Short / Long":0.0,
    "Nose Sellion Lower Shallow / Deep":0.72000002861023,
    "Mouth Retracted / Puckered":0.0,
    "Hair Length":0.0,
    "Mouth Deflated / Inflated":0.0,
    "Chin Shallow / Deep":0.5799999833107,
    "Jaw Neck Slope Low / High":0.0,
    "Brow Ridge Low / High":0.95999997854233,
    "Cheekbones Low / High":0.0,
    "Forehead Back / Forward":0.37910598516464,
    "Chin Small / Large":0.25999900698662
  },
  "Hair":"/Game/Dev/Phenotypes/Hair/HP_New_HR_Messy.HP_New_HR_Messy",
  "SenescenceLevel":6,
  "APIVersion":"v2",
  "SkinParametersMap":{
    "Complexion":0.20000000298023,
    "Ombre Constrast":0.0,
    "Eye socket Bruised/Bright":0.0,
    "Root Redness":1.0,
    "Eyebrows Redness Intensity":0.0,
    "Root Color":1.0,
    "Eylids Light/Dark":0.75999999046326,
    "Cheek Blush Light/Red":-0.15999999642372,
    "Eyebrows Color Intensity":0.0,
    "Cheekbones Flushed/Pale":-0.80000001192093,
    "Lipstick Amount":0.050000000745058,
    "Skin Tint Orange/Blue":-0.15999999642372,
    "Freckles":0.20000000298023,
    "Ombre Amount":0.0,
    "Tip Redness":1.0,
    "Skin Tint Purple/Yellow":0.10000000149012,
    "Eyelids Pale/Red":0.69999998807907,
    "Tip Color":0.47940099239349,
    "Eyeliner Light/Dark":0.77999997138977,
    "Eye Socket Dark/Light":-0.69999998807907,
    "Salt And Pepper":0.084944002330303,
    "Skin Dark/Light":-0.40000000596046
  },
  "Race":"TESRace /Game/Forms/actors/race/WoodElf.WoodElf",
  "SkinColorsMapL":{
    "Root DyeColor":{
      "A":1.0,
      "R":1.0,
      "G":1.0,
      "B":1.0
    },
    "Eyeliner Tone":{
      "A":1.0,
      "R":0.30166500806808,
      "G":0.4391910135746,
      "B":0.53645801544189
    },
    "Tip DyeColor":{
      "A":1.0,
      "R":1.0,
      "G":1.0,
      "B":1.0
    },
    "Skin Tone":{
      "A":1.0,
      "R":0.96354198455811,
      "G":0.91178601980209,
      "B":0.88324701786041
    },
    "Lipstick Color":{
      "A":1.0,
      "R":0.17788840830326,
      "G":0.0,
      "B":0.0
    }
  }
}