{
  "ModName":"RaceMenuUtilities",
  "FaceBaseMesh":"/Game/Art/Character/WoodElf/SK_WoodElf_Head_m.SK_WoodElf_Head_m",
  "Author":"Bethesda",
  "Date":"2025-06-04 20:30:43",
  "SkinColorsMapL":{
    "Lipstick Color":{
      "A":1.0,
      "B":0.03310476616025,
      "G":0.03310476616025,
      "R":0.2086368650198
    },
    "Eyeliner Tone":{
      "A":1.0,
      "B":1.0,
      "G":1.0,
      "R":1.0
    },
    "Root DyeColor":{
      "A":1.0,
      "B":1.0,
      "G":1.0,
      "R":1.0
    },
    "Tip DyeColor":{
      "A":1.0,
      "B":1.0,
      "G":1.0,
      "R":1.0
    },
    "Skin Tone":{
      "A":1.0,
      "B":0.88020801544189,
      "G":0.91130000352859,
      "R":1.0
    }
  },
  "Name":"BP_Aengvir_C",
  "FaceMorphValuesMap":{
    "Eyes Small / Large":0.0,
    "Jaw Thin / Wide":-0.12411999702454,
    "Brow Ridge Low / High":-0.14000000059605,
    "Chin Retracted / Jutting":0.079998999834061,
    "Face Thin / Wide":-0.23999899625778,
    "Hair Length":0.0,
    "Chin Backward / Forward":0.0,
    "Vampire":0.0,
    "Mouth Underbite / Overbite":0.74000000953674,
    "Eyes Inward / Outward":0.0,
    "Mouth Sad / Happy":0.37999999523163,
    "Jaw Retracted / Jutting":0.14059899747372,
    "Nose Flat / Pointed":0.54000002145767,
    "Chin Recessed / Pronounced":-0.5,
    "Cheeks Gaunt / Round":0.0,
    "Forehead Back / Forward":0.042587000876665,
    "Nose Sellion Down / Up":0.28000000119209,
    "Mouth Deflated / Inflated":0.0,
    "Mouth Small / Large":1.0,
    "Nose Tilt Down / Up":0.0,
    "Nose Short / Long":0.0,
    "Mouth Drawn / Pursed":0.86000001430511,
    "Chin Short / Tall":-1.0,
    "Nose Sellion Thin / Wide":0.51999998092651,
    "Jaw Neck Slope Low / High":0.0,
    "Cheekbones Shallow / Pronounced":-0.74000000953674,
    "Nose Sellion Shallow / Deep":0.23999999463558,
    "Mouth Tilt Down / Up":-0.40000000596046,
    "Brow / Nose / Chin Ratio":0.54000002145767,
    "Brow Ridge Outer Down / Up":0.49999898672104,
    "Chin Small / Large":-0.81999999284744,
    "Mouth Retracted / Puckered":0.0,
    "Chin Thin / Wide":0.33048701286316,
    "Nose Nostrils Tilt Down / Up":0.80737298727036,
    "Face Gaunt / Round":-0.20000100135803,
    "Cheekbones Thin / Wide":0.37453201413155,
    "Forehead / Sellion / Nose Ratio":0.60000002384186,
    "Cheekbones Low / High":0.0,
    "Nose Bridge Short / Long":0.86000001430511,
    "Forehead Short / Tall":0.46000000834465,
    "Nose Bridge Shallow / Deep":0.48465409874916,
    "Mouth Chin Short / Long":0.0,
    "Face Light / Heavy":0.5,
    "Nose Region Concave / Convex":0.29999899864197,
    "Mouth Retracted / Protruding":0.0,
    "Cheeks Concave / Convex":0.0,
    "Nose Nostrils Small / Large":-0.24811500310898,
    "Jaw Concave / Convex":1.0,
    "Nose Down / Up":0.1799989938736,
    "Mouth Low / High":-0.37999999523163,
    "Eyes Down / Up":0.0,
    "Chin Shallow / Deep":0.22846400737762,
    "Eyes Apart / Together":0.41999998688698,
    "Brow Ridge Inner Down / Up":0.10000000149012,
    "Nose Sellion Lower Shallow / Deep":0.0,
    "Nose Nostrils Thin / Wide":0.44060477614403,
    "Forehead Small / Large":0.18097400665283
  },
  "EyeMaterial":"/Game/Art/Character/Modular/Eyes_WoodElf/MIC_WoodElf_Eyes_Black.MIC_WoodElf_Eyes_Black",
  "HairColorsL":{
    "1":{
      "A":1.0,
      "B":0.061246052384377,
      "G":0.1046164855361,
      "R":0.16202937066555
    },
    "2":{
      "A":1.0,
      "B":0.0036765071563423,
      "G":0.0074990317225456,
      "R":0.012286487966776
    },
    "0":{
      "A":1.0,
      "B":0.0060488330200315,
      "G":0.01032982300967,
      "R":0.021219009533525
    }
  },
  "SkinParametersMap":{
    "Complexion":0.0,
    "Freckles":0.80000001192093,
    "Ombre Amount":0.0,
    "Eylids Light/Dark":0.0,
    "Skin Tint Purple/Yellow":0.20000000298023,
    "Cheek Blush Light/Red":0.23999999463558,
    "Ombre Constrast":0.0,
    "Tip Color":0.47940099239349,
    "Eye socket Bruised/Bright":0.0,
    "Khajiit Pattern Number":0.0,
    "Skin Tint Orange/Blue":-0.15000000596046,
    "Eyebrows Color Intensity":0.0,
    "Tip Redness":1.0,
    "Root Redness":1.0,
    "Root Color":1.0,
    "Skin Dark/Light":-0.30000001192093,
    "Salt And Pepper":0.044943999499083,
    "Eyebrows Redness Intensity":0.0,
    "Eyeliner Light/Dark":0.0,
    "Eyelids Pale/Red":0.0,
    "Cheekbones Flushed/Pale":0.0,
    "Eye Socket Dark/Light":0.0,
    "Lipstick Amount":0.050000000745058
  },
  "Mustache":"/Game/Dev/Phenotypes/Mustache/HP_WoodElf_MS_Long.HP_WoodElf_MS_Long",
  "SenescenceLevel":3,
  "Sex":0,
  "Description":"saved from in-game",
  "Beard":"/Game/Dev/Phenotypes/Beard/HP_WoodElf_BD_Goatee.HP_WoodElf_BD_Goatee",
  "ModCreator":"animandan",
  "ModVersion":"1.1.0",
  "APIVersion":"v2",
  "Hair":"/Game/Dev/Phenotypes/Hair/HP_WoodElf_HR_Spiky.HP_WoodElf_HR_Spiky",
  "Race":"TESRace /Game/Forms/actors/race/WoodElf.WoodElf",
  "Body":"SkeletalMesh /Game/Art/Character/Imperial/SK_Imperial_Body_m.SK_Imperial_Body_m"
}