{
  "Race":"TESRace /Game/Forms/actors/race/HighElf.HighElf",
  "FaceBaseMesh":"/Game/Art/Character/HighElf/SK_HighElf_Head_m.SK_HighElf_Head_m",
  "Date":"2025-06-04 18:33:15",
  "HairColorsL":{
    "0":{
      "B":0.0060488330200315,
      "G":0.01032982300967,
      "R":0.021219009533525,
      "A":1.0
    }
  },
  "SkinParametersMap":{
    "Cheekbones Flushed/Pale":0.47999998927116,
    "Eyelids Pale/Red":0.41999998688698,
    "Eyebrows Redness Intensity":0.14000000059605,
    "Lipstick Amount":0.0099999997764826,
    "Cheek Blush Light/Red":-0.10000000149012,
    "Skin Dark/Light":0.0,
    "Complexion":0.37999999523163,
    "Salt And Pepper":0.0,
    "None":0.0,
    "Eye Socket Dark/Light":0.0,
    "Eylids Light/Dark":-0.059999998658895,
    "Khajiit Pattern Number":0.0,
    "Skin Tint Purple/Yellow":0.0,
    "Freckles":0.74000000953674,
    "Root Color":0.20973800122738,
    "Ombre Amount":1.0,
    "Eyeliner Light/Dark":0.89999997615814,
    "Tip Color":0.089887998998165,
    "Ombre Constrast":1.0,
    "Eye socket Bruised/Bright":0.80000001192093,
    "Skin Tint Orange/Blue":-0.079999998211861,
    "Root Redness":0.5,
    "Tip Redness":0.0,
    "Eyebrows Color Intensity":0.11999999731779
  },
  "Sex":0,
  "FaceMorphValuesMap":{
    "Hair Length":0.0,
    "Vampire":0.0,
    "Nose Sellion Down / Up":0.0,
    "Forehead Back / Forward":0.40000000596046,
    "Mouth Deflated / Inflated":0.60000002384186,
    "Chin Backward / Forward":0.03999999910593,
    "Eyes Apart / Together":0.5,
    "Nose Tilt Down / Up":0.0,
    "Mouth Sad / Happy":0.5799999833107,
    "Brow Ridge Outer Down / Up":-0.34000000357628,
    "Nose Sellion Thin / Wide":-0.019999999552965,
    "Nose Short / Long":-0.019999999552965,
    "Nose Sellion Shallow / Deep":0.15999899804592,
    "Brow / Nose / Chin Ratio":0.0,
    "Chin Small / Large":0.30000001192093,
    "Nose Flat / Pointed":0.080000996589661,
    "Jaw Thin / Wide":0.21999999880791,
    "Nose Nostrils Tilt Down / Up":0.51999998092651,
    "Eyes Inward / Outward":0.0,
    "Cheekbones Shallow / Pronounced":-0.060001000761986,
    "Nose Nostrils Thin / Wide":-0.62000000476837,
    "Chin Shallow / Deep":-0.83999997377396,
    "Nose Down / Up":-0.89999997615814,
    "Nose Bridge Short / Long":0.0,
    "Mouth Tilt Down / Up":-0.15999899804592,
    "Chin Thin / Wide":0.87999999523163,
    "Face Light / Heavy":0.0,
    "Mouth Chin Short / Long":-0.11999999731779,
    "Jaw Concave / Convex":0.77999997138977,
    "Brow Ridge Low / High":0.41999998688698,
    "Chin Recessed / Pronounced":0.0,
    "Cheeks Gaunt / Round":0.20000000298023,
    "Face Thin / Wide":0.11999999731779,
    "Eyes Down / Up":-0.059999998658895,
    "Jaw Retracted / Jutting":0.11999999731779,
    "Chin Short / Tall":-0.46000000834465,
    "Jaw Neck Slope Low / High":-0.079999998211861,
    "Nose Bridge Shallow / Deep":-0.34000000357628,
    "Mouth Retracted / Protruding":0.0,
    "Cheekbones Thin / Wide":-0.40000000596046,
    "Mouth Low / High":-0.40000000596046,
    "Mouth Retracted / Puckered":-0.47999998927116,
    "Mouth Small / Large":-0.53999900817871,
    "Forehead Short / Tall":0.5,
    "Nose Nostrils Small / Large":-0.30000001192093,
    "Chin Retracted / Jutting":0.14000000059605,
    "Forehead Small / Large":0.30000001192093,
    "Cheekbones Low / High":-0.28000000119209,
    "Eyes Small / Large":0.56000000238419,
    "Cheeks Concave / Convex":-0.059999998658895,
    "Brow Ridge Inner Down / Up":0.30000001192093,
    "Nose Sellion Lower Shallow / Deep":0.0,
    "Face Gaunt / Round":-0.34000000357628,
    "Mouth Underbite / Overbite":0.73999899625778,
    "Nose Region Concave / Convex":0.0,
    "Forehead / Sellion / Nose Ratio":0.0,
    "Mouth Drawn / Pursed":-0.31999999284744
  },
  "Author":"Bethesda",
  "SkinColorsMapL":{
    "Lipstick Color":{
      "B":1.0,
      "G":1.0,
      "R":1.0,
      "A":1.0
    },
    "Tip DyeColor":{
      "B":0.051269456744194,
      "G":0.201556250453,
      "R":0.98225057125092,
      "A":1.0
    },
    "Root DyeColor":{
      "B":1.0,
      "G":1.0,
      "R":1.0,
      "A":1.0
    },
    "Eyeliner Tone":{
      "B":0.066625937819481,
      "G":0.29613825678825,
      "R":0.50288647413254,
      "A":1.0
    },
    "Skin Tone":{
      "B":0.92708301544189,
      "G":0.92708301544189,
      "R":0.92708301544189,
      "A":1.0
    }
  },
  "ModVersion":"1.1.0",
  "EyeMaterial":"/Game/Art/Character/Modular/Eyes_HighElf/MIC_HighElf_Eyes_Orange.MIC_HighElf_Eyes_Orange",
  "Body":"SkeletalMesh /Game/Art/Character/Imperial/SK_Imperial_Body_m.SK_Imperial_Body_m",
  "Description":"saved from in-game",
  "SenescenceLevel":2,
  "APIVersion":"v2",
  "ModCreator":"animandan",
  "ModName":"RaceMenuUtilities",
  "Hair":"/Game/Dev/Phenotypes/Hair/HP_HR_MediumLength.HP_HR_MediumLength",
  "Name":"BP_Arkved_C"
}