{
  "ModName":"RaceMenuUtilities",
  "FaceBaseMesh":"/Game/Art/Character/Nord/SK_Nord_Head_f.SK_Nord_Head_f",
  "Author":"Bethesda",
  "Date":"2025-06-04 20:30:44",
  "SkinColorsMapL":{
    "Lipstick Color":{
      "A":1.0,
      "B":0.0097212167456746,
      "G":0.0009105809731409,
      "R":0.093058958649635
    },
    "Eyeliner Tone":{
      "A":1.0,
      "B":0.22569400072098,
      "G":0.22569400072098,
      "R":0.22569400072098
    },
    "Root DyeColor":{
      "A":1.0,
      "B":0.086286000907421,
      "G":0.39107000827789,
      "R":0.67708301544189
    },
    "Tip DyeColor":{
      "A":1.0,
      "B":0.12847200036049,
      "G":0.57640600204468,
      "R":1.0
    },
    "Skin Tone":{
      "A":1.0,
      "B":1.0,
      "G":1.0,
      "R":1.0
    }
  },
  "APIVersion":"v2",
  "FaceMorphValuesMap":{
    "Eyes Small / Large":0.29980099201202,
    "Jaw Thin / Wide":0.0,
    "Brow Ridge Low / High":0.41751798987389,
    "Chin Retracted / Jutting":-0.64158099889755,
    "Face Thin / Wide":-0.61048698425293,
    "Hair Length":0.52434498071671,
    "Chin Backward / Forward":-0.19418700039387,
    "Vampire":0.0,
    "Mouth Underbite / Overbite":0.0,
    "Eyes Inward / Outward":0.24526071548462,
    "Mouth Sad / Happy":0.0,
    "Jaw Retracted / Jutting":0.31679013371468,
    "Nose Flat / Pointed":0.082599602639675,
    "Chin Recessed / Pronounced":0.1632386893034,
    "Cheeks Gaunt / Round":0.16347399353981,
    "Forehead Back / Forward":0.15062728524208,
    "Nose Sellion Down / Up":0.28647199273109,
    "Mouth Deflated / Inflated":0.0,
    "Mouth Small / Large":0.0,
    "Nose Tilt Down / Up":0.0,
    "Nose Short / Long":0.0,
    "Mouth Drawn / Pursed":0.0,
    "Chin Short / Tall":0.26278200745583,
    "Nose Sellion Thin / Wide":0.43999999761581,
    "Jaw Neck Slope Low / High":0.0,
    "Cheekbones Shallow / Pronounced":-0.13635885715485,
    "Nose Sellion Shallow / Deep":0.37999999523163,
    "Mouth Tilt Down / Up":-0.54099798202515,
    "Brow / Nose / Chin Ratio":-0.16494660079479,
    "Brow Ridge Outer Down / Up":0.45522901415825,
    "Chin Small / Large":0.0,
    "Mouth Retracted / Puckered":0.0,
    "Chin Thin / Wide":-0.20138199627399,
    "Nose Nostrils Tilt Down / Up":0.088063955307007,
    "Face Gaunt / Round":-0.13786299526691,
    "Cheekbones Thin / Wide":0.38722801208496,
    "Forehead / Sellion / Nose Ratio":0.23366098105907,
    "Cheekbones Low / High":0.0,
    "Nose Bridge Short / Long":0.38765698671341,
    "Forehead Short / Tall":0.28443399071693,
    "Nose Bridge Shallow / Deep":0.0,
    "Mouth Chin Short / Long":0.0,
    "Face Light / Heavy":0.20700299739838,
    "Nose Region Concave / Convex":-0.032334499061108,
    "Mouth Retracted / Protruding":0.0,
    "Cheeks Concave / Convex":0.24534200131893,
    "Nose Nostrils Small / Large":0.20796599984169,
    "Jaw Concave / Convex":0.0,
    "Nose Down / Up":0.36990430951118,
    "Mouth Low / High":0.0,
    "Eyes Down / Up":0.10488786548376,
    "Chin Shallow / Deep":-0.010116052813828,
    "Eyes Apart / Together":0.4826839864254,
    "Brow Ridge Inner Down / Up":-0.10366600006819,
    "Nose Sellion Lower Shallow / Deep":0.0,
    "Nose Nostrils Thin / Wide":0.6479640007019,
    "Forehead Small / Large":0.22747600078583
  },
  "EyeMaterial":"/Game/Art/Character/Modular/Eyes_Human/MIC_Human_Eyes_Blue1.MIC_Human_Eyes_Blue1",
  "HairColorsL":{
    "0":{
      "A":1.0,
      "B":0.5647115111351,
      "G":0.91309863328934,
      "R":1.0
    }
  },
  "SkinParametersMap":{
    "Complexion":0.0,
    "Freckles":0.40449500083923,
    "Ombre Amount":0.048689000308514,
    "Root Redness":0.0,
    "Cheek Blush Light/Red":0.36074900627136,
    "Ombre Constrast":0.0,
    "Tip Color":0.0,
    "Eye socket Bruised/Bright":0.0,
    "Eyebrows Color Intensity":0.84456902742386,
    "Tip Redness":0.0,
    "Salt And Pepper":0.0,
    "Eyebrows Redness Intensity":0.0,
    "Khajiit Pattern Number":0.0,
    "Root Color":0.0,
    "Cheekbones Flushed/Pale":0.40007498860359,
    "Eyelids Pale/Red":0.0,
    "Lipstick Amount":0.41947600245476
  },
  "SenescenceLevel":2,
  "Sex":1,
  "Description":"saved from in-game",
  "ModCreator":"animandan",
  "ModVersion":"1.1.0",
  "Hair":"/Game/Dev/Phenotypes/Hair/HP_Human_HR_Fringes.HP_Human_HR_Fringes",
  "Name":"BP_Alga_C",
  "Race":"TESRace /Game/Forms/actors/race/Nord.Nord",
  "Body":"SkeletalMesh /Game/Art/Character/Imperial/SK_Imperial_Body_m.SK_Imperial_Body_m"
}