{
  "Sex":0,
  "HairColorsL":{
    "1":{
      "A":1.0,
      "R":0.012286487966776,
      "G":0.0074990317225456,
      "B":0.0036765071563423
    },
    "2":{
      "A":1.0,
      "R":0.16202937066555,
      "G":0.1046164855361,
      "B":0.061246052384377
    },
    "0":{
      "A":1.0,
      "R":0.22322796285152,
      "G":0.14412847161293,
      "B":0.084376208484173
    }
  },
  "SkinColorsMapL":{
    "Root DyeColor":{
      "A":1.0,
      "R":0.0047769998200238,
      "G":0.0012140000471845,
      "B":0.0
    },
    "Eyeliner Tone":{
      "A":1.0,
      "R":1.0,
      "G":1.0,
      "B":1.0
    },
    "Tip DyeColor":{
      "A":1.0,
      "R":0.10702300071716,
      "G":0.034340001642704,
      "B":0.0056050000712276
    },
    "Skin Tone":{
      "A":1.0,
      "R":1.0,
      "G":1.0,
      "B":1.0
    },
    "Lipstick Color":{
      "A":1.0,
      "R":0.093058958649635,
      "G":0.0009105809731409,
      "B":0.0097212167456746
    }
  },
  "Date":"2025-06-04 19:33:37",
  "Description":"saved from in-game",
  "Name":"BP_AnvilGuardCityPostStablesNight_C",
  "ModCreator":"animandan",
  "ModName":"RaceMenuUtilities",
  "ModVersion":"1.1.0",
  "Mustache":"/Game/Dev/Phenotypes/Mustache/HP_Imperial_MS_Medium.HP_Imperial_MS_Medium",
  "Author":"Bethesda",
  "Body":"SkeletalMesh /Game/Art/Character/Imperial/SK_Imperial_Body_m.SK_Imperial_Body_m",
  "SenescenceLevel":3,
  "FaceMorphValuesMap":{
    "Nose Nostrils Thin / Wide":-0.039632387459278,
    "Forehead / Sellion / Nose Ratio":-0.50033313035965,
    "Cheekbones Thin / Wide":0.17224299907684,
    "Forehead Small / Large":-0.46702098846436,
    "Chin Recessed / Pronounced":0.02339500002563,
    "Brow / Nose / Chin Ratio":0.0,
    "Jaw Thin / Wide":0.24228993058205,
    "Cheeks Gaunt / Round":-0.2588974237442,
    "Chin Backward / Forward":0.26881098747253,
    "Chin Thin / Wide":-0.099866762757301,
    "Forehead Short / Tall":-0.094479061663151,
    "Face Thin / Wide":0.23999999463558,
    "Brow Ridge Inner Down / Up":-0.34870898723602,
    "Mouth Underbite / Overbite":-0.082232050597668,
    "Mouth Low / High":0.0038427233230323,
    "Vampire":0.0,
    "Face Gaunt / Round":0.098740689456463,
    "Eyes Small / Large":-0.49506399035454,
    "Mouth Drawn / Pursed":-0.19671885669231,
    "Chin Retracted / Jutting":0.18624100089073,
    "Nose Tilt Down / Up":-0.40000000596046,
    "Mouth Small / Large":-0.085106000304222,
    "Nose Short / Long":0.0,
    "Nose Bridge Shallow / Deep":-0.19783300161362,
    "Nose Sellion Thin / Wide":0.62000000476837,
    "Mouth Retracted / Protruding":-0.37558472156525,
    "Nose Sellion Shallow / Deep":0.0,
    "Jaw Retracted / Jutting":-0.49609351158142,
    "Nose Sellion Down / Up":0.1301861256361,
    "Eyes Inward / Outward":0.50885653495789,
    "Nose Region Concave / Convex":0.00043143035145476,
    "Brow Ridge Outer Down / Up":-0.024617338553071,
    "Nose Nostrils Small / Large":0.31602001190186,
    "Eyes Apart / Together":0.66812497377396,
    "Nose Nostrils Tilt Down / Up":0.57679480314255,
    "Nose Flat / Pointed":0.056266602128744,
    "Mouth Tilt Down / Up":0.72172504663467,
    "Jaw Concave / Convex":0.072611510753632,
    "Mouth Sad / Happy":0.10527072101831,
    "Cheekbones Shallow / Pronounced":0.018271341919899,
    "Face Light / Heavy":0.027736000716686,
    "Nose Down / Up":0.17456637322903,
    "Chin Short / Tall":0.25869271159172,
    "Eyes Down / Up":0.21663431823254,
    "Cheeks Concave / Convex":0.27597099542618,
    "Nose Bridge Short / Long":0.3957114815712,
    "Mouth Chin Short / Long":-0.12472697347403,
    "Nose Sellion Lower Shallow / Deep":0.15999999642372,
    "Mouth Retracted / Puckered":-0.21358914673328,
    "Hair Length":0.0,
    "Mouth Deflated / Inflated":-0.30111190676689,
    "Chin Shallow / Deep":0.30416995286942,
    "Jaw Neck Slope Low / High":0.50774598121643,
    "Brow Ridge Low / High":-0.45036700367928,
    "Cheekbones Low / High":-0.068101294338703,
    "Forehead Back / Forward":-0.2285054475069,
    "Chin Small / Large":-0.4503338932991
  },
  "Hair":"/Game/Dev/Phenotypes/Hair/HP_Human_HR_MessyBalding.HP_Human_HR_MessyBalding",
  "FaceBaseMesh":"/Game/Art/Character/Imperial/SK_Imperial_Head_m.SK_Imperial_Head_m",
  "APIVersion":"v2",
  "Beard":"/Game/Dev/Phenotypes/Beard/HP_New_ChinGoatee.HP_New_ChinGoatee",
  "Race":"TESRace /Game/Forms/actors/race/Imperial.Imperial",
  "SkinParametersMap":{
    "Complexion":0.0,
    "Eye Sockets Bruised/Bright":0.0,
    "Ombre Constrast":1.0,
    "Skin Tint Purple/Yellow":0.0,
    "Eye Sockets Dark/Light":0.0,
    "Root Redness":0.5,
    "Naso Small/Large":0.0,
    "Ombre Amount":1.0,
    "Eyebrows Redness Intensity":0.0,
    "Root Color":0.10000000149012,
    "Age":0.0,
    "Lipstick Dark Blue/Light Red":0.0,
    "Lipstick Dark Red/Light Blue":0.0,
    "Eye socket Bruised/Bright":0.15999999642372,
    "Freckles":0.93999999761581,
    "Eylids Light/Dark":0.0,
    "Eye Socket Dark/Light":-0.18000000715256,
    "Cheek Blush Light/Red":0.30000001192093,
    "Eyebrows Color Intensity":0.40000000596046,
    "Cheekbones Flushed/Pale":0.5799999833107,
    "Lipstick Amount":0.0,
    "Skin Tint Orange/Blue":0.0,
    "Eyelids Light/Dark":0.0,
    "Naso Labial Lines Light/Dark":0.0,
    "Tip Redness":1.0,
    "Eyeshadow Light/Dark":0.0,
    "Eyelids Pale/Red":0.0,
    "Tip Color":0.18000000715256,
    "Lips Flushed/Pale":0.0,
    "Eyeliner Light/Dark":0.0,
    "Salt And Pepper":0.0,
    "Skin Dark/Light":0.0
  }
}