{
  "Race":"TESRace /Game/Forms/actors/race/Argonian.Argonian",
  "FaceBaseMesh":"/Game/Art/Character/Argonian/SK_Argonian_Head_m.SK_Argonian_Head_m",
  "Date":"2025-06-04 18:46:48",
  "HairColorsL":{
    "0":{
      "B":0.0,
      "G":0.0,
      "R":0.0,
      "A":1.0
    }
  },
  "SkinParametersMap":{
    "Eyeliner Light/Dark":0.0,
    "Eyelids Pale/Red":0.0,
    "Hair Desaturation for Argonian":0.0,
    "Complexion":-0.32958799600601,
    "Eye Socket Dark/Light":0.0,
    "Eye socket Bruised/Bright":0.014980999752879,
    "Eylids Light/Dark":-0.46441900730133
  },
  "Sex":0,
  "FaceMorphValuesMap":{
    "Hair Length":0.0,
    "Vampire":0.0,
    "Nose Sellion Down / Up":-0.22937107086182,
    "Forehead Back / Forward":-0.038325119763613,
    "Mouth Deflated / Inflated":-0.51771664619446,
    "Chin Backward / Forward":0.14893333613873,
    "Eyes Apart / Together":0.14124064147472,
    "Nose Tilt Down / Up":0.0,
    "Mouth Sad / Happy":-0.047260761260986,
    "Brow Ridge Outer Down / Up":0.033105134963989,
    "Nose Sellion Thin / Wide":0.0,
    "Nose Short / Long":0.0,
    "Nose Sellion Shallow / Deep":0.0,
    "Brow / Nose / Chin Ratio":-0.089675240218639,
    "Chin Small / Large":-0.071741782128811,
    "Nose Flat / Pointed":-0.24127684533596,
    "Jaw Thin / Wide":0.13121242821217,
    "Nose Nostrils Tilt Down / Up":0.085939936339855,
    "Eyes Inward / Outward":-0.16405001282692,
    "Cheekbones Shallow / Pronounced":-0.088163077831268,
    "Nose Nostrils Thin / Wide":-0.055484678596258,
    "Chin Shallow / Deep":-0.55226701498032,
    "Nose Down / Up":0.36825448274612,
    "Nose Bridge Short / Long":0.027813339605927,
    "Mouth Tilt Down / Up":0.085025787353516,
    "Chin Thin / Wide":-0.3468699157238,
    "Face Light / Heavy":-0.49352660775185,
    "Mouth Chin Short / Long":0.40484461188316,
    "Jaw Concave / Convex":-0.40081596374512,
    "Brow Ridge Low / High":0.2340040653944,
    "Chin Recessed / Pronounced":-0.17912183701992,
    "Cheeks Gaunt / Round":0.28354001045227,
    "Face Thin / Wide":0.077595949172974,
    "Eyes Down / Up":0.22983928024769,
    "Jaw Retracted / Jutting":-0.13941836357117,
    "Chin Short / Tall":-0.31251212954521,
    "Jaw Neck Slope Low / High":0.1860406845808,
    "Nose Bridge Shallow / Deep":-0.088010214269161,
    "Mouth Retracted / Protruding":-0.2157110273838,
    "Cheekbones Thin / Wide":0.042411543428898,
    "Mouth Low / High":-0.32077059149742,
    "Mouth Retracted / Puckered":0.24733486771584,
    "Mouth Small / Large":0.48251685500145,
    "Forehead Short / Tall":0.013494396582246,
    "Nose Nostrils Small / Large":0.060375977307558,
    "Chin Retracted / Jutting":-0.447509765625,
    "Forehead Small / Large":0.2165789604187,
    "Cheekbones Low / High":-0.27148124575615,
    "Eyes Small / Large":0.17764973640442,
    "Cheeks Concave / Convex":0.21455991268158,
    "Brow Ridge Inner Down / Up":0.35206714272499,
    "Nose Sellion Lower Shallow / Deep":0.0,
    "Face Gaunt / Round":0.026533365249634,
    "Mouth Underbite / Overbite":0.17954504489899,
    "Nose Region Concave / Convex":0.17445221543312,
    "Forehead / Sellion / Nose Ratio":-0.13766458630562,
    "Mouth Drawn / Pursed":-0.23322632908821
  },
  "Author":"Bethesda",
  "SkinColorsMapL":{
    "Color 1":{
      "B":0.26225066184998,
      "G":0.24620132148266,
      "R":0.53947949409485,
      "A":1.0
    },
    "Color 2":{
      "B":0.0,
      "G":0.038204371929169,
      "R":1.0,
      "A":1.0
    },
    "Color 3":{
      "B":0.05281599983573,
      "G":0.10332400351763,
      "R":0.39930498600006,
      "A":1.0
    },
    "Eyeliner Tone":{
      "B":1.0,
      "G":1.0,
      "R":1.0,
      "A":1.0
    }
  },
  "ModVersion":"1.1.0",
  "Body":"SkeletalMesh /Game/Art/Character/Imperial/SK_Imperial_Body_m.SK_Imperial_Body_m",
  "Description":"saved from in-game",
  "SenescenceLevel":3,
  "APIVersion":"v2",
  "ModCreator":"animandan",
  "ModName":"RaceMenuUtilities",
  "Hair":"/Game/Dev/Phenotypes/Hair/HP_Argonian_HR_Ridge.HP_Argonian_HR_Ridge",
  "Name":"BP_AhMalz_C"
}