{
  "Race":"TESRace /Game/Forms/actors/race/Nord.Nord",
  "FaceBaseMesh":"/Game/Art/Character/Nord/SK_Nord_Head_f.SK_Nord_Head_f",
  "Date":"2025-06-04 18:54:41",
  "HairColorsL":{
    "0":{
      "B":0.024157632142305,
      "G":0.13563333451748,
      "R":0.38642942905426,
      "A":1.0
    }
  },
  "SkinParametersMap":{
    "Cheekbones Flushed/Pale":0.47940099239349,
    "Eyelids Pale/Red":0.0,
    "Freckles":0.55056202411652,
    "Eyebrows Redness Intensity":0.0,
    "Lipstick Amount":0.0,
    "Ombre Amount":0.0,
    "Root Color":0.0,
    "Cheek Blush Light/Red":0.50561797618866,
    "Root Redness":0.0,
    "Tip Color":0.0,
    "Eye socket Bruised/Bright":0.0,
    "Complexion":0.0,
    "Salt And Pepper":0.0,
    "Eyebrows Color Intensity":0.62921297550201,
    "Tip Redness":0.0,
    "Ombre Constrast":0.0
  },
  "Sex":1,
  "FaceMorphValuesMap":{
    "Hair Length":0.0,
    "Vampire":0.0,
    "Nose Sellion Down / Up":0.0,
    "Forehead Back / Forward":0.0,
    "Mouth Deflated / Inflated":-0.41842299699783,
    "Chin Backward / Forward":0.12488534301519,
    "Eyes Apart / Together":0.19568000733852,
    "Nose Tilt Down / Up":0.079998999834061,
    "Mouth Sad / Happy":0.77502697706223,
    "Brow Ridge Outer Down / Up":0.0,
    "Nose Sellion Thin / Wide":-0.36000001430511,
    "Nose Short / Long":0.0,
    "Nose Sellion Shallow / Deep":0.0,
    "Brow / Nose / Chin Ratio":-0.18893100321293,
    "Chin Small / Large":0.005307000130415,
    "Nose Flat / Pointed":0.0,
    "Jaw Thin / Wide":-0.094889998435974,
    "Nose Nostrils Tilt Down / Up":-0.68000000715256,
    "Eyes Inward / Outward":-0.040001001209021,
    "Cheekbones Shallow / Pronounced":0.32610601186752,
    "Nose Nostrils Thin / Wide":0.059999998658895,
    "Chin Shallow / Deep":-0.52013498544693,
    "Nose Down / Up":-0.40000000596046,
    "Nose Bridge Short / Long":0.0,
    "Mouth Tilt Down / Up":0.08084300160408,
    "Chin Thin / Wide":0.41987198591232,
    "Face Light / Heavy":-0.17699900269508,
    "Mouth Chin Short / Long":0.079999998211861,
    "Jaw Concave / Convex":0.29469600319862,
    "Brow Ridge Low / High":0.0,
    "Chin Recessed / Pronounced":0.13146331906319,
    "Cheeks Gaunt / Round":-0.020902000367641,
    "Face Thin / Wide":-0.45789700746536,
    "Eyes Down / Up":-0.21526500582695,
    "Jaw Retracted / Jutting":0.11185675114393,
    "Chin Short / Tall":0.29110398888588,
    "Jaw Neck Slope Low / High":-0.052868999540806,
    "Nose Bridge Shallow / Deep":0.0,
    "Mouth Retracted / Protruding":-0.16086199879646,
    "Cheekbones Thin / Wide":-0.16532799601555,
    "Mouth Low / High":-0.13097800314426,
    "Mouth Retracted / Puckered":-0.28508698940277,
    "Mouth Small / Large":-0.23696437478065,
    "Forehead Short / Tall":0.0,
    "Nose Nostrils Small / Large":0.079999998211861,
    "Chin Retracted / Jutting":-0.14750383794308,
    "Forehead Small / Large":0.0,
    "Cheekbones Low / High":0.32088300585747,
    "Eyes Small / Large":-0.39035201072693,
    "Cheeks Concave / Convex":0.26540398597717,
    "Brow Ridge Inner Down / Up":0.0,
    "Nose Sellion Lower Shallow / Deep":0.0,
    "Face Gaunt / Round":-0.043777000159025,
    "Mouth Underbite / Overbite":0.4488619863987,
    "Nose Region Concave / Convex":0.0,
    "Forehead / Sellion / Nose Ratio":-0.08330699801445,
    "Mouth Drawn / Pursed":-0.14488676190376
  },
  "Author":"Bethesda",
  "SkinColorsMapL":{
    "Lipstick Color":{
      "B":0.0097212167456746,
      "G":0.0009105809731409,
      "R":0.093058958649635,
      "A":1.0
    },
    "Skin Tone":{
      "B":1.0,
      "G":1.0,
      "R":1.0,
      "A":1.0
    },
    "Root DyeColor":{
      "B":0.030767999589443,
      "G":0.21932999789715,
      "R":0.40277698636055,
      "A":1.0
    },
    "Tip DyeColor":{
      "B":0.13923799991608,
      "G":0.40418300032616,
      "R":0.65625,
      "A":1.0
    },
    "Eyeliner Tone":{
      "B":0.29166701436043,
      "G":0.29166701436043,
      "R":0.29166701436043,
      "A":1.0
    }
  },
  "ModVersion":"1.1.0",
  "EyeMaterial":"/Game/Art/Character/Modular/Eyes_Human/MIC_Human_Eyes_Brown2.MIC_Human_Eyes_Brown2",
  "Body":"SkeletalMesh /Game/Art/Character/Imperial/SK_Imperial_Body_m.SK_Imperial_Body_m",
  "Description":"saved from in-game",
  "SenescenceLevel":2,
  "APIVersion":"v2",
  "ModCreator":"animandan",
  "ModName":"RaceMenuUtilities",
  "Hair":"/Game/Dev/Phenotypes/Hair/HP_Imperial_HR_Coil.HP_Imperial_HR_Coil",
  "Name":"BP_Agata_C"
}