{
  "APIVersion":"v2",
  "SkinParametersMap":{
    "Lipstick Amount":0.0,
    "Freckles":0.0,
    "Eye socket Bruised/Bright":0.0,
    "Tip Color":0.34456899762154,
    "Root Redness":1.0,
    "Eyebrows Redness Intensity":0.0,
    "Ombre Constrast":0.0,
    "Eyelids Pale/Red":0.0,
    "Root Color":0.46441999077797,
    "Cheek Blush Light/Red":0.47940099239349,
    "Eyebrows Color Intensity":0.0,
    "Ombre Amount":0.0,
    "Tip Redness":1.0,
    "Cheekbones Flushed/Pale":0.83520597219467,
    "Complexion":0.14981299638748,
    "Salt And Pepper":0.0
  },
  "Author":"Bethesda",
  "Race":"TESRace /Game/Forms/actors/race/HighElf.HighElf",
  "HairColorsL":{
    "0":{
      "R":0.22395800054073,
      "G":0.1452250033617,
      "B":0.08398400247097,
      "A":1.0
    }
  },
  "Body":"SkeletalMesh /Game/Art/Character/Imperial/SK_Imperial_Body_m.SK_Imperial_Body_m",
  "Date":"2025-06-04 19:27:52",
  "SkinColorsMapL":{
    "Root DyeColor":{
      "R":1.0,
      "G":1.0,
      "B":1.0,
      "A":1.0
    },
    "Lipstick Color":{
      "R":0.093058958649635,
      "G":0.0009105809731409,
      "B":0.0097212167456746,
      "A":1.0
    },
    "Tip DyeColor":{
      "R":1.0,
      "G":1.0,
      "B":1.0,
      "A":1.0
    },
    "Skin Tone":{
      "R":1.0,
      "G":1.0,
      "B":1.0,
      "A":1.0
    },
    "Eyeliner Tone":{
      "R":1.0,
      "G":1.0,
      "B":1.0,
      "A":1.0
    }
  },
  "ModCreator":"animandan",
  "Sex":1,
  "ModName":"RaceMenuUtilities",
  "EyeMaterial":"/Game/Art/Character/Modular/Eyes_HighElf/MIC_HighElf_Eyes_Darkbrown.MIC_HighElf_Eyes_Darkbrown",
  "ModVersion":"1.1.0",
  "FaceBaseMesh":"/Game/Art/Character/HighElf/SK_HighElf_Head_f.SK_HighElf_Head_f",
  "Hair":"/Game/Dev/Phenotypes/Hair/HP_Elf_HR_Braid.HP_Elf_HR_Braid",
  "Description":"saved from in-game",
  "SenescenceLevel":6,
  "FaceMorphValuesMap":{
    "Face Gaunt / Round":0.12503500282764,
    "Nose Short / Long":0.0,
    "Nose Tilt Down / Up":0.30561798810959,
    "Mouth Sad / Happy":0.14650200307369,
    "Mouth Retracted / Protruding":-0.0031362057197839,
    "Chin Short / Tall":0.45072600245476,
    "Cheekbones Low / High":0.52332597970963,
    "Nose Nostrils Tilt Down / Up":-0.074017003178596,
    "Mouth Deflated / Inflated":-0.40340301394463,
    "Hair Length":0.0,
    "Nose Sellion Shallow / Deep":0.0,
    "Chin Shallow / Deep":-0.4950650036335,
    "Jaw Concave / Convex":0.56577897071838,
    "Brow Ridge Low / High":-0.013830999843776,
    "Chin Recessed / Pronounced":-0.39311099052429,
    "Mouth Tilt Down / Up":-0.67472898960114,
    "Nose Sellion Thin / Wide":-0.215729996562,
    "Cheeks Gaunt / Round":0.2926450073719,
    "Nose Sellion Lower Shallow / Deep":0.0,
    "Nose Sellion Down / Up":0.11910100281239,
    "Cheeks Concave / Convex":0.067951999604702,
    "Nose Region Concave / Convex":-0.48539298772812,
    "Eyes Inward / Outward":0.49427598714828,
    "Nose Nostrils Thin / Wide":-0.40896201133728,
    "Brow Ridge Inner Down / Up":0.77618002891541,
    "Eyes Apart / Together":0.91997802257538,
    "Mouth Underbite / Overbite":-0.20715799927711,
    "Chin Retracted / Jutting":-0.28457298874855,
    "Brow / Nose / Chin Ratio":-0.037408638745546,
    "Nose Bridge Short / Long":0.17785799503326,
    "Mouth Low / High":0.18042600154877,
    "Forehead Small / Large":-0.19867600500584,
    "Nose Bridge Shallow / Deep":-0.11210799962282,
    "Eyes Small / Large":-0.62060898542404,
    "Forehead / Sellion / Nose Ratio":0.44248199462891,
    "Mouth Chin Short / Long":-0.03821400180459,
    "Forehead Short / Tall":-0.17585042119026,
    "Eyes Down / Up":0.11808352917433,
    "Vampire":0.0,
    "Mouth Retracted / Puckered":-0.13267709314823,
    "Jaw Retracted / Jutting":0.03454551845789,
    "Mouth Drawn / Pursed":0.19543167948723,
    "Cheekbones Thin / Wide":-0.39868399500847,
    "Nose Down / Up":-0.085152000188828,
    "Jaw Neck Slope Low / High":-0.042213853448629,
    "Chin Thin / Wide":0.45681983232498,
    "Cheekbones Shallow / Pronounced":0.01203600037843,
    "Nose Nostrils Small / Large":-0.099165096879005,
    "Nose Flat / Pointed":-0.29524698853493,
    "Face Thin / Wide":-0.22662700712681,
    "Chin Backward / Forward":-0.12260200083256,
    "Face Light / Heavy":0.45865499973297,
    "Mouth Small / Large":0.71708500385284,
    "Forehead Back / Forward":0.030976245179772,
    "Jaw Thin / Wide":0.075258001685143,
    "Brow Ridge Outer Down / Up":-1.0,
    "Chin Small / Large":-0.026761388406157
  },
  "Name":"BP_Aurelinwae_C"
}