{
  "Race":"TESRace /Game/Forms/actors/race/Imperial.Imperial",
  "FaceBaseMesh":"/Game/Art/Character/Imperial/SK_Imperial_Head_m.SK_Imperial_Head_m",
  "Date":"2025-06-04 18:41:27",
  "HairColorsL":{
    "0":{
      "B":0.08398400247097,
      "G":0.1452250033617,
      "R":0.22395800054073,
      "A":1.0
    }
  },
  "SkinParametersMap":{
    "Cheekbones Flushed/Pale":0.0,
    "Eyelids Pale/Red":0.0,
    "Eyebrows Redness Intensity":0.0,
    "Lipstick Dark Red/Light Blue":-0.0,
    "Cheek Blush Light/Red":0.0,
    "Eye Sockets Bruised/Bright":0.0,
    "Eyelids Light/Dark":0.21999999880791,
    "Eyeshadow Light/Dark":0.37999999523163,
    "Complexion":0.41999998688698,
    "Salt And Pepper":0.0,
    "Lips Flushed/Pale":0.62000000476837,
    "Eye Sockets Dark/Light":-0.15999999642372,
    "Lipstick Amount":0.0,
    "Freckles":0.0,
    "Eye socket Bruised/Bright":0.0,
    "Naso Small/Large":0.0,
    "Ombre Amount":0.0,
    "Root Color":0.0,
    "Ombre Constrast":0.0,
    "Root Redness":0.0,
    "Tip Color":0.0,
    "Eyebrows Color Intensity":0.0,
    "Naso Labial Lines Light/Dark":0.0,
    "Lipstick Dark Blue/Light Red":-0.059999998658895,
    "Eyeliner Light/Dark":0.0,
    "Tip Redness":0.0,
    "Age":0.0
  },
  "Sex":0,
  "FaceMorphValuesMap":{
    "Hair Length":0.0,
    "Vampire":0.0,
    "Nose Sellion Down / Up":-0.15232674777508,
    "Forehead Back / Forward":0.019999999552965,
    "Mouth Deflated / Inflated":0.0,
    "Chin Backward / Forward":0.25999999046326,
    "Eyes Apart / Together":0.27393800020218,
    "Nose Tilt Down / Up":0.0,
    "Mouth Sad / Happy":-0.051247771829367,
    "Brow Ridge Outer Down / Up":0.64548802375793,
    "Nose Sellion Thin / Wide":0.54000002145767,
    "Nose Short / Long":0.56000000238419,
    "Nose Sellion Shallow / Deep":0.0,
    "Brow / Nose / Chin Ratio":-0.20266200602055,
    "Chin Small / Large":0.0,
    "Nose Flat / Pointed":-0.083227105438709,
    "Jaw Thin / Wide":-0.66000002622604,
    "Nose Nostrils Tilt Down / Up":0.34879100322723,
    "Eyes Inward / Outward":-0.03999999910593,
    "Cheekbones Shallow / Pronounced":0.34000000357628,
    "Nose Nostrils Thin / Wide":0.10410399734974,
    "Chin Shallow / Deep":0.0,
    "Nose Down / Up":-0.62000000476837,
    "Nose Bridge Short / Long":0.56000000238419,
    "Mouth Tilt Down / Up":-0.39371299743652,
    "Chin Thin / Wide":0.0,
    "Face Light / Heavy":0.87999999523163,
    "Mouth Chin Short / Long":-0.17230115830898,
    "Jaw Concave / Convex":1.0,
    "Brow Ridge Low / High":-0.46000099182129,
    "Chin Recessed / Pronounced":0.0,
    "Cheeks Gaunt / Round":0.079999998211861,
    "Face Thin / Wide":0.87999999523163,
    "Eyes Down / Up":-0.78439098596573,
    "Jaw Retracted / Jutting":0.18443040549755,
    "Chin Short / Tall":0.0,
    "Jaw Neck Slope Low / High":0.084839999675751,
    "Nose Bridge Shallow / Deep":-0.12341421842575,
    "Mouth Retracted / Protruding":0.13738708198071,
    "Cheekbones Thin / Wide":0.072939001023769,
    "Mouth Low / High":-0.39802399277687,
    "Mouth Retracted / Puckered":0.21367727220058,
    "Mouth Small / Large":0.87999999523163,
    "Forehead Short / Tall":-0.093125998973846,
    "Nose Nostrils Small / Large":0.61052399873734,
    "Chin Retracted / Jutting":0.34000000357628,
    "Forehead Small / Large":-0.30000001192093,
    "Cheekbones Low / High":0.0,
    "Eyes Small / Large":-0.0024880000855774,
    "Cheeks Concave / Convex":0.37999999523163,
    "Brow Ridge Inner Down / Up":-0.6066489815712,
    "Nose Sellion Lower Shallow / Deep":0.0,
    "Face Gaunt / Round":0.059999000281096,
    "Mouth Underbite / Overbite":0.10983264446259,
    "Nose Region Concave / Convex":0.22957007586956,
    "Forehead / Sellion / Nose Ratio":-0.41999900341034,
    "Mouth Drawn / Pursed":0.72000002861023
  },
  "Author":"Bethesda",
  "SkinColorsMapL":{
    "Lipstick Color":{
      "B":0.0097212167456746,
      "G":0.0009105809731409,
      "R":0.093058958649635,
      "A":1.0
    },
    "Tip DyeColor":{
      "B":0.0056050000712276,
      "G":0.034340001642704,
      "R":0.10702300071716,
      "A":1.0
    },
    "Root DyeColor":{
      "B":0.0,
      "G":0.0012140000471845,
      "R":0.0047769998200238,
      "A":1.0
    },
    "Skin Tone":{
      "B":1.0,
      "G":1.0,
      "R":1.0,
      "A":1.0
    },
    "Eyeliner Tone":{
      "B":1.0,
      "G":1.0,
      "R":1.0,
      "A":1.0
    }
  },
  "ModVersion":"1.1.0",
  "EyeMaterial":"/Game/Art/Character/Modular/Eyes_Human/MIC_Human_Eyes_Red1.MIC_Human_Eyes_Red1",
  "Body":"SkeletalMesh /Game/Art/Character/Imperial/SK_Imperial_Body_m.SK_Imperial_Body_m",
  "Description":"saved from in-game",
  "SenescenceLevel":2,
  "APIVersion":"v2",
  "ModCreator":"animandan",
  "ModName":"RaceMenuUtilities",
  "Hair":"/Game/Dev/Phenotypes/Hair/HP_Human_HR_MessyBalding.HP_Human_HR_MessyBalding",
  "Name":"BP_AudensAvidius_C"
}