{
  "Race":"TESRace /Game/Forms/actors/race/Imperial.Imperial",
  "FaceBaseMesh":"/Game/Art/Character/Imperial/SK_Imperial_Head_m.SK_Imperial_Head_m",
  "Date":"2025-06-04 18:49:41",
  "HairColorsL":[],
  "SkinParametersMap":{
    "Eyelids Pale/Red":0.0,
    "Naso Small/Large":0.0,
    "Age":0.0,
    "Lipstick Dark Blue/Light Red":0.0,
    "Eye Sockets Bruised/Bright":0.0,
    "Eyelids Light/Dark":0.0,
    "Eyeshadow Light/Dark":0.0,
    "Lipstick Dark Red/Light Blue":0.0,
    "Complexion":0.34000000357628,
    "Eyeliner Light/Dark":0.0,
    "Naso Labial Lines Light/Dark":0.0,
    "Lips Flushed/Pale":0.0,
    "Eye Sockets Dark/Light":0.0
  },
  "Sex":0,
  "FaceMorphValuesMap":{
    "Hair Length":0.0,
    "Vampire":0.0,
    "Nose Sellion Down / Up":0.67174971103668,
    "Forehead Back / Forward":0.014732646755874,
    "Mouth Deflated / Inflated":-0.23999999463558,
    "Chin Backward / Forward":0.12922316789627,
    "Eyes Apart / Together":0.67432397603989,
    "Nose Tilt Down / Up":-0.65999901294708,
    "Mouth Sad / Happy":-0.47984299063683,
    "Brow Ridge Outer Down / Up":0.41867101192474,
    "Nose Sellion Thin / Wide":0.0,
    "Nose Short / Long":0.0,
    "Nose Sellion Shallow / Deep":0.0,
    "Brow / Nose / Chin Ratio":0.22325399518013,
    "Chin Small / Large":0.21999999880791,
    "Nose Flat / Pointed":0.45999899506569,
    "Jaw Thin / Wide":-0.13072800636292,
    "Nose Nostrils Tilt Down / Up":0.027709973976016,
    "Eyes Inward / Outward":0.20188200473785,
    "Cheekbones Shallow / Pronounced":0.2690335214138,
    "Nose Nostrils Thin / Wide":0.019999999552965,
    "Chin Shallow / Deep":0.15134674310684,
    "Nose Down / Up":-0.30457171797752,
    "Nose Bridge Short / Long":-0.12000100314617,
    "Mouth Tilt Down / Up":0.065976999700069,
    "Chin Thin / Wide":-0.14357599616051,
    "Face Light / Heavy":-0.3250490128994,
    "Mouth Chin Short / Long":0.092272996902466,
    "Jaw Concave / Convex":0.44852295517921,
    "Brow Ridge Low / High":-0.57296270132065,
    "Chin Recessed / Pronounced":0.17563459277153,
    "Cheeks Gaunt / Round":0.18254268169403,
    "Face Thin / Wide":0.049862001091242,
    "Eyes Down / Up":-0.064356051385403,
    "Jaw Retracted / Jutting":0.067760996520519,
    "Chin Short / Tall":-0.016470456495881,
    "Jaw Neck Slope Low / High":-0.078393831849098,
    "Nose Bridge Shallow / Deep":0.38616999983788,
    "Mouth Retracted / Protruding":0.17380400002003,
    "Cheekbones Thin / Wide":0.14231300354004,
    "Mouth Low / High":0.18241900205612,
    "Mouth Retracted / Puckered":0.10876999795437,
    "Mouth Small / Large":0.29146200418472,
    "Forehead Short / Tall":0.016592999920249,
    "Nose Nostrils Small / Large":0.50007677078247,
    "Chin Retracted / Jutting":0.19754900038242,
    "Forehead Small / Large":0.03999900072813,
    "Cheekbones Low / High":-0.44439774751663,
    "Eyes Small / Large":-0.3700749874115,
    "Cheeks Concave / Convex":-0.12956576049328,
    "Brow Ridge Inner Down / Up":-1.0,
    "Nose Sellion Lower Shallow / Deep":0.0,
    "Face Gaunt / Round":-0.15947200357914,
    "Mouth Underbite / Overbite":-0.23999999463558,
    "Nose Region Concave / Convex":-0.034294940531254,
    "Forehead / Sellion / Nose Ratio":0.26104244589806,
    "Mouth Drawn / Pursed":-0.085380002856255
  },
  "Author":"Bethesda",
  "SkinColorsMapL":[],
  "ModVersion":"1.1.0",
  "Body":"SkeletalMesh /Game/Art/Character/Imperial/SK_Imperial_Body_m.SK_Imperial_Body_m",
  "Description":"saved from in-game",
  "SenescenceLevel":8,
  "APIVersion":"v2",
  "ModCreator":"animandan",
  "ModName":"RaceMenuUtilities",
  "Hair":"/Game/Dev/Phenotypes/Hair/HP_HR_Loose.HP_HR_Loose",
  "Name":"BP_ArenaRank0B_C"
}