{
  "Race":"TESRace /Game/Forms/actors/race/Breton.Breton",
  "FaceBaseMesh":"/Game/Art/Character/Breton/SK_Breton_Head_m.SK_Breton_Head_m",
  "Date":"2025-06-04 18:44:10",
  "HairColorsL":{
    "0":{
      "B":0.0018210000125691,
      "G":0.0018210000125691,
      "R":0.0051819998770952,
      "A":1.0
    }
  },
  "SkinParametersMap":{
    "Cheekbones Flushed/Pale":0.37999999523163,
    "Eyelids Pale/Red":0.0,
    "Skin Tint Purple/Yellow":0.11999999731779,
    "Lipstick Amount":0.0099999997764826,
    "Cheek Blush Light/Red":0.0,
    "Skin Dark/Light":0.15999999642372,
    "Complexion":0.5,
    "Salt And Pepper":0.0,
    "Eye Socket Dark/Light":0.0,
    "Eylids Light/Dark":0.0,
    "Ombre Amount":1.0,
    "Freckles":0.36000001430511,
    "Root Color":0.014980999752879,
    "Ombre Constrast":1.0,
    "Eyeliner Light/Dark":0.0,
    "Tip Color":0.3899630010128,
    "Eyebrows Redness Intensity":0.0,
    "Root Redness":1.0,
    "Skin Tint Orange/Blue":0.0,
    "Eye socket Bruised/Bright":0.0,
    "Tip Redness":1.0,
    "Eyebrows Color Intensity":0.0
  },
  "Sex":0,
  "FaceMorphValuesMap":{
    "Hair Length":0.0,
    "Vampire":0.0,
    "Nose Sellion Down / Up":0.0,
    "Forehead Back / Forward":0.032246999442577,
    "Mouth Deflated / Inflated":0.0,
    "Chin Backward / Forward":-0.31999999284744,
    "Eyes Apart / Together":0.18000000715256,
    "Nose Tilt Down / Up":0.0,
    "Mouth Sad / Happy":0.5,
    "Brow Ridge Outer Down / Up":0.0,
    "Nose Sellion Thin / Wide":0.0,
    "Nose Short / Long":0.0,
    "Nose Sellion Shallow / Deep":0.69999998807907,
    "Brow / Nose / Chin Ratio":-0.449353992939,
    "Chin Small / Large":0.18000000715256,
    "Nose Flat / Pointed":0.0,
    "Jaw Thin / Wide":-0.10000000149012,
    "Nose Nostrils Tilt Down / Up":-0.20000000298023,
    "Eyes Inward / Outward":0.14989000558853,
    "Cheekbones Shallow / Pronounced":0.21999999880791,
    "Nose Nostrils Thin / Wide":0.66000002622604,
    "Chin Shallow / Deep":0.0,
    "Nose Down / Up":0.0,
    "Nose Bridge Short / Long":0.0,
    "Mouth Tilt Down / Up":-0.36000001430511,
    "Chin Thin / Wide":0.51999998092651,
    "Face Light / Heavy":-0.11408600211143,
    "Mouth Chin Short / Long":0.0,
    "Jaw Concave / Convex":0.5799999833107,
    "Brow Ridge Low / High":0.19543099403381,
    "Chin Recessed / Pronounced":0.0,
    "Cheeks Gaunt / Round":0.51866501569748,
    "Face Thin / Wide":-0.34000000357628,
    "Eyes Down / Up":0.0048940000124276,
    "Jaw Retracted / Jutting":-0.32931798696518,
    "Chin Short / Tall":0.0,
    "Jaw Neck Slope Low / High":0.0,
    "Nose Bridge Shallow / Deep":0.0,
    "Mouth Retracted / Protruding":0.0,
    "Cheekbones Thin / Wide":0.0,
    "Mouth Low / High":0.0,
    "Mouth Retracted / Puckered":0.0,
    "Mouth Small / Large":0.72000002861023,
    "Forehead Short / Tall":-0.096685081720352,
    "Nose Nostrils Small / Large":0.23999999463558,
    "Chin Retracted / Jutting":0.0,
    "Forehead Small / Large":0.72000002861023,
    "Cheekbones Low / High":0.36000001430511,
    "Eyes Small / Large":0.0,
    "Cheeks Concave / Convex":0.15090799331665,
    "Brow Ridge Inner Down / Up":-0.03999999910593,
    "Nose Sellion Lower Shallow / Deep":0.0,
    "Face Gaunt / Round":0.15999999642372,
    "Mouth Underbite / Overbite":0.0,
    "Nose Region Concave / Convex":0.0,
    "Forehead / Sellion / Nose Ratio":-0.075253002345562,
    "Mouth Drawn / Pursed":0.0
  },
  "Author":"Bethesda",
  "SkinColorsMapL":{
    "Lipstick Color":{
      "B":0.017641954123974,
      "G":0.052860647439957,
      "R":0.45078578591347,
      "A":1.0
    },
    "Tip DyeColor":{
      "B":0.0,
      "G":0.058306001126766,
      "R":0.17464700341225,
      "A":1.0
    },
    "Root DyeColor":{
      "B":0.0,
      "G":0.0,
      "R":0.0,
      "A":1.0
    },
    "Eyeliner Tone":{
      "B":1.0,
      "G":1.0,
      "R":1.0,
      "A":1.0
    },
    "Skin Tone":{
      "B":1.0,
      "G":1.0,
      "R":1.0,
      "A":1.0
    }
  },
  "ModVersion":"1.1.0",
  "EyeMaterial":"/Game/Art/Character/Modular/Eyes_Human/MIC_Human_Eyes_Green2.MIC_Human_Eyes_Green2",
  "Body":"SkeletalMesh /Game/Art/Character/Imperial/SK_Imperial_Body_m.SK_Imperial_Body_m",
  "Description":"saved from in-game",
  "SenescenceLevel":6,
  "APIVersion":"v2",
  "ModCreator":"animandan",
  "ModName":"RaceMenuUtilities",
  "Hair":"/Game/Dev/Phenotypes/Hair/HP_HR_Loose.HP_HR_Loose",
  "Name":"BP_AmbroiseCanne_C"
}