{
  "ModName":"RaceMenuUtilities",
  "FaceBaseMesh":"/Game/Art/Character/Breton/SK_Breton_Head_f.SK_Breton_Head_f",
  "Author":"Bethesda",
  "Date":"2025-06-04 20:30:45",
  "SkinColorsMapL":{
    "Lipstick Color":{
      "A":1.0,
      "B":1.0,
      "G":1.0,
      "R":1.0
    },
    "Eyeliner Tone":{
      "A":1.0,
      "B":0.484375,
      "G":0.484375,
      "R":0.484375
    },
    "Root DyeColor":{
      "A":1.0,
      "B":0.0047769998200238,
      "G":0.012285999953747,
      "R":0.23839800059795
    },
    "Tip DyeColor":{
      "A":1.0,
      "B":0.0047769998200238,
      "G":0.012285999953747,
      "R":0.23839800059795
    },
    "Skin Tone":{
      "A":1.0,
      "B":1.0,
      "G":1.0,
      "R":1.0
    }
  },
  "APIVersion":"v2",
  "FaceMorphValuesMap":{
    "Eyes Small / Large":0.079999998211861,
    "Jaw Thin / Wide":0.37999999523163,
    "Brow Ridge Low / High":0.5,
    "Chin Retracted / Jutting":-0.34831801056862,
    "Face Thin / Wide":0.11457400023937,
    "Hair Length":0.0,
    "Chin Backward / Forward":-0.48174700140953,
    "Vampire":0.0,
    "Mouth Underbite / Overbite":0.0,
    "Eyes Inward / Outward":0.11999899893999,
    "Mouth Sad / Happy":0.46000000834465,
    "Jaw Retracted / Jutting":0.15936699509621,
    "Nose Flat / Pointed":-0.092444002628326,
    "Chin Recessed / Pronounced":-0.063965998589993,
    "Cheeks Gaunt / Round":-0.37859067320824,
    "Forehead Back / Forward":0.38766801357269,
    "Nose Sellion Down / Up":0.50812470912933,
    "Mouth Deflated / Inflated":0.0,
    "Mouth Small / Large":0.66000002622604,
    "Nose Tilt Down / Up":0.34000000357628,
    "Nose Short / Long":0.74000000953674,
    "Mouth Drawn / Pursed":0.0,
    "Chin Short / Tall":0.46000000834465,
    "Nose Sellion Thin / Wide":0.0,
    "Jaw Neck Slope Low / High":0.4620049893856,
    "Cheekbones Shallow / Pronounced":0.58681702613831,
    "Nose Sellion Shallow / Deep":0.0,
    "Mouth Tilt Down / Up":0.0,
    "Brow / Nose / Chin Ratio":-0.20854499936104,
    "Brow Ridge Outer Down / Up":-0.5,
    "Chin Small / Large":0.67071998119354,
    "Mouth Retracted / Puckered":0.0,
    "Chin Thin / Wide":0.83999997377396,
    "Nose Nostrils Tilt Down / Up":0.10261999815702,
    "Face Gaunt / Round":-0.078268997371197,
    "Cheekbones Thin / Wide":0.12716299295425,
    "Forehead / Sellion / Nose Ratio":0.52917897701263,
    "Cheekbones Low / High":-0.067167997360229,
    "Nose Bridge Short / Long":-0.17633600533009,
    "Forehead Short / Tall":-0.28000000119209,
    "Nose Bridge Shallow / Deep":-0.023329000920057,
    "Mouth Chin Short / Long":0.0,
    "Face Light / Heavy":0.34189900755882,
    "Nose Region Concave / Convex":0.59570610523224,
    "Mouth Retracted / Protruding":0.0,
    "Cheeks Concave / Convex":0.51305997371674,
    "Nose Nostrils Small / Large":0.2260469943285,
    "Jaw Concave / Convex":0.69999998807907,
    "Nose Down / Up":-0.10002099722624,
    "Mouth Low / High":0.0,
    "Eyes Down / Up":-0.05443299934268,
    "Chin Shallow / Deep":0.050303000956774,
    "Eyes Apart / Together":0.39485600590706,
    "Brow Ridge Inner Down / Up":0.5,
    "Nose Sellion Lower Shallow / Deep":0.0,
    "Nose Nostrils Thin / Wide":0.5842120051384,
    "Forehead Small / Large":0.031585998833179
  },
  "EyeMaterial":"/Game/Art/Character/Modular/Eyes_Human/MIC_Human_Eyes_Brown2.MIC_Human_Eyes_Brown2",
  "HairColorsL":{
    "0":{
      "A":1.0,
      "B":0.01161224488169,
      "G":0.054480277001858,
      "R":0.22322796285152
    }
  },
  "SkinParametersMap":{
    "Complexion":0.19999900460243,
    "Freckles":0.14000000059605,
    "Ombre Amount":0.03999999910593,
    "Root Redness":0.51999998092651,
    "Skin Tint Purple/Yellow":0.0,
    "Cheek Blush Light/Red":0.20000000298023,
    "Ombre Constrast":-0.11999999731779,
    "Tip Color":0.47999900579453,
    "Eye socket Bruised/Bright":0.0,
    "Lipstick Amount":0.0,
    "Eyebrows Color Intensity":0.019999999552965,
    "Skin Tint Orange/Blue":0.0,
    "Tip Redness":9.9999999747524e-07,
    "Root Color":1.0,
    "Skin Dark/Light":0.03999999910593,
    "Salt And Pepper":0.0,
    "Eyebrows Redness Intensity":0.10000000149012,
    "Eyeliner Light/Dark":0.54000002145767,
    "Eyelids Pale/Red":0.43999999761581,
    "Cheekbones Flushed/Pale":0.46000000834465,
    "Eye Socket Dark/Light":-0.0,
    "Eylids Light/Dark":0.0
  },
  "SenescenceLevel":0,
  "Sex":1,
  "Description":"saved from in-game",
  "ModCreator":"animandan",
  "ModVersion":"1.1.0",
  "Hair":"/Game/Dev/Phenotypes/Hair/HP_HR_MediumLength.HP_HR_MediumLength",
  "Name":"BP_ArielleJurard_C",
  "Race":"TESRace /Game/Forms/actors/race/Breton.Breton",
  "Body":"SkeletalMesh /Game/Art/Character/Imperial/SK_Imperial_Body_m.SK_Imperial_Body_m"
}