{
  "Race":"TESRace /Game/Forms/actors/race/HighElf.HighElf",
  "FaceBaseMesh":"/Game/Art/Character/HighElf/SK_HighElf_Head_f.SK_HighElf_Head_f",
  "Date":"2025-06-04 18:40:25",
  "HairColorsL":{
    "0":{
      "B":0.0060488330200315,
      "G":0.01032982300967,
      "R":0.021219009533525,
      "A":1.0
    }
  },
  "SkinParametersMap":{
    "Cheekbones Flushed/Pale":-0.019999999552965,
    "Eyelids Pale/Red":0.46000000834465,
    "Skin Tint Purple/Yellow":0.37999999523163,
    "Lipstick Amount":0.0099999997764826,
    "Cheek Blush Light/Red":-0.51999998092651,
    "Skin Dark/Light":0.11999999731779,
    "Complexion":0.37999999523163,
    "Salt And Pepper":0.0,
    "Eye Socket Dark/Light":-0.68000000715256,
    "Eylids Light/Dark":0.31999999284744,
    "Ombre Amount":1.0,
    "Freckles":0.74000000953674,
    "Root Color":0.10000000149012,
    "Ombre Constrast":1.0,
    "Eyeliner Light/Dark":0.56000000238419,
    "Tip Color":0.10000000149012,
    "Eyebrows Redness Intensity":-0.34000000357628,
    "Root Redness":0.5,
    "Skin Tint Orange/Blue":0.23999999463558,
    "Eye socket Bruised/Bright":-0.31999999284744,
    "Tip Redness":0.5,
    "Eyebrows Color Intensity":-0.14000000059605
  },
  "Sex":1,
  "FaceMorphValuesMap":{
    "Hair Length":0.0,
    "Vampire":0.0,
    "Nose Sellion Down / Up":0.14000000059605,
    "Forehead Back / Forward":0.0,
    "Mouth Deflated / Inflated":0.0,
    "Chin Backward / Forward":-0.47999998927116,
    "Eyes Apart / Together":0.95999997854233,
    "Nose Tilt Down / Up":0.079999998211861,
    "Mouth Sad / Happy":-0.21999999880791,
    "Brow Ridge Outer Down / Up":0.43999999761581,
    "Nose Sellion Thin / Wide":0.0,
    "Nose Short / Long":-0.019999999552965,
    "Nose Sellion Shallow / Deep":-0.14000000059605,
    "Brow / Nose / Chin Ratio":0.20000000298023,
    "Chin Small / Large":0.0,
    "Nose Flat / Pointed":0.43999999761581,
    "Jaw Thin / Wide":-0.31999999284744,
    "Nose Nostrils Tilt Down / Up":0.23999999463558,
    "Eyes Inward / Outward":-0.87999999523163,
    "Cheekbones Shallow / Pronounced":0.14000000059605,
    "Nose Nostrils Thin / Wide":-0.15999999642372,
    "Chin Shallow / Deep":0.0,
    "Nose Down / Up":0.21999900043011,
    "Nose Bridge Short / Long":0.0,
    "Mouth Tilt Down / Up":-0.23999999463558,
    "Chin Thin / Wide":0.47999998927116,
    "Face Light / Heavy":0.0,
    "Mouth Chin Short / Long":0.0,
    "Jaw Concave / Convex":0.079999998211861,
    "Brow Ridge Low / High":0.0,
    "Chin Recessed / Pronounced":0.0,
    "Cheeks Gaunt / Round":0.43999999761581,
    "Face Thin / Wide":0.0,
    "Eyes Down / Up":0.0,
    "Jaw Retracted / Jutting":-0.03999999910593,
    "Chin Short / Tall":-0.69999998807907,
    "Jaw Neck Slope Low / High":0.20000000298023,
    "Nose Bridge Shallow / Deep":0.14000000059605,
    "Mouth Retracted / Protruding":0.0,
    "Cheekbones Thin / Wide":-0.31999999284744,
    "Mouth Low / High":0.28000000119209,
    "Mouth Retracted / Puckered":0.20000000298023,
    "Mouth Small / Large":-0.46000000834465,
    "Forehead Short / Tall":0.0,
    "Nose Nostrils Small / Large":0.87999999523163,
    "Chin Retracted / Jutting":0.0,
    "Forehead Small / Large":-0.81999897956848,
    "Cheekbones Low / High":0.0,
    "Eyes Small / Large":0.0,
    "Cheeks Concave / Convex":0.0,
    "Brow Ridge Inner Down / Up":0.18000000715256,
    "Nose Sellion Lower Shallow / Deep":0.41999998688698,
    "Face Gaunt / Round":0.0,
    "Mouth Underbite / Overbite":0.0,
    "Nose Region Concave / Convex":-0.079998999834061,
    "Forehead / Sellion / Nose Ratio":0.28000000119209,
    "Mouth Drawn / Pursed":0.28000000119209
  },
  "Author":"Bethesda",
  "SkinColorsMapL":{
    "Lipstick Color":{
      "B":1.0,
      "G":1.0,
      "R":1.0,
      "A":1.0
    },
    "Tip DyeColor":{
      "B":0.01161224488169,
      "G":0.21952620148659,
      "R":1.0,
      "A":1.0
    },
    "Root DyeColor":{
      "B":1.0,
      "G":1.0,
      "R":1.0,
      "A":1.0
    },
    "Eyeliner Tone":{
      "B":0.0009105809731409,
      "G":0.0018211619462818,
      "R":0.005181516520679,
      "A":1.0
    },
    "Skin Tone":{
      "B":0.4958930015564,
      "G":0.51041698455811,
      "R":0.45724800229073,
      "A":1.0
    }
  },
  "ModVersion":"1.1.0",
  "EyeMaterial":"/Game/Art/Character/Modular/Eyes_HighElf/MIC_HighElf_Eyes_Grey.MIC_HighElf_Eyes_Grey",
  "Body":"SkeletalMesh /Game/Art/Character/Imperial/SK_Imperial_Body_m.SK_Imperial_Body_m",
  "Description":"saved from in-game",
  "SenescenceLevel":1,
  "APIVersion":"v2",
  "ModCreator":"animandan",
  "ModName":"RaceMenuUtilities",
  "Hair":"/Game/Dev/Phenotypes/Hair/HP_HighElf_HR_Pony.HP_HighElf_HR_Pony",
  "Name":"BP_Angalsama_C"
}