{
  "ModName":"RaceMenuUtilities",
  "FaceBaseMesh":"/Game/Art/Character/Imperial/SK_Imperial_Head_m.SK_Imperial_Head_m",
  "Author":"Bethesda",
  "Date":"2025-06-04 20:30:45",
  "SkinColorsMapL":{
    "Lipstick Color":{
      "A":1.0,
      "B":0.0097212167456746,
      "G":0.0009105809731409,
      "R":0.093058958649635
    },
    "Eyeliner Tone":{
      "A":1.0,
      "B":1.0,
      "G":1.0,
      "R":1.0
    },
    "Root DyeColor":{
      "A":1.0,
      "B":0.0,
      "G":0.0012140000471845,
      "R":0.0047769998200238
    },
    "Tip DyeColor":{
      "A":1.0,
      "B":0.0056050000712276,
      "G":0.034340001642704,
      "R":0.10702300071716
    },
    "Skin Tone":{
      "A":1.0,
      "B":1.0,
      "G":1.0,
      "R":1.0
    }
  },
  "APIVersion":"v2",
  "FaceMorphValuesMap":{
    "Eyes Small / Large":-0.77505600452423,
    "Jaw Thin / Wide":-0.19305300712585,
    "Brow Ridge Low / High":-0.45716500282288,
    "Chin Retracted / Jutting":0.30726599693298,
    "Face Thin / Wide":0.22768099606037,
    "Hair Length":0.0,
    "Chin Backward / Forward":0.49297800660133,
    "Vampire":0.0,
    "Mouth Underbite / Overbite":-0.079999998211861,
    "Eyes Inward / Outward":0.048604998737574,
    "Mouth Sad / Happy":0.0658970028162,
    "Jaw Retracted / Jutting":-0.46779000759125,
    "Nose Flat / Pointed":0.0,
    "Chin Recessed / Pronounced":-0.036398001015186,
    "Cheeks Gaunt / Round":-0.010730000212789,
    "Forehead Back / Forward":-0.14586000144482,
    "Nose Sellion Down / Up":0.03999999910593,
    "Mouth Deflated / Inflated":0.27032101154327,
    "Mouth Small / Large":0.52363801002502,
    "Nose Tilt Down / Up":0.0,
    "Nose Short / Long":0.0,
    "Mouth Drawn / Pursed":-0.25684401392937,
    "Chin Short / Tall":0.16955600678921,
    "Nose Sellion Thin / Wide":0.0,
    "Jaw Neck Slope Low / High":0.010480999946594,
    "Cheekbones Shallow / Pronounced":0.18611599504948,
    "Nose Sellion Shallow / Deep":0.28000000119209,
    "Mouth Tilt Down / Up":0.18822099268436,
    "Brow / Nose / Chin Ratio":0.017169000580907,
    "Brow Ridge Outer Down / Up":-0.45405700802803,
    "Chin Small / Large":0.55179798603058,
    "Mouth Retracted / Puckered":0.067619003355503,
    "Chin Thin / Wide":-0.054398000240326,
    "Nose Nostrils Tilt Down / Up":0.0,
    "Face Gaunt / Round":0.60799700021744,
    "Cheekbones Thin / Wide":-0.37191599607468,
    "Forehead / Sellion / Nose Ratio":-0.65064001083374,
    "Cheekbones Low / High":-0.065206997096539,
    "Nose Bridge Short / Long":0.45250400900841,
    "Forehead Short / Tall":-0.22226899862289,
    "Nose Bridge Shallow / Deep":0.36000001430511,
    "Mouth Chin Short / Long":0.11010199785233,
    "Face Light / Heavy":0.29597300291061,
    "Nose Region Concave / Convex":0.0,
    "Mouth Retracted / Protruding":-0.013140000402927,
    "Cheeks Concave / Convex":0.13621799647808,
    "Nose Nostrils Small / Large":0.0,
    "Jaw Concave / Convex":0.36226499080658,
    "Nose Down / Up":0.0,
    "Mouth Low / High":0.077859997749329,
    "Eyes Down / Up":0.0019249999895692,
    "Chin Shallow / Deep":-0.018710000440478,
    "Eyes Apart / Together":0.55123299360275,
    "Brow Ridge Inner Down / Up":0.33605000376701,
    "Nose Sellion Lower Shallow / Deep":0.0,
    "Nose Nostrils Thin / Wide":0.0,
    "Forehead Small / Large":-0.73623299598694
  },
  "EyeMaterial":"/Game/Art/Character/Modular/Eyes_Human/MIC_Human_Eyes_Brown2.MIC_Human_Eyes_Brown2",
  "HairColorsL":{
    "1":{
      "A":1.0,
      "B":0.0036765071563423,
      "G":0.0074990317225456,
      "R":0.012286487966776
    },
    "2":{
      "A":1.0,
      "B":0.0036765071563423,
      "G":0.0074990317225456,
      "R":0.012286487966776
    },
    "0":{
      "A":1.0,
      "B":1.0,
      "G":1.0,
      "R":1.0
    }
  },
  "SkinParametersMap":{
    "Tip Color":0.0,
    "Eye socket Bruised/Bright":0.0,
    "Complexion":0.0,
    "Freckles":0.0,
    "Eyebrows Color Intensity":0.0,
    "Lipstick Amount":0.0,
    "Root Redness":0.0,
    "Tip Redness":0.0,
    "Cheekbones Flushed/Pale":0.0,
    "Salt And Pepper":0.0,
    "Eyebrows Redness Intensity":0.0,
    "Ombre Amount":0.0,
    "Cheek Blush Light/Red":0.0,
    "Eyelids Pale/Red":0.0,
    "Root Color":0.0,
    "Ombre Constrast":0.0
  },
  "SenescenceLevel":3,
  "Sex":0,
  "Description":"saved from in-game",
  "ModCreator":"animandan",
  "ModVersion":"1.1.0",
  "Hair":"/Game/Dev/Phenotypes/Hair/HP_HR_Cropped.HP_HR_Cropped",
  "Name":"BP_AnvilGuardCityPostDay03_C",
  "Race":"TESRace /Game/Forms/actors/race/Imperial.Imperial",
  "Body":"SkeletalMesh /Game/Art/Character/Imperial/SK_Imperial_Body_m.SK_Imperial_Body_m"
}