{
  "Race":"TESRace /Game/Forms/actors/race/Breton.Breton",
  "FaceBaseMesh":"/Game/Art/Character/Breton/SK_Breton_Head_m.SK_Breton_Head_m",
  "Date":"2025-06-04 18:49:11",
  "HairColorsL":{
    "0":{
      "B":0.0,
      "G":0.0,
      "R":0.0,
      "A":1.0
    }
  },
  "SkinParametersMap":{
    "Cheekbones Flushed/Pale":0.37999999523163,
    "Eyelids Pale/Red":0.0,
    "Skin Tint Purple/Yellow":-0.25,
    "Lipstick Amount":0.0,
    "Cheek Blush Light/Red":0.0,
    "Skin Dark/Light":0.28000000119209,
    "Complexion":0.50936299562454,
    "Salt And Pepper":0.0,
    "Eye Socket Dark/Light":0.0,
    "Eylids Light/Dark":0.0,
    "Khajiit Pattern Number":0.0,
    "Ombre Amount":1.0,
    "Freckles":0.30000001192093,
    "Root Color":0.20000000298023,
    "Ombre Constrast":1.0,
    "Eyeliner Light/Dark":-0.30000001192093,
    "Tip Color":0.0,
    "Eyebrows Redness Intensity":1.0,
    "Root Redness":0.5,
    "Skin Tint Orange/Blue":-0.059999998658895,
    "Eye socket Bruised/Bright":0.10000000149012,
    "Tip Redness":0.5,
    "Eyebrows Color Intensity":0.58427000045776
  },
  "Sex":0,
  "FaceMorphValuesMap":{
    "Hair Length":0.0,
    "Vampire":0.0,
    "Nose Sellion Down / Up":0.0,
    "Forehead Back / Forward":0.0,
    "Mouth Deflated / Inflated":0.0,
    "Chin Backward / Forward":-0.47999998927116,
    "Eyes Apart / Together":-0.11999999731779,
    "Nose Tilt Down / Up":0.0,
    "Mouth Sad / Happy":0.0,
    "Brow Ridge Outer Down / Up":0.37999999523163,
    "Nose Sellion Thin / Wide":0.0,
    "Nose Short / Long":0.0,
    "Nose Sellion Shallow / Deep":0.0,
    "Brow / Nose / Chin Ratio":0.0,
    "Chin Small / Large":0.41999998688698,
    "Nose Flat / Pointed":0.0,
    "Jaw Thin / Wide":-0.35999798774719,
    "Nose Nostrils Tilt Down / Up":0.0,
    "Eyes Inward / Outward":0.18000000715256,
    "Cheekbones Shallow / Pronounced":0.0,
    "Nose Nostrils Thin / Wide":0.56000000238419,
    "Chin Shallow / Deep":0.0,
    "Nose Down / Up":0.0,
    "Nose Bridge Short / Long":-0.47999998927116,
    "Mouth Tilt Down / Up":0.0,
    "Chin Thin / Wide":0.60000002384186,
    "Face Light / Heavy":0.5,
    "Mouth Chin Short / Long":0.0,
    "Jaw Concave / Convex":0.47999998927116,
    "Brow Ridge Low / High":-0.5,
    "Chin Recessed / Pronounced":0.0,
    "Cheeks Gaunt / Round":0.30000001192093,
    "Face Thin / Wide":0.68000000715256,
    "Eyes Down / Up":0.15999999642372,
    "Jaw Retracted / Jutting":0.0,
    "Chin Short / Tall":-0.30000001192093,
    "Jaw Neck Slope Low / High":-0.5,
    "Nose Bridge Shallow / Deep":0.0,
    "Mouth Retracted / Protruding":-0.54000002145767,
    "Cheekbones Thin / Wide":-0.44374498724937,
    "Mouth Low / High":0.0,
    "Mouth Retracted / Puckered":-0.37999901175499,
    "Mouth Small / Large":0.54000002145767,
    "Forehead Short / Tall":0.0,
    "Nose Nostrils Small / Large":0.47999998927116,
    "Chin Retracted / Jutting":0.0,
    "Forehead Small / Large":0.0,
    "Cheekbones Low / High":0.0,
    "Eyes Small / Large":0.0,
    "Cheeks Concave / Convex":0.28000000119209,
    "Brow Ridge Inner Down / Up":-0.46000000834465,
    "Nose Sellion Lower Shallow / Deep":0.0,
    "Face Gaunt / Round":0.0,
    "Mouth Underbite / Overbite":0.0,
    "Nose Region Concave / Convex":0.0,
    "Forehead / Sellion / Nose Ratio":-0.46000000834465,
    "Mouth Drawn / Pursed":0.68000000715256
  },
  "Author":"Bethesda",
  "SkinColorsMapL":{
    "Lipstick Color":{
      "B":1.0,
      "G":1.0,
      "R":1.0,
      "A":1.0
    },
    "Tip DyeColor":{
      "B":0.012983032502234,
      "G":0.21952620148659,
      "R":0.98225057125092,
      "A":1.0
    },
    "Root DyeColor":{
      "B":1.0,
      "G":1.0,
      "R":1.0,
      "A":1.0
    },
    "Eyeliner Tone":{
      "B":1.0,
      "G":1.0,
      "R":1.0,
      "A":1.0
    },
    "Skin Tone":{
      "B":1.0,
      "G":1.0,
      "R":1.0,
      "A":1.0
    }
  },
  "ModVersion":"1.1.0",
  "Body":"SkeletalMesh /Game/Art/Character/Imperial/SK_Imperial_Body_m.SK_Imperial_Body_m",
  "Description":"saved from in-game",
  "SenescenceLevel":3,
  "APIVersion":"v2",
  "ModCreator":"animandan",
  "ModName":"RaceMenuUtilities",
  "Hair":"/Game/Dev/Phenotypes/Hair/HP_Imperial_HR_Headband.HP_Imperial_HR_Headband",
  "Name":"BP_ArenaRank5E_C"
}