{
  "APIVersion":"v2",
  "SkinParametersMap":{
    "Tip Color":0.20000000298023,
    "Ombre Constrast":1.0,
    "Complexion":0.18000000715256,
    "Ombre Amount":1.0,
    "Lipstick Amount":0.0099999997764826,
    "Salt And Pepper":0.0,
    "Skin Dark/Light":0.0,
    "Root Redness":0.0,
    "Eye socket Bruised/Bright":0.0,
    "Freckles":0.23999999463558,
    "Eyeliner Light/Dark":0.0,
    "Eyebrows Redness Intensity":0.0,
    "Eye Socket Dark/Light":0.0,
    "Eyebrows Color Intensity":0.0,
    "Root Color":0.20000000298023,
    "Cheek Blush Light/Red":0.0,
    "Eylids Light/Dark":0.0,
    "Skin Tint Orange/Blue":0.0,
    "Tip Redness":0.5,
    "Cheekbones Flushed/Pale":0.0,
    "Eyelids Pale/Red":0.0,
    "Skin Tint Purple/Yellow":0.0
  },
  "Author":"Bethesda",
  "Race":"TESRace /Game/Forms/actors/race/Breton.Breton",
  "HairColorsL":{
    "0":{
      "R":1.0,
      "G":1.0,
      "B":1.0,
      "A":1.0
    }
  },
  "Body":"SkeletalMesh /Game/Art/Character/Imperial/SK_Imperial_Body_m.SK_Imperial_Body_m",
  "Date":"2025-06-04 19:27:55",
  "SkinColorsMapL":{
    "Root DyeColor":{
      "R":1.0,
      "G":1.0,
      "B":1.0,
      "A":1.0
    },
    "Eyeliner Tone":{
      "R":1.0,
      "G":1.0,
      "B":1.0,
      "A":1.0
    },
    "Lipstick Color":{
      "R":1.0,
      "G":1.0,
      "B":1.0,
      "A":1.0
    },
    "Skin Tone":{
      "R":1.0,
      "G":1.0,
      "B":1.0,
      "A":1.0
    },
    "Tip DyeColor":{
      "R":0.27049800753593,
      "G":0.11262299865484,
      "B":0.0,
      "A":1.0
    }
  },
  "ModCreator":"animandan",
  "Sex":0,
  "ModName":"RaceMenuUtilities",
  "EyeMaterial":"/Game/Art/Character/Modular/Eyes_Human/MIC_Human_Eyes_Brown2.MIC_Human_Eyes_Brown2",
  "ModVersion":"1.1.0",
  "FaceBaseMesh":"/Game/Art/Character/Breton/SK_Breton_Head_m.SK_Breton_Head_m",
  "Hair":"/Game/Dev/Phenotypes/Hair/HP_HR_Cropped.HP_HR_Cropped",
  "Description":"saved from in-game",
  "SenescenceLevel":1,
  "FaceMorphValuesMap":{
    "Face Gaunt / Round":0.0,
    "Nose Short / Long":0.0,
    "Nose Tilt Down / Up":-0.5,
    "Mouth Sad / Happy":0.028286842629313,
    "Mouth Retracted / Protruding":0.15999999642372,
    "Chin Short / Tall":-0.18814100325108,
    "Cheekbones Low / High":0.027143806219101,
    "Nose Nostrils Tilt Down / Up":0.14377714693546,
    "Mouth Deflated / Inflated":-0.21133394539356,
    "Hair Length":0.0,
    "Nose Sellion Shallow / Deep":0.23999999463558,
    "Chin Shallow / Deep":0.15999999642372,
    "Jaw Concave / Convex":-0.65298700332642,
    "Brow Ridge Low / High":0.27911999821663,
    "Chin Recessed / Pronounced":0.51999998092651,
    "Mouth Tilt Down / Up":-0.21477520465851,
    "Nose Sellion Thin / Wide":0.0,
    "Cheeks Gaunt / Round":0.19970700144768,
    "Nose Sellion Lower Shallow / Deep":0.0,
    "Nose Sellion Down / Up":0.0,
    "Cheeks Concave / Convex":0.20547500252724,
    "Nose Region Concave / Convex":-0.027870459482074,
    "Eyes Inward / Outward":0.020881041884422,
    "Nose Nostrils Thin / Wide":0.014650682918727,
    "Brow Ridge Inner Down / Up":-0.2644650042057,
    "Eyes Apart / Together":-0.020955000072718,
    "Mouth Underbite / Overbite":-0.16157400608063,
    "Chin Retracted / Jutting":-0.24158599972725,
    "Brow / Nose / Chin Ratio":0.10465454310179,
    "Nose Bridge Short / Long":0.057076673954725,
    "Mouth Low / High":-0.12534116208553,
    "Forehead Small / Large":0.0,
    "Nose Bridge Shallow / Deep":0.052523083984852,
    "Eyes Small / Large":0.41912299394608,
    "Forehead / Sellion / Nose Ratio":-0.02161249704659,
    "Mouth Chin Short / Long":0.042054165154696,
    "Forehead Short / Tall":0.23607456684113,
    "Eyes Down / Up":0.1435240060091,
    "Vampire":0.0,
    "Mouth Retracted / Puckered":0.53877598047256,
    "Jaw Retracted / Jutting":-0.13351027667522,
    "Mouth Drawn / Pursed":-0.2775454223156,
    "Cheekbones Thin / Wide":0.10000000149012,
    "Nose Down / Up":0.10819897800684,
    "Jaw Neck Slope Low / High":0.10400400310755,
    "Chin Thin / Wide":0.031998001039028,
    "Cheekbones Shallow / Pronounced":0.21418944001198,
    "Nose Nostrils Small / Large":0.048811938613653,
    "Nose Flat / Pointed":-0.17797796428204,
    "Face Thin / Wide":0.021593000739813,
    "Chin Backward / Forward":-0.33785000443459,
    "Face Light / Heavy":0.0,
    "Mouth Small / Large":0.20157599449158,
    "Forehead Back / Forward":-0.013623443432152,
    "Jaw Thin / Wide":-0.12959499657154,
    "Brow Ridge Outer Down / Up":0.45779499411583,
    "Chin Small / Large":0.11999999731779
  },
  "Name":"BP_AlixLencolia_C"
}