{
  "Race":"TESRace /Game/Forms/actors/race/Orc.Orc",
  "FaceBaseMesh":"/Game/Art/Character/Orc/SK_Orc_Head_f.SK_Orc_Head_f",
  "Date":"2025-06-04 18:48:51",
  "HairColorsL":{
    "0":{
      "B":0.090360000729561,
      "G":0.098866999149323,
      "R":0.10980399698019,
      "A":1.0
    }
  },
  "SkinParametersMap":{
    "Cheekbones Flushed/Pale":0.0,
    "Eyelids Pale/Red":0.0,
    "Skin Tint Purple/Yellow":0.15999999642372,
    "Lipstick Amount":0.0,
    "Cheek Blush Light/Red":-0.03999999910593,
    "Skin Dark/Light":0.0,
    "Complexion":0.4595499932766,
    "Salt And Pepper":0.0,
    "Eye Socket Dark/Light":0.0,
    "Eylids Light/Dark":0.31999999284744,
    "Khajiit Pattern Number":0.0,
    "Ombre Amount":0.0,
    "Freckles":0.36000001430511,
    "Root Color":0.10000000149012,
    "Ombre Constrast":0.0,
    "Eyeliner Light/Dark":0.15999999642372,
    "Tip Color":0.10000000149012,
    "Eyebrows Redness Intensity":0.23999999463558,
    "Root Redness":0.5,
    "Skin Tint Orange/Blue":0.20000000298023,
    "Eye socket Bruised/Bright":-0.31999999284744,
    "Tip Redness":0.5,
    "Eyebrows Color Intensity":0.62764000892639
  },
  "Sex":1,
  "FaceMorphValuesMap":{
    "Hair Length":0.0,
    "Vampire":0.0,
    "Nose Sellion Down / Up":0.5999990105629,
    "Forehead Back / Forward":0.059999998658895,
    "Mouth Deflated / Inflated":-0.61999899148941,
    "Chin Backward / Forward":-0.28816199302673,
    "Eyes Apart / Together":0.51999998092651,
    "Nose Tilt Down / Up":0.0,
    "Mouth Sad / Happy":-0.77999997138977,
    "Brow Ridge Outer Down / Up":-0.447439879179,
    "Nose Sellion Thin / Wide":0.0,
    "Nose Short / Long":0.0,
    "Nose Sellion Shallow / Deep":0.0,
    "Brow / Nose / Chin Ratio":-0.13717000186443,
    "Chin Small / Large":-0.15521700680256,
    "Nose Flat / Pointed":0.30000001192093,
    "Jaw Thin / Wide":0.25580498576164,
    "Nose Nostrils Tilt Down / Up":0.0,
    "Eyes Inward / Outward":-0.12224999815226,
    "Cheekbones Shallow / Pronounced":-0.63761097192764,
    "Nose Nostrils Thin / Wide":0.0,
    "Chin Shallow / Deep":0.072103165090084,
    "Nose Down / Up":-0.25999999046326,
    "Nose Bridge Short / Long":0.0,
    "Mouth Tilt Down / Up":0.77011102437973,
    "Chin Thin / Wide":0.11999999731779,
    "Face Light / Heavy":-0.20000000298023,
    "Mouth Chin Short / Long":0.10950899869204,
    "Jaw Concave / Convex":-0.0040449998341501,
    "Brow Ridge Low / High":-0.48136898875237,
    "Chin Recessed / Pronounced":0.104984998703,
    "Cheeks Gaunt / Round":0.22539100050926,
    "Face Thin / Wide":0.40000000596046,
    "Eyes Down / Up":-0.019215999171138,
    "Jaw Retracted / Jutting":-0.0033740000799298,
    "Chin Short / Tall":0.099835000932217,
    "Jaw Neck Slope Low / High":0.32032200694084,
    "Nose Bridge Shallow / Deep":-0.27988886833191,
    "Mouth Retracted / Protruding":0.34000000357628,
    "Cheekbones Thin / Wide":-0.59433901309967,
    "Mouth Low / High":0.3199990093708,
    "Mouth Retracted / Puckered":0.10584200173616,
    "Mouth Small / Large":0.20554199814796,
    "Forehead Short / Tall":-0.24756099283695,
    "Nose Nostrils Small / Large":0.0,
    "Chin Retracted / Jutting":0.26123914122581,
    "Forehead Small / Large":-0.059999998658895,
    "Cheekbones Low / High":0.020606214180589,
    "Eyes Small / Large":0.024195000529289,
    "Cheeks Concave / Convex":-0.44420000910759,
    "Brow Ridge Inner Down / Up":-0.49126300215721,
    "Nose Sellion Lower Shallow / Deep":-0.15999999642372,
    "Face Gaunt / Round":0.095239996910095,
    "Mouth Underbite / Overbite":-0.38000100851059,
    "Nose Region Concave / Convex":-0.40000000596046,
    "Forehead / Sellion / Nose Ratio":-0.25947400927544,
    "Mouth Drawn / Pursed":-0.31466099619865
  },
  "Author":"Bethesda",
  "SkinColorsMapL":{
    "Lipstick Color":{
      "B":1.0,
      "G":1.0,
      "R":1.0,
      "A":1.0
    },
    "Tip DyeColor":{
      "B":0.1046164855361,
      "G":0.21952620148659,
      "R":0.37626212835312,
      "A":1.0
    },
    "Root DyeColor":{
      "B":0.0015176349552348,
      "G":0.018500220030546,
      "R":0.042311411350965,
      "A":1.0
    },
    "Eyeliner Tone":{
      "B":1.0,
      "G":1.0,
      "R":1.0,
      "A":1.0
    },
    "Skin Tone":{
      "B":1.0,
      "G":1.0,
      "R":1.0,
      "A":1.0
    }
  },
  "ModVersion":"1.1.0",
  "Body":"SkeletalMesh /Game/Art/Character/Imperial/SK_Imperial_Body_m.SK_Imperial_Body_m",
  "Description":"saved from in-game",
  "SenescenceLevel":0,
  "APIVersion":"v2",
  "ModCreator":"animandan",
  "ModName":"RaceMenuUtilities",
  "Hair":"/Game/Dev/Phenotypes/Hair/HP_Orc_HR_Braids.HP_Orc_HR_Braids",
  "Name":"BP_ArenaRank4C_C"
}