{
  "Race":"TESRace /Game/Forms/actors/race/WoodElf.WoodElf",
  "FaceBaseMesh":"/Game/Art/Character/WoodElf/SK_WoodElf_Head_m.SK_WoodElf_Head_m",
  "Date":"2025-06-04 18:55:28",
  "HairColorsL":{
    "1":{
      "B":0.061246052384377,
      "G":0.1046164855361,
      "R":0.16202937066555,
      "A":1.0
    },
    "2":{
      "B":0.061246052384377,
      "G":0.1046164855361,
      "R":0.16202937066555,
      "A":1.0
    },
    "0":{
      "B":0.0060488330200315,
      "G":0.01032982300967,
      "R":0.021219009533525,
      "A":1.0
    }
  },
  "SkinParametersMap":{
    "Cheekbones Flushed/Pale":0.0,
    "Eyelids Pale/Red":0.0,
    "Skin Tint Purple/Yellow":0.0,
    "Lipstick Amount":0.019999999552965,
    "Cheek Blush Light/Red":0.0,
    "Skin Dark/Light":0.0,
    "Complexion":0.0,
    "Salt And Pepper":0.12494400143623,
    "Eye Socket Dark/Light":0.0,
    "Eylids Light/Dark":0.0,
    "Ombre Amount":0.0,
    "Freckles":0.83999997377396,
    "Root Color":1.0,
    "Ombre Constrast":0.0,
    "Eyeliner Light/Dark":0.0,
    "Tip Color":0.53940099477768,
    "Eyebrows Redness Intensity":0.0,
    "Root Redness":1.0,
    "Skin Tint Orange/Blue":0.0,
    "Eye socket Bruised/Bright":0.0,
    "Tip Redness":1.0,
    "Eyebrows Color Intensity":0.0
  },
  "Sex":0,
  "FaceMorphValuesMap":{
    "Hair Length":0.0,
    "Vampire":0.0,
    "Nose Sellion Down / Up":-0.35252696275711,
    "Forehead Back / Forward":0.16271050274372,
    "Mouth Deflated / Inflated":-0.62000000476837,
    "Chin Backward / Forward":0.0,
    "Eyes Apart / Together":0.43999999761581,
    "Nose Tilt Down / Up":0.0,
    "Mouth Sad / Happy":0.89999997615814,
    "Brow Ridge Outer Down / Up":0.12999999523163,
    "Nose Sellion Thin / Wide":0.43999999761581,
    "Nose Short / Long":0.0,
    "Nose Sellion Shallow / Deep":0.059999998658895,
    "Brow / Nose / Chin Ratio":0.20000000298023,
    "Chin Small / Large":-0.69999998807907,
    "Nose Flat / Pointed":0.13054428994656,
    "Jaw Thin / Wide":0.0,
    "Nose Nostrils Tilt Down / Up":-0.054510947316885,
    "Eyes Inward / Outward":0.0,
    "Cheekbones Shallow / Pronounced":0.18000000715256,
    "Nose Nostrils Thin / Wide":0.53089141845703,
    "Chin Shallow / Deep":0.62000000476837,
    "Nose Down / Up":-0.75999999046326,
    "Nose Bridge Short / Long":-0.57332676649094,
    "Mouth Tilt Down / Up":-0.36000099778175,
    "Chin Thin / Wide":0.93999999761581,
    "Face Light / Heavy":0.46000000834465,
    "Mouth Chin Short / Long":-0.35013988614082,
    "Jaw Concave / Convex":0.89999997615814,
    "Brow Ridge Low / High":0.44999998807907,
    "Chin Recessed / Pronounced":-0.33472263813019,
    "Cheeks Gaunt / Round":0.30000001192093,
    "Face Thin / Wide":0.40000000596046,
    "Eyes Down / Up":0.03999999910593,
    "Jaw Retracted / Jutting":0.29647600650787,
    "Chin Short / Tall":-0.5799999833107,
    "Jaw Neck Slope Low / High":-0.43999999761581,
    "Nose Bridge Shallow / Deep":0.80000001192093,
    "Mouth Retracted / Protruding":0.0,
    "Cheekbones Thin / Wide":-0.14000000059605,
    "Mouth Low / High":-0.23999999463558,
    "Mouth Retracted / Puckered":0.0,
    "Mouth Small / Large":0.74000000953674,
    "Forehead Short / Tall":-0.41066101193428,
    "Nose Nostrils Small / Large":-0.076441384851933,
    "Chin Retracted / Jutting":-0.26562198996544,
    "Forehead Small / Large":-0.55790799856186,
    "Cheekbones Low / High":0.0,
    "Eyes Small / Large":-0.51999998092651,
    "Cheeks Concave / Convex":0.0,
    "Brow Ridge Inner Down / Up":-0.25328400731087,
    "Nose Sellion Lower Shallow / Deep":0.45999899506569,
    "Face Gaunt / Round":0.13999900221825,
    "Mouth Underbite / Overbite":-0.057340692728758,
    "Nose Region Concave / Convex":-0.20859597623348,
    "Forehead / Sellion / Nose Ratio":-0.036691583693027,
    "Mouth Drawn / Pursed":0.80000001192093
  },
  "Mustache":"/Game/Dev/Phenotypes/Mustache/HP_WoodElf_MS_Medium.HP_WoodElf_MS_Medium",
  "ModCreator":"animandan",
  "SkinColorsMapL":{
    "Lipstick Color":{
      "B":0.49934899806976,
      "G":0.49934899806976,
      "R":0.921875,
      "A":1.0
    },
    "Tip DyeColor":{
      "B":1.0,
      "G":1.0,
      "R":1.0,
      "A":1.0
    },
    "Root DyeColor":{
      "B":1.0,
      "G":1.0,
      "R":1.0,
      "A":1.0
    },
    "Eyeliner Tone":{
      "B":1.0,
      "G":1.0,
      "R":1.0,
      "A":1.0
    },
    "Skin Tone":{
      "B":0.66720902919769,
      "G":0.69258600473404,
      "R":0.74479198455811,
      "A":1.0
    }
  },
  "ModVersion":"1.1.0",
  "EyeMaterial":"/Game/Art/Character/Modular/Eyes_WoodElf/MIC_WoodElf_Eyes_Black.MIC_WoodElf_Eyes_Black",
  "ModName":"RaceMenuUtilities",
  "Body":"SkeletalMesh /Game/Art/Character/Imperial/SK_Imperial_Body_m.SK_Imperial_Body_m",
  "Description":"saved from in-game",
  "SenescenceLevel":3,
  "APIVersion":"v2",
  "Author":"Bethesda",
  "Hair":"/Game/Dev/Phenotypes/Hair/HP_Elf_HR_Braid.HP_Elf_HR_Braid",
  "Beard":"/Game/Dev/Phenotypes/Beard/HP_WoodElf_BD_Goatee.HP_WoodElf_BD_Goatee",
  "Name":"BP_Athrelor_C"
}