{
  "APIVersion":"v2",
  "SkinParametersMap":{
    "Lipstick Amount":0.0,
    "Freckles":0.0,
    "Eye socket Bruised/Bright":0.0,
    "Tip Color":0.0,
    "Complexion":0.0,
    "Eyebrows Redness Intensity":0.0,
    "Ombre Constrast":0.0,
    "Eyelids Pale/Red":0.0,
    "Root Color":0.0,
    "Cheek Blush Light/Red":0.0,
    "Root Redness":0.0,
    "Ombre Amount":0.0,
    "Tip Redness":0.0,
    "Cheekbones Flushed/Pale":0.0,
    "Eyebrows Color Intensity":0.0,
    "Salt And Pepper":0.0
  },
  "Author":"Bethesda",
  "Race":"TESRace /Game/Forms/actors/race/Redguard.Redguard",
  "HairColorsL":{
    "0":{
      "R":0.083333000540733,
      "G":0.047233998775482,
      "B":0.019965000450611,
      "A":1.0
    }
  },
  "Body":"SkeletalMesh /Game/Art/Character/Imperial/SK_Imperial_Body_m.SK_Imperial_Body_m",
  "Date":"2025-06-04 19:29:39",
  "SkinColorsMapL":{
    "Root DyeColor":{
      "R":0.0047769998200238,
      "G":0.0012140000471845,
      "B":0.0,
      "A":1.0
    },
    "Lipstick Color":{
      "R":0.093058958649635,
      "G":0.0009105809731409,
      "B":0.0097212167456746,
      "A":1.0
    },
    "Tip DyeColor":{
      "R":0.10702300071716,
      "G":0.034340001642704,
      "B":0.0056050000712276,
      "A":1.0
    },
    "Skin Tone":{
      "R":1.0,
      "G":1.0,
      "B":1.0,
      "A":1.0
    },
    "Eyeliner Tone":{
      "R":1.0,
      "G":1.0,
      "B":1.0,
      "A":1.0
    }
  },
  "ModCreator":"animandan",
  "Sex":0,
  "ModName":"RaceMenuUtilities",
  "EyeMaterial":"/Game/Art/Character/Modular/Eyes_Human/MIC_Human_Eyes_Brown2.MIC_Human_Eyes_Brown2",
  "ModVersion":"1.1.0",
  "FaceBaseMesh":"/Game/Art/Character/Redguard/SK_Redguard_Head_m.SK_Redguard_Head_m",
  "Hair":"/Game/Dev/Phenotypes/Hair/HP_Redguard_HR_Dredz.HP_Redguard_HR_Dredz",
  "Description":"saved from in-game",
  "SenescenceLevel":5,
  "FaceMorphValuesMap":{
    "Face Gaunt / Round":0.30000001192093,
    "Nose Short / Long":0.30000001192093,
    "Nose Tilt Down / Up":0.34000000357628,
    "Mouth Sad / Happy":0.5,
    "Mouth Retracted / Protruding":0.18000000715256,
    "Chin Short / Tall":0.40000000596046,
    "Cheekbones Low / High":-0.20000000298023,
    "Nose Nostrils Tilt Down / Up":0.21999999880791,
    "Mouth Deflated / Inflated":0.43999999761581,
    "Hair Length":0.0,
    "Nose Sellion Shallow / Deep":0.41999900341034,
    "Chin Shallow / Deep":0.20000000298023,
    "Jaw Concave / Convex":0.25999999046326,
    "Brow Ridge Low / High":-0.23999999463558,
    "Chin Recessed / Pronounced":0.30000001192093,
    "Mouth Tilt Down / Up":-0.15999999642372,
    "Nose Sellion Thin / Wide":0.41999998688698,
    "Cheeks Gaunt / Round":0.18000000715256,
    "Nose Sellion Lower Shallow / Deep":0.41999998688698,
    "Nose Sellion Down / Up":0.45999899506569,
    "Cheeks Concave / Convex":0.60000002384186,
    "Nose Region Concave / Convex":0.14000000059605,
    "Eyes Inward / Outward":-0.23999999463558,
    "Nose Nostrils Thin / Wide":-0.46000000834465,
    "Brow Ridge Inner Down / Up":0.28000000119209,
    "Eyes Apart / Together":0.21999999880791,
    "Mouth Underbite / Overbite":-0.15999999642372,
    "Chin Retracted / Jutting":0.21999999880791,
    "Brow / Nose / Chin Ratio":-0.6799989938736,
    "Nose Bridge Short / Long":0.30000001192093,
    "Mouth Low / High":-0.11999999731779,
    "Forehead Small / Large":-0.079999998211861,
    "Nose Bridge Shallow / Deep":-0.18000000715256,
    "Eyes Small / Large":0.11999999731779,
    "Forehead / Sellion / Nose Ratio":0.65999901294708,
    "Mouth Chin Short / Long":-0.3199990093708,
    "Forehead Short / Tall":0.15999999642372,
    "Eyes Down / Up":-0.54000002145767,
    "Vampire":0.0,
    "Mouth Retracted / Puckered":-0.15999999642372,
    "Jaw Retracted / Jutting":-0.03999999910593,
    "Mouth Drawn / Pursed":-0.61999899148941,
    "Cheekbones Thin / Wide":0.079999998211861,
    "Nose Down / Up":-0.059999998658895,
    "Jaw Neck Slope Low / High":0.68000000715256,
    "Chin Thin / Wide":0.47999998927116,
    "Cheekbones Shallow / Pronounced":0.36000001430511,
    "Nose Nostrils Small / Large":0.10000000149012,
    "Nose Flat / Pointed":-0.28000000119209,
    "Face Thin / Wide":0.21999900043011,
    "Chin Backward / Forward":-0.34000000357628,
    "Face Light / Heavy":-0.27999898791313,
    "Mouth Small / Large":-0.15999999642372,
    "Forehead Back / Forward":0.37999999523163,
    "Jaw Thin / Wide":0.63999998569489,
    "Brow Ridge Outer Down / Up":0.31999999284744,
    "Chin Small / Large":0.079999998211861
  },
  "Name":"BP_Alonzo_C"
}