{
  "Sex":0,
  "HairColorsL":{
    "0":{
      "A":1.0,
      "R":1.0,
      "G":1.0,
      "B":1.0
    }
  },
  "EyeMaterial":"/Game/Art/Character/Modular/Eyes_Human/MIC_Human_Eyes_Brown2.MIC_Human_Eyes_Brown2",
  "Author":"Bethesda",
  "Date":"2025-06-04 19:33:58",
  "Description":"saved from in-game",
  "Name":"BP_AnvilGuardCastlePostDay03_C",
  "ModCreator":"animandan",
  "ModName":"RaceMenuUtilities",
  "FaceBaseMesh":"/Game/Art/Character/Imperial/SK_Imperial_Head_m.SK_Imperial_Head_m",
  "ModVersion":"1.1.0",
  "Body":"SkeletalMesh /Game/Art/Character/Imperial/SK_Imperial_Body_m.SK_Imperial_Body_m",
  "FaceMorphValuesMap":{
    "Nose Nostrils Thin / Wide":-0.057084999978542,
    "Forehead / Sellion / Nose Ratio":-0.062353998422623,
    "Cheekbones Thin / Wide":-0.14032800495625,
    "Forehead Small / Large":0.0,
    "Chin Recessed / Pronounced":0.0,
    "Brow / Nose / Chin Ratio":0.0,
    "Jaw Thin / Wide":0.073183000087738,
    "Cheeks Gaunt / Round":0.14116199314594,
    "Chin Backward / Forward":0.14000000059605,
    "Chin Thin / Wide":0.0,
    "Forehead Short / Tall":0.0,
    "Face Thin / Wide":0.037548001855612,
    "Brow Ridge Inner Down / Up":0.33389100432396,
    "Mouth Underbite / Overbite":0.16139200329781,
    "Mouth Low / High":-0.044105000793934,
    "Vampire":0.0,
    "Face Gaunt / Round":0.0060899998061359,
    "Eyes Small / Large":-0.35275000333786,
    "Mouth Drawn / Pursed":0.0,
    "Chin Retracted / Jutting":0.0,
    "Nose Tilt Down / Up":0.0,
    "Mouth Small / Large":0.08703999966383,
    "Nose Short / Long":0.0,
    "Nose Bridge Shallow / Deep":-0.20284299552441,
    "Nose Sellion Thin / Wide":0.0,
    "Mouth Retracted / Protruding":-0.27909499406815,
    "Nose Sellion Shallow / Deep":0.0,
    "Jaw Retracted / Jutting":0.17179299890995,
    "Nose Sellion Down / Up":0.0027620000764728,
    "Eyes Inward / Outward":0.60095697641373,
    "Nose Region Concave / Convex":-0.11946800351143,
    "Brow Ridge Outer Down / Up":-0.16176199913025,
    "Nose Nostrils Small / Large":0.059661000967026,
    "Eyes Apart / Together":0.72507601976395,
    "Nose Nostrils Tilt Down / Up":-0.35104298591614,
    "Nose Flat / Pointed":-0.089630998671055,
    "Mouth Tilt Down / Up":0.23364099860191,
    "Jaw Concave / Convex":-0.55746501684189,
    "Mouth Sad / Happy":-0.14197300374508,
    "Cheekbones Shallow / Pronounced":0.36572998762131,
    "Face Light / Heavy":-0.46188700199127,
    "Nose Down / Up":-0.21999999880791,
    "Chin Short / Tall":0.0,
    "Eyes Down / Up":0.0045659998431802,
    "Cheeks Concave / Convex":-0.2454019933939,
    "Nose Bridge Short / Long":0.27407801151276,
    "Mouth Chin Short / Long":-0.039174001663923,
    "Nose Sellion Lower Shallow / Deep":0.0,
    "Mouth Retracted / Puckered":-0.14259399473667,
    "Hair Length":0.0,
    "Mouth Deflated / Inflated":0.0,
    "Chin Shallow / Deep":0.0,
    "Jaw Neck Slope Low / High":0.30661100149155,
    "Brow Ridge Low / High":-0.49604800343513,
    "Cheekbones Low / High":0.015348999761045,
    "Forehead Back / Forward":0.0,
    "Chin Small / Large":0.0
  },
  "Hair":"/Game/Dev/Phenotypes/Hair/HP_HR_Cropped.HP_HR_Cropped",
  "SenescenceLevel":3,
  "APIVersion":"v2",
  "SkinParametersMap":{
    "Complexion":0.35955101251602,
    "Cheek Blush Light/Red":0.0,
    "Eyebrows Color Intensity":0.0,
    "Eye socket Bruised/Bright":0.0,
    "Lipstick Amount":0.0,
    "Root Redness":0.0,
    "Freckles":0.0,
    "Cheekbones Flushed/Pale":0.0,
    "Eyebrows Redness Intensity":0.0,
    "Root Color":0.0,
    "Eyelids Pale/Red":0.0,
    "Tip Color":0.0,
    "Tip Redness":0.0,
    "Ombre Amount":0.0,
    "Salt And Pepper":0.0,
    "Ombre Constrast":0.0
  },
  "Race":"TESRace /Game/Forms/actors/race/Imperial.Imperial",
  "SkinColorsMapL":{
    "Root DyeColor":{
      "A":1.0,
      "R":0.0047769998200238,
      "G":0.0012140000471845,
      "B":0.0
    },
    "Eyeliner Tone":{
      "A":1.0,
      "R":1.0,
      "G":1.0,
      "B":1.0
    },
    "Tip DyeColor":{
      "A":1.0,
      "R":0.10702300071716,
      "G":0.034340001642704,
      "B":0.0056050000712276
    },
    "Skin Tone":{
      "A":1.0,
      "R":1.0,
      "G":1.0,
      "B":1.0
    },
    "Lipstick Color":{
      "A":1.0,
      "R":0.093058958649635,
      "G":0.0009105809731409,
      "B":0.0097212167456746
    }
  }
}