{
  "Sex":1,
  "HairColorsL":{
    "0":{
      "A":1.0,
      "R":0.021219009533525,
      "G":0.01032982300967,
      "B":0.0060488330200315
    }
  },
  "EyeMaterial":"/Game/Art/Character/Modular/Eyes_Human/MIC_Human_Eyes_Brown2.MIC_Human_Eyes_Brown2",
  "Author":"Bethesda",
  "Date":"2025-06-04 19:33:34",
  "Description":"saved from in-game",
  "Name":"BP_Ashanta_C",
  "ModCreator":"animandan",
  "ModName":"RaceMenuUtilities",
  "FaceBaseMesh":"/Game/Art/Character/Redguard/SK_Redguard_Head_f.SK_Redguard_Head_f",
  "ModVersion":"1.1.0",
  "Body":"SkeletalMesh /Game/Art/Character/Imperial/SK_Imperial_Body_m.SK_Imperial_Body_m",
  "FaceMorphValuesMap":{
    "Nose Nostrils Thin / Wide":-0.28000000119209,
    "Forehead / Sellion / Nose Ratio":0.0,
    "Cheekbones Thin / Wide":-0.73999899625778,
    "Forehead Small / Large":0.0,
    "Chin Recessed / Pronounced":0.0,
    "Brow / Nose / Chin Ratio":-0.49999898672104,
    "Jaw Thin / Wide":-0.45932701230049,
    "Cheeks Gaunt / Round":-0.41999900341034,
    "Chin Backward / Forward":0.0,
    "Chin Thin / Wide":0.0,
    "Forehead Short / Tall":0.0,
    "Face Thin / Wide":0.28000000119209,
    "Brow Ridge Inner Down / Up":0.0,
    "Mouth Underbite / Overbite":-0.44000101089478,
    "Mouth Low / High":0.23999999463558,
    "Vampire":0.0,
    "Face Gaunt / Round":-0.5,
    "Eyes Small / Large":0.60000002384186,
    "Mouth Drawn / Pursed":0.5799999833107,
    "Chin Retracted / Jutting":0.0,
    "Nose Tilt Down / Up":0.43999999761581,
    "Mouth Small / Large":-0.47999998927116,
    "Nose Short / Long":0.19999900460243,
    "Nose Bridge Shallow / Deep":0.81999999284744,
    "Nose Sellion Thin / Wide":0.54000002145767,
    "Mouth Retracted / Protruding":-0.30000001192093,
    "Nose Sellion Shallow / Deep":-0.14000000059605,
    "Jaw Retracted / Jutting":-0.18000000715256,
    "Nose Sellion Down / Up":0.87999999523163,
    "Eyes Inward / Outward":-0.31999999284744,
    "Nose Region Concave / Convex":0.15999999642372,
    "Brow Ridge Outer Down / Up":0.0,
    "Nose Nostrils Small / Large":-0.51999998092651,
    "Eyes Apart / Together":0.11999999731779,
    "Nose Nostrils Tilt Down / Up":0.21999999880791,
    "Nose Flat / Pointed":0.0,
    "Mouth Tilt Down / Up":-0.5,
    "Jaw Concave / Convex":0.74000000953674,
    "Mouth Sad / Happy":-0.79999899864197,
    "Cheekbones Shallow / Pronounced":0.0,
    "Face Light / Heavy":0.14000000059605,
    "Nose Down / Up":-0.21999999880791,
    "Chin Short / Tall":0.0,
    "Eyes Down / Up":-0.23999899625778,
    "Cheeks Concave / Convex":0.47999998927116,
    "Nose Bridge Short / Long":0.28000000119209,
    "Mouth Chin Short / Long":0.0,
    "Nose Sellion Lower Shallow / Deep":-0.55999898910522,
    "Mouth Retracted / Puckered":-0.60000002384186,
    "Hair Length":0.0,
    "Mouth Deflated / Inflated":0.31999999284744,
    "Chin Shallow / Deep":0.0,
    "Jaw Neck Slope Low / High":-0.5,
    "Brow Ridge Low / High":0.0,
    "Cheekbones Low / High":-0.10000000149012,
    "Forehead Back / Forward":-0.31999999284744,
    "Chin Small / Large":0.0
  },
  "Hair":"/Game/Dev/Phenotypes/Hair/HP_HR_PonytailTwist.HP_HR_PonytailTwist",
  "SenescenceLevel":0,
  "APIVersion":"v2",
  "SkinParametersMap":{
    "Complexion":0.0,
    "Cheek Blush Light/Red":0.0,
    "Eyebrows Color Intensity":0.0,
    "Eye socket Bruised/Bright":0.0,
    "Lipstick Amount":0.68913900852203,
    "Root Redness":1.0,
    "Freckles":0.0,
    "Cheekbones Flushed/Pale":1.0,
    "Eyebrows Redness Intensity":0.0,
    "Root Color":1.0,
    "Eyelids Pale/Red":0.0,
    "Tip Color":0.74531799554825,
    "Tip Redness":1.0,
    "Ombre Amount":0.0,
    "Salt And Pepper":0.0,
    "Ombre Constrast":0.0
  },
  "Race":"TESRace /Game/Forms/actors/race/Redguard.Redguard",
  "SkinColorsMapL":{
    "Root DyeColor":{
      "A":1.0,
      "R":1.0,
      "G":1.0,
      "B":1.0
    },
    "Eyeliner Tone":{
      "A":1.0,
      "R":1.0,
      "G":0.51041698455811,
      "B":0.80565798282623
    },
    "Tip DyeColor":{
      "A":1.0,
      "R":1.0,
      "G":1.0,
      "B":1.0
    },
    "Skin Tone":{
      "A":1.0,
      "R":1.0,
      "G":1.0,
      "B":1.0
    },
    "Lipstick Color":{
      "A":1.0,
      "R":0.093058958649635,
      "G":0.0009105809731409,
      "B":0.0097212167456746
    }
  }
}