{
  "Race":"TESRace /Game/Forms/actors/race/HighElf.HighElf",
  "FaceBaseMesh":"/Game/Art/Character/HighElf/SK_HighElf_Head_f.SK_HighElf_Head_f",
  "Date":"2025-06-04 18:53:44",
  "HairColorsL":{
    "0":{
      "B":0.0060488330200315,
      "G":0.01032982300967,
      "R":0.021219009533525,
      "A":1.0
    }
  },
  "SkinParametersMap":{
    "Cheekbones Flushed/Pale":1.0,
    "Eyelids Pale/Red":0.46000000834465,
    "Skin Tint Purple/Yellow":0.11999999731779,
    "Lipstick Amount":-0.0099999997764826,
    "Cheek Blush Light/Red":-0.41999998688698,
    "Skin Dark/Light":0.0,
    "Complexion":0.70479398965836,
    "Salt And Pepper":0.0,
    "Eye Socket Dark/Light":0.0,
    "Eylids Light/Dark":0.18000000715256,
    "Ombre Amount":0.03999999910593,
    "Freckles":-0.62000000476837,
    "Root Color":1.0,
    "Ombre Constrast":-0.11999999731779,
    "Eyeliner Light/Dark":0.23999999463558,
    "Tip Color":0.23999899625778,
    "Eyebrows Redness Intensity":0.019999999552965,
    "Root Redness":0.51999998092651,
    "Skin Tint Orange/Blue":0.0,
    "Eye socket Bruised/Bright":-0.11999999731779,
    "Tip Redness":9.9999999747524e-07,
    "Eyebrows Color Intensity":0.0
  },
  "Sex":1,
  "FaceMorphValuesMap":{
    "Hair Length":0.0,
    "Vampire":0.0,
    "Nose Sellion Down / Up":0.10000000149012,
    "Forehead Back / Forward":0.0,
    "Mouth Deflated / Inflated":0.51999998092651,
    "Chin Backward / Forward":0.0,
    "Eyes Apart / Together":0.74000000953674,
    "Nose Tilt Down / Up":0.0,
    "Mouth Sad / Happy":1.0,
    "Brow Ridge Outer Down / Up":0.0,
    "Nose Sellion Thin / Wide":-0.15999999642372,
    "Nose Short / Long":0.0,
    "Nose Sellion Shallow / Deep":0.0,
    "Brow / Nose / Chin Ratio":0.30000001192093,
    "Chin Small / Large":-0.18000000715256,
    "Nose Flat / Pointed":0.0,
    "Jaw Thin / Wide":0.72000002861023,
    "Nose Nostrils Tilt Down / Up":0.14000000059605,
    "Eyes Inward / Outward":0.0,
    "Cheekbones Shallow / Pronounced":0.0,
    "Nose Nostrils Thin / Wide":-0.20000000298023,
    "Chin Shallow / Deep":-0.31999999284744,
    "Nose Down / Up":0.34000000357628,
    "Nose Bridge Short / Long":0.0,
    "Mouth Tilt Down / Up":-0.86000001430511,
    "Chin Thin / Wide":0.11999999731779,
    "Face Light / Heavy":0.0,
    "Mouth Chin Short / Long":0.0,
    "Jaw Concave / Convex":0.0,
    "Brow Ridge Low / High":0.0,
    "Chin Recessed / Pronounced":0.0,
    "Cheeks Gaunt / Round":0.10000000149012,
    "Face Thin / Wide":-0.46000000834465,
    "Eyes Down / Up":0.0,
    "Jaw Retracted / Jutting":0.0,
    "Chin Short / Tall":-0.54000002145767,
    "Jaw Neck Slope Low / High":0.36000001430511,
    "Nose Bridge Shallow / Deep":0.0,
    "Mouth Retracted / Protruding":0.0,
    "Cheekbones Thin / Wide":-0.41999998688698,
    "Mouth Low / High":0.54000002145767,
    "Mouth Retracted / Puckered":0.0,
    "Mouth Small / Large":0.019999999552965,
    "Forehead Short / Tall":0.31999999284744,
    "Nose Nostrils Small / Large":-0.15999999642372,
    "Chin Retracted / Jutting":0.0,
    "Forehead Small / Large":-0.69999897480011,
    "Cheekbones Low / High":-0.30000001192093,
    "Eyes Small / Large":-0.46000000834465,
    "Cheeks Concave / Convex":0.89999997615814,
    "Brow Ridge Inner Down / Up":0.0,
    "Nose Sellion Lower Shallow / Deep":0.0,
    "Face Gaunt / Round":0.0,
    "Mouth Underbite / Overbite":0.0,
    "Nose Region Concave / Convex":0.0,
    "Forehead / Sellion / Nose Ratio":0.0,
    "Mouth Drawn / Pursed":-0.37999999523163
  },
  "Author":"Bethesda",
  "SkinColorsMapL":{
    "Lipstick Color":{
      "B":0.18116424977779,
      "G":0.35640013217926,
      "R":1.0,
      "A":1.0
    },
    "Tip DyeColor":{
      "B":0.0047769998200238,
      "G":0.012285999953747,
      "R":0.23839800059795,
      "A":1.0
    },
    "Root DyeColor":{
      "B":0.0047769998200238,
      "G":0.012285999953747,
      "R":0.23839800059795,
      "A":1.0
    },
    "Eyeliner Tone":{
      "B":0.066625937819481,
      "G":0.088655583560467,
      "R":0.19120168685913,
      "A":1.0
    },
    "Skin Tone":{
      "B":1.0,
      "G":1.0,
      "R":1.0,
      "A":1.0
    }
  },
  "ModVersion":"1.1.0",
  "EyeMaterial":"/Game/Art/Character/HighElf/MIC_HighElf_Eye.MIC_HighElf_Eye",
  "Body":"SkeletalMesh /Game/Art/Character/Imperial/SK_Imperial_Body_m.SK_Imperial_Body_m",
  "Description":"saved from in-game",
  "SenescenceLevel":2,
  "APIVersion":"v2",
  "ModCreator":"animandan",
  "ModName":"RaceMenuUtilities",
  "Hair":"/Game/Dev/Phenotypes/Hair/HP_Elf_HR_PonyTail.HP_Elf_HR_PonyTail",
  "Name":"BP_Aryarie_C"
}