{
  "Race":"TESRace /Game/Forms/actors/race/Breton.Breton",
  "FaceBaseMesh":"/Game/Art/Character/Breton/SK_Breton_Head_f.SK_Breton_Head_f",
  "Date":"2025-06-04 18:47:50",
  "HairColorsL":{
    "0":{
      "B":0.095307469367981,
      "G":0.2501582801342,
      "R":0.42869049310684,
      "A":1.0
    }
  },
  "SkinParametersMap":{
    "Cheekbones Flushed/Pale":0.059999998658895,
    "Eyelids Pale/Red":0.28000000119209,
    "Skin Tint Purple/Yellow":0.0,
    "Lipstick Amount":0.0,
    "Cheek Blush Light/Red":0.36000001430511,
    "Skin Dark/Light":0.0,
    "Complexion":0.10000000149012,
    "Salt And Pepper":0.0,
    "Eye Socket Dark/Light":0.0,
    "Eylids Light/Dark":0.30000001192093,
    "Ombre Amount":0.0,
    "Freckles":0.0,
    "Root Color":0.10000000149012,
    "Ombre Constrast":0.0,
    "Eyeliner Light/Dark":0.0,
    "Tip Color":0.10000000149012,
    "Eyebrows Redness Intensity":0.0,
    "Root Redness":0.5,
    "Skin Tint Orange/Blue":0.0,
    "Eye socket Bruised/Bright":0.15999999642372,
    "Tip Redness":0.5,
    "Eyebrows Color Intensity":0.0
  },
  "Sex":1,
  "FaceMorphValuesMap":{
    "Hair Length":0.0,
    "Vampire":0.0,
    "Nose Sellion Down / Up":0.62000000476837,
    "Forehead Back / Forward":0.0,
    "Mouth Deflated / Inflated":-0.56000000238419,
    "Chin Backward / Forward":0.0,
    "Eyes Apart / Together":0.31999999284744,
    "Nose Tilt Down / Up":-0.18000000715256,
    "Mouth Sad / Happy":0.46000000834465,
    "Brow Ridge Outer Down / Up":0.5,
    "Nose Sellion Thin / Wide":0.0,
    "Nose Short / Long":0.47999998927116,
    "Nose Sellion Shallow / Deep":0.54000002145767,
    "Brow / Nose / Chin Ratio":0.0,
    "Chin Small / Large":0.56000000238419,
    "Nose Flat / Pointed":0.25999999046326,
    "Jaw Thin / Wide":0.66000002622604,
    "Nose Nostrils Tilt Down / Up":0.23999999463558,
    "Eyes Inward / Outward":0.0,
    "Cheekbones Shallow / Pronounced":0.0,
    "Nose Nostrils Thin / Wide":0.47999998927116,
    "Chin Shallow / Deep":-0.74000000953674,
    "Nose Down / Up":0.0,
    "Nose Bridge Short / Long":0.0,
    "Mouth Tilt Down / Up":0.0,
    "Chin Thin / Wide":0.9200000166893,
    "Face Light / Heavy":0.46000000834465,
    "Mouth Chin Short / Long":0.0,
    "Jaw Concave / Convex":0.0,
    "Brow Ridge Low / High":-0.5,
    "Chin Recessed / Pronounced":0.0,
    "Cheeks Gaunt / Round":0.0,
    "Face Thin / Wide":-0.60000002384186,
    "Eyes Down / Up":0.0,
    "Jaw Retracted / Jutting":0.0,
    "Chin Short / Tall":0.23999999463558,
    "Jaw Neck Slope Low / High":0.019999999552965,
    "Nose Bridge Shallow / Deep":0.0,
    "Mouth Retracted / Protruding":0.0,
    "Cheekbones Thin / Wide":0.0,
    "Mouth Low / High":-0.079999998211861,
    "Mouth Retracted / Puckered":0.0,
    "Mouth Small / Large":-0.019999999552965,
    "Forehead Short / Tall":0.18000000715256,
    "Nose Nostrils Small / Large":0.53999900817871,
    "Chin Retracted / Jutting":0.0,
    "Forehead Small / Large":-0.49999898672104,
    "Cheekbones Low / High":0.0,
    "Eyes Small / Large":0.0,
    "Cheeks Concave / Convex":0.11999999731779,
    "Brow Ridge Inner Down / Up":-0.079999998211861,
    "Nose Sellion Lower Shallow / Deep":0.14000000059605,
    "Face Gaunt / Round":0.0,
    "Mouth Underbite / Overbite":0.0,
    "Nose Region Concave / Convex":0.0,
    "Forehead / Sellion / Nose Ratio":-0.56000000238419,
    "Mouth Drawn / Pursed":0.0
  },
  "Author":"Bethesda",
  "SkinColorsMapL":{
    "Lipstick Color":{
      "B":1.0,
      "G":1.0,
      "R":1.0,
      "A":1.0
    },
    "Tip DyeColor":{
      "B":1.0,
      "G":1.0,
      "R":1.0,
      "A":1.0
    },
    "Root DyeColor":{
      "B":1.0,
      "G":1.0,
      "R":1.0,
      "A":1.0
    },
    "Eyeliner Tone":{
      "B":1.0,
      "G":1.0,
      "R":1.0,
      "A":1.0
    },
    "Skin Tone":{
      "B":1.0,
      "G":1.0,
      "R":1.0,
      "A":1.0
    }
  },
  "ModVersion":"1.1.0",
  "EyeMaterial":"/Game/Art/Character/Modular/Eyes_Human/MIC_Human_Eyes_Yellow1.MIC_Human_Eyes_Yellow1",
  "Body":"SkeletalMesh /Game/Art/Character/Imperial/SK_Imperial_Body_m.SK_Imperial_Body_m",
  "Description":"saved from in-game",
  "SenescenceLevel":21,
  "APIVersion":"v2",
  "ModCreator":"animandan",
  "ModName":"RaceMenuUtilities",
  "Hair":"/Game/Dev/Phenotypes/Hair/HP_HR_PonytailTwist.HP_HR_PonytailTwist",
  "Name":"BP_AdrienneBerene_C"
}