{
  "Race":"TESRace /Game/Forms/actors/race/DarkElf.DarkElf",
  "FaceBaseMesh":"/Game/Art/Character/DarkElf/SK_DarkElf_Head_m.SK_DarkElf_Head_m",
  "Date":"2025-06-04 18:33:49",
  "HairColorsL":{
    "0":{
      "B":0.084376208484173,
      "G":0.14412847161293,
      "R":0.22322796285152,
      "A":1.0
    }
  },
  "SkinParametersMap":{
    "Cheekbones Flushed/Pale":-0.72000002861023,
    "Eyelids Pale/Red":0.77999997138977,
    "Skin Tint Purple/Yellow":0.0,
    "Lipstick Amount":0.029999999329448,
    "Cheek Blush Light/Red":-0.18000000715256,
    "Skin Dark/Light":0.0,
    "Complexion":0.0,
    "Salt And Pepper":0.21999999880791,
    "Eye Socket Dark/Light":0.95999997854233,
    "Eylids Light/Dark":0.0,
    "Ombre Amount":1.0,
    "Freckles":-0.57999902963638,
    "Root Color":0.014980999752879,
    "Ombre Constrast":1.0,
    "Eyeliner Light/Dark":0.0,
    "Tip Color":0.0,
    "Eyebrows Redness Intensity":-0.15999899804592,
    "Root Redness":1.0,
    "Skin Tint Orange/Blue":0.0,
    "Eye socket Bruised/Bright":0.68000000715256,
    "Tip Redness":1.0,
    "Eyebrows Color Intensity":0.69999998807907
  },
  "Sex":0,
  "FaceMorphValuesMap":{
    "Hair Length":0.0,
    "Vampire":0.0,
    "Nose Sellion Down / Up":0.0,
    "Forehead Back / Forward":0.0,
    "Mouth Deflated / Inflated":0.5,
    "Chin Backward / Forward":0.0,
    "Eyes Apart / Together":0.63999998569489,
    "Nose Tilt Down / Up":0.0,
    "Mouth Sad / Happy":0.0,
    "Brow Ridge Outer Down / Up":0.21999999880791,
    "Nose Sellion Thin / Wide":0.40000000596046,
    "Nose Short / Long":0.0,
    "Nose Sellion Shallow / Deep":0.0,
    "Brow / Nose / Chin Ratio":-0.10000000149012,
    "Chin Small / Large":0.0,
    "Nose Flat / Pointed":0.0,
    "Jaw Thin / Wide":0.0,
    "Nose Nostrils Tilt Down / Up":0.0,
    "Eyes Inward / Outward":0.0,
    "Cheekbones Shallow / Pronounced":-0.47999998927116,
    "Nose Nostrils Thin / Wide":0.23999999463558,
    "Chin Shallow / Deep":0.0,
    "Nose Down / Up":-0.77999901771545,
    "Nose Bridge Short / Long":0.0,
    "Mouth Tilt Down / Up":0.0,
    "Chin Thin / Wide":0.0,
    "Face Light / Heavy":0.5,
    "Mouth Chin Short / Long":0.0,
    "Jaw Concave / Convex":0.0,
    "Brow Ridge Low / High":-0.36000001430511,
    "Chin Recessed / Pronounced":0.0,
    "Cheeks Gaunt / Round":0.28000000119209,
    "Face Thin / Wide":-0.6799989938736,
    "Eyes Down / Up":-0.46000000834465,
    "Jaw Retracted / Jutting":0.0,
    "Chin Short / Tall":0.0,
    "Jaw Neck Slope Low / High":0.0,
    "Nose Bridge Shallow / Deep":0.0,
    "Mouth Retracted / Protruding":0.02000099979341,
    "Cheekbones Thin / Wide":0.20000000298023,
    "Mouth Low / High":-0.5,
    "Mouth Retracted / Puckered":0.51999998092651,
    "Mouth Small / Large":-0.43999999761581,
    "Forehead Short / Tall":0.0,
    "Nose Nostrils Small / Large":0.28000000119209,
    "Chin Retracted / Jutting":0.0,
    "Forehead Small / Large":0.37999999523163,
    "Cheekbones Low / High":0.0,
    "Eyes Small / Large":0.0,
    "Cheeks Concave / Convex":0.20000000298023,
    "Brow Ridge Inner Down / Up":-0.37999999523163,
    "Nose Sellion Lower Shallow / Deep":0.0,
    "Face Gaunt / Round":0.0,
    "Mouth Underbite / Overbite":0.0,
    "Nose Region Concave / Convex":0.0,
    "Forehead / Sellion / Nose Ratio":-0.41999998688698,
    "Mouth Drawn / Pursed":0.0
  },
  "Author":"Bethesda",
  "SkinColorsMapL":{
    "Lipstick Color":{
      "B":0.024157632142305,
      "G":0.23455058038235,
      "R":0.004776953253895,
      "A":1.0
    },
    "Tip DyeColor":{
      "B":0.057291999459267,
      "G":0.21303899586201,
      "R":1.0,
      "A":1.0
    },
    "Root DyeColor":{
      "B":1.0,
      "G":1.0,
      "R":1.0,
      "A":1.0
    },
    "Eyeliner Tone":{
      "B":1.0,
      "G":1.0,
      "R":1.0,
      "A":1.0
    },
    "Skin Tone":{
      "B":0.26771399378777,
      "G":0.45358699560165,
      "R":0.72395801544189,
      "A":1.0
    }
  },
  "ModVersion":"1.1.0",
  "Body":"SkeletalMesh /Game/Art/Character/Imperial/SK_Imperial_Body_m.SK_Imperial_Body_m",
  "Description":"saved from in-game",
  "SenescenceLevel":3,
  "APIVersion":"v2",
  "ModCreator":"animandan",
  "ModName":"RaceMenuUtilities",
  "Hair":"/Game/Dev/Phenotypes/Hair/HP_Breton_HR_Tonsure.HP_Breton_HR_Tonsure",
  "Name":"BP_ArvinDalvilu_C"
}