{
  "APIVersion":"v2",
  "SkinParametersMap":{
    "Tip Color":0.80000001192093,
    "Ombre Constrast":1.0,
    "Complexion":0.73408198356628,
    "Ombre Amount":1.0,
    "Lipstick Amount":0.014999999664724,
    "Salt And Pepper":0.0,
    "Skin Dark/Light":-0.75999999046326,
    "Root Redness":0.5,
    "Eye socket Bruised/Bright":0.9200000166893,
    "Freckles":-0.6799989938736,
    "Eyeliner Light/Dark":0.0,
    "Eyebrows Redness Intensity":1.0,
    "Eye Socket Dark/Light":0.81999999284744,
    "Eyebrows Color Intensity":0.41947600245476,
    "Root Color":0.10000000149012,
    "Cheek Blush Light/Red":-0.5,
    "Eylids Light/Dark":0.0,
    "Skin Tint Orange/Blue":-0.40000000596046,
    "Tip Redness":0.5,
    "Cheekbones Flushed/Pale":0.0,
    "Eyelids Pale/Red":0.0,
    "Skin Tint Purple/Yellow":0.60000002384186
  },
  "Author":"Bethesda",
  "Race":"TESRace /Game/Forms/actors/race/DarkElf.DarkElf",
  "HairColorsL":{
    "0":{
      "R":0.021219009533525,
      "G":0.01032982300967,
      "B":0.0060488330200315,
      "A":1.0
    }
  },
  "Body":"SkeletalMesh /Game/Art/Character/Imperial/SK_Imperial_Body_m.SK_Imperial_Body_m",
  "Date":"2025-06-04 19:28:02",
  "SkinColorsMapL":{
    "Root DyeColor":{
      "R":1.0,
      "G":1.0,
      "B":1.0,
      "A":1.0
    },
    "Lipstick Color":{
      "R":0.093058958649635,
      "G":0.0009105809731409,
      "B":0.0097212167456746,
      "A":1.0
    },
    "Tip DyeColor":{
      "R":0.56471198797226,
      "G":0.35640001296997,
      "B":0.074213996529579,
      "A":1.0
    },
    "Skin Tone":{
      "R":1.0,
      "G":1.0,
      "B":1.0,
      "A":1.0
    },
    "Eyeliner Tone":{
      "R":1.0,
      "G":1.0,
      "B":1.0,
      "A":1.0
    }
  },
  "ModCreator":"animandan",
  "Sex":0,
  "ModName":"RaceMenuUtilities",
  "EyeMaterial":"/Game/Art/Character/Modular/MIC_ME_DarkElf.MIC_ME_DarkElf",
  "ModVersion":"1.1.0",
  "FaceBaseMesh":"/Game/Art/Character/DarkElf/SK_DarkElf_Head_m.SK_DarkElf_Head_m",
  "Hair":"/Game/Dev/Phenotypes/Hair/HP_Elf_HR_Braid.HP_Elf_HR_Braid",
  "Description":"saved from in-game",
  "SenescenceLevel":4,
  "FaceMorphValuesMap":{
    "Face Gaunt / Round":0.0,
    "Nose Short / Long":0.0,
    "Nose Tilt Down / Up":0.0,
    "Mouth Sad / Happy":0.23999999463558,
    "Mouth Retracted / Protruding":0.0,
    "Chin Short / Tall":0.0,
    "Cheekbones Low / High":0.0,
    "Nose Nostrils Tilt Down / Up":0.0,
    "Mouth Deflated / Inflated":0.36000001430511,
    "Hair Length":0.0,
    "Nose Sellion Shallow / Deep":0.0,
    "Chin Shallow / Deep":0.0,
    "Jaw Concave / Convex":0.0,
    "Brow Ridge Low / High":-0.20000000298023,
    "Chin Recessed / Pronounced":0.0,
    "Mouth Tilt Down / Up":-0.6799989938736,
    "Nose Sellion Thin / Wide":0.0,
    "Cheeks Gaunt / Round":0.20000000298023,
    "Nose Sellion Lower Shallow / Deep":0.0,
    "Nose Sellion Down / Up":0.0,
    "Cheeks Concave / Convex":0.0,
    "Nose Region Concave / Convex":0.0,
    "Eyes Inward / Outward":0.0,
    "Nose Nostrils Thin / Wide":0.0,
    "Brow Ridge Inner Down / Up":-0.18000000715256,
    "Eyes Apart / Together":0.5,
    "Mouth Underbite / Overbite":0.0,
    "Chin Retracted / Jutting":0.0,
    "Brow / Nose / Chin Ratio":-0.27999898791313,
    "Nose Bridge Short / Long":0.41999998688698,
    "Mouth Low / High":-0.30000001192093,
    "Forehead Small / Large":-0.20000000298023,
    "Nose Bridge Shallow / Deep":0.0,
    "Eyes Small / Large":0.36000001430511,
    "Forehead / Sellion / Nose Ratio":-0.62000000476837,
    "Mouth Chin Short / Long":0.0,
    "Forehead Short / Tall":0.0,
    "Eyes Down / Up":0.0,
    "Vampire":0.0,
    "Mouth Retracted / Puckered":0.18000000715256,
    "Jaw Retracted / Jutting":0.0,
    "Mouth Drawn / Pursed":0.0,
    "Cheekbones Thin / Wide":0.0,
    "Nose Down / Up":-0.69999998807907,
    "Jaw Neck Slope Low / High":0.0,
    "Chin Thin / Wide":0.81999999284744,
    "Cheekbones Shallow / Pronounced":0.0,
    "Nose Nostrils Small / Large":0.0,
    "Nose Flat / Pointed":0.0,
    "Face Thin / Wide":-0.61999899148941,
    "Chin Backward / Forward":-0.41999998688698,
    "Face Light / Heavy":0.0,
    "Mouth Small / Large":0.0,
    "Forehead Back / Forward":0.0,
    "Jaw Thin / Wide":0.46000000834465,
    "Brow Ridge Outer Down / Up":0.21999999880791,
    "Chin Small / Large":0.0
  },
  "Name":"BP_ArenaICBlueTeamGladiator_C"
}