{
  "Sex":0,
  "HairColorsL":{
    "0":{
      "A":1.0,
      "R":0.22322796285152,
      "G":0.14412847161293,
      "B":0.084376208484173
    }
  },
  "Author":"Bethesda",
  "Date":"2025-06-04 19:33:26",
  "Description":"saved from in-game",
  "Name":"BP_AndelIndarys_C",
  "ModCreator":"animandan",
  "ModName":"RaceMenuUtilities",
  "FaceBaseMesh":"/Game/Art/Character/DarkElf/SK_DarkElf_Head_m.SK_DarkElf_Head_m",
  "Body":"SkeletalMesh /Game/Art/Character/Imperial/SK_Imperial_Body_m.SK_Imperial_Body_m",
  "Race":"TESRace /Game/Forms/actors/race/DarkElf.DarkElf",
  "FaceMorphValuesMap":{
    "Nose Nostrils Thin / Wide":0.36000001430511,
    "Forehead / Sellion / Nose Ratio":0.72000002861023,
    "Cheekbones Thin / Wide":-0.49999898672104,
    "Forehead Small / Large":0.56000000238419,
    "Chin Recessed / Pronounced":0.0,
    "Brow / Nose / Chin Ratio":-0.20000000298023,
    "Jaw Thin / Wide":0.46000000834465,
    "Cheeks Gaunt / Round":0.18000000715256,
    "Chin Backward / Forward":-0.47999998927116,
    "Chin Thin / Wide":0.54000002145767,
    "Forehead Short / Tall":0.72000002861023,
    "Face Thin / Wide":0.86000001430511,
    "Brow Ridge Inner Down / Up":0.11999999731779,
    "Mouth Underbite / Overbite":0.0,
    "Mouth Low / High":-0.55999898910522,
    "Vampire":0.0,
    "Face Gaunt / Round":0.0,
    "Eyes Small / Large":0.0,
    "Mouth Drawn / Pursed":0.0,
    "Chin Retracted / Jutting":0.0,
    "Nose Tilt Down / Up":0.0,
    "Mouth Small / Large":-0.30000001192093,
    "Nose Short / Long":0.0,
    "Nose Bridge Shallow / Deep":0.0,
    "Nose Sellion Thin / Wide":0.0,
    "Mouth Retracted / Protruding":-0.43999999761581,
    "Nose Sellion Shallow / Deep":0.0,
    "Jaw Retracted / Jutting":0.0,
    "Nose Sellion Down / Up":0.0,
    "Eyes Inward / Outward":0.0,
    "Nose Region Concave / Convex":0.0,
    "Brow Ridge Outer Down / Up":-0.3199990093708,
    "Nose Nostrils Small / Large":0.0,
    "Eyes Apart / Together":0.0,
    "Nose Nostrils Tilt Down / Up":0.0,
    "Nose Flat / Pointed":0.0,
    "Mouth Tilt Down / Up":0.0,
    "Jaw Concave / Convex":0.5,
    "Mouth Sad / Happy":0.0,
    "Cheekbones Shallow / Pronounced":0.0,
    "Face Light / Heavy":0.28000000119209,
    "Nose Down / Up":-0.47999998927116,
    "Chin Short / Tall":-0.10000000149012,
    "Eyes Down / Up":-0.31999999284744,
    "Cheeks Concave / Convex":0.36000001430511,
    "Nose Bridge Short / Long":0.0,
    "Mouth Chin Short / Long":0.0,
    "Nose Sellion Lower Shallow / Deep":0.0,
    "Mouth Retracted / Puckered":-0.079999998211861,
    "Hair Length":0.0,
    "Mouth Deflated / Inflated":0.0,
    "Chin Shallow / Deep":0.0,
    "Jaw Neck Slope Low / High":0.31999999284744,
    "Brow Ridge Low / High":-0.37999999523163,
    "Cheekbones Low / High":0.0,
    "Forehead Back / Forward":0.0,
    "Chin Small / Large":0.43999999761581
  },
  "Hair":"/Game/Dev/Phenotypes/Hair/HP_DarkElf_HR_Mohawk.HP_DarkElf_HR_Mohawk",
  "SkinParametersMap":{
    "Complexion":0.0,
    "Ombre Constrast":0.0,
    "Eye socket Bruised/Bright":0.69999998807907,
    "Root Redness":0.5,
    "Eyebrows Redness Intensity":0.0,
    "Root Color":0.10000000149012,
    "Eylids Light/Dark":0.0,
    "Cheek Blush Light/Red":0.60000002384186,
    "Eyebrows Color Intensity":0.0,
    "Cheekbones Flushed/Pale":0.46000000834465,
    "Lipstick Amount":0.0,
    "Skin Tint Orange/Blue":0.0,
    "Freckles":-0.10000000149012,
    "Ombre Amount":0.0,
    "Tip Redness":0.5,
    "Skin Tint Purple/Yellow":0.15999999642372,
    "Eyelids Pale/Red":0.56000000238419,
    "Tip Color":0.10000000149012,
    "Eyeliner Light/Dark":0.0,
    "Eye Socket Dark/Light":0.62000000476837,
    "Salt And Pepper":0.0,
    "Skin Dark/Light":0.0
  },
  "APIVersion":"v2",
  "SenescenceLevel":0,
  "ModVersion":"1.1.0",
  "SkinColorsMapL":{
    "Root DyeColor":{
      "A":1.0,
      "R":0.0,
      "G":0.0,
      "B":0.0
    },
    "Eyeliner Tone":{
      "A":1.0,
      "R":1.0,
      "G":1.0,
      "B":1.0
    },
    "Tip DyeColor":{
      "A":1.0,
      "R":0.0,
      "G":0.0,
      "B":0.0
    },
    "Skin Tone":{
      "A":1.0,
      "R":0.72916698455811,
      "G":0.72916698455811,
      "B":0.72916698455811
    },
    "Lipstick Color":{
      "A":1.0,
      "R":1.0,
      "G":1.0,
      "B":1.0
    }
  }
}