{
  "APIVersion":"v2",
  "SkinParametersMap":{
    "Eye Socket Dark/Light":0.86000001430511,
    "Eyelids Pale/Red":0.83999997377396,
    "Lipstick Amount":-0.18000000715256,
    "Eyeliner Light/Dark":0.75999999046326,
    "Complexion":0.0,
    "Khajiit Pattern Number":1.0,
    "Hair Desaturation for Khajiit":0.0,
    "Eylids Light/Dark":-0.18000000715256,
    "Eye socket Bruised/Bright":0.89999997615814
  },
  "Author":"Bethesda",
  "Race":"TESRace /Game/Forms/actors/race/Khajiit.Khajiit",
  "HairColorsL":{
    "0":{
      "R":0.0,
      "G":0.0,
      "B":0.0,
      "A":1.0
    }
  },
  "Body":"SkeletalMesh /Game/Art/Character/Imperial/SK_Imperial_Body_m.SK_Imperial_Body_m",
  "Date":"2025-06-04 19:28:38",
  "SkinColorsMapL":{
    "Color 3":{
      "R":1.0,
      "G":1.0,
      "B":1.0,
      "A":1.0
    },
    "Eyeliner Tone":{
      "R":1.0,
      "G":1.0,
      "B":1.0,
      "A":1.0
    },
    "Color 2":{
      "R":0.201556250453,
      "G":0.11697066575289,
      "B":0.11697066575289,
      "A":1.0
    },
    "Color 1":{
      "R":0.72305500507355,
      "G":0.38202500343323,
      "B":0.1384319961071,
      "A":1.0
    }
  },
  "Sex":1,
  "ModCreator":"animandan",
  "ModVersion":"1.1.0",
  "ModName":"RaceMenuUtilities",
  "FaceBaseMesh":"/Game/Art/Character/Khajiit/SK_Khajiit_Head_f.SK_Khajiit_Head_f",
  "Hair":"/Game/Dev/Phenotypes/Hair/HP_Khajiit_HR_HeadBand.HP_Khajiit_HR_HeadBand",
  "Description":"saved from in-game",
  "SenescenceLevel":1,
  "FaceMorphValuesMap":{
    "Face Gaunt / Round":-0.60000002384186,
    "Nose Short / Long":0.63999998569489,
    "Nose Tilt Down / Up":0.25999900698662,
    "Mouth Sad / Happy":-0.11999999731779,
    "Mouth Retracted / Protruding":-0.080000996589661,
    "Chin Short / Tall":-0.5,
    "Cheekbones Low / High":-0.40000000596046,
    "Nose Nostrils Tilt Down / Up":0.03999999910593,
    "Mouth Deflated / Inflated":0.83999997377396,
    "Hair Length":0.0,
    "Nose Sellion Shallow / Deep":0.43999999761581,
    "Chin Shallow / Deep":0.80000001192093,
    "Jaw Concave / Convex":0.80000001192093,
    "Brow Ridge Low / High":-0.18000000715256,
    "Chin Recessed / Pronounced":-0.03999999910593,
    "Mouth Tilt Down / Up":0.9200000166893,
    "Nose Sellion Thin / Wide":-0.73999899625778,
    "Cheeks Gaunt / Round":-0.15999799966812,
    "Nose Sellion Lower Shallow / Deep":0.56000000238419,
    "Nose Sellion Down / Up":0.10000000149012,
    "Cheeks Concave / Convex":-0.80000001192093,
    "Nose Region Concave / Convex":0.019999999552965,
    "Eyes Inward / Outward":0.80000001192093,
    "Nose Nostrils Thin / Wide":0.93999999761581,
    "Brow Ridge Inner Down / Up":0.41999998688698,
    "Eyes Apart / Together":0.83999997377396,
    "Mouth Underbite / Overbite":0.81999999284744,
    "Chin Retracted / Jutting":0.80000001192093,
    "Brow / Nose / Chin Ratio":-0.46000000834465,
    "Nose Bridge Short / Long":0.81999999284744,
    "Mouth Low / High":-0.28000000119209,
    "Forehead Small / Large":0.36000001430511,
    "Nose Bridge Shallow / Deep":0.15999999642372,
    "Eyes Small / Large":-0.9200000166893,
    "Forehead / Sellion / Nose Ratio":0.11999999731779,
    "Mouth Chin Short / Long":0.80000001192093,
    "Forehead Short / Tall":0.41999998688698,
    "Eyes Down / Up":0.54000002145767,
    "Vampire":0.0,
    "Mouth Retracted / Puckered":-0.060001999139786,
    "Jaw Retracted / Jutting":-0.13999900221825,
    "Mouth Drawn / Pursed":-0.46000099182129,
    "Cheekbones Thin / Wide":0.12000100314617,
    "Nose Down / Up":0.0,
    "Jaw Neck Slope Low / High":-0.36000001430511,
    "Chin Thin / Wide":0.47999998927116,
    "Cheekbones Shallow / Pronounced":0.28000000119209,
    "Nose Nostrils Small / Large":-0.69999897480011,
    "Nose Flat / Pointed":0.63999998569489,
    "Face Thin / Wide":-0.81999999284744,
    "Chin Backward / Forward":-0.27999898791313,
    "Face Light / Heavy":-0.80000001192093,
    "Mouth Small / Large":-0.77999997138977,
    "Forehead Back / Forward":0.80000001192093,
    "Jaw Thin / Wide":0.10000099986792,
    "Brow Ridge Outer Down / Up":0.37999999523163,
    "Chin Small / Large":0.059999998658895
  },
  "Name":"BP_Ashni_C"
}