{
  "Sex":0,
  "HairColorsL":{
    "0":{
      "A":1.0,
      "R":1.0,
      "G":1.0,
      "B":1.0
    }
  },
  "EyeMaterial":"/Game/Art/Character/Modular/Eyes_Human/MIC_Human_Eyes_Green2.MIC_Human_Eyes_Green2",
  "Author":"Bethesda",
  "Date":"2025-06-04 19:33:59",
  "Description":"saved from in-game",
  "Name":"BP_AnvilGuardCityPatrolDay02_C",
  "ModCreator":"animandan",
  "ModName":"RaceMenuUtilities",
  "FaceBaseMesh":"/Game/Art/Character/Imperial/SK_Imperial_Head_m.SK_Imperial_Head_m",
  "ModVersion":"1.1.0",
  "Body":"SkeletalMesh /Game/Art/Character/Imperial/SK_Imperial_Body_m.SK_Imperial_Body_m",
  "FaceMorphValuesMap":{
    "Nose Nostrils Thin / Wide":0.0,
    "Forehead / Sellion / Nose Ratio":-0.13861900568008,
    "Cheekbones Thin / Wide":0.38321000337601,
    "Forehead Small / Large":-0.77607297897339,
    "Chin Recessed / Pronounced":0.0,
    "Brow / Nose / Chin Ratio":0.17113000154495,
    "Jaw Thin / Wide":0.12322799861431,
    "Cheeks Gaunt / Round":-0.12302800267935,
    "Chin Backward / Forward":0.0,
    "Chin Thin / Wide":0.0,
    "Forehead Short / Tall":-0.51197600364685,
    "Face Thin / Wide":-0.16745199263096,
    "Brow Ridge Inner Down / Up":-0.3038469851017,
    "Mouth Underbite / Overbite":-0.0095809996128082,
    "Mouth Low / High":-0.44513300061226,
    "Vampire":0.0,
    "Face Gaunt / Round":0.23999999463558,
    "Eyes Small / Large":0.0,
    "Mouth Drawn / Pursed":0.10572200268507,
    "Chin Retracted / Jutting":0.0,
    "Nose Tilt Down / Up":0.0,
    "Mouth Small / Large":0.20000000298023,
    "Nose Short / Long":0.25999999046326,
    "Nose Bridge Shallow / Deep":0.46000000834465,
    "Nose Sellion Thin / Wide":0.0,
    "Mouth Retracted / Protruding":-0.29048299789429,
    "Nose Sellion Shallow / Deep":0.0,
    "Jaw Retracted / Jutting":0.1754350066185,
    "Nose Sellion Down / Up":0.0,
    "Eyes Inward / Outward":0.23077499866486,
    "Nose Region Concave / Convex":0.0,
    "Brow Ridge Outer Down / Up":0.48888200521469,
    "Nose Nostrils Small / Large":0.0,
    "Eyes Apart / Together":0.47999998927116,
    "Nose Nostrils Tilt Down / Up":0.0,
    "Nose Flat / Pointed":0.0,
    "Mouth Tilt Down / Up":-0.17964999377728,
    "Jaw Concave / Convex":0.30968400835991,
    "Mouth Sad / Happy":0.26787599921227,
    "Cheekbones Shallow / Pronounced":-0.30547198653221,
    "Face Light / Heavy":0.036329999566078,
    "Nose Down / Up":0.0,
    "Chin Short / Tall":0.0,
    "Eyes Down / Up":-0.51090902090073,
    "Cheeks Concave / Convex":-0.39382100105286,
    "Nose Bridge Short / Long":0.66000002622604,
    "Mouth Chin Short / Long":0.02747100032866,
    "Nose Sellion Lower Shallow / Deep":0.0,
    "Mouth Retracted / Puckered":0.45585998892784,
    "Hair Length":0.0,
    "Mouth Deflated / Inflated":0.68474400043488,
    "Chin Shallow / Deep":0.0,
    "Jaw Neck Slope Low / High":0.090983003377914,
    "Brow Ridge Low / High":-0.20000000298023,
    "Cheekbones Low / High":0.094265997409821,
    "Forehead Back / Forward":-0.020906999707222,
    "Chin Small / Large":0.0
  },
  "Hair":"/Game/Dev/Phenotypes/Hair/HP_HR_Cropped.HP_HR_Cropped",
  "SenescenceLevel":7,
  "APIVersion":"v2",
  "SkinParametersMap":{
    "Complexion":0.0,
    "Ombre Constrast":0.0,
    "Eye socket Bruised/Bright":0.0,
    "Root Redness":0.0,
    "Khajiit Pattern Number":0.0,
    "Eyebrows Redness Intensity":0.0,
    "Root Color":0.0,
    "Cheek Blush Light/Red":0.0,
    "Eyebrows Color Intensity":0.68913900852203,
    "Cheekbones Flushed/Pale":0.0,
    "Lipstick Amount":0.0,
    "Tip Redness":0.0,
    "Eyelids Pale/Red":0.0,
    "Tip Color":0.10000000149012,
    "Ombre Amount":1.0,
    "Salt And Pepper":0.0,
    "Freckles":0.0
  },
  "Race":"TESRace /Game/Forms/actors/race/Imperial.Imperial",
  "SkinColorsMapL":{
    "Root DyeColor":{
      "A":1.0,
      "R":1.0,
      "G":1.0,
      "B":1.0
    },
    "Eyeliner Tone":{
      "A":1.0,
      "R":1.0,
      "G":1.0,
      "B":1.0
    },
    "Tip DyeColor":{
      "A":1.0,
      "R":1.0,
      "G":1.0,
      "B":1.0
    },
    "Skin Tone":{
      "A":1.0,
      "R":1.0,
      "G":1.0,
      "B":1.0
    },
    "Lipstick Color":{
      "A":1.0,
      "R":0.093058958649635,
      "G":0.0009105809731409,
      "B":0.0097212167456746
    }
  }
}