{
  "APIVersion":"v2",
  "SkinParametersMap":{
    "Tip Color":0.19475699961185,
    "Ombre Constrast":0.0,
    "Eyebrows Color Intensity":0.64419502019882,
    "Ombre Amount":1.0,
    "Salt And Pepper":0.0,
    "Freckles":0.0,
    "Eyebrows Redness Intensity":0.0,
    "Root Color":0.0,
    "Complexion":0.0,
    "Lipstick Amount":0.0,
    "Cheek Blush Light/Red":0.0,
    "Root Redness":0.0,
    "Khajiit Pattern Number":0.0,
    "Tip Redness":0.0,
    "Cheekbones Flushed/Pale":0.0,
    "Eyelids Pale/Red":0.0,
    "Eye socket Bruised/Bright":0.0
  },
  "Author":"Bethesda",
  "Race":"TESRace /Game/Forms/actors/race/Orc.Orc",
  "HairColorsL":{
    "0":{
      "R":0.10416699945927,
      "G":0.070597998797894,
      "B":0.044488001614809,
      "A":1.0
    }
  },
  "Body":"SkeletalMesh /Game/Art/Character/Imperial/SK_Imperial_Body_m.SK_Imperial_Body_m",
  "Date":"2025-06-04 19:27:57",
  "SkinColorsMapL":{
    "Root DyeColor":{
      "R":1.0,
      "G":1.0,
      "B":1.0,
      "A":1.0
    },
    "Eyeliner Tone":{
      "R":1.0,
      "G":1.0,
      "B":1.0,
      "A":1.0
    },
    "Lipstick Color":{
      "R":1.0,
      "G":1.0,
      "B":1.0,
      "A":1.0
    },
    "Skin Tone":{
      "R":1.0,
      "G":1.0,
      "B":1.0,
      "A":1.0
    },
    "Tip DyeColor":{
      "R":1.0,
      "G":1.0,
      "B":1.0,
      "A":1.0
    }
  },
  "Sex":0,
  "ModCreator":"animandan",
  "ModVersion":"1.1.0",
  "ModName":"RaceMenuUtilities",
  "FaceBaseMesh":"/Game/Art/Character/Orc/SK_Orc_Head_m.SK_Orc_Head_m",
  "Hair":"/Game/Dev/Phenotypes/Hair/HP_Orc_HR_Topknot.HP_Orc_HR_Topknot",
  "Description":"saved from in-game",
  "SenescenceLevel":1,
  "FaceMorphValuesMap":{
    "Face Gaunt / Round":-0.39306876063347,
    "Nose Short / Long":0.0,
    "Nose Tilt Down / Up":0.0,
    "Mouth Sad / Happy":-0.11057802289724,
    "Mouth Retracted / Protruding":-0.093417845666409,
    "Chin Short / Tall":-0.10532689094543,
    "Cheekbones Low / High":-0.17799995839596,
    "Nose Nostrils Tilt Down / Up":-0.069981701672077,
    "Mouth Deflated / Inflated":0.3004025220871,
    "Hair Length":0.0,
    "Nose Sellion Shallow / Deep":0.0,
    "Chin Shallow / Deep":-0.070240922272205,
    "Jaw Concave / Convex":-0.11904865503311,
    "Brow Ridge Low / High":-0.010494999587536,
    "Chin Recessed / Pronounced":0.26693910360336,
    "Mouth Tilt Down / Up":-0.49904099106789,
    "Nose Sellion Thin / Wide":0.0,
    "Cheeks Gaunt / Round":-0.2952296435833,
    "Nose Sellion Lower Shallow / Deep":0.0,
    "Nose Sellion Down / Up":-0.042535744607449,
    "Cheeks Concave / Convex":-0.65020602941513,
    "Nose Region Concave / Convex":-0.11935823410749,
    "Eyes Inward / Outward":0.11959601938725,
    "Nose Nostrils Thin / Wide":0.34313210844994,
    "Brow Ridge Inner Down / Up":-0.43065100908279,
    "Eyes Apart / Together":-0.19304618239403,
    "Mouth Underbite / Overbite":0.24073800444603,
    "Chin Retracted / Jutting":0.41679626703262,
    "Brow / Nose / Chin Ratio":0.10961142927408,
    "Nose Bridge Short / Long":-0.0020219625439495,
    "Mouth Low / High":0.50567245483398,
    "Forehead Small / Large":-0.38478592038155,
    "Nose Bridge Shallow / Deep":-0.22923389077187,
    "Eyes Small / Large":-0.18659299612045,
    "Forehead / Sellion / Nose Ratio":-0.23474192619324,
    "Mouth Chin Short / Long":0.23006300628185,
    "Forehead Short / Tall":0.42066127061844,
    "Eyes Down / Up":1.0,
    "Vampire":0.0,
    "Mouth Retracted / Puckered":-0.28404298424721,
    "Jaw Retracted / Jutting":-0.10111699253321,
    "Mouth Drawn / Pursed":0.1608075350523,
    "Cheekbones Thin / Wide":0.45556199550629,
    "Nose Down / Up":-0.27730941772461,
    "Jaw Neck Slope Low / High":-0.20637142658234,
    "Chin Thin / Wide":-0.26991677284241,
    "Cheekbones Shallow / Pronounced":0.13037246465683,
    "Nose Nostrils Small / Large":0.35028502345085,
    "Nose Flat / Pointed":-0.11221542209387,
    "Face Thin / Wide":-0.080862909555435,
    "Chin Backward / Forward":-0.12370309978724,
    "Face Light / Heavy":0.3725848197937,
    "Mouth Small / Large":-0.089354999363422,
    "Forehead Back / Forward":0.27452632784843,
    "Jaw Thin / Wide":0.090046279132366,
    "Brow Ridge Outer Down / Up":-0.70870798826218,
    "Chin Small / Large":0.14353163540363
  },
  "Name":"BP_AdventurerOrcWarrior03_C"
}