{
  "Race":"TESRace /Game/Forms/actors/race/WoodElf.WoodElf",
  "FaceBaseMesh":"/Game/Art/Character/WoodElf/SK_WoodElf_Head_m.SK_WoodElf_Head_m",
  "Date":"2025-06-04 18:38:07",
  "HairColorsL":{
    "0":{
      "B":0.16826939582825,
      "G":0.29177063703537,
      "R":0.44520118832588,
      "A":1.0
    }
  },
  "SkinParametersMap":{
    "Cheekbones Flushed/Pale":0.62546801567078,
    "Eyelids Pale/Red":0.0,
    "Freckles":0.0,
    "Eyebrows Redness Intensity":0.0,
    "Lipstick Amount":0.0,
    "Ombre Amount":0.0,
    "Root Color":1.0,
    "Cheek Blush Light/Red":0.64044898748398,
    "Root Redness":0.0,
    "Tip Color":0.29962599277496,
    "Eye socket Bruised/Bright":0.0,
    "Complexion":0.31460699439049,
    "Salt And Pepper":0.13483099639416,
    "Eyebrows Color Intensity":0.40449500083923,
    "Tip Redness":0.0,
    "Ombre Constrast":0.0
  },
  "Sex":0,
  "FaceMorphValuesMap":{
    "Hair Length":0.0,
    "Vampire":0.0,
    "Nose Sellion Down / Up":0.2180382758379,
    "Forehead Back / Forward":-0.10438265651464,
    "Mouth Deflated / Inflated":-0.21999999880791,
    "Chin Backward / Forward":-0.2200014591217,
    "Eyes Apart / Together":0.0,
    "Nose Tilt Down / Up":0.0,
    "Mouth Sad / Happy":0.0,
    "Brow Ridge Outer Down / Up":0.77999997138977,
    "Nose Sellion Thin / Wide":0.87999999523163,
    "Nose Short / Long":0.5,
    "Nose Sellion Shallow / Deep":-0.23999999463558,
    "Brow / Nose / Chin Ratio":0.10000000149012,
    "Chin Small / Large":0.18000000715256,
    "Nose Flat / Pointed":-0.12204122543335,
    "Jaw Thin / Wide":0.51999998092651,
    "Nose Nostrils Tilt Down / Up":0.1260714828968,
    "Eyes Inward / Outward":0.0,
    "Cheekbones Shallow / Pronounced":0.0,
    "Nose Nostrils Thin / Wide":0.56000000238419,
    "Chin Shallow / Deep":0.43999999761581,
    "Nose Down / Up":-0.81999999284744,
    "Nose Bridge Short / Long":0.18000000715256,
    "Mouth Tilt Down / Up":0.0,
    "Chin Thin / Wide":0.21999999880791,
    "Face Light / Heavy":-0.47999998927116,
    "Mouth Chin Short / Long":0.0,
    "Jaw Concave / Convex":0.98000001907349,
    "Brow Ridge Low / High":-0.49000000953674,
    "Chin Recessed / Pronounced":0.16268549859524,
    "Cheeks Gaunt / Round":0.30000001192093,
    "Face Thin / Wide":0.62000000476837,
    "Eyes Down / Up":0.0,
    "Jaw Retracted / Jutting":-0.20000000298023,
    "Chin Short / Tall":-0.41999998688698,
    "Jaw Neck Slope Low / High":0.25440698862076,
    "Nose Bridge Shallow / Deep":0.76344001293182,
    "Mouth Retracted / Protruding":0.0,
    "Cheekbones Thin / Wide":-0.23999999463558,
    "Mouth Low / High":0.0,
    "Mouth Retracted / Puckered":0.0,
    "Mouth Small / Large":0.89999997615814,
    "Forehead Short / Tall":0.47999998927116,
    "Nose Nostrils Small / Large":-0.33964312076569,
    "Chin Retracted / Jutting":0.065372660756111,
    "Forehead Small / Large":0.016460999846458,
    "Cheekbones Low / High":0.66000002622604,
    "Eyes Small / Large":0.0,
    "Cheeks Concave / Convex":0.23999999463558,
    "Brow Ridge Inner Down / Up":0.096248000860214,
    "Nose Sellion Lower Shallow / Deep":0.0,
    "Face Gaunt / Round":-0.37999999523163,
    "Mouth Underbite / Overbite":0.0,
    "Nose Region Concave / Convex":0.018189979717135,
    "Forehead / Sellion / Nose Ratio":-0.37419998645782,
    "Mouth Drawn / Pursed":0.93999999761581
  },
  "Author":"Bethesda",
  "SkinColorsMapL":{
    "Lipstick Color":{
      "B":0.0097212167456746,
      "G":0.0009105809731409,
      "R":0.093058958649635,
      "A":1.0
    },
    "Skin Tone":{
      "B":1.0,
      "G":1.0,
      "R":1.0,
      "A":1.0
    },
    "Root DyeColor":{
      "B":1.0,
      "G":1.0,
      "R":1.0,
      "A":1.0
    },
    "Tip DyeColor":{
      "B":1.0,
      "G":1.0,
      "R":1.0,
      "A":1.0
    },
    "Eyeliner Tone":{
      "B":1.0,
      "G":1.0,
      "R":1.0,
      "A":1.0
    }
  },
  "ModVersion":"1.1.0",
  "EyeMaterial":"/Game/Art/Character/Modular/Eyes_WoodElf/MIC_WoodElf_Eyes_Black.MIC_WoodElf_Eyes_Black",
  "Body":"SkeletalMesh /Game/Art/Character/Imperial/SK_Imperial_Body_m.SK_Imperial_Body_m",
  "Description":"saved from in-game",
  "SenescenceLevel":7,
  "APIVersion":"v2",
  "ModCreator":"animandan",
  "ModName":"RaceMenuUtilities",
  "Hair":"/Game/Dev/Phenotypes/Hair/HP_Human_HR_MessyBalding.HP_Human_HR_MessyBalding",
  "Name":"BP_Athragar_C"
}