{
  "APIVersion":"v2",
  "SkinParametersMap":{
    "Tip Color":0.10000000149012,
    "Ombre Constrast":0.0,
    "Complexion":0.0,
    "Ombre Amount":0.0,
    "Khajiit Pattern Number":0.0,
    "Lipstick Amount":0.0,
    "Salt And Pepper":0.0,
    "Skin Dark/Light":-0.059999998658895,
    "Root Redness":0.5,
    "Eye socket Bruised/Bright":0.20000000298023,
    "Freckles":0.0,
    "Eyeliner Light/Dark":0.56000000238419,
    "Eyebrows Redness Intensity":0.0,
    "Eye Socket Dark/Light":0.0,
    "Eyebrows Color Intensity":0.47940099239349,
    "Root Color":0.10000000149012,
    "Cheek Blush Light/Red":0.0,
    "Eylids Light/Dark":0.66000002622604,
    "Skin Tint Orange/Blue":0.079999998211861,
    "Tip Redness":0.5,
    "Cheekbones Flushed/Pale":0.0,
    "Eyelids Pale/Red":0.0,
    "Skin Tint Purple/Yellow":-0.15999999642372
  },
  "Author":"Bethesda",
  "Race":"TESRace /Game/Forms/actors/race/Orc.Orc",
  "HairColorsL":{
    "0":{
      "R":0.10416699945927,
      "G":0.070597998797894,
      "B":0.044488001614809,
      "A":1.0
    }
  },
  "Body":"SkeletalMesh /Game/Art/Character/Imperial/SK_Imperial_Body_m.SK_Imperial_Body_m",
  "Date":"2025-06-04 19:27:57",
  "SkinColorsMapL":{
    "Root DyeColor":{
      "R":1.0,
      "G":1.0,
      "B":1.0,
      "A":1.0
    },
    "Eyeliner Tone":{
      "R":1.0,
      "G":1.0,
      "B":1.0,
      "A":1.0
    },
    "Lipstick Color":{
      "R":1.0,
      "G":1.0,
      "B":1.0,
      "A":1.0
    },
    "Skin Tone":{
      "R":1.0,
      "G":1.0,
      "B":1.0,
      "A":1.0
    },
    "Tip DyeColor":{
      "R":1.0,
      "G":1.0,
      "B":1.0,
      "A":1.0
    }
  },
  "Sex":0,
  "ModCreator":"animandan",
  "ModVersion":"1.1.0",
  "ModName":"RaceMenuUtilities",
  "FaceBaseMesh":"/Game/Art/Character/Orc/SK_Orc_Head_m.SK_Orc_Head_m",
  "Hair":"/Game/Dev/Phenotypes/Hair/HP_Orc_HR_Headband.HP_Orc_HR_Headband",
  "Description":"saved from in-game",
  "SenescenceLevel":1,
  "FaceMorphValuesMap":{
    "Face Gaunt / Round":0.16881127655506,
    "Nose Short / Long":0.0,
    "Nose Tilt Down / Up":0.0,
    "Mouth Sad / Happy":-0.097961999475956,
    "Mouth Retracted / Protruding":0.20751731097698,
    "Chin Short / Tall":-0.60000002384186,
    "Cheekbones Low / High":-0.11402211338282,
    "Nose Nostrils Tilt Down / Up":-0.18736569583416,
    "Mouth Deflated / Inflated":0.19681721925735,
    "Hair Length":0.0,
    "Nose Sellion Shallow / Deep":0.0,
    "Chin Shallow / Deep":0.1115844398737,
    "Jaw Concave / Convex":0.10124212503433,
    "Brow Ridge Low / High":-0.17928899824619,
    "Chin Recessed / Pronounced":0.04154796525836,
    "Mouth Tilt Down / Up":-0.028272334486246,
    "Nose Sellion Thin / Wide":0.0,
    "Cheeks Gaunt / Round":-0.066757000982761,
    "Nose Sellion Lower Shallow / Deep":0.0,
    "Nose Sellion Down / Up":-0.050952613353729,
    "Cheeks Concave / Convex":-0.24450999498367,
    "Nose Region Concave / Convex":0.21675591170788,
    "Eyes Inward / Outward":0.18962100148201,
    "Nose Nostrils Thin / Wide":-0.16686433553696,
    "Brow Ridge Inner Down / Up":-0.28112098574638,
    "Eyes Apart / Together":0.46217599511147,
    "Mouth Underbite / Overbite":0.053276896476746,
    "Chin Retracted / Jutting":-0.15770700573921,
    "Brow / Nose / Chin Ratio":0.09179999679327,
    "Nose Bridge Short / Long":0.053087767213583,
    "Mouth Low / High":0.21469862759113,
    "Forehead Small / Large":-0.17818187177181,
    "Nose Bridge Shallow / Deep":0.15410560369492,
    "Eyes Small / Large":0.77999997138977,
    "Forehead / Sellion / Nose Ratio":-0.21708799898624,
    "Mouth Chin Short / Long":-0.40157744288445,
    "Forehead Short / Tall":-0.14636550843716,
    "Eyes Down / Up":-0.41181978583336,
    "Vampire":0.0,
    "Mouth Retracted / Puckered":0.1011967882514,
    "Jaw Retracted / Jutting":0.23181907832623,
    "Mouth Drawn / Pursed":-0.27434507012367,
    "Cheekbones Thin / Wide":-0.31945198774338,
    "Nose Down / Up":-0.34179899096489,
    "Jaw Neck Slope Low / High":-0.17266809940338,
    "Chin Thin / Wide":0.24411299824715,
    "Cheekbones Shallow / Pronounced":0.1934670060873,
    "Nose Nostrils Small / Large":0.33950188755989,
    "Nose Flat / Pointed":0.024719880893826,
    "Face Thin / Wide":0.17568707466125,
    "Chin Backward / Forward":-0.5792533159256,
    "Face Light / Heavy":-0.2026986181736,
    "Mouth Small / Large":-0.17705880105495,
    "Forehead Back / Forward":-0.20203924179077,
    "Jaw Thin / Wide":-0.28094729781151,
    "Brow Ridge Outer Down / Up":-0.40735098719597,
    "Chin Small / Large":0.087340071797371
  },
  "Name":"BP_AdventurerOrcWarrior04_C"
}