{
  "Race":"TESRace /Game/Forms/actors/race/Argonian.Argonian",
  "FaceBaseMesh":"/Game/Art/Character/Argonian/SK_Argonian_Head_f.SK_Argonian_Head_f",
  "Date":"2025-06-04 18:49:00",
  "HairColorsL":{
    "0":{
      "B":0.0,
      "G":0.0,
      "R":0.0,
      "A":1.0
    }
  },
  "SkinParametersMap":{
    "Eyeliner Light/Dark":0.0,
    "Eyelids Pale/Red":0.28000000119209,
    "Hair Desaturation for Argonian":0.0,
    "Complexion":0.0,
    "Eye Socket Dark/Light":0.0,
    "Eye socket Bruised/Bright":0.0,
    "Eylids Light/Dark":-0.21999999880791
  },
  "Sex":1,
  "FaceMorphValuesMap":{
    "Hair Length":0.0,
    "Vampire":0.0,
    "Nose Sellion Down / Up":0.12283001095057,
    "Forehead Back / Forward":-0.075576782226562,
    "Mouth Deflated / Inflated":-0.38966903090477,
    "Chin Backward / Forward":0.4479079246521,
    "Eyes Apart / Together":-0.090250037610531,
    "Nose Tilt Down / Up":0.0,
    "Mouth Sad / Happy":0.15747337043285,
    "Brow Ridge Outer Down / Up":-0.14135046303272,
    "Nose Sellion Thin / Wide":0.0,
    "Nose Short / Long":0.0,
    "Nose Sellion Shallow / Deep":0.0,
    "Brow / Nose / Chin Ratio":-0.10047473758459,
    "Chin Small / Large":-0.0086865788325667,
    "Nose Flat / Pointed":0.088785745203495,
    "Jaw Thin / Wide":0.056945230811834,
    "Nose Nostrils Tilt Down / Up":0.13570638000965,
    "Eyes Inward / Outward":0.15285114943981,
    "Cheekbones Shallow / Pronounced":-0.13894641399384,
    "Nose Nostrils Thin / Wide":0.089764647185802,
    "Chin Shallow / Deep":-0.27721211314201,
    "Nose Down / Up":0.23371390998363,
    "Nose Bridge Short / Long":-0.014515304937959,
    "Mouth Tilt Down / Up":0.11544408649206,
    "Chin Thin / Wide":-0.045257568359375,
    "Face Light / Heavy":0.010155093856156,
    "Mouth Chin Short / Long":-0.12130017578602,
    "Jaw Concave / Convex":-0.24789276719093,
    "Brow Ridge Low / High":-0.078859187662601,
    "Chin Recessed / Pronounced":0.11762366443872,
    "Cheeks Gaunt / Round":-0.19081215560436,
    "Face Thin / Wide":-0.14236515760422,
    "Eyes Down / Up":0.15443101525307,
    "Jaw Retracted / Jutting":-0.17123655974865,
    "Chin Short / Tall":0.016298223286867,
    "Jaw Neck Slope Low / High":-0.056481458246708,
    "Nose Bridge Shallow / Deep":-0.031905271112919,
    "Mouth Retracted / Protruding":-0.18234434723854,
    "Cheekbones Thin / Wide":0.077117040753365,
    "Mouth Low / High":-0.26023960113525,
    "Mouth Retracted / Puckered":-0.039783000946045,
    "Mouth Small / Large":0.2127929776907,
    "Forehead Short / Tall":0.43377643823624,
    "Nose Nostrils Small / Large":0.20790830254555,
    "Chin Retracted / Jutting":-0.19729462265968,
    "Forehead Small / Large":-0.13954229652882,
    "Cheekbones Low / High":-0.15632829070091,
    "Eyes Small / Large":-0.11526184529066,
    "Cheeks Concave / Convex":0.49443021416664,
    "Brow Ridge Inner Down / Up":-0.14395147562027,
    "Nose Sellion Lower Shallow / Deep":0.0,
    "Face Gaunt / Round":-0.38648626208305,
    "Mouth Underbite / Overbite":-0.0063952445052564,
    "Nose Region Concave / Convex":-0.13604764640331,
    "Forehead / Sellion / Nose Ratio":0.022804046049714,
    "Mouth Drawn / Pursed":-0.0054920199327171
  },
  "Author":"Bethesda",
  "SkinColorsMapL":{
    "Color 1":{
      "B":0.37694099545479,
      "G":0.37694099545479,
      "R":0.58680498600006,
      "A":1.0
    },
    "Color 2":{
      "B":1.0,
      "G":1.0,
      "R":1.0,
      "A":1.0
    },
    "Color 3":{
      "B":1.0,
      "G":0.96902501583099,
      "R":0.70138901472092,
      "A":1.0
    },
    "Eyeliner Tone":{
      "B":1.0,
      "G":1.0,
      "R":1.0,
      "A":1.0
    }
  },
  "ModVersion":"1.1.0",
  "Body":"SkeletalMesh /Game/Art/Character/Imperial/SK_Imperial_Body_m.SK_Imperial_Body_m",
  "Description":"saved from in-game",
  "SenescenceLevel":0,
  "APIVersion":"v2",
  "ModCreator":"animandan",
  "ModName":"RaceMenuUtilities",
  "Hair":"/Game/Dev/Phenotypes/Hair/HP_Argonian_HR_FinsJeweled.HP_Argonian_HR_FinsJeweled",
  "Name":"BP_ArenaRank5B_C"
}