{
  "ModName":"RaceMenuUtilities",
  "FaceBaseMesh":"/Game/Art/Character/WoodElf/SK_WoodElf_Head_m.SK_WoodElf_Head_m",
  "Author":"Bethesda",
  "Date":"2025-06-04 20:30:43",
  "SkinColorsMapL":{
    "Lipstick Color":{
      "A":1.0,
      "B":1.0,
      "G":1.0,
      "R":1.0
    },
    "Eyeliner Tone":{
      "A":1.0,
      "B":1.0,
      "G":1.0,
      "R":1.0
    },
    "Root DyeColor":{
      "A":1.0,
      "B":1.0,
      "G":1.0,
      "R":1.0
    },
    "Tip DyeColor":{
      "A":1.0,
      "B":1.0,
      "G":1.0,
      "R":1.0
    },
    "Skin Tone":{
      "A":1.0,
      "B":1.0,
      "G":1.0,
      "R":1.0
    }
  },
  "Name":"BP_Aenvir_C",
  "FaceMorphValuesMap":{
    "Eyes Small / Large":-0.76434397697449,
    "Jaw Thin / Wide":0.75940001010895,
    "Brow Ridge Low / High":-0.16041199862957,
    "Chin Retracted / Jutting":0.15999899804592,
    "Face Thin / Wide":-0.79857701063156,
    "Hair Length":0.0,
    "Chin Backward / Forward":0.83999997377396,
    "Vampire":0.0,
    "Mouth Underbite / Overbite":-0.16353617608547,
    "Eyes Inward / Outward":0.243577003479,
    "Mouth Sad / Happy":-0.56060600280762,
    "Jaw Retracted / Jutting":0.18000000715256,
    "Nose Flat / Pointed":0.10481863468885,
    "Chin Recessed / Pronounced":-0.30000099539757,
    "Cheeks Gaunt / Round":0.86000001430511,
    "Forehead Back / Forward":0.18654100596905,
    "Nose Sellion Down / Up":0.81000000238419,
    "Mouth Deflated / Inflated":0.0,
    "Mouth Small / Large":0.0,
    "Nose Tilt Down / Up":0.31999999284744,
    "Nose Short / Long":0.5799999833107,
    "Mouth Drawn / Pursed":0.28000000119209,
    "Chin Short / Tall":-0.89999997615814,
    "Nose Sellion Thin / Wide":0.80000001192093,
    "Jaw Neck Slope Low / High":0.0,
    "Cheekbones Shallow / Pronounced":-0.36000001430511,
    "Nose Sellion Shallow / Deep":0.9200000166893,
    "Mouth Tilt Down / Up":-0.61999899148941,
    "Brow / Nose / Chin Ratio":-0.47999998927116,
    "Brow Ridge Outer Down / Up":0.40000000596046,
    "Chin Small / Large":-0.44000101089478,
    "Mouth Retracted / Puckered":-0.14618599414825,
    "Chin Thin / Wide":0.68000000715256,
    "Nose Nostrils Tilt Down / Up":-0.11999999731779,
    "Face Gaunt / Round":-0.13067199289799,
    "Cheekbones Thin / Wide":-0.0047189998440444,
    "Forehead / Sellion / Nose Ratio":-0.28000000119209,
    "Cheekbones Low / High":0.014980999752879,
    "Nose Bridge Short / Long":0.68174797296524,
    "Forehead Short / Tall":-0.059999998658895,
    "Nose Bridge Shallow / Deep":0.68000000715256,
    "Mouth Chin Short / Long":-0.7636736035347,
    "Face Light / Heavy":0.28029999136925,
    "Nose Region Concave / Convex":0.58327096700668,
    "Mouth Retracted / Protruding":-0.12116699665785,
    "Cheeks Concave / Convex":0.33999899029732,
    "Nose Nostrils Small / Large":0.1856931000948,
    "Jaw Concave / Convex":0.77528101205826,
    "Nose Down / Up":-0.003093000035733,
    "Mouth Low / High":0.42272400856018,
    "Eyes Down / Up":0.0,
    "Chin Shallow / Deep":0.0,
    "Eyes Apart / Together":0.0,
    "Brow Ridge Inner Down / Up":0.33910098671913,
    "Nose Sellion Lower Shallow / Deep":0.10000000149012,
    "Nose Nostrils Thin / Wide":0.53759157657623,
    "Forehead Small / Large":0.021198000758886
  },
  "EyeMaterial":"/Game/Art/Character/Modular/Eyes_WoodElf/MIC_WoodElf_Eyes_Darkbrown.MIC_WoodElf_Eyes_Darkbrown",
  "HairColorsL":{
    "1":{
      "A":1.0,
      "B":0.061246052384377,
      "G":0.1046164855361,
      "R":0.16202937066555
    },
    "2":{
      "A":1.0,
      "B":0.061246052384377,
      "G":0.1046164855361,
      "R":0.16202937066555
    },
    "0":{
      "A":1.0,
      "B":0.16826939582825,
      "G":0.29177063703537,
      "R":0.44520118832588
    }
  },
  "SkinParametersMap":{
    "Tip Color":0.17977499961853,
    "Eye socket Bruised/Bright":0.0,
    "Complexion":0.25468200445175,
    "Freckles":0.0,
    "Eyebrows Color Intensity":0.0,
    "Lipstick Amount":0.0,
    "Root Redness":1.0,
    "Tip Redness":1.0,
    "Cheekbones Flushed/Pale":0.0,
    "Salt And Pepper":0.0,
    "Eyebrows Redness Intensity":0.0,
    "Ombre Amount":0.0,
    "Cheek Blush Light/Red":0.0,
    "Eyelids Pale/Red":0.0,
    "Root Color":0.95880198478699,
    "Ombre Constrast":0.0
  },
  "Mustache":"/Game/Dev/Phenotypes/Mustache/HP_WoodElf_MS_Medium.HP_WoodElf_MS_Medium",
  "SenescenceLevel":3,
  "Sex":0,
  "Description":"saved from in-game",
  "Beard":"/Game/Dev/Phenotypes/Beard/HP_WoodElf_BD_Goatee.HP_WoodElf_BD_Goatee",
  "ModCreator":"animandan",
  "ModVersion":"1.1.0",
  "APIVersion":"v2",
  "Hair":"/Game/Dev/Phenotypes/Hair/HP_WoodElf_HR_Pony.HP_WoodElf_HR_Pony",
  "Race":"TESRace /Game/Forms/actors/race/WoodElf.WoodElf",
  "Body":"SkeletalMesh /Game/Art/Character/Imperial/SK_Imperial_Body_m.SK_Imperial_Body_m"
}