{
  "Sex":0,
  "HairColorsL":{
    "1":{
      "A":1.0,
      "R":0.16145800054073,
      "G":0.10424599796534,
      "B":0.061027999967337
    },
    "2":{
      "A":1.0,
      "R":0.16145800054073,
      "G":0.10424599796534,
      "B":0.061027999967337
    },
    "0":{
      "A":1.0,
      "R":0.22395800054073,
      "G":0.1452250033617,
      "B":0.08398400247097
    }
  },
  "EyeMaterial":"/Game/Art/Character/Modular/Eyes_Human/MIC_Human_Eyes_Yellow1.MIC_Human_Eyes_Yellow1",
  "SkinColorsMapL":{
    "Root DyeColor":{
      "A":1.0,
      "R":0.0047769998200238,
      "G":0.0012140000471845,
      "B":0.0
    },
    "Eyeliner Tone":{
      "A":1.0,
      "R":1.0,
      "G":1.0,
      "B":1.0
    },
    "Tip DyeColor":{
      "A":1.0,
      "R":0.10702300071716,
      "G":0.034340001642704,
      "B":0.0056050000712276
    },
    "Skin Tone":{
      "A":1.0,
      "R":1.0,
      "G":1.0,
      "B":1.0
    },
    "Lipstick Color":{
      "A":1.0,
      "R":0.093058958649635,
      "G":0.0009105809731409,
      "B":0.0097212167456746
    }
  },
  "Date":"2025-06-04 19:33:31",
  "Description":"saved from in-game",
  "Name":"BP_AmantiusAllectus_C",
  "ModCreator":"animandan",
  "ModName":"RaceMenuUtilities",
  "ModVersion":"1.1.0",
  "Mustache":"/Game/Dev/Phenotypes/Mustache/HP_Imperial_MS_Short.HP_Imperial_MS_Short",
  "Author":"Bethesda",
  "APIVersion":"v2",
  "Body":"SkeletalMesh /Game/Art/Character/Imperial/SK_Imperial_Body_m.SK_Imperial_Body_m",
  "FaceMorphValuesMap":{
    "Nose Nostrils Thin / Wide":1.0,
    "Forehead / Sellion / Nose Ratio":-0.059999998658895,
    "Cheekbones Thin / Wide":-0.017520999535918,
    "Forehead Small / Large":-0.77141797542572,
    "Chin Recessed / Pronounced":0.0,
    "Brow / Nose / Chin Ratio":-0.48774203658104,
    "Jaw Thin / Wide":-0.74000000953674,
    "Cheeks Gaunt / Round":0.20451299846172,
    "Chin Backward / Forward":0.0,
    "Chin Thin / Wide":0.0,
    "Forehead Short / Tall":-0.37413999438286,
    "Face Thin / Wide":0.14959500730038,
    "Brow Ridge Inner Down / Up":-0.14272500574589,
    "Mouth Underbite / Overbite":-0.15570394694805,
    "Mouth Low / High":0.10817543417215,
    "Vampire":0.0,
    "Face Gaunt / Round":0.65981197357178,
    "Eyes Small / Large":0.0,
    "Mouth Drawn / Pursed":0.29541099071503,
    "Chin Retracted / Jutting":0.0,
    "Nose Tilt Down / Up":0.0,
    "Mouth Small / Large":0.18000000715256,
    "Nose Short / Long":0.0,
    "Nose Bridge Shallow / Deep":-0.24415846168995,
    "Nose Sellion Thin / Wide":0.0,
    "Mouth Retracted / Protruding":-0.075725451111794,
    "Nose Sellion Shallow / Deep":0.0,
    "Jaw Retracted / Jutting":0.13781599700451,
    "Nose Sellion Down / Up":0.55545198917389,
    "Eyes Inward / Outward":0.27629113197327,
    "Nose Region Concave / Convex":-0.31429126858711,
    "Brow Ridge Outer Down / Up":0.089726939797401,
    "Nose Nostrils Small / Large":-0.43993613123894,
    "Eyes Apart / Together":0.2982380092144,
    "Nose Nostrils Tilt Down / Up":-0.11833844333887,
    "Nose Flat / Pointed":0.17143751680851,
    "Mouth Tilt Down / Up":0.27975299954414,
    "Jaw Concave / Convex":-0.82210999727249,
    "Mouth Sad / Happy":0.0,
    "Cheekbones Shallow / Pronounced":-0.425597012043,
    "Face Light / Heavy":0.38830000162125,
    "Nose Down / Up":-0.048458009958267,
    "Chin Short / Tall":0.0,
    "Eyes Down / Up":-0.099555999040604,
    "Cheeks Concave / Convex":-0.02000099979341,
    "Nose Bridge Short / Long":0.11798029392958,
    "Mouth Chin Short / Long":-0.57791328430176,
    "Nose Sellion Lower Shallow / Deep":0.18000000715256,
    "Mouth Retracted / Puckered":-0.71591371297836,
    "Hair Length":0.0,
    "Mouth Deflated / Inflated":-0.20000000298023,
    "Chin Shallow / Deep":0.0,
    "Jaw Neck Slope Low / High":0.26045069098473,
    "Brow Ridge Low / High":-0.31999999284744,
    "Cheekbones Low / High":0.038729298859835,
    "Forehead Back / Forward":0.2324600070715,
    "Chin Small / Large":0.0
  },
  "Hair":"/Game/Dev/Phenotypes/Hair/HP_Human_HR_MessyBalding.HP_Human_HR_MessyBalding",
  "Beard":"/Game/Dev/Phenotypes/Beard/HP_Imperial_BD_Goatee.HP_Imperial_BD_Goatee",
  "SkinParametersMap":{
    "Complexion":0.0,
    "Cheek Blush Light/Red":0.0,
    "Eyebrows Color Intensity":0.70037400722504,
    "Eye socket Bruised/Bright":0.0,
    "Lipstick Amount":0.0,
    "Root Redness":0.0,
    "Freckles":0.0,
    "Cheekbones Flushed/Pale":0.0,
    "Eyebrows Redness Intensity":0.0,
    "Root Color":0.0,
    "Eyelids Pale/Red":0.0,
    "Tip Color":0.0,
    "Tip Redness":0.0,
    "Ombre Amount":0.0,
    "Salt And Pepper":1.0,
    "Ombre Constrast":0.0
  },
  "FaceBaseMesh":"/Game/Art/Character/Imperial/SK_Imperial_Head_m.SK_Imperial_Head_m",
  "Race":"TESRace /Game/Forms/actors/race/Imperial.Imperial",
  "SenescenceLevel":7
}