{
  "Race":"TESRace /Game/Forms/actors/race/Redguard.Redguard",
  "FaceBaseMesh":"/Game/Art/Character/Redguard/SK_Redguard_Head_m.SK_Redguard_Head_m",
  "Date":"2025-06-04 18:39:09",
  "HairColorsL":{
    "0":{
      "B":1.0,
      "G":1.0,
      "R":1.0,
      "A":1.0
    }
  },
  "SkinParametersMap":{
    "Cheekbones Flushed/Pale":0.0,
    "Eyelids Pale/Red":0.0,
    "Freckles":0.0,
    "Eyebrows Redness Intensity":0.0,
    "Lipstick Amount":0.0,
    "Ombre Amount":0.0,
    "Root Color":0.0,
    "Cheek Blush Light/Red":0.0,
    "Root Redness":0.0,
    "Tip Color":0.0,
    "Eye socket Bruised/Bright":0.0,
    "Complexion":0.0,
    "Salt And Pepper":0.0,
    "Eyebrows Color Intensity":0.0,
    "Tip Redness":0.0,
    "Ombre Constrast":0.0
  },
  "Sex":0,
  "FaceMorphValuesMap":{
    "Hair Length":0.0,
    "Vampire":0.0,
    "Nose Sellion Down / Up":-0.11999999731779,
    "Forehead Back / Forward":0.0,
    "Mouth Deflated / Inflated":0.0,
    "Chin Backward / Forward":-0.079999998211861,
    "Eyes Apart / Together":0.0,
    "Nose Tilt Down / Up":-0.41999998688698,
    "Mouth Sad / Happy":0.0,
    "Brow Ridge Outer Down / Up":0.12044999748468,
    "Nose Sellion Thin / Wide":-0.03999999910593,
    "Nose Short / Long":0.0,
    "Nose Sellion Shallow / Deep":0.0,
    "Brow / Nose / Chin Ratio":0.0,
    "Chin Small / Large":-0.11999999731779,
    "Nose Flat / Pointed":0.0,
    "Jaw Thin / Wide":0.0,
    "Nose Nostrils Tilt Down / Up":0.36000001430511,
    "Eyes Inward / Outward":0.0,
    "Cheekbones Shallow / Pronounced":0.0,
    "Nose Nostrils Thin / Wide":-0.28000000119209,
    "Chin Shallow / Deep":0.0,
    "Nose Down / Up":-0.29011100530624,
    "Nose Bridge Short / Long":0.0,
    "Mouth Tilt Down / Up":-0.26029899716377,
    "Chin Thin / Wide":0.020599000155926,
    "Face Light / Heavy":-0.47999998927116,
    "Mouth Chin Short / Long":0.019999999552965,
    "Jaw Concave / Convex":-0.11999999731779,
    "Brow Ridge Low / High":-0.03999999910593,
    "Chin Recessed / Pronounced":-0.23999899625778,
    "Cheeks Gaunt / Round":0.11999999731779,
    "Face Thin / Wide":0.14000000059605,
    "Eyes Down / Up":0.0,
    "Jaw Retracted / Jutting":0.0,
    "Chin Short / Tall":-0.36000001430511,
    "Jaw Neck Slope Low / High":-0.18000000715256,
    "Nose Bridge Shallow / Deep":0.20000000298023,
    "Mouth Retracted / Protruding":0.0,
    "Cheekbones Thin / Wide":0.0,
    "Mouth Low / High":0.0,
    "Mouth Retracted / Puckered":-0.35999900102615,
    "Mouth Small / Large":-0.29999899864197,
    "Forehead Short / Tall":0.25999999046326,
    "Nose Nostrils Small / Large":0.0,
    "Chin Retracted / Jutting":-0.46000000834465,
    "Forehead Small / Large":0.11999999731779,
    "Cheekbones Low / High":0.0,
    "Eyes Small / Large":0.0,
    "Cheeks Concave / Convex":0.0,
    "Brow Ridge Inner Down / Up":-0.059999998658895,
    "Nose Sellion Lower Shallow / Deep":-0.10000000149012,
    "Face Gaunt / Round":-0.059999998658895,
    "Mouth Underbite / Overbite":0.0,
    "Nose Region Concave / Convex":-0.11999999731779,
    "Forehead / Sellion / Nose Ratio":0.14000000059605,
    "Mouth Drawn / Pursed":-0.10000000149012
  },
  "Author":"Bethesda",
  "SkinColorsMapL":{
    "Lipstick Color":{
      "B":0.0097212167456746,
      "G":0.0009105809731409,
      "R":0.093058958649635,
      "A":1.0
    },
    "Tip DyeColor":{
      "B":0.0056050000712276,
      "G":0.034340001642704,
      "R":0.10702300071716,
      "A":1.0
    },
    "Root DyeColor":{
      "B":0.0,
      "G":0.0012140000471845,
      "R":0.0047769998200238,
      "A":1.0
    },
    "Skin Tone":{
      "B":1.0,
      "G":1.0,
      "R":1.0,
      "A":1.0
    },
    "Eyeliner Tone":{
      "B":1.0,
      "G":1.0,
      "R":1.0,
      "A":1.0
    }
  },
  "ModVersion":"1.1.0",
  "EyeMaterial":"/Game/Art/Character/Modular/Eyes_Human/MIC_Human_Eyes_Brown2.MIC_Human_Eyes_Brown2",
  "Body":"SkeletalMesh /Game/Art/Character/Imperial/SK_Imperial_Body_m.SK_Imperial_Body_m",
  "Description":"saved from in-game",
  "SenescenceLevel":0,
  "APIVersion":"v2",
  "ModCreator":"animandan",
  "ModName":"RaceMenuUtilities",
  "Hair":"/Game/Dev/Phenotypes/Hair/HP_Redguard_HR_Fade.HP_Redguard_HR_Fade",
  "Name":"BP_Azzan_C"
}