{
  "Race":"TESRace /Game/Forms/actors/race/DarkElf.DarkElf",
  "FaceBaseMesh":"/Game/Art/Character/DarkElf/SK_DarkElf_Head_f.SK_DarkElf_Head_f",
  "Date":"2025-06-04 18:49:34",
  "HairColorsL":{
    "0":{
      "B":0.0,
      "G":0.0,
      "R":0.0,
      "A":1.0
    }
  },
  "SkinParametersMap":{
    "Cheekbones Flushed/Pale":-0.77999997138977,
    "Eyelids Pale/Red":-0.079999998211861,
    "Skin Tint Purple/Yellow":0.079999998211861,
    "Lipstick Amount":0.0,
    "Cheek Blush Light/Red":0.0,
    "Skin Dark/Light":0.28000000119209,
    "Complexion":0.33857798576355,
    "Salt And Pepper":0.0,
    "None":0.0,
    "Eye Socket Dark/Light":0.10000000149012,
    "Eylids Light/Dark":0.0,
    "Khajiit Pattern Number":0.0,
    "Ombre Constrast":0.0,
    "Freckles":1.0,
    "Root Color":0.10000000149012,
    "Ombre Amount":0.0,
    "Eyeliner Light/Dark":-0.60000002384186,
    "Tip Color":0.10000000149012,
    "Eyebrows Redness Intensity":0.0,
    "Root Redness":0.5,
    "Skin Tint Orange/Blue":0.18000000715256,
    "Eye socket Bruised/Bright":-0.03999999910593,
    "Tip Redness":0.5,
    "Eyebrows Color Intensity":0.73408198356628
  },
  "Sex":1,
  "FaceMorphValuesMap":{
    "Hair Length":0.0,
    "Vampire":0.0,
    "Nose Sellion Down / Up":0.0,
    "Forehead Back / Forward":0.24826315045357,
    "Mouth Deflated / Inflated":0.38599210977554,
    "Chin Backward / Forward":-0.31996664404869,
    "Eyes Apart / Together":0.60820400714874,
    "Nose Tilt Down / Up":0.0,
    "Mouth Sad / Happy":0.17820076644421,
    "Brow Ridge Outer Down / Up":0.91263097524643,
    "Nose Sellion Thin / Wide":0.0,
    "Nose Short / Long":0.0,
    "Nose Sellion Shallow / Deep":0.0,
    "Brow / Nose / Chin Ratio":-0.11101602762938,
    "Chin Small / Large":-0.05895883962512,
    "Nose Flat / Pointed":0.0,
    "Jaw Thin / Wide":-0.2912455201149,
    "Nose Nostrils Tilt Down / Up":0.0,
    "Eyes Inward / Outward":0.16398654878139,
    "Cheekbones Shallow / Pronounced":0.36122196912766,
    "Nose Nostrils Thin / Wide":0.0,
    "Chin Shallow / Deep":-0.25333175063133,
    "Nose Down / Up":0.0,
    "Nose Bridge Short / Long":0.28620299696922,
    "Mouth Tilt Down / Up":-0.12022721022367,
    "Chin Thin / Wide":0.13759659230709,
    "Face Light / Heavy":0.062508575618267,
    "Mouth Chin Short / Long":-0.24047501385212,
    "Jaw Concave / Convex":0.28629782795906,
    "Brow Ridge Low / High":0.035207256674767,
    "Chin Recessed / Pronounced":0.093934021890163,
    "Cheeks Gaunt / Round":-0.31443133950233,
    "Face Thin / Wide":-0.056848384439945,
    "Eyes Down / Up":-0.055196236819029,
    "Jaw Retracted / Jutting":0.2562852203846,
    "Chin Short / Tall":0.10248160362244,
    "Jaw Neck Slope Low / High":-0.066100239753723,
    "Nose Bridge Shallow / Deep":-0.0024290001019835,
    "Mouth Retracted / Protruding":0.11078059673309,
    "Cheekbones Thin / Wide":0.36924049258232,
    "Mouth Low / High":0.088103614747524,
    "Mouth Retracted / Puckered":0.069170139729977,
    "Mouth Small / Large":-0.60842901468277,
    "Forehead Short / Tall":-0.072446219623089,
    "Nose Nostrils Small / Large":0.0,
    "Chin Retracted / Jutting":-0.089014261960983,
    "Forehead Small / Large":-0.14626757800579,
    "Cheekbones Low / High":-1.0,
    "Eyes Small / Large":-0.16332094371319,
    "Cheeks Concave / Convex":-0.33579802513123,
    "Brow Ridge Inner Down / Up":-0.68145000934601,
    "Nose Sellion Lower Shallow / Deep":0.0,
    "Face Gaunt / Round":-0.011526620946825,
    "Mouth Underbite / Overbite":0.48487764596939,
    "Nose Region Concave / Convex":0.0,
    "Forehead / Sellion / Nose Ratio":-0.090388230979443,
    "Mouth Drawn / Pursed":-0.360661059618
  },
  "Author":"Bethesda",
  "SkinColorsMapL":{
    "Lipstick Color":{
      "B":1.0,
      "G":1.0,
      "R":1.0,
      "A":1.0
    },
    "Tip DyeColor":{
      "B":1.0,
      "G":1.0,
      "R":1.0,
      "A":1.0
    },
    "Root DyeColor":{
      "B":1.0,
      "G":1.0,
      "R":1.0,
      "A":1.0
    },
    "Eyeliner Tone":{
      "B":1.0,
      "G":1.0,
      "R":1.0,
      "A":1.0
    },
    "Skin Tone":{
      "B":1.0,
      "G":1.0,
      "R":1.0,
      "A":1.0
    }
  },
  "ModVersion":"1.1.0",
  "EyeMaterial":"/Game/Art/Character/Modular/MIC_ME_DarkElf.MIC_ME_DarkElf",
  "Body":"SkeletalMesh /Game/Art/Character/Imperial/SK_Imperial_Body_m.SK_Imperial_Body_m",
  "Description":"saved from in-game",
  "SenescenceLevel":0,
  "APIVersion":"v2",
  "ModCreator":"animandan",
  "ModName":"RaceMenuUtilities",
  "Hair":"/Game/Dev/Phenotypes/Hair/HP_WoodElf_HR_Fringes.HP_WoodElf_HR_Fringes",
  "Name":"BP_ArenaRank6E_C"
}