{
  "ModName":"RaceMenuUtilities",
  "FaceBaseMesh":"/Game/Art/Character/Khajiit/SK_Khajiit_Head_f.SK_Khajiit_Head_f",
  "Author":"Bethesda",
  "Date":"2025-06-04 20:30:44",
  "SkinColorsMapL":{
    "Color 1":{
      "A":1.0,
      "B":0.1384319961071,
      "G":0.36253800988197,
      "R":0.72305500507355
    },
    "Eyeliner Tone":{
      "A":1.0,
      "B":1.0,
      "G":1.0,
      "R":1.0
    },
    "Color 3":{
      "A":1.0,
      "B":1.0,
      "G":1.0,
      "R":1.0
    },
    "Color 2":{
      "A":1.0,
      "B":0.10276900231838,
      "G":0.10276900231838,
      "R":0.17708300054073
    }
  },
  "APIVersion":"v2",
  "FaceMorphValuesMap":{
    "Eyes Small / Large":-0.75999999046326,
    "Jaw Thin / Wide":0.62000000476837,
    "Brow Ridge Low / High":0.10000000149012,
    "Chin Retracted / Jutting":0.0,
    "Face Thin / Wide":-0.87999999523163,
    "Hair Length":0.0,
    "Chin Backward / Forward":0.5,
    "Vampire":0.0,
    "Mouth Underbite / Overbite":0.56000000238419,
    "Eyes Inward / Outward":0.9200000166893,
    "Mouth Sad / Happy":-0.89999997615814,
    "Jaw Retracted / Jutting":0.77999997138977,
    "Nose Flat / Pointed":0.66000002622604,
    "Chin Recessed / Pronounced":0.10000000149012,
    "Cheeks Gaunt / Round":0.14000000059605,
    "Forehead Back / Forward":0.80000001192093,
    "Nose Sellion Down / Up":0.9200000166893,
    "Mouth Deflated / Inflated":0.98000001907349,
    "Mouth Small / Large":0.03999999910593,
    "Nose Tilt Down / Up":0.059999998658895,
    "Nose Short / Long":1.0,
    "Mouth Drawn / Pursed":-0.34000098705292,
    "Chin Short / Tall":-0.67999798059464,
    "Nose Sellion Thin / Wide":-0.40000000596046,
    "Jaw Neck Slope Low / High":0.14000000059605,
    "Cheekbones Shallow / Pronounced":0.9200000166893,
    "Nose Sellion Shallow / Deep":-0.23999999463558,
    "Mouth Tilt Down / Up":0.86000001430511,
    "Brow / Nose / Chin Ratio":-0.27999898791313,
    "Brow Ridge Outer Down / Up":0.36000001430511,
    "Chin Small / Large":0.0,
    "Mouth Retracted / Puckered":-9.9999999747524e-07,
    "Chin Thin / Wide":0.21999900043011,
    "Nose Nostrils Tilt Down / Up":-0.12000100314617,
    "Face Gaunt / Round":-0.81999999284744,
    "Cheekbones Thin / Wide":0.68000000715256,
    "Forehead / Sellion / Nose Ratio":0.80000001192093,
    "Cheekbones Low / High":0.10000000149012,
    "Nose Bridge Short / Long":0.43999999761581,
    "Forehead Short / Tall":0.47999998927116,
    "Nose Bridge Shallow / Deep":0.74000000953674,
    "Mouth Chin Short / Long":0.89999997615814,
    "Face Light / Heavy":-0.61999899148941,
    "Nose Region Concave / Convex":0.43999999761581,
    "Mouth Retracted / Protruding":0.28000000119209,
    "Cheeks Concave / Convex":-0.69999998807907,
    "Nose Nostrils Small / Large":-0.25999999046326,
    "Jaw Concave / Convex":0.93999999761581,
    "Nose Down / Up":-0.55999898910522,
    "Mouth Low / High":-0.15999999642372,
    "Eyes Down / Up":0.060001000761986,
    "Chin Shallow / Deep":-0.25999999046326,
    "Eyes Apart / Together":0.80000001192093,
    "Brow Ridge Inner Down / Up":0.20000000298023,
    "Nose Sellion Lower Shallow / Deep":0.66000002622604,
    "Nose Nostrils Thin / Wide":0.46000000834465,
    "Forehead Small / Large":0.21999999880791
  },
  "EyeMaterial":"/Game/Art/Character/Modular/MIC_ME_Khajiit.MIC_ME_Khajiit",
  "HairColorsL":{
    "0":{
      "A":1.0,
      "B":0.0,
      "G":0.0,
      "R":0.0
    }
  },
  "SkinParametersMap":{
    "Khajiit Pattern Number":1.0,
    "Eye socket Bruised/Bright":0.83999997377396,
    "Complexion":0.0,
    "Lipstick Amount":0.0,
    "Eylids Light/Dark":-0.23999999463558,
    "Eye Socket Dark/Light":1.0,
    "Eyeliner Light/Dark":0.77999997138977,
    "Eyelids Pale/Red":0.63999998569489,
    "Hair Desaturation for Khajiit":0.0
  },
  "SenescenceLevel":4,
  "Sex":1,
  "Description":"saved from in-game",
  "ModCreator":"animandan",
  "ModVersion":"1.1.0",
  "Hair":"/Game/Dev/Phenotypes/Hair/HP_Khajiit_HR_Dreds.HP_Khajiit_HR_Dreds",
  "Name":"BP_Ahdarji_C",
  "Race":"TESRace /Game/Forms/actors/race/Khajiit.Khajiit",
  "Body":"SkeletalMesh /Game/Art/Character/Imperial/SK_Imperial_Body_m.SK_Imperial_Body_m"
}