{
  "Race":"TESRace /Game/Forms/actors/race/HighElf.HighElf",
  "FaceBaseMesh":"/Game/Art/Character/HighElf/SK_HighElf_Head_m.SK_HighElf_Head_m",
  "Date":"2025-06-04 18:34:56",
  "HairColorsL":{
    "0":{
      "B":0.16826939582825,
      "G":0.29177063703537,
      "R":0.44520118832588,
      "A":1.0
    }
  },
  "SkinParametersMap":{
    "Cheekbones Flushed/Pale":-0.019999999552965,
    "Eyelids Pale/Red":0.0,
    "Skin Tint Purple/Yellow":0.34000000357628,
    "Lipstick Amount":0.0099999997764826,
    "Cheek Blush Light/Red":0.34000000357628,
    "Skin Dark/Light":0.0,
    "Complexion":0.5,
    "Salt And Pepper":-0.079999998211861,
    "Eye Socket Dark/Light":0.0,
    "Eylids Light/Dark":0.0,
    "Khajiit Pattern Number":0.0,
    "Ombre Amount":0.69999998807907,
    "Freckles":0.5,
    "Root Color":1.0,
    "Ombre Constrast":0.72000098228455,
    "Eyeliner Light/Dark":0.0,
    "Tip Color":0.14000000059605,
    "Eyebrows Redness Intensity":0.0,
    "Root Redness":0.37999999523163,
    "Skin Tint Orange/Blue":0.0,
    "Eye socket Bruised/Bright":0.0,
    "Tip Redness":1.0,
    "Eyebrows Color Intensity":0.0
  },
  "Sex":0,
  "FaceMorphValuesMap":{
    "Hair Length":0.0,
    "Vampire":0.0,
    "Nose Sellion Down / Up":0.0,
    "Forehead Back / Forward":0.0,
    "Mouth Deflated / Inflated":0.0,
    "Chin Backward / Forward":0.0,
    "Eyes Apart / Together":0.83999997377396,
    "Nose Tilt Down / Up":0.36000001430511,
    "Mouth Sad / Happy":-0.14000000059605,
    "Brow Ridge Outer Down / Up":0.30000001192093,
    "Nose Sellion Thin / Wide":0.28000000119209,
    "Nose Short / Long":0.10000000149012,
    "Nose Sellion Shallow / Deep":0.0,
    "Brow / Nose / Chin Ratio":-0.5199990272522,
    "Chin Small / Large":0.25999999046326,
    "Nose Flat / Pointed":-0.23999899625778,
    "Jaw Thin / Wide":0.18000000715256,
    "Nose Nostrils Tilt Down / Up":-0.14000000059605,
    "Eyes Inward / Outward":0.40000000596046,
    "Cheekbones Shallow / Pronounced":0.0,
    "Nose Nostrils Thin / Wide":-0.5,
    "Chin Shallow / Deep":-0.51999998092651,
    "Nose Down / Up":0.0,
    "Nose Bridge Short / Long":0.0,
    "Mouth Tilt Down / Up":0.0,
    "Chin Thin / Wide":0.72000002861023,
    "Face Light / Heavy":-0.10000000149012,
    "Mouth Chin Short / Long":0.0,
    "Jaw Concave / Convex":0.51999998092651,
    "Brow Ridge Low / High":-0.30000001192093,
    "Chin Recessed / Pronounced":0.0,
    "Cheeks Gaunt / Round":0.31999999284744,
    "Face Thin / Wide":-0.93999999761581,
    "Eyes Down / Up":0.0,
    "Jaw Retracted / Jutting":0.0,
    "Chin Short / Tall":0.0,
    "Jaw Neck Slope Low / High":-0.29999899864197,
    "Nose Bridge Shallow / Deep":-0.20000000298023,
    "Mouth Retracted / Protruding":-0.18000000715256,
    "Cheekbones Thin / Wide":0.0,
    "Mouth Low / High":0.0,
    "Mouth Retracted / Puckered":0.31999999284744,
    "Mouth Small / Large":-0.61999899148941,
    "Forehead Short / Tall":0.5,
    "Nose Nostrils Small / Large":0.11999899893999,
    "Chin Retracted / Jutting":-0.41999900341034,
    "Forehead Small / Large":0.69999998807907,
    "Cheekbones Low / High":0.0,
    "Eyes Small / Large":-0.77999997138977,
    "Cheeks Concave / Convex":0.47999998927116,
    "Brow Ridge Inner Down / Up":0.0,
    "Nose Sellion Lower Shallow / Deep":0.0,
    "Face Gaunt / Round":-0.019999999552965,
    "Mouth Underbite / Overbite":-1.0,
    "Nose Region Concave / Convex":0.0,
    "Forehead / Sellion / Nose Ratio":-0.28000000119209,
    "Mouth Drawn / Pursed":0.0
  },
  "Author":"Bethesda",
  "SkinColorsMapL":{
    "Lipstick Color":{
      "B":1.0,
      "G":1.0,
      "R":1.0,
      "A":1.0
    },
    "Tip DyeColor":{
      "B":0.0018211619462818,
      "G":0.015996292233467,
      "R":0.1746474057436,
      "A":1.0
    },
    "Root DyeColor":{
      "B":1.0,
      "G":1.0,
      "R":1.0,
      "A":1.0
    },
    "Eyeliner Tone":{
      "B":1.0,
      "G":1.0,
      "R":1.0,
      "A":1.0
    },
    "Skin Tone":{
      "B":1.0,
      "G":1.0,
      "R":1.0,
      "A":1.0
    }
  },
  "ModVersion":"1.1.0",
  "EyeMaterial":"/Game/Art/Character/Modular/Eyes_HighElf/MIC_HighElf_Eyes_Brown.MIC_HighElf_Eyes_Brown",
  "Body":"SkeletalMesh /Game/Art/Character/Imperial/SK_Imperial_Body_m.SK_Imperial_Body_m",
  "Description":"saved from in-game",
  "SenescenceLevel":2,
  "APIVersion":"v2",
  "ModCreator":"animandan",
  "ModName":"RaceMenuUtilities",
  "Hair":"/Game/Dev/Phenotypes/Hair/HP_WoodElf_HR_Spiky.HP_WoodElf_HR_Spiky",
  "Name":"BP_Areldil_C"
}