{
  "Race":"TESRace /Game/Forms/actors/race/Nord.Nord",
  "FaceBaseMesh":"/Game/Art/Character/Nord/SK_Nord_Head_f.SK_Nord_Head_f",
  "Date":"2025-06-04 18:49:25",
  "HairColorsL":{
    "0":{
      "B":0.014444000087678,
      "G":0.016806999221444,
      "R":0.021219000220299,
      "A":1.0
    }
  },
  "SkinParametersMap":{
    "Cheekbones Flushed/Pale":0.23999999463558,
    "Eyelids Pale/Red":0.0,
    "Skin Tint Purple/Yellow":0.0,
    "Lipstick Amount":0.0,
    "Cheek Blush Light/Red":0.079999998211861,
    "Skin Dark/Light":0.019999999552965,
    "Complexion":0.0,
    "Salt And Pepper":0.0,
    "Eye Socket Dark/Light":0.40000000596046,
    "Eylids Light/Dark":0.0,
    "Khajiit Pattern Number":0.0,
    "Ombre Amount":0.0,
    "Freckles":0.56000000238419,
    "Root Color":0.10000000149012,
    "Ombre Constrast":0.0,
    "Root Redness":0.5,
    "Tip Color":0.10000000149012,
    "Eyebrows Redness Intensity":0.28000000119209,
    "Eye socket Bruised/Bright":-0.25999999046326,
    "Skin Tint Orange/Blue":0.0,
    "Eyeliner Light/Dark":0.31999999284744,
    "Tip Redness":0.5,
    "Eyebrows Color Intensity":0.77999997138977
  },
  "Sex":1,
  "FaceMorphValuesMap":{
    "Hair Length":0.0,
    "Vampire":0.0,
    "Nose Sellion Down / Up":0.03999999910593,
    "Forehead Back / Forward":0.0,
    "Mouth Deflated / Inflated":0.0,
    "Chin Backward / Forward":0.0,
    "Eyes Apart / Together":0.0,
    "Nose Tilt Down / Up":-0.14000000059605,
    "Mouth Sad / Happy":0.0,
    "Brow Ridge Outer Down / Up":0.47106900811195,
    "Nose Sellion Thin / Wide":-0.11999999731779,
    "Nose Short / Long":0.019999999552965,
    "Nose Sellion Shallow / Deep":0.03999999910593,
    "Brow / Nose / Chin Ratio":0.0,
    "Chin Small / Large":0.0,
    "Nose Flat / Pointed":-0.03999999910593,
    "Jaw Thin / Wide":0.0,
    "Nose Nostrils Tilt Down / Up":-0.14000000059605,
    "Eyes Inward / Outward":0.0,
    "Cheekbones Shallow / Pronounced":0.38122799992561,
    "Nose Nostrils Thin / Wide":0.0,
    "Chin Shallow / Deep":0.0,
    "Nose Down / Up":-0.18000000715256,
    "Nose Bridge Short / Long":-0.21999999880791,
    "Mouth Tilt Down / Up":0.0,
    "Chin Thin / Wide":0.0,
    "Face Light / Heavy":0.0,
    "Mouth Chin Short / Long":0.0,
    "Jaw Concave / Convex":0.0,
    "Brow Ridge Low / High":-0.35859400033951,
    "Chin Recessed / Pronounced":0.0,
    "Cheeks Gaunt / Round":0.0,
    "Face Thin / Wide":0.0,
    "Eyes Down / Up":0.0,
    "Jaw Retracted / Jutting":0.0,
    "Chin Short / Tall":0.0,
    "Jaw Neck Slope Low / High":0.0,
    "Nose Bridge Shallow / Deep":0.68000000715256,
    "Mouth Retracted / Protruding":0.0,
    "Cheekbones Thin / Wide":-0.117825999856,
    "Mouth Low / High":0.0,
    "Mouth Retracted / Puckered":0.0,
    "Mouth Small / Large":0.0,
    "Forehead Short / Tall":0.0,
    "Nose Nostrils Small / Large":0.15999999642372,
    "Chin Retracted / Jutting":0.0,
    "Forehead Small / Large":0.0,
    "Cheekbones Low / High":0.0,
    "Eyes Small / Large":0.0,
    "Cheeks Concave / Convex":0.0,
    "Brow Ridge Inner Down / Up":-0.003658999921754,
    "Nose Sellion Lower Shallow / Deep":0.30000001192093,
    "Face Gaunt / Round":0.0,
    "Mouth Underbite / Overbite":0.0,
    "Nose Region Concave / Convex":0.19999900460243,
    "Forehead / Sellion / Nose Ratio":0.0,
    "Mouth Drawn / Pursed":0.0
  },
  "Author":"Bethesda",
  "SkinColorsMapL":{
    "Lipstick Color":{
      "B":0.37626212835312,
      "G":0.55834037065506,
      "R":0.66538727283478,
      "A":1.0
    },
    "Tip DyeColor":{
      "B":1.0,
      "G":1.0,
      "R":1.0,
      "A":1.0
    },
    "Root DyeColor":{
      "B":1.0,
      "G":1.0,
      "R":1.0,
      "A":1.0
    },
    "Eyeliner Tone":{
      "B":1.0,
      "G":1.0,
      "R":1.0,
      "A":1.0
    },
    "Skin Tone":{
      "B":1.0,
      "G":1.0,
      "R":1.0,
      "A":1.0
    }
  },
  "ModVersion":"1.1.0",
  "EyeMaterial":"/Game/Art/Character/Modular/Eyes_Human/MIC_Human_Eyes_Blue1.MIC_Human_Eyes_Blue1",
  "Body":"SkeletalMesh /Game/Art/Character/Imperial/SK_Imperial_Body_m.SK_Imperial_Body_m",
  "Description":"saved from in-game",
  "SenescenceLevel":4,
  "APIVersion":"v2",
  "ModCreator":"animandan",
  "ModName":"RaceMenuUtilities",
  "Hair":"/Game/Dev/Phenotypes/Hair/HP_Elf_HR_Braid.HP_Elf_HR_Braid",
  "Name":"BP_ArenaRank6D_C"
}