{
  "ModName":"RaceMenuUtilities",
  "FaceBaseMesh":"/Game/Art/Character/HighElf/SK_HighElf_Head_m.SK_HighElf_Head_m",
  "Author":"Bethesda",
  "Date":"2025-06-04 20:30:45",
  "SkinColorsMapL":{
    "Lipstick Color":{
      "A":1.0,
      "B":0.093058958649635,
      "G":0.14126329123974,
      "R":1.0
    },
    "Eyeliner Tone":{
      "A":1.0,
      "B":0.39675521850586,
      "G":0.40724021196365,
      "R":1.0
    },
    "Root DyeColor":{
      "A":1.0,
      "B":1.0,
      "G":1.0,
      "R":1.0
    },
    "Tip DyeColor":{
      "A":1.0,
      "B":1.0,
      "G":1.0,
      "R":1.0
    },
    "Skin Tone":{
      "A":1.0,
      "B":0.36524999141693,
      "G":0.60605299472809,
      "R":0.671875
    }
  },
  "APIVersion":"v2",
  "FaceMorphValuesMap":{
    "Eyes Small / Large":-0.79843699932098,
    "Jaw Thin / Wide":-0.03999999910593,
    "Brow Ridge Low / High":-0.15000000596046,
    "Chin Retracted / Jutting":0.18128700554371,
    "Face Thin / Wide":-0.2049929946661,
    "Hair Length":0.0,
    "Chin Backward / Forward":-0.091300003230572,
    "Vampire":0.0,
    "Mouth Underbite / Overbite":-0.66000002622604,
    "Eyes Inward / Outward":0.19790278375149,
    "Mouth Sad / Happy":0.23999999463558,
    "Jaw Retracted / Jutting":-0.11999999731779,
    "Nose Flat / Pointed":0.5,
    "Chin Recessed / Pronounced":-0.052609000355005,
    "Cheeks Gaunt / Round":0.0,
    "Forehead Back / Forward":0.23170199990273,
    "Nose Sellion Down / Up":0.15999999642372,
    "Mouth Deflated / Inflated":-0.34000000357628,
    "Mouth Small / Large":0.30000001192093,
    "Nose Tilt Down / Up":-0.18000000715256,
    "Nose Short / Long":0.0,
    "Mouth Drawn / Pursed":0.25999900698662,
    "Chin Short / Tall":-0.5799999833107,
    "Nose Sellion Thin / Wide":0.0,
    "Jaw Neck Slope Low / High":-0.43999999761581,
    "Cheekbones Shallow / Pronounced":-0.079999998211861,
    "Nose Sellion Shallow / Deep":0.0,
    "Mouth Tilt Down / Up":-0.12000100314617,
    "Brow / Nose / Chin Ratio":-0.74000000953674,
    "Brow Ridge Outer Down / Up":0.39213898777962,
    "Chin Small / Large":-0.078449003398418,
    "Mouth Retracted / Puckered":0.15999999642372,
    "Chin Thin / Wide":0.83999997377396,
    "Nose Nostrils Tilt Down / Up":0.14000000059605,
    "Face Gaunt / Round":-0.37895101308823,
    "Cheekbones Thin / Wide":-0.30000001192093,
    "Forehead / Sellion / Nose Ratio":0.0747250020504,
    "Cheekbones Low / High":-0.12531000375748,
    "Nose Bridge Short / Long":-0.54000002145767,
    "Forehead Short / Tall":0.41765901446342,
    "Nose Bridge Shallow / Deep":-0.03999900072813,
    "Mouth Chin Short / Long":0.0,
    "Face Light / Heavy":0.5,
    "Nose Region Concave / Convex":-0.18000000715256,
    "Mouth Retracted / Protruding":-0.28000000119209,
    "Cheeks Concave / Convex":0.5,
    "Nose Nostrils Small / Large":0.83999997377396,
    "Jaw Concave / Convex":0.5,
    "Nose Down / Up":-0.21999999880791,
    "Mouth Low / High":0.02000099979341,
    "Eyes Down / Up":0.18876782059669,
    "Chin Shallow / Deep":-0.18092499673367,
    "Eyes Apart / Together":0.65733402967453,
    "Brow Ridge Inner Down / Up":0.11908899992704,
    "Nose Sellion Lower Shallow / Deep":0.0,
    "Nose Nostrils Thin / Wide":-0.89999997615814,
    "Forehead Small / Large":0.097542494535446
  },
  "EyeMaterial":"/Game/Art/Character/Modular/Eyes_HighElf/MIC_HighElf_Eyes_Brown.MIC_HighElf_Eyes_Brown",
  "HairColorsL":{
    "0":{
      "A":1.0,
      "B":0.0060488330200315,
      "G":0.01032982300967,
      "R":0.021219009533525
    }
  },
  "SkinParametersMap":{
    "Complexion":0.41999900341034,
    "Freckles":0.60000002384186,
    "Ombre Amount":0.0,
    "Eylids Light/Dark":0.34000000357628,
    "Skin Tint Purple/Yellow":0.20000000298023,
    "Cheek Blush Light/Red":-0.81999999284744,
    "Ombre Constrast":0.0,
    "Tip Color":0.10000000149012,
    "Eye socket Bruised/Bright":-0.65999901294708,
    "Skin Tint Orange/Blue":0.0,
    "Eyebrows Color Intensity":0.0,
    "Tip Redness":0.5,
    "Root Redness":0.72000002861023,
    "Root Color":0.10000000149012,
    "Skin Dark/Light":0.0,
    "Salt And Pepper":0.0,
    "Eyebrows Redness Intensity":0.28000000119209,
    "Eyeliner Light/Dark":-0.46000000834465,
    "Eyelids Pale/Red":0.23999999463558,
    "Cheekbones Flushed/Pale":0.0,
    "Eye Socket Dark/Light":0.0,
    "Lipstick Amount":0.0099999997764826
  },
  "SenescenceLevel":4,
  "Sex":0,
  "Description":"saved from in-game",
  "ModCreator":"animandan",
  "ModVersion":"1.1.0",
  "Hair":"/Game/Dev/Phenotypes/Hair/HP_DarkElf_HR_Mane.HP_DarkElf_HR_Mane",
  "Name":"BP_Ancotar_C",
  "Race":"TESRace /Game/Forms/actors/race/HighElf.HighElf",
  "Body":"SkeletalMesh /Game/Art/Character/Imperial/SK_Imperial_Body_m.SK_Imperial_Body_m"
}