{
  "Sex":0,
  "HairColorsL":{
    "1":{
      "A":1.0,
      "R":0.22395800054073,
      "G":0.1452250033617,
      "B":0.08398400247097
    },
    "2":{
      "A":1.0,
      "R":0.22395800054073,
      "G":0.1452250033617,
      "B":0.08398400247097
    },
    "0":{
      "A":1.0,
      "R":1.0,
      "G":1.0,
      "B":1.0
    }
  },
  "Author":"Bethesda",
  "Date":"2025-06-04 19:38:36",
  "Description":"saved from in-game",
  "Name":"BP_AncusAfranius_C",
  "ModCreator":"animandan",
  "ModName":"RaceMenuUtilities",
  "FaceBaseMesh":"/Game/Art/Character/Breton/SK_Breton_Head_m.SK_Breton_Head_m",
  "Body":"SkeletalMesh /Game/Art/Character/Imperial/SK_Imperial_Body_m.SK_Imperial_Body_m",
  "Race":"TESRace /Game/Forms/actors/race/Breton.Breton",
  "FaceMorphValuesMap":{
    "Nose Nostrils Thin / Wide":0.44650998711586,
    "Forehead / Sellion / Nose Ratio":0.069522000849247,
    "Cheekbones Thin / Wide":0.17436400055885,
    "Forehead Small / Large":-0.44183999300003,
    "Chin Recessed / Pronounced":0.098819002509117,
    "Brow / Nose / Chin Ratio":-0.091361001133919,
    "Jaw Thin / Wide":0.090671002864838,
    "Cheeks Gaunt / Round":0.38337716460228,
    "Chin Backward / Forward":-0.98000001907349,
    "Chin Thin / Wide":0.58019602298737,
    "Forehead Short / Tall":0.0,
    "Face Thin / Wide":0.21962800621986,
    "Brow Ridge Inner Down / Up":0.3003032207489,
    "Mouth Underbite / Overbite":-0.27425798773766,
    "Mouth Low / High":-0.22329899668694,
    "Vampire":0.0,
    "Face Gaunt / Round":-0.55056202411652,
    "Eyes Small / Large":-0.10572899878025,
    "Mouth Drawn / Pursed":0.35162800550461,
    "Chin Retracted / Jutting":0.12580309808254,
    "Nose Tilt Down / Up":-0.28000000119209,
    "Mouth Small / Large":0.54139798879623,
    "Nose Short / Long":0.0,
    "Nose Bridge Shallow / Deep":0.083466999232769,
    "Nose Sellion Thin / Wide":0.0,
    "Mouth Retracted / Protruding":-0.33196800947189,
    "Nose Sellion Shallow / Deep":0.56000000238419,
    "Jaw Retracted / Jutting":-0.042481333017349,
    "Nose Sellion Down / Up":0.80000001192093,
    "Eyes Inward / Outward":-0.14999766647816,
    "Nose Region Concave / Convex":0.053290080279112,
    "Brow Ridge Outer Down / Up":0.5,
    "Nose Nostrils Small / Large":0.59978300333023,
    "Eyes Apart / Together":-0.52457797527313,
    "Nose Nostrils Tilt Down / Up":-0.20966899394989,
    "Nose Flat / Pointed":-0.20773048698902,
    "Mouth Tilt Down / Up":-0.32037401199341,
    "Jaw Concave / Convex":0.14000000059605,
    "Mouth Sad / Happy":0.52981001138687,
    "Cheekbones Shallow / Pronounced":0.17299872636795,
    "Face Light / Heavy":0.57246398925781,
    "Nose Down / Up":0.30561798810959,
    "Chin Short / Tall":-0.1186970025301,
    "Eyes Down / Up":-0.20560686290264,
    "Cheeks Concave / Convex":-0.029347006231546,
    "Nose Bridge Short / Long":-0.24708299338818,
    "Mouth Chin Short / Long":0.0,
    "Nose Sellion Lower Shallow / Deep":0.0,
    "Mouth Retracted / Puckered":-0.029952999204397,
    "Hair Length":0.0,
    "Mouth Deflated / Inflated":-0.084162317216396,
    "Chin Shallow / Deep":0.052812825888395,
    "Jaw Neck Slope Low / High":-0.346156001091,
    "Brow Ridge Low / High":-0.29048737883568,
    "Cheekbones Low / High":-0.14984387159348,
    "Forehead Back / Forward":0.015109720639884,
    "Chin Small / Large":0.13379700481892
  },
  "Hair":"/Game/Dev/Phenotypes/Hair/HP_HR_Cropped.HP_HR_Cropped",
  "SkinParametersMap":{
    "Complexion":0.4198499917984,
    "Ombre Constrast":1.0,
    "Eye socket Bruised/Bright":0.0,
    "Root Redness":0.0,
    "Khajiit Pattern Number":0.0,
    "Eyebrows Redness Intensity":0.0,
    "Root Color":0.20973800122738,
    "Cheek Blush Light/Red":0.0,
    "Eyebrows Color Intensity":0.0,
    "Cheekbones Flushed/Pale":0.0,
    "Lipstick Amount":0.0,
    "Tip Redness":0.0,
    "Eyelids Pale/Red":0.0,
    "Tip Color":0.11985000222921,
    "Ombre Amount":1.0,
    "Salt And Pepper":0.11985000222921,
    "Freckles":0.0
  },
  "APIVersion":"v2",
  "SenescenceLevel":5,
  "ModVersion":"1.1.0",
  "SkinColorsMapL":{
    "Root DyeColor":{
      "A":1.0,
      "R":1.0,
      "G":1.0,
      "B":1.0
    },
    "Eyeliner Tone":{
      "A":1.0,
      "R":1.0,
      "G":1.0,
      "B":1.0
    },
    "Tip DyeColor":{
      "A":1.0,
      "R":0.97344499826431,
      "G":0.76376801729202,
      "B":0.35415399074554
    },
    "Skin Tone":{
      "A":1.0,
      "R":1.0,
      "G":1.0,
      "B":1.0
    },
    "Lipstick Color":{
      "A":1.0,
      "R":1.0,
      "G":1.0,
      "B":1.0
    }
  }
}