{
  "Race":"TESRace /Game/Forms/actors/race/WoodElf.WoodElf",
  "FaceBaseMesh":"/Game/Art/Character/WoodElf/SK_WoodElf_Head_m.SK_WoodElf_Head_m",
  "Date":"2025-06-04 18:48:10",
  "HairColorsL":{
    "0":{
      "B":0.084376208484173,
      "G":0.14412847161293,
      "R":0.22322796285152,
      "A":1.0
    }
  },
  "SkinParametersMap":{
    "Cheekbones Flushed/Pale":-0.30000001192093,
    "Eyelids Pale/Red":-0.11999999731779,
    "Skin Tint Purple/Yellow":-0.20000000298023,
    "Lipstick Amount":0.0,
    "Cheek Blush Light/Red":-0.25999999046326,
    "Skin Dark/Light":0.0,
    "Complexion":0.35955101251602,
    "Salt And Pepper":0.0,
    "Eye Socket Dark/Light":0.0,
    "Eylids Light/Dark":0.40000000596046,
    "Ombre Amount":0.0,
    "Freckles":0.0,
    "Root Color":1.0,
    "Ombre Constrast":0.0,
    "Eyeliner Light/Dark":0.20000000298023,
    "Tip Color":0.24981300532818,
    "Eyebrows Redness Intensity":0.0,
    "Root Redness":0.5,
    "Skin Tint Orange/Blue":-0.059999998658895,
    "Eye socket Bruised/Bright":-0.40000000596046,
    "Tip Redness":0.5,
    "Eyebrows Color Intensity":0.0
  },
  "Sex":0,
  "FaceMorphValuesMap":{
    "Hair Length":0.0,
    "Vampire":0.0,
    "Nose Sellion Down / Up":0.93999999761581,
    "Forehead Back / Forward":0.63512200117111,
    "Mouth Deflated / Inflated":0.0,
    "Chin Backward / Forward":-0.24321182072163,
    "Eyes Apart / Together":0.5,
    "Nose Tilt Down / Up":0.0,
    "Mouth Sad / Happy":-0.43999999761581,
    "Brow Ridge Outer Down / Up":0.34000000357628,
    "Nose Sellion Thin / Wide":0.75999999046326,
    "Nose Short / Long":0.75999999046326,
    "Nose Sellion Shallow / Deep":0.95999997854233,
    "Brow / Nose / Chin Ratio":0.57893598079681,
    "Chin Small / Large":0.099999003112316,
    "Nose Flat / Pointed":-0.12611608207226,
    "Jaw Thin / Wide":0.47999998927116,
    "Nose Nostrils Tilt Down / Up":0.062622681260109,
    "Eyes Inward / Outward":0.25541621446609,
    "Cheekbones Shallow / Pronounced":-0.80000001192093,
    "Nose Nostrils Thin / Wide":0.5,
    "Chin Shallow / Deep":0.41999998688698,
    "Nose Down / Up":-0.065481506288052,
    "Nose Bridge Short / Long":0.14868566393852,
    "Mouth Tilt Down / Up":0.0,
    "Chin Thin / Wide":0.40000000596046,
    "Face Light / Heavy":0.41999998688698,
    "Mouth Chin Short / Long":0.0,
    "Jaw Concave / Convex":0.81011199951172,
    "Brow Ridge Low / High":0.099999003112316,
    "Chin Recessed / Pronounced":-0.0035892010200769,
    "Cheeks Gaunt / Round":0.050935998558998,
    "Face Thin / Wide":-0.20599299669266,
    "Eyes Down / Up":0.56000000238419,
    "Jaw Retracted / Jutting":-0.23998799920082,
    "Chin Short / Tall":-0.83999997377396,
    "Jaw Neck Slope Low / High":0.25999999046326,
    "Nose Bridge Shallow / Deep":-0.38640412688255,
    "Mouth Retracted / Protruding":0.0,
    "Cheekbones Thin / Wide":-0.21999999880791,
    "Mouth Low / High":-0.096602536737919,
    "Mouth Retracted / Puckered":0.0,
    "Mouth Small / Large":0.0,
    "Forehead Short / Tall":-0.2235140055418,
    "Nose Nostrils Small / Large":0.31061533093452,
    "Chin Retracted / Jutting":-0.090571954846382,
    "Forehead Small / Large":0.69999998807907,
    "Cheekbones Low / High":0.0,
    "Eyes Small / Large":-0.18000000715256,
    "Cheeks Concave / Convex":0.5799999833107,
    "Brow Ridge Inner Down / Up":0.14748099446297,
    "Nose Sellion Lower Shallow / Deep":0.0,
    "Face Gaunt / Round":0.058533001691103,
    "Mouth Underbite / Overbite":0.0,
    "Nose Region Concave / Convex":0.076479077339172,
    "Forehead / Sellion / Nose Ratio":-0.18701000511646,
    "Mouth Drawn / Pursed":0.0
  },
  "Author":"Bethesda",
  "SkinColorsMapL":{
    "Lipstick Color":{
      "B":1.0,
      "G":1.0,
      "R":1.0,
      "A":1.0
    },
    "Tip DyeColor":{
      "B":1.0,
      "G":1.0,
      "R":1.0,
      "A":1.0
    },
    "Root DyeColor":{
      "B":1.0,
      "G":1.0,
      "R":1.0,
      "A":1.0
    },
    "Eyeliner Tone":{
      "B":1.0,
      "G":1.0,
      "R":1.0,
      "A":1.0
    },
    "Skin Tone":{
      "B":1.0,
      "G":1.0,
      "R":1.0,
      "A":1.0
    }
  },
  "ModVersion":"1.1.0",
  "EyeMaterial":"/Game/Art/Character/WoodElf/Vampire/MIC_WoodElf_Sick_Eye_F.MIC_WoodElf_Sick_Eye_F",
  "Body":"SkeletalMesh /Game/Art/Character/Imperial/SK_Imperial_Body_m.SK_Imperial_Body_m",
  "Description":"saved from in-game",
  "SenescenceLevel":2,
  "APIVersion":"v2",
  "ModCreator":"animandan",
  "ModName":"RaceMenuUtilities",
  "Hair":"/Game/Dev/Phenotypes/Hair/HP_HighElf_HR_Pony.HP_HighElf_HR_Pony",
  "Name":"BP_ArenaRank3A_C"
}