{
  "Race":"TESRace /Game/Forms/actors/race/Redguard.Redguard",
  "FaceBaseMesh":"/Game/Art/Character/Redguard/SK_Redguard_Head_m.SK_Redguard_Head_m",
  "Date":"2025-06-04 18:47:58",
  "HairColorsL":{
    "0":{
      "B":0.0,
      "G":0.0,
      "R":0.0,
      "A":1.0
    }
  },
  "SkinParametersMap":{
    "Cheekbones Flushed/Pale":0.0,
    "Eyelids Pale/Red":0.21999999880791,
    "Eyebrows Redness Intensity":0.0,
    "Lipstick Amount":0.0,
    "Cheek Blush Light/Red":0.0,
    "Skin Dark/Light":-0.23999999463558,
    "Complexion":0.26449400186539,
    "Salt And Pepper":0.0,
    "None":0.0,
    "Eye Socket Dark/Light":0.20000000298023,
    "Eylids Light/Dark":-0.54000002145767,
    "Skin Tint Purple/Yellow":0.0,
    "Freckles":0.0,
    "Root Color":1.0,
    "Ombre Amount":0.0,
    "Eyeliner Light/Dark":0.31999999284744,
    "Tip Color":0.57917600870132,
    "Ombre Constrast":0.0,
    "Eye socket Bruised/Bright":0.62000000476837,
    "Skin Tint Orange/Blue":-0.079999998211861,
    "Root Redness":0.5,
    "Tip Redness":0.5,
    "Eyebrows Color Intensity":0.0
  },
  "Sex":0,
  "FaceMorphValuesMap":{
    "Hair Length":0.0,
    "Vampire":0.0,
    "Nose Sellion Down / Up":-0.12811608612537,
    "Forehead Back / Forward":-0.23556505143642,
    "Mouth Deflated / Inflated":0.18000100553036,
    "Chin Backward / Forward":0.28872340917587,
    "Eyes Apart / Together":-0.12415635585785,
    "Nose Tilt Down / Up":0.0,
    "Mouth Sad / Happy":0.6799989938736,
    "Brow Ridge Outer Down / Up":0.3041210770607,
    "Nose Sellion Thin / Wide":0.0,
    "Nose Short / Long":0.0,
    "Nose Sellion Shallow / Deep":0.0,
    "Brow / Nose / Chin Ratio":-0.42645311355591,
    "Chin Small / Large":-0.1626355946064,
    "Nose Flat / Pointed":-0.45865249633789,
    "Jaw Thin / Wide":0.0,
    "Nose Nostrils Tilt Down / Up":0.0038686871994287,
    "Eyes Inward / Outward":-0.28191667795181,
    "Cheekbones Shallow / Pronounced":0.10890443623066,
    "Nose Nostrils Thin / Wide":-0.43649464845657,
    "Chin Shallow / Deep":0.17235390841961,
    "Nose Down / Up":0.17760030925274,
    "Nose Bridge Short / Long":-0.048266999423504,
    "Mouth Tilt Down / Up":0.01999899931252,
    "Chin Thin / Wide":-0.16507104039192,
    "Face Light / Heavy":0.50780576467514,
    "Mouth Chin Short / Long":0.23999999463558,
    "Jaw Concave / Convex":0.0,
    "Brow Ridge Low / High":0.040546238422394,
    "Chin Recessed / Pronounced":0.23210683465004,
    "Cheeks Gaunt / Round":0.11903055757284,
    "Face Thin / Wide":-0.21068826317787,
    "Eyes Down / Up":0.45714789628983,
    "Jaw Retracted / Jutting":0.0,
    "Chin Short / Tall":-0.47856685519218,
    "Jaw Neck Slope Low / High":0.0,
    "Nose Bridge Shallow / Deep":0.74000000953674,
    "Mouth Retracted / Protruding":0.059250999242067,
    "Cheekbones Thin / Wide":-0.05935462936759,
    "Mouth Low / High":0.11999999731779,
    "Mouth Retracted / Puckered":-0.035795904695988,
    "Mouth Small / Large":-0.007426000200212,
    "Forehead Short / Tall":0.17126826941967,
    "Nose Nostrils Small / Large":-0.3589776456356,
    "Chin Retracted / Jutting":0.39429351687431,
    "Forehead Small / Large":-0.026246165856719,
    "Cheekbones Low / High":0.37429794669151,
    "Eyes Small / Large":0.027481341734529,
    "Cheeks Concave / Convex":-0.11238743364811,
    "Brow Ridge Inner Down / Up":-0.1424302905798,
    "Nose Sellion Lower Shallow / Deep":0.0,
    "Face Gaunt / Round":-0.24375334382057,
    "Mouth Underbite / Overbite":0.21999999880791,
    "Nose Region Concave / Convex":0.18661732971668,
    "Forehead / Sellion / Nose Ratio":0.27561217546463,
    "Mouth Drawn / Pursed":0.69999998807907
  },
  "Author":"Bethesda",
  "SkinColorsMapL":{
    "Lipstick Color":{
      "B":0.0097212167456746,
      "G":0.0009105809731409,
      "R":0.093058958649635,
      "A":1.0
    },
    "Skin Tone":{
      "B":1.0,
      "G":1.0,
      "R":1.0,
      "A":1.0
    },
    "Root DyeColor":{
      "B":1.0,
      "G":1.0,
      "R":1.0,
      "A":1.0
    },
    "Tip DyeColor":{
      "B":1.0,
      "G":1.0,
      "R":1.0,
      "A":1.0
    },
    "Eyeliner Tone":{
      "B":1.0,
      "G":1.0,
      "R":1.0,
      "A":1.0
    }
  },
  "ModVersion":"1.1.0",
  "EyeMaterial":"/Game/Art/Character/Modular/Eyes_Human/MIC_Human_Eyes_Brown2.MIC_Human_Eyes_Brown2",
  "Body":"SkeletalMesh /Game/Art/Character/Imperial/SK_Imperial_Body_m.SK_Imperial_Body_m",
  "Description":"saved from in-game",
  "SenescenceLevel":0,
  "APIVersion":"v2",
  "ModCreator":"animandan",
  "ModName":"RaceMenuUtilities",
  "Hair":"/Game/Dev/Phenotypes/Hair/HP_Redguard_HR_Cornrows.HP_Redguard_HR_Cornrows",
  "Name":"BP_ArenaRank2A_C"
}