{
  "APIVersion":"v2",
  "SkinParametersMap":{
    "Lipstick Amount":0.050000000745058,
    "Freckles":0.0,
    "Eye socket Bruised/Bright":0.0,
    "Tip Color":0.029962999746203,
    "Root Redness":1.0,
    "Eyebrows Redness Intensity":0.0,
    "Ombre Constrast":1.0,
    "Eyelids Pale/Red":0.0,
    "Root Color":0.014980999752879,
    "Cheek Blush Light/Red":0.0,
    "Eyebrows Color Intensity":0.0,
    "Ombre Amount":1.0,
    "Tip Redness":1.0,
    "Cheekbones Flushed/Pale":0.0,
    "Complexion":0.0,
    "Salt And Pepper":0.044943999499083
  },
  "Author":"Bethesda",
  "Race":"TESRace /Game/Forms/actors/race/Imperial.Imperial",
  "HairColorsL":{
    "0":{
      "R":0.0051819998770952,
      "G":0.0018210000125691,
      "B":0.0018210000125691,
      "A":1.0
    }
  },
  "Body":"SkeletalMesh /Game/Art/Character/Imperial/SK_Imperial_Body_m.SK_Imperial_Body_m",
  "Date":"2025-06-04 19:29:25",
  "SkinColorsMapL":{
    "Root DyeColor":{
      "R":1.0,
      "G":1.0,
      "B":1.0,
      "A":1.0
    },
    "Lipstick Color":{
      "R":0.093059003353119,
      "G":0.0091390004381537,
      "B":0.0026529999449849,
      "A":1.0
    },
    "Tip DyeColor":{
      "R":0.1875,
      "G":0.096812002360821,
      "B":0.060848001390696,
      "A":1.0
    },
    "Skin Tone":{
      "R":0.9375,
      "G":0.9375,
      "B":0.9375,
      "A":1.0
    },
    "Eyeliner Tone":{
      "R":0.75520801544189,
      "G":0.75520801544189,
      "B":0.75520801544189,
      "A":1.0
    }
  },
  "ModCreator":"animandan",
  "Sex":1,
  "ModName":"RaceMenuUtilities",
  "EyeMaterial":"/Game/Art/Character/Modular/Eyes_Human/MIC_Human_Eyes_Red2.MIC_Human_Eyes_Red2",
  "ModVersion":"1.1.0",
  "FaceBaseMesh":"/Game/Art/Character/Imperial/SK_Imperial_Head_F.SK_Imperial_Head_F",
  "Hair":"/Game/Dev/Phenotypes/Hair/HP_Elf_HR_PonyTail.HP_Elf_HR_PonyTail",
  "Description":"saved from in-game",
  "SenescenceLevel":5,
  "FaceMorphValuesMap":{
    "Face Gaunt / Round":0.15999999642372,
    "Nose Short / Long":0.0,
    "Nose Tilt Down / Up":0.0,
    "Mouth Sad / Happy":0.77999997138977,
    "Mouth Retracted / Protruding":0.0,
    "Chin Short / Tall":0.0,
    "Cheekbones Low / High":0.0,
    "Nose Nostrils Tilt Down / Up":0.0,
    "Mouth Deflated / Inflated":0.0,
    "Hair Length":0.0,
    "Nose Sellion Shallow / Deep":0.0,
    "Chin Shallow / Deep":0.0,
    "Jaw Concave / Convex":0.25999999046326,
    "Brow Ridge Low / High":0.43999999761581,
    "Chin Recessed / Pronounced":0.0,
    "Mouth Tilt Down / Up":0.20000000298023,
    "Nose Sellion Thin / Wide":0.0,
    "Cheeks Gaunt / Round":0.21999999880791,
    "Nose Sellion Lower Shallow / Deep":0.0,
    "Nose Sellion Down / Up":0.0,
    "Cheeks Concave / Convex":0.30000001192093,
    "Nose Region Concave / Convex":0.0,
    "Eyes Inward / Outward":0.0,
    "Nose Nostrils Thin / Wide":0.81999999284744,
    "Brow Ridge Inner Down / Up":0.0,
    "Eyes Apart / Together":0.63999998569489,
    "Mouth Underbite / Overbite":0.0,
    "Chin Retracted / Jutting":0.0,
    "Brow / Nose / Chin Ratio":0.0,
    "Nose Bridge Short / Long":0.0,
    "Mouth Low / High":0.0,
    "Forehead Small / Large":0.0,
    "Nose Bridge Shallow / Deep":0.0,
    "Eyes Small / Large":0.0,
    "Forehead / Sellion / Nose Ratio":0.0,
    "Mouth Chin Short / Long":0.0,
    "Forehead Short / Tall":0.0,
    "Eyes Down / Up":0.54000002145767,
    "Vampire":0.0,
    "Mouth Retracted / Puckered":0.0,
    "Jaw Retracted / Jutting":0.0,
    "Mouth Drawn / Pursed":0.0,
    "Cheekbones Thin / Wide":0.10000000149012,
    "Nose Down / Up":0.0,
    "Jaw Neck Slope Low / High":0.079999998211861,
    "Chin Thin / Wide":0.0,
    "Cheekbones Shallow / Pronounced":-0.21999999880791,
    "Nose Nostrils Small / Large":0.0,
    "Nose Flat / Pointed":0.0,
    "Face Thin / Wide":-0.20000100135803,
    "Chin Backward / Forward":0.0,
    "Face Light / Heavy":0.0,
    "Mouth Small / Large":0.0,
    "Forehead Back / Forward":0.0,
    "Jaw Thin / Wide":-0.87999898195267,
    "Brow Ridge Outer Down / Up":0.0,
    "Chin Small / Large":0.0
  },
  "Name":"BP_AvieraNirol_C"
}