{
  "Race":"TESRace /Game/Forms/actors/race/Breton.Breton",
  "FaceBaseMesh":"/Game/Art/Character/Breton/SK_Breton_Head_f.SK_Breton_Head_f",
  "Date":"2025-06-04 18:38:42",
  "HairColorsL":{
    "0":{
      "B":0.14702726900578,
      "G":0.57112485170364,
      "R":1.0,
      "A":1.0
    }
  },
  "SkinParametersMap":{
    "Cheekbones Flushed/Pale":0.80524301528931,
    "Eyelids Pale/Red":0.0,
    "Eyebrows Redness Intensity":0.0,
    "Lipstick Amount":0.62921398878098,
    "Cheek Blush Light/Red":0.14606800675392,
    "Khajiit Pattern Number":0.0,
    "Complexion":0.0,
    "Salt And Pepper":0.0,
    "Eye socket Bruised/Bright":0.0,
    "Freckles":0.11985000222921,
    "Root Color":0.2247190028429,
    "Root Redness":0.0,
    "Tip Color":0.0,
    "Ombre Constrast":0.0,
    "Ombre Amount":0.0,
    "Tip Redness":0.0,
    "Eyebrows Color Intensity":0.76029998064041
  },
  "Sex":1,
  "FaceMorphValuesMap":{
    "Hair Length":1.0,
    "Vampire":0.0,
    "Nose Sellion Down / Up":-0.11052600294352,
    "Forehead Back / Forward":-0.2043309956789,
    "Mouth Deflated / Inflated":0.0,
    "Chin Backward / Forward":0.13408400118351,
    "Eyes Apart / Together":0.0,
    "Nose Tilt Down / Up":0.14000000059605,
    "Mouth Sad / Happy":0.44059899449348,
    "Brow Ridge Outer Down / Up":-0.5,
    "Nose Sellion Thin / Wide":0.03999999910593,
    "Nose Short / Long":-0.11999999731779,
    "Nose Sellion Shallow / Deep":-0.059999998658895,
    "Brow / Nose / Chin Ratio":-0.014808000065386,
    "Chin Small / Large":0.0090690003708005,
    "Nose Flat / Pointed":0.1173510029912,
    "Jaw Thin / Wide":0.0061530000530183,
    "Nose Nostrils Tilt Down / Up":0.74332100152969,
    "Eyes Inward / Outward":0.0,
    "Cheekbones Shallow / Pronounced":-0.096950002014637,
    "Nose Nostrils Thin / Wide":0.053132999688387,
    "Chin Shallow / Deep":-0.17902100086212,
    "Nose Down / Up":-0.60000002384186,
    "Nose Bridge Short / Long":-0.036917001008987,
    "Mouth Tilt Down / Up":0.0,
    "Chin Thin / Wide":0.83999997377396,
    "Face Light / Heavy":0.58517998456955,
    "Mouth Chin Short / Long":-0.096505001187325,
    "Jaw Concave / Convex":0.31256398558617,
    "Brow Ridge Low / High":-0.31610301136971,
    "Chin Recessed / Pronounced":0.081707000732422,
    "Cheeks Gaunt / Round":-0.076360002160072,
    "Face Thin / Wide":-0.52725702524185,
    "Eyes Down / Up":0.0,
    "Jaw Retracted / Jutting":-0.21999900043011,
    "Chin Short / Tall":0.25999999046326,
    "Jaw Neck Slope Low / High":-1.0,
    "Nose Bridge Shallow / Deep":0.38581699132919,
    "Mouth Retracted / Protruding":0.0,
    "Cheekbones Thin / Wide":0.099083997309208,
    "Mouth Low / High":0.0,
    "Mouth Retracted / Puckered":0.0,
    "Mouth Small / Large":0.0,
    "Forehead Short / Tall":0.050298001617193,
    "Nose Nostrils Small / Large":-0.096248000860214,
    "Chin Retracted / Jutting":0.15473300218582,
    "Forehead Small / Large":0.31245300173759,
    "Cheekbones Low / High":0.19847500324249,
    "Eyes Small / Large":0.83895099163055,
    "Cheeks Concave / Convex":0.53315401077271,
    "Brow Ridge Inner Down / Up":0.5,
    "Nose Sellion Lower Shallow / Deep":-0.10000000149012,
    "Face Gaunt / Round":0.1947920024395,
    "Mouth Underbite / Overbite":0.0,
    "Nose Region Concave / Convex":0.31511801481247,
    "Forehead / Sellion / Nose Ratio":0.58362799882889,
    "Mouth Drawn / Pursed":0.0
  },
  "Author":"Bethesda",
  "SkinColorsMapL":{
    "Lipstick Color":{
      "B":0.049706999212503,
      "G":0.031895998865366,
      "R":0.14702700078487,
      "A":1.0
    },
    "Skin Tone":{
      "B":0.94791698455811,
      "G":0.94979298114777,
      "R":1.0,
      "A":1.0
    },
    "Root DyeColor":{
      "B":1.0,
      "G":1.0,
      "R":1.0,
      "A":1.0
    },
    "Tip DyeColor":{
      "B":0.16437700390816,
      "G":0.55433398485184,
      "R":1.0,
      "A":1.0
    },
    "Eyeliner Tone":{
      "B":0.0,
      "G":0.046629998832941,
      "R":0.17708300054073,
      "A":1.0
    }
  },
  "ModVersion":"1.1.0",
  "EyeMaterial":"/Game/Art/Character/Modular/Eyes_Human/MIC_Human_Eyes_Green2.MIC_Human_Eyes_Green2",
  "Body":"SkeletalMesh /Game/Art/Character/Imperial/SK_Imperial_Body_m.SK_Imperial_Body_m",
  "Description":"saved from in-game",
  "SenescenceLevel":1,
  "APIVersion":"v2",
  "ModCreator":"animandan",
  "ModName":"RaceMenuUtilities",
  "Hair":"/Game/Dev/Phenotypes/CustomHair/HP_HR_MartinSeptim.HP_HR_MartinSeptim",
  "Name":"BP_AntoinettaMarie_C"
}