{
  "APIVersion":"v2",
  "SkinParametersMap":{
    "Lipstick Amount":1.0,
    "Freckles":0.0,
    "Eye socket Bruised/Bright":0.0,
    "Tip Color":0.0,
    "Complexion":0.0,
    "Eyebrows Redness Intensity":0.0,
    "Ombre Constrast":0.0,
    "Eyelids Pale/Red":0.0,
    "Root Color":0.0,
    "Cheek Blush Light/Red":0.0,
    "Root Redness":0.0,
    "Ombre Amount":0.0,
    "Tip Redness":0.0,
    "Cheekbones Flushed/Pale":0.0,
    "Eyebrows Color Intensity":0.0,
    "Salt And Pepper":0.0
  },
  "Author":"Bethesda",
  "Race":"TESRace /Game/Forms/actors/race/Redguard.Redguard",
  "HairColorsL":{
    "0":{
      "R":0.021219009533525,
      "G":0.016807375475764,
      "B":0.014443843625486,
      "A":1.0
    }
  },
  "Body":"SkeletalMesh /Game/Art/Character/Imperial/SK_Imperial_Body_m.SK_Imperial_Body_m",
  "Date":"2025-06-04 19:28:16",
  "SkinColorsMapL":{
    "Root DyeColor":{
      "R":0.0047769998200238,
      "G":0.0012140000471845,
      "B":0.0,
      "A":1.0
    },
    "Lipstick Color":{
      "R":0.093058958649635,
      "G":0.0009105809731409,
      "B":0.0097212167456746,
      "A":1.0
    },
    "Tip DyeColor":{
      "R":0.10702300071716,
      "G":0.034340001642704,
      "B":0.0056050000712276,
      "A":1.0
    },
    "Skin Tone":{
      "R":1.0,
      "G":1.0,
      "B":1.0,
      "A":1.0
    },
    "Eyeliner Tone":{
      "R":1.0,
      "G":1.0,
      "B":1.0,
      "A":1.0
    }
  },
  "ModCreator":"animandan",
  "Sex":1,
  "ModName":"RaceMenuUtilities",
  "EyeMaterial":"/Game/Art/Character/Modular/Eyes_Human/MIC_Human_Eyes_Blue1.MIC_Human_Eyes_Blue1",
  "ModVersion":"1.1.0",
  "FaceBaseMesh":"/Game/Art/Character/Redguard/SK_Redguard_Head_f.SK_Redguard_Head_f",
  "Hair":"/Game/Dev/Phenotypes/Hair/HP_Imperial_HR_Coil.HP_Imperial_HR_Coil",
  "Description":"saved from in-game",
  "SenescenceLevel":0,
  "FaceMorphValuesMap":{
    "Face Gaunt / Round":-0.03999999910593,
    "Nose Short / Long":0.51999998092651,
    "Nose Tilt Down / Up":0.31999999284744,
    "Mouth Sad / Happy":0.9200000166893,
    "Mouth Retracted / Protruding":0.0,
    "Chin Short / Tall":-0.099999003112316,
    "Cheekbones Low / High":0.03999999910593,
    "Nose Nostrils Tilt Down / Up":0.019999999552965,
    "Mouth Deflated / Inflated":0.079999998211861,
    "Hair Length":0.0,
    "Nose Sellion Shallow / Deep":-0.059999998658895,
    "Chin Shallow / Deep":0.36000001430511,
    "Jaw Concave / Convex":0.20000000298023,
    "Brow Ridge Low / High":-0.51999998092651,
    "Chin Recessed / Pronounced":-0.059999998658895,
    "Mouth Tilt Down / Up":-0.28000000119209,
    "Nose Sellion Thin / Wide":0.0,
    "Cheeks Gaunt / Round":-0.25999999046326,
    "Nose Sellion Lower Shallow / Deep":0.0,
    "Nose Sellion Down / Up":0.03999900072813,
    "Cheeks Concave / Convex":0.23999999463558,
    "Nose Region Concave / Convex":-0.4000009894371,
    "Eyes Inward / Outward":0.019999999552965,
    "Nose Nostrils Thin / Wide":-0.15999999642372,
    "Brow Ridge Inner Down / Up":0.0,
    "Eyes Apart / Together":0.37999999523163,
    "Mouth Underbite / Overbite":0.019999999552965,
    "Chin Retracted / Jutting":0.36000001430511,
    "Brow / Nose / Chin Ratio":-0.15999999642372,
    "Nose Bridge Short / Long":0.20000000298023,
    "Mouth Low / High":0.0,
    "Forehead Small / Large":-0.6799989938736,
    "Nose Bridge Shallow / Deep":0.15999999642372,
    "Eyes Small / Large":0.15999999642372,
    "Forehead / Sellion / Nose Ratio":0.40000000596046,
    "Mouth Chin Short / Long":0.23999999463558,
    "Forehead Short / Tall":0.37999999523163,
    "Eyes Down / Up":-0.019999999552965,
    "Vampire":0.0,
    "Mouth Retracted / Puckered":0.0,
    "Jaw Retracted / Jutting":0.18000000715256,
    "Mouth Drawn / Pursed":0.23999999463558,
    "Cheekbones Thin / Wide":-0.40000000596046,
    "Nose Down / Up":-0.20000000298023,
    "Jaw Neck Slope Low / High":-0.099999003112316,
    "Chin Thin / Wide":-0.69999897480011,
    "Cheekbones Shallow / Pronounced":-0.25999999046326,
    "Nose Nostrils Small / Large":-0.34000000357628,
    "Nose Flat / Pointed":-0.019999999552965,
    "Face Thin / Wide":-0.059999998658895,
    "Chin Backward / Forward":-0.11999999731779,
    "Face Light / Heavy":-0.10000000149012,
    "Mouth Small / Large":-0.019999999552965,
    "Forehead Back / Forward":0.11999999731779,
    "Jaw Thin / Wide":0.059999998658895,
    "Brow Ridge Outer Down / Up":0.31999999284744,
    "Chin Small / Large":0.20000000298023
  },
  "Name":"BP_ArenaHopeful1_C"
}