{
  "ModName":"RaceMenuUtilities",
  "FaceBaseMesh":"/Game/Art/Character/Argonian/SK_Argonian_Head_m.SK_Argonian_Head_m",
  "Author":"Bethesda",
  "Date":"2025-06-04 20:30:45",
  "SkinColorsMapL":{
    "Color 1":{
      "A":1.0,
      "B":0.28472200036049,
      "G":0.2919459939003,
      "R":1.0
    },
    "Eyeliner Tone":{
      "A":1.0,
      "B":1.0,
      "G":1.0,
      "R":1.0
    },
    "Color 3":{
      "A":1.0,
      "B":0.78819501399994,
      "G":1.0,
      "R":0.79644399881363
    },
    "Color 2":{
      "A":1.0,
      "B":0.12152799963951,
      "G":0.12152799963951,
      "R":1.0
    }
  },
  "APIVersion":"v2",
  "FaceMorphValuesMap":{
    "Eyes Small / Large":0.17069835960865,
    "Jaw Thin / Wide":0.21161566674709,
    "Brow Ridge Low / High":0.61847800016403,
    "Chin Retracted / Jutting":-0.56042057275772,
    "Face Thin / Wide":-0.18913854658604,
    "Hair Length":0.0,
    "Chin Backward / Forward":-0.04528122022748,
    "Vampire":0.0,
    "Mouth Underbite / Overbite":0.076926350593567,
    "Eyes Inward / Outward":-0.057094432413578,
    "Mouth Sad / Happy":0.43281385302544,
    "Jaw Retracted / Jutting":0.0074992179870605,
    "Nose Flat / Pointed":-0.11104726791382,
    "Chin Recessed / Pronounced":-0.88026583194733,
    "Cheeks Gaunt / Round":0.10030098259449,
    "Forehead Back / Forward":-0.17918215692043,
    "Nose Sellion Down / Up":-0.26536712050438,
    "Mouth Deflated / Inflated":-0.2508370578289,
    "Mouth Small / Large":0.361951649189,
    "Nose Tilt Down / Up":0.0,
    "Nose Short / Long":0.0,
    "Mouth Drawn / Pursed":0.43481063842773,
    "Chin Short / Tall":0.082912281155586,
    "Nose Sellion Thin / Wide":0.0,
    "Jaw Neck Slope Low / High":0.099095441401005,
    "Cheekbones Shallow / Pronounced":-0.28780889511108,
    "Nose Sellion Shallow / Deep":0.0,
    "Mouth Tilt Down / Up":0.099824622273445,
    "Brow / Nose / Chin Ratio":0.333988904953,
    "Brow Ridge Outer Down / Up":0.33064469695091,
    "Chin Small / Large":0.095738373696804,
    "Mouth Retracted / Puckered":0.29804420471191,
    "Chin Thin / Wide":-0.57552057504654,
    "Nose Nostrils Tilt Down / Up":-0.12739877402782,
    "Face Gaunt / Round":0.076820567250252,
    "Cheekbones Thin / Wide":-0.26437139511108,
    "Forehead / Sellion / Nose Ratio":-0.13883569836617,
    "Cheekbones Low / High":-0.32798793911934,
    "Nose Bridge Short / Long":-0.20438586175442,
    "Forehead Short / Tall":-0.087108515202999,
    "Nose Bridge Shallow / Deep":-0.23212175071239,
    "Mouth Chin Short / Long":-0.29285073280334,
    "Face Light / Heavy":-0.027271557599306,
    "Nose Region Concave / Convex":-0.36598920822144,
    "Mouth Retracted / Protruding":-0.30859667062759,
    "Cheeks Concave / Convex":0.38697549700737,
    "Nose Nostrils Small / Large":-0.17682357132435,
    "Jaw Concave / Convex":-0.50687521696091,
    "Nose Down / Up":0.19484482705593,
    "Mouth Low / High":-0.32187175750732,
    "Eyes Down / Up":0.45538178086281,
    "Chin Shallow / Deep":0.10033871233463,
    "Eyes Apart / Together":0.08429642021656,
    "Brow Ridge Inner Down / Up":-0.015665292739868,
    "Nose Sellion Lower Shallow / Deep":0.0,
    "Nose Nostrils Thin / Wide":-0.30934602022171,
    "Forehead Small / Large":0.0029802322387695
  },
  "EyeMaterial":"/Game/Art/Character/Argonian/MIC_Argonian_Eyes.MIC_Argonian_Eyes",
  "HairColorsL":{
    "0":{
      "A":1.0,
      "B":0.0,
      "G":0.0,
      "R":0.0
    }
  },
  "SkinParametersMap":{
    "Eye socket Bruised/Bright":0.0,
    "Complexion":0.0,
    "Eyeliner Light/Dark":0.0,
    "Hair Desaturation for Argonian":0.0,
    "Eyelids Pale/Red":0.0,
    "Eylids Light/Dark":0.0,
    "Eye Socket Dark/Light":0.0
  },
  "SenescenceLevel":4,
  "Sex":0,
  "Description":"saved from in-game",
  "ModCreator":"animandan",
  "ModVersion":"1.1.0",
  "Hair":"/Game/Dev/Phenotypes/Hair/HP_Argonian_HR_Spines_Jeweled.HP_Argonian_HR_Spines_Jeweled",
  "Name":"BP_Amusei_C",
  "Race":"TESRace /Game/Forms/actors/race/Argonian.Argonian",
  "Body":"SkeletalMesh /Game/Art/Character/Imperial/SK_Imperial_Body_m.SK_Imperial_Body_m"
}