{
  "Sex":0,
  "HairColorsL":{
    "1":{
      "A":1.0,
      "R":0.22322796285152,
      "G":0.14412847161293,
      "B":0.084376208484173
    },
    "2":{
      "A":1.0,
      "R":0.22322796285152,
      "G":0.14412847161293,
      "B":0.084376208484173
    },
    "0":{
      "A":1.0,
      "R":0.021219009533525,
      "G":0.01032982300967,
      "B":0.0060488330200315
    }
  },
  "EyeMaterial":"/Game/Art/Character/Modular/Eyes_Human/MIC_Human_Eyes_Blue1.MIC_Human_Eyes_Blue1",
  "Author":"Bethesda",
  "Date":"2025-06-04 19:33:59",
  "Description":"saved from in-game",
  "Name":"BP_AnvilGuardCityPatrolNight01_C",
  "ModCreator":"animandan",
  "ModName":"RaceMenuUtilities",
  "FaceBaseMesh":"/Game/Art/Character/Imperial/SK_Imperial_Head_m.SK_Imperial_Head_m",
  "ModVersion":"1.1.0",
  "Body":"SkeletalMesh /Game/Art/Character/Imperial/SK_Imperial_Body_m.SK_Imperial_Body_m",
  "FaceMorphValuesMap":{
    "Nose Nostrils Thin / Wide":-0.11966499686241,
    "Forehead / Sellion / Nose Ratio":0.054620999842882,
    "Cheekbones Thin / Wide":-0.06784400343895,
    "Forehead Small / Large":0.22300000488758,
    "Chin Recessed / Pronounced":0.0,
    "Brow / Nose / Chin Ratio":0.13755099475384,
    "Jaw Thin / Wide":-0.77999997138977,
    "Cheeks Gaunt / Round":0.30897098779678,
    "Chin Backward / Forward":0.0,
    "Chin Thin / Wide":-0.63999998569489,
    "Forehead Short / Tall":-0.31446701288223,
    "Face Thin / Wide":-0.23021100461483,
    "Brow Ridge Inner Down / Up":-0.43237900733948,
    "Mouth Underbite / Overbite":-0.048101000487804,
    "Mouth Low / High":0.27996000647545,
    "Vampire":0.0,
    "Face Gaunt / Round":-0.19048699736595,
    "Eyes Small / Large":-0.55999898910522,
    "Mouth Drawn / Pursed":0.0,
    "Chin Retracted / Jutting":0.41999998688698,
    "Nose Tilt Down / Up":0.0,
    "Mouth Small / Large":-0.27616500854492,
    "Nose Short / Long":0.0,
    "Nose Bridge Shallow / Deep":0.43192398548126,
    "Nose Sellion Thin / Wide":0.0,
    "Mouth Retracted / Protruding":0.05833899974823,
    "Nose Sellion Shallow / Deep":0.0,
    "Jaw Retracted / Jutting":0.0,
    "Nose Sellion Down / Up":-0.13801099359989,
    "Eyes Inward / Outward":0.080278001725674,
    "Nose Region Concave / Convex":0.018387999385595,
    "Brow Ridge Outer Down / Up":-0.47953400015831,
    "Nose Nostrils Small / Large":0.10278200358152,
    "Eyes Apart / Together":0.75999999046326,
    "Nose Nostrils Tilt Down / Up":0.0017519999528304,
    "Nose Flat / Pointed":0.042647998780012,
    "Mouth Tilt Down / Up":-0.14942100644112,
    "Jaw Concave / Convex":0.0,
    "Mouth Sad / Happy":-0.039365001022816,
    "Cheekbones Shallow / Pronounced":-0.21030999720097,
    "Face Light / Heavy":-0.024142000824213,
    "Nose Down / Up":-0.2601880133152,
    "Chin Short / Tall":-0.60000002384186,
    "Eyes Down / Up":-0.10021699965,
    "Cheeks Concave / Convex":-0.14747300744057,
    "Nose Bridge Short / Long":0.030922999605536,
    "Mouth Chin Short / Long":-0.5316190123558,
    "Nose Sellion Lower Shallow / Deep":0.0,
    "Mouth Retracted / Puckered":-0.011876000091434,
    "Hair Length":0.0,
    "Mouth Deflated / Inflated":0.0,
    "Chin Shallow / Deep":0.0,
    "Jaw Neck Slope Low / High":0.0,
    "Brow Ridge Low / High":-0.46000099182129,
    "Cheekbones Low / High":0.1195499971509,
    "Forehead Back / Forward":0.17290599644184,
    "Chin Small / Large":0.0
  },
  "Hair":"/Game/Dev/Phenotypes/Hair/HP_HR_Ponytail.HP_HR_Ponytail",
  "SenescenceLevel":4,
  "APIVersion":"v2",
  "SkinParametersMap":{
    "Complexion":0.0,
    "Cheek Blush Light/Red":0.0,
    "Eyebrows Color Intensity":0.0,
    "Eye socket Bruised/Bright":0.0,
    "Lipstick Amount":0.0,
    "Root Redness":0.0,
    "Freckles":0.0,
    "Cheekbones Flushed/Pale":0.0,
    "Eyebrows Redness Intensity":0.0,
    "Root Color":0.0,
    "Eyelids Pale/Red":0.0,
    "Tip Color":0.0,
    "Tip Redness":0.0,
    "Ombre Amount":0.0,
    "Salt And Pepper":0.53932601213455,
    "Ombre Constrast":0.0
  },
  "Race":"TESRace /Game/Forms/actors/race/Imperial.Imperial",
  "SkinColorsMapL":{
    "Root DyeColor":{
      "A":1.0,
      "R":0.0047769998200238,
      "G":0.0012140000471845,
      "B":0.0
    },
    "Eyeliner Tone":{
      "A":1.0,
      "R":1.0,
      "G":1.0,
      "B":1.0
    },
    "Tip DyeColor":{
      "A":1.0,
      "R":0.10702300071716,
      "G":0.034340001642704,
      "B":0.0056050000712276
    },
    "Skin Tone":{
      "A":1.0,
      "R":1.0,
      "G":1.0,
      "B":1.0
    },
    "Lipstick Color":{
      "A":1.0,
      "R":0.093058958649635,
      "G":0.0009105809731409,
      "B":0.0097212167456746
    }
  }
}