{
  "ModName":"RaceMenuUtilities",
  "FaceBaseMesh":"/Game/Art/Character/DarkElf/SK_DarkElf_Head_f.SK_DarkElf_Head_f",
  "Author":"Bethesda",
  "Date":"2025-06-04 20:30:43",
  "SkinColorsMapL":{
    "Lipstick Color":{
      "A":1.0,
      "B":1.0,
      "G":1.0,
      "R":1.0
    },
    "Eyeliner Tone":{
      "A":1.0,
      "B":1.0,
      "G":1.0,
      "R":1.0
    },
    "Root DyeColor":{
      "A":1.0,
      "B":1.0,
      "G":1.0,
      "R":1.0
    },
    "Tip DyeColor":{
      "A":1.0,
      "B":1.0,
      "G":1.0,
      "R":1.0
    },
    "Skin Tone":{
      "A":1.0,
      "B":0.97319000959396,
      "G":1.0,
      "R":0.78819501399994
    }
  },
  "APIVersion":"v2",
  "FaceMorphValuesMap":{
    "Eyes Small / Large":0.81999897956848,
    "Jaw Thin / Wide":-0.059999998658895,
    "Brow Ridge Low / High":-0.41550600528717,
    "Chin Retracted / Jutting":0.37999999523163,
    "Face Thin / Wide":-0.69999998807907,
    "Hair Length":0.0,
    "Chin Backward / Forward":0.03999999910593,
    "Vampire":0.0,
    "Mouth Underbite / Overbite":0.28037399053574,
    "Eyes Inward / Outward":-0.21999900043011,
    "Mouth Sad / Happy":0.23999999463558,
    "Jaw Retracted / Jutting":-0.57318300008774,
    "Nose Flat / Pointed":0.13999900221825,
    "Chin Recessed / Pronounced":0.63999998569489,
    "Cheeks Gaunt / Round":0.10000000149012,
    "Forehead Back / Forward":-0.16404500603676,
    "Nose Sellion Down / Up":0.51999998092651,
    "Mouth Deflated / Inflated":-0.019999999552965,
    "Mouth Small / Large":-0.37999999523163,
    "Nose Tilt Down / Up":-0.22000099718571,
    "Nose Short / Long":0.87999999523163,
    "Mouth Drawn / Pursed":0.55999898910522,
    "Chin Short / Tall":0.0,
    "Nose Sellion Thin / Wide":0.23999999463558,
    "Jaw Neck Slope Low / High":0.25999999046326,
    "Cheekbones Shallow / Pronounced":0.0,
    "Nose Sellion Shallow / Deep":-0.019999999552965,
    "Mouth Tilt Down / Up":0.25999999046326,
    "Brow / Nose / Chin Ratio":0.0,
    "Brow Ridge Outer Down / Up":-0.079999998211861,
    "Chin Small / Large":0.0,
    "Mouth Retracted / Puckered":0.47999998927116,
    "Chin Thin / Wide":0.0,
    "Nose Nostrils Tilt Down / Up":0.31999999284744,
    "Face Gaunt / Round":0.079999998211861,
    "Cheekbones Thin / Wide":0.15999999642372,
    "Forehead / Sellion / Nose Ratio":-0.53999900817871,
    "Cheekbones Low / High":0.21999999880791,
    "Nose Bridge Short / Long":0.43999999761581,
    "Forehead Short / Tall":-0.41999998688698,
    "Nose Bridge Shallow / Deep":-0.03999999910593,
    "Mouth Chin Short / Long":0.0,
    "Face Light / Heavy":0.43999999761581,
    "Nose Region Concave / Convex":0.43999999761581,
    "Mouth Retracted / Protruding":-0.56000000238419,
    "Cheeks Concave / Convex":0.03999999910593,
    "Nose Nostrils Small / Large":-0.9200000166893,
    "Jaw Concave / Convex":0.62000000476837,
    "Nose Down / Up":-0.63999897241592,
    "Mouth Low / High":-0.62000000476837,
    "Eyes Down / Up":-0.75999999046326,
    "Chin Shallow / Deep":0.0,
    "Eyes Apart / Together":-0.019999999552965,
    "Brow Ridge Inner Down / Up":-0.14000000059605,
    "Nose Sellion Lower Shallow / Deep":-0.03999999910593,
    "Nose Nostrils Thin / Wide":-0.79999899864197,
    "Forehead Small / Large":0.5799999833107
  },
  "EyeMaterial":"/Game/Art/Character/Modular/Eyes_DarkElf/MIC_DarkElf_Eyes_Red.MIC_DarkElf_Eyes_Red",
  "HairColorsL":{
    "0":{
      "A":1.0,
      "B":0.16826899349689,
      "G":0.29177099466324,
      "R":0.44520100951195
    }
  },
  "SkinParametersMap":{
    "Complexion":0.0,
    "Freckles":0.0,
    "Ombre Amount":0.0,
    "Eylids Light/Dark":0.15999999642372,
    "Skin Tint Purple/Yellow":0.0,
    "Cheek Blush Light/Red":0.18000000715256,
    "Ombre Constrast":0.0,
    "Tip Color":0.47940099239349,
    "Eye socket Bruised/Bright":0.36000001430511,
    "Skin Tint Orange/Blue":0.0,
    "Eyebrows Color Intensity":0.0,
    "Tip Redness":1.0,
    "Root Redness":1.0,
    "Root Color":1.0,
    "Skin Dark/Light":0.0,
    "Salt And Pepper":0.044943999499083,
    "Eyebrows Redness Intensity":0.50000101327896,
    "Eyeliner Light/Dark":0.74000000953674,
    "Eyelids Pale/Red":0.63999897241592,
    "Cheekbones Flushed/Pale":0.47999998927116,
    "Eye Socket Dark/Light":-0.30000001192093,
    "Lipstick Amount":0.0
  },
  "SenescenceLevel":5,
  "Sex":1,
  "Description":"saved from in-game",
  "ModCreator":"animandan",
  "ModVersion":"1.1.0",
  "Hair":"/Game/Dev/Phenotypes/Hair/HP_HighElf_HR_Bun.HP_HighElf_HR_Bun",
  "Name":"BP_AdosiSerethi_C",
  "Race":"TESRace /Game/Forms/actors/race/DarkElf.DarkElf",
  "Body":"SkeletalMesh /Game/Art/Character/Imperial/SK_Imperial_Body_m.SK_Imperial_Body_m"
}