{
  "Race":"TESRace /Game/Forms/actors/race/Argonian.Argonian",
  "FaceBaseMesh":"/Game/Art/Character/Argonian/SK_Argonian_Head_m.SK_Argonian_Head_m",
  "Date":"2025-06-04 18:49:49",
  "HairColorsL":{
    "0":{
      "B":0.0,
      "G":0.0,
      "R":0.0,
      "A":1.0
    }
  },
  "SkinParametersMap":{
    "Eyeliner Light/Dark":0.0,
    "Eyelids Pale/Red":0.0,
    "Hair Desaturation for Argonian":0.0,
    "Complexion":0.0,
    "Eye Socket Dark/Light":0.0,
    "Eye socket Bruised/Bright":0.0,
    "Eylids Light/Dark":0.0
  },
  "Sex":0,
  "FaceMorphValuesMap":{
    "Hair Length":0.0,
    "Vampire":0.0,
    "Nose Sellion Down / Up":0.012992477975786,
    "Forehead Back / Forward":0.055095959454775,
    "Mouth Deflated / Inflated":-0.0053747654892504,
    "Chin Backward / Forward":0.15529349446297,
    "Eyes Apart / Together":0.048213817179203,
    "Nose Tilt Down / Up":0.0,
    "Mouth Sad / Happy":0.054188158363104,
    "Brow Ridge Outer Down / Up":0.27809393405914,
    "Nose Sellion Thin / Wide":0.0,
    "Nose Short / Long":0.0,
    "Nose Sellion Shallow / Deep":0.0,
    "Brow / Nose / Chin Ratio":-0.16551743447781,
    "Chin Small / Large":0.16528515517712,
    "Nose Flat / Pointed":-0.079253673553467,
    "Jaw Thin / Wide":0.075114823877811,
    "Nose Nostrils Tilt Down / Up":0.1669454574585,
    "Eyes Inward / Outward":0.071251682937145,
    "Cheekbones Shallow / Pronounced":-0.55038917064667,
    "Nose Nostrils Thin / Wide":-0.2002881616354,
    "Chin Shallow / Deep":-0.43583965301514,
    "Nose Down / Up":0.21381378173828,
    "Nose Bridge Short / Long":-0.12292470782995,
    "Mouth Tilt Down / Up":-0.051594447344542,
    "Chin Thin / Wide":-0.18211607635021,
    "Face Light / Heavy":-0.033545512706041,
    "Mouth Chin Short / Long":0.15194880962372,
    "Jaw Concave / Convex":-0.40242120623589,
    "Brow Ridge Low / High":0.44764432311058,
    "Chin Recessed / Pronounced":-0.14499770104885,
    "Cheeks Gaunt / Round":0.20208321511745,
    "Face Thin / Wide":0.079390682280064,
    "Eyes Down / Up":0.22178903222084,
    "Jaw Retracted / Jutting":0.29683175683022,
    "Chin Short / Tall":-0.67882645130157,
    "Jaw Neck Slope Low / High":0.11999731510878,
    "Nose Bridge Shallow / Deep":-0.279790610075,
    "Mouth Retracted / Protruding":0.057620335370302,
    "Cheekbones Thin / Wide":0.12741822004318,
    "Mouth Low / High":-0.3366576731205,
    "Mouth Retracted / Puckered":-0.057792853564024,
    "Mouth Small / Large":-0.19880199432373,
    "Forehead Short / Tall":0.3782374560833,
    "Nose Nostrils Small / Large":-0.086022041738033,
    "Chin Retracted / Jutting":-0.24984720349312,
    "Forehead Small / Large":0.030023861676455,
    "Cheekbones Low / High":-0.38265535235405,
    "Eyes Small / Large":-0.34707900881767,
    "Cheeks Concave / Convex":0.66418218612671,
    "Brow Ridge Inner Down / Up":0.39107462763786,
    "Nose Sellion Lower Shallow / Deep":0.0,
    "Face Gaunt / Round":0.011507416144013,
    "Mouth Underbite / Overbite":0.073716856539249,
    "Nose Region Concave / Convex":-0.041306402534246,
    "Forehead / Sellion / Nose Ratio":-0.04971444606781,
    "Mouth Drawn / Pursed":0.045216631144285
  },
  "Author":"Bethesda",
  "SkinColorsMapL":{
    "Color 1":{
      "B":0.061246052384377,
      "G":0.21223075687885,
      "R":0.53947949409485,
      "A":1.0
    },
    "Color 2":{
      "B":0.0,
      "G":0.019235000014305,
      "R":0.50347197055817,
      "A":1.0
    },
    "Color 3":{
      "B":1.0,
      "G":0.99336898326874,
      "R":0.51036900281906,
      "A":1.0
    },
    "Eyeliner Tone":{
      "B":1.0,
      "G":1.0,
      "R":1.0,
      "A":1.0
    }
  },
  "ModVersion":"1.1.0",
  "EyeMaterial":"/Game/Art/Character/Argonian/MIC_Argonian_Eyes.MIC_Argonian_Eyes",
  "Body":"SkeletalMesh /Game/Art/Character/Imperial/SK_Imperial_Body_m.SK_Imperial_Body_m",
  "Description":"saved from in-game",
  "SenescenceLevel":2,
  "APIVersion":"v2",
  "ModCreator":"animandan",
  "ModName":"RaceMenuUtilities",
  "Hair":"/Game/Dev/Phenotypes/Hair/HP_Argonian_HR_WebbedSpikeCrest.HP_Argonian_HR_WebbedSpikeCrest",
  "Name":"BP_ArenaRank0C_C"
}