{
  "Race":"TESRace /Game/Forms/actors/race/Breton.Breton",
  "FaceBaseMesh":"/Game/Art/Character/Breton/SK_Breton_Head_m.SK_Breton_Head_m",
  "Date":"2025-06-04 18:35:41",
  "HairColorsL":{
    "0":{
      "B":1.0,
      "G":1.0,
      "R":1.0,
      "A":1.0
    }
  },
  "SkinParametersMap":{
    "Cheekbones Flushed/Pale":0.31999999284744,
    "Eyelids Pale/Red":0.15999999642372,
    "Skin Tint Purple/Yellow":0.10000000149012,
    "Lipstick Amount":0.019999999552965,
    "Cheek Blush Light/Red":0.23999999463558,
    "Skin Dark/Light":0.30000001192093,
    "Complexion":0.37999999523163,
    "Salt And Pepper":0.0,
    "Eye Socket Dark/Light":0.44000101089478,
    "Eylids Light/Dark":0.0,
    "Khajiit Pattern Number":0.0,
    "Ombre Amount":1.0,
    "Freckles":0.30000001192093,
    "Root Color":0.10000000149012,
    "Ombre Constrast":1.0,
    "Eyeliner Light/Dark":0.0,
    "Tip Color":0.10000000149012,
    "Eyebrows Redness Intensity":0.0,
    "Root Redness":0.0,
    "Skin Tint Orange/Blue":0.0,
    "Eye socket Bruised/Bright":0.0,
    "Tip Redness":0.0,
    "Eyebrows Color Intensity":0.75
  },
  "Sex":0,
  "FaceMorphValuesMap":{
    "Hair Length":0.0,
    "Vampire":0.0,
    "Nose Sellion Down / Up":-0.29209798574448,
    "Forehead Back / Forward":-0.39154800772667,
    "Mouth Deflated / Inflated":0.12770999968052,
    "Chin Backward / Forward":-0.52141100168228,
    "Eyes Apart / Together":-0.36294999718666,
    "Nose Tilt Down / Up":0.0,
    "Mouth Sad / Happy":0.23142200708389,
    "Brow Ridge Outer Down / Up":-0.070000000298023,
    "Nose Sellion Thin / Wide":0.40000000596046,
    "Nose Short / Long":0.0,
    "Nose Sellion Shallow / Deep":0.0,
    "Brow / Nose / Chin Ratio":-0.2080159932375,
    "Chin Small / Large":-0.06003399938345,
    "Nose Flat / Pointed":-0.072370581328869,
    "Jaw Thin / Wide":-0.17355300486088,
    "Nose Nostrils Tilt Down / Up":-0.30447000265121,
    "Eyes Inward / Outward":0.050078716129065,
    "Cheekbones Shallow / Pronounced":0.0,
    "Nose Nostrils Thin / Wide":0.34289899468422,
    "Chin Shallow / Deep":0.26990875601768,
    "Nose Down / Up":0.047068998217583,
    "Nose Bridge Short / Long":0.089126162230968,
    "Mouth Tilt Down / Up":-0.87999999523163,
    "Chin Thin / Wide":0.59524697065353,
    "Face Light / Heavy":0.44190898537636,
    "Mouth Chin Short / Long":-0.14102628827095,
    "Jaw Concave / Convex":0.31749200820923,
    "Brow Ridge Low / High":0.29999899864197,
    "Chin Recessed / Pronounced":0.14882948994637,
    "Cheeks Gaunt / Round":0.46311101317406,
    "Face Thin / Wide":-0.030006000772119,
    "Eyes Down / Up":0.0,
    "Jaw Retracted / Jutting":-0.096998460590839,
    "Chin Short / Tall":-0.47999998927116,
    "Jaw Neck Slope Low / High":-0.060001000761986,
    "Nose Bridge Shallow / Deep":0.063854895532131,
    "Mouth Retracted / Protruding":-0.51665097475052,
    "Cheekbones Thin / Wide":0.10250200331211,
    "Mouth Low / High":-0.62000000476837,
    "Mouth Retracted / Puckered":-0.074958615005016,
    "Mouth Small / Large":0.20591400563717,
    "Forehead Short / Tall":-0.29854801297188,
    "Nose Nostrils Small / Large":0.49665799736977,
    "Chin Retracted / Jutting":0.16502563655376,
    "Forehead Small / Large":-0.47096899151802,
    "Cheekbones Low / High":-0.12509299814701,
    "Eyes Small / Large":0.0,
    "Cheeks Concave / Convex":-0.153181001544,
    "Brow Ridge Inner Down / Up":-0.37999999523163,
    "Nose Sellion Lower Shallow / Deep":0.0,
    "Face Gaunt / Round":0.31999999284744,
    "Mouth Underbite / Overbite":0.035304065793753,
    "Nose Region Concave / Convex":0.0024600001052022,
    "Forehead / Sellion / Nose Ratio":0.12123599648476,
    "Mouth Drawn / Pursed":-0.16098199784756
  },
  "Author":"Bethesda",
  "SkinColorsMapL":{
    "Lipstick Color":{
      "B":1.0,
      "G":1.0,
      "R":1.0,
      "A":1.0
    },
    "Tip DyeColor":{
      "B":1.0,
      "G":1.0,
      "R":1.0,
      "A":1.0
    },
    "Root DyeColor":{
      "B":1.0,
      "G":1.0,
      "R":1.0,
      "A":1.0
    },
    "Eyeliner Tone":{
      "B":1.0,
      "G":1.0,
      "R":1.0,
      "A":1.0
    },
    "Skin Tone":{
      "B":1.0,
      "G":1.0,
      "R":1.0,
      "A":1.0
    }
  },
  "ModVersion":"1.1.0",
  "EyeMaterial":"/Game/Art/Character/Modular/Eyes_Human/MIC_Human_Eyes_Brown2.MIC_Human_Eyes_Brown2",
  "Body":"SkeletalMesh /Game/Art/Character/Imperial/SK_Imperial_Body_m.SK_Imperial_Body_m",
  "Description":"saved from in-game",
  "SenescenceLevel":5,
  "APIVersion":"v2",
  "ModCreator":"animandan",
  "ModName":"RaceMenuUtilities",
  "Hair":"/Game/Dev/Phenotypes/Hair/HP_HR_Cropped.HP_HR_Cropped",
  "Name":"BP_AlbericLitte_C"
}