{
  "Race":"TESRace /Game/Forms/actors/race/Khajiit.Khajiit",
  "FaceBaseMesh":"/Game/Art/Character/Khajiit/SK_Khajiit_Head_m.SK_Khajiit_Head_m",
  "Date":"2025-06-04 18:49:07",
  "HairColorsL":{
    "0":{
      "B":0.0,
      "G":0.0,
      "R":0.0,
      "A":1.0
    }
  },
  "SkinParametersMap":{
    "Eyelids Pale/Red":-0.30000001192093,
    "Lipstick Amount":0.0,
    "Khajiit Pattern Number":1.0,
    "Eyeliner Light/Dark":0.81999999284744,
    "Complexion":0.059999998658895,
    "Hair Desaturation for Khajiit":0.0,
    "Eye socket Bruised/Bright":-0.34000000357628,
    "Eye Socket Dark/Light":-0.7599989771843,
    "Eylids Light/Dark":-0.74000000953674
  },
  "Sex":0,
  "FaceMorphValuesMap":{
    "Hair Length":0.0,
    "Vampire":0.0,
    "Nose Sellion Down / Up":0.80000001192093,
    "Forehead Back / Forward":0.80000001192093,
    "Mouth Deflated / Inflated":0.43999999761581,
    "Chin Backward / Forward":0.80000001192093,
    "Eyes Apart / Together":0.87999999523163,
    "Nose Tilt Down / Up":0.3199990093708,
    "Mouth Sad / Happy":-0.60000002384186,
    "Brow Ridge Outer Down / Up":0.36000001430511,
    "Nose Sellion Thin / Wide":0.36000001430511,
    "Nose Short / Long":1.0,
    "Nose Sellion Shallow / Deep":0.0,
    "Brow / Nose / Chin Ratio":0.059999998658895,
    "Chin Small / Large":0.34000000357628,
    "Nose Flat / Pointed":0.80000001192093,
    "Jaw Thin / Wide":0.14000000059605,
    "Nose Nostrils Tilt Down / Up":0.14000000059605,
    "Eyes Inward / Outward":0.56000000238419,
    "Cheekbones Shallow / Pronounced":0.80000001192093,
    "Nose Nostrils Thin / Wide":0.95999997854233,
    "Chin Shallow / Deep":0.80000001192093,
    "Nose Down / Up":0.15999999642372,
    "Nose Bridge Short / Long":1.0,
    "Mouth Tilt Down / Up":-0.079999998211861,
    "Chin Thin / Wide":0.14000000059605,
    "Face Light / Heavy":0.23999999463558,
    "Mouth Chin Short / Long":0.47999998927116,
    "Jaw Concave / Convex":0.56000000238419,
    "Brow Ridge Low / High":0.21999999880791,
    "Chin Recessed / Pronounced":0.80000001192093,
    "Cheeks Gaunt / Round":0.34000000357628,
    "Face Thin / Wide":-0.25999999046326,
    "Eyes Down / Up":-0.60000002384186,
    "Jaw Retracted / Jutting":0.87999999523163,
    "Chin Short / Tall":0.30000001192093,
    "Jaw Neck Slope Low / High":0.80000001192093,
    "Nose Bridge Shallow / Deep":0.9200000166893,
    "Mouth Retracted / Protruding":-0.20000000298023,
    "Cheekbones Thin / Wide":0.95999997854233,
    "Mouth Low / High":0.66000002622604,
    "Mouth Retracted / Puckered":0.54000002145767,
    "Mouth Small / Large":0.80000001192093,
    "Forehead Short / Tall":0.80000001192093,
    "Nose Nostrils Small / Large":-0.41999900341034,
    "Chin Retracted / Jutting":0.80000001192093,
    "Forehead Small / Large":0.80000001192093,
    "Cheekbones Low / High":-0.079999998211861,
    "Eyes Small / Large":0.63999998569489,
    "Cheeks Concave / Convex":-0.21999999880791,
    "Brow Ridge Inner Down / Up":-0.21999999880791,
    "Nose Sellion Lower Shallow / Deep":0.46000000834465,
    "Face Gaunt / Round":0.37999999523163,
    "Mouth Underbite / Overbite":0.85999900102615,
    "Nose Region Concave / Convex":0.5,
    "Forehead / Sellion / Nose Ratio":0.11999999731779,
    "Mouth Drawn / Pursed":-0.18000000715256
  },
  "Author":"Bethesda",
  "SkinColorsMapL":{
    "Color 1":{
      "B":0.069130003452301,
      "G":0.42633500695229,
      "R":0.72305500507355,
      "A":1.0
    },
    "Color 2":{
      "B":0.040915194898844,
      "G":0.14412847161293,
      "R":0.201556250453,
      "A":1.0
    },
    "Color 3":{
      "B":1.0,
      "G":1.0,
      "R":1.0,
      "A":1.0
    },
    "Eyeliner Tone":{
      "B":1.0,
      "G":1.0,
      "R":1.0,
      "A":1.0
    }
  },
  "ModVersion":"1.1.0",
  "EyeMaterial":"/Game/Art/Character/Modular/MIC_ME_Khajiit.MIC_ME_Khajiit",
  "Body":"SkeletalMesh /Game/Art/Character/Imperial/SK_Imperial_Body_m.SK_Imperial_Body_m",
  "Description":"saved from in-game",
  "SenescenceLevel":3,
  "APIVersion":"v2",
  "ModCreator":"animandan",
  "ModName":"RaceMenuUtilities",
  "Hair":"/Game/Dev/Phenotypes/Hair/HP_Khajiit_HR_EarRings.HP_Khajiit_HR_EarRings",
  "Name":"BP_ArenaRank5D_C"
}