{
  "Sex":0,
  "HairColorsL":{
    "0":{
      "A":1.0,
      "R":1.0,
      "G":1.0,
      "B":1.0
    }
  },
  "EyeMaterial":"/Game/Art/Character/Modular/Eyes_Human/MIC_Human_Eyes_Brown2.MIC_Human_Eyes_Brown2",
  "Author":"Bethesda",
  "Date":"2025-06-04 19:34:00",
  "Description":"saved from in-game",
  "Name":"BP_AnvilGuardCityPostDay02_C",
  "ModCreator":"animandan",
  "ModName":"RaceMenuUtilities",
  "FaceBaseMesh":"/Game/Art/Character/Imperial/SK_Imperial_Head_m.SK_Imperial_Head_m",
  "ModVersion":"1.1.0",
  "Body":"SkeletalMesh /Game/Art/Character/Imperial/SK_Imperial_Body_m.SK_Imperial_Body_m",
  "FaceMorphValuesMap":{
    "Nose Nostrils Thin / Wide":0.3422189950943,
    "Forehead / Sellion / Nose Ratio":0.31806901097298,
    "Cheekbones Thin / Wide":-0.059999998658895,
    "Forehead Small / Large":-0.20320099592209,
    "Chin Recessed / Pronounced":-0.0063749998807907,
    "Brow / Nose / Chin Ratio":-0.2657909989357,
    "Jaw Thin / Wide":-0.20867300033569,
    "Cheeks Gaunt / Round":0.4940319955349,
    "Chin Backward / Forward":-0.20758199691772,
    "Chin Thin / Wide":0.32164001464844,
    "Forehead Short / Tall":0.084348998963833,
    "Face Thin / Wide":-0.14252899587154,
    "Brow Ridge Inner Down / Up":-0.41798201203346,
    "Mouth Underbite / Overbite":-0.080775000154972,
    "Mouth Low / High":-0.064508996903896,
    "Vampire":0.0,
    "Face Gaunt / Round":0.49460399150848,
    "Eyes Small / Large":0.0,
    "Mouth Drawn / Pursed":0.13739800453186,
    "Chin Retracted / Jutting":0.40772700309753,
    "Nose Tilt Down / Up":0.0,
    "Mouth Small / Large":0.15999999642372,
    "Nose Short / Long":0.0,
    "Nose Bridge Shallow / Deep":0.041554998606443,
    "Nose Sellion Thin / Wide":0.21999999880791,
    "Mouth Retracted / Protruding":0.0,
    "Nose Sellion Shallow / Deep":0.0,
    "Jaw Retracted / Jutting":-0.12186899781227,
    "Nose Sellion Down / Up":-0.090905003249645,
    "Eyes Inward / Outward":-0.055987000465393,
    "Nose Region Concave / Convex":-0.080000996589661,
    "Brow Ridge Outer Down / Up":0.10284200310707,
    "Nose Nostrils Small / Large":-0.21399000287056,
    "Eyes Apart / Together":0.40886700153351,
    "Nose Nostrils Tilt Down / Up":0.079999998211861,
    "Nose Flat / Pointed":-0.30222499370575,
    "Mouth Tilt Down / Up":0.51999998092651,
    "Jaw Concave / Convex":-0.53310698270798,
    "Mouth Sad / Happy":0.019268000498414,
    "Cheekbones Shallow / Pronounced":-0.31999999284744,
    "Face Light / Heavy":0.37472799420357,
    "Nose Down / Up":0.48324200510979,
    "Chin Short / Tall":-0.39248299598694,
    "Eyes Down / Up":0.031835999339819,
    "Cheeks Concave / Convex":-0.29192501306534,
    "Nose Bridge Short / Long":-0.325100004673,
    "Mouth Chin Short / Long":-0.32383099198341,
    "Nose Sellion Lower Shallow / Deep":0.0,
    "Mouth Retracted / Puckered":0.0,
    "Hair Length":0.0,
    "Mouth Deflated / Inflated":0.75999999046326,
    "Chin Shallow / Deep":0.08066900074482,
    "Jaw Neck Slope Low / High":0.29068100452423,
    "Brow Ridge Low / High":-0.47081699967384,
    "Cheekbones Low / High":-0.21880899369717,
    "Forehead Back / Forward":-0.019495999440551,
    "Chin Small / Large":1.9999999949505e-06
  },
  "Hair":"/Game/Dev/Phenotypes/Hair/HP_New_HR_Receding.HP_New_HR_Receding",
  "SenescenceLevel":0,
  "APIVersion":"v2",
  "SkinParametersMap":{
    "Complexion":0.2247190028429,
    "Cheek Blush Light/Red":0.0,
    "Eyebrows Color Intensity":0.0,
    "Eye socket Bruised/Bright":0.0,
    "Lipstick Amount":0.0,
    "Root Redness":0.0,
    "Freckles":0.0,
    "Cheekbones Flushed/Pale":0.0,
    "Eyebrows Redness Intensity":0.0,
    "Root Color":0.0,
    "Eyelids Pale/Red":0.0,
    "Tip Color":0.0,
    "Tip Redness":0.0,
    "Ombre Amount":0.0,
    "Salt And Pepper":0.0,
    "Ombre Constrast":0.0
  },
  "Race":"TESRace /Game/Forms/actors/race/Imperial.Imperial",
  "SkinColorsMapL":{
    "Root DyeColor":{
      "A":1.0,
      "R":0.0047769998200238,
      "G":0.0012140000471845,
      "B":0.0
    },
    "Eyeliner Tone":{
      "A":1.0,
      "R":1.0,
      "G":1.0,
      "B":1.0
    },
    "Tip DyeColor":{
      "A":1.0,
      "R":0.10702300071716,
      "G":0.034340001642704,
      "B":0.0056050000712276
    },
    "Skin Tone":{
      "A":1.0,
      "R":1.0,
      "G":1.0,
      "B":1.0
    },
    "Lipstick Color":{
      "A":1.0,
      "R":0.093058958649635,
      "G":0.0009105809731409,
      "B":0.0097212167456746
    }
  }
}