{
  "Sex":0,
  "HairColorsL":{
    "1":{
      "A":1.0,
      "R":0.16202937066555,
      "G":0.1046164855361,
      "B":0.061246052384377
    },
    "2":{
      "A":1.0,
      "R":0.16202937066555,
      "G":0.1046164855361,
      "B":0.061246052384377
    },
    "0":{
      "A":1.0,
      "R":0.021219009533525,
      "G":0.01032982300967,
      "B":0.0060488330200315
    }
  },
  "EyeMaterial":"/Game/Art/Character/Modular/Eyes_Human/MIC_Human_Eyes_Green2.MIC_Human_Eyes_Green2",
  "Author":"Bethesda",
  "Date":"2025-06-04 19:34:00",
  "Description":"saved from in-game",
  "Name":"BP_AnvilGuardCityPostDay01_C",
  "ModCreator":"animandan",
  "ModName":"RaceMenuUtilities",
  "FaceBaseMesh":"/Game/Art/Character/Imperial/SK_Imperial_Head_m.SK_Imperial_Head_m",
  "ModVersion":"1.1.0",
  "Body":"SkeletalMesh /Game/Art/Character/Imperial/SK_Imperial_Body_m.SK_Imperial_Body_m",
  "FaceMorphValuesMap":{
    "Nose Nostrils Thin / Wide":-0.19343499839306,
    "Forehead / Sellion / Nose Ratio":-0.15716500580311,
    "Cheekbones Thin / Wide":0.0,
    "Forehead Small / Large":-0.25397700071335,
    "Chin Recessed / Pronounced":-0.019858999177814,
    "Brow / Nose / Chin Ratio":-0.2037840038538,
    "Jaw Thin / Wide":-0.078905001282692,
    "Cheeks Gaunt / Round":-0.12444499880075,
    "Chin Backward / Forward":0.046973001211882,
    "Chin Thin / Wide":-0.057721000164747,
    "Forehead Short / Tall":-0.039735998958349,
    "Face Thin / Wide":-0.03940000012517,
    "Brow Ridge Inner Down / Up":0.34513899683952,
    "Mouth Underbite / Overbite":0.0,
    "Mouth Low / High":0.0,
    "Vampire":0.0,
    "Face Gaunt / Round":-0.072339996695518,
    "Eyes Small / Large":-0.54565101861954,
    "Mouth Drawn / Pursed":0.0,
    "Chin Retracted / Jutting":0.2618499994278,
    "Nose Tilt Down / Up":0.0,
    "Mouth Small / Large":0.0,
    "Nose Short / Long":-0.03999999910593,
    "Nose Bridge Shallow / Deep":0.72000002861023,
    "Nose Sellion Thin / Wide":0.0,
    "Mouth Retracted / Protruding":0.0,
    "Nose Sellion Shallow / Deep":0.14000000059605,
    "Jaw Retracted / Jutting":-0.038710001856089,
    "Nose Sellion Down / Up":0.32484000921249,
    "Eyes Inward / Outward":0.044261001050472,
    "Nose Region Concave / Convex":-0.11729200184345,
    "Brow Ridge Outer Down / Up":0.15480199456215,
    "Nose Nostrils Small / Large":-0.063892997801304,
    "Eyes Apart / Together":0.21420100331306,
    "Nose Nostrils Tilt Down / Up":0.14000000059605,
    "Nose Flat / Pointed":0.33550700545311,
    "Mouth Tilt Down / Up":0.0,
    "Jaw Concave / Convex":-0.6990140080452,
    "Mouth Sad / Happy":0.95999997854233,
    "Cheekbones Shallow / Pronounced":0.0,
    "Face Light / Heavy":0.074862003326416,
    "Nose Down / Up":0.21875999867916,
    "Chin Short / Tall":-0.50589001178741,
    "Eyes Down / Up":0.13239400088787,
    "Cheeks Concave / Convex":-0.031429998576641,
    "Nose Bridge Short / Long":0.54349797964096,
    "Mouth Chin Short / Long":0.0,
    "Nose Sellion Lower Shallow / Deep":0.079999998211861,
    "Mouth Retracted / Puckered":0.0,
    "Hair Length":0.0,
    "Mouth Deflated / Inflated":0.0,
    "Chin Shallow / Deep":-0.076295003294945,
    "Jaw Neck Slope Low / High":-0.1180140003562,
    "Brow Ridge Low / High":0.19905699789524,
    "Cheekbones Low / High":0.010253000073135,
    "Forehead Back / Forward":-0.21977500617504,
    "Chin Small / Large":0.093612998723984
  },
  "Hair":"/Game/Dev/Phenotypes/Hair/HP_HR_Ponytail.HP_HR_Ponytail",
  "SenescenceLevel":4,
  "APIVersion":"v2",
  "SkinParametersMap":{
    "Complexion":0.0,
    "Cheek Blush Light/Red":0.0,
    "Eyebrows Color Intensity":0.0,
    "Eye socket Bruised/Bright":0.0,
    "Lipstick Amount":0.0,
    "Root Redness":0.0,
    "Freckles":0.0,
    "Cheekbones Flushed/Pale":0.0,
    "Eyebrows Redness Intensity":0.0,
    "Root Color":0.0,
    "Eyelids Pale/Red":0.0,
    "Tip Color":0.0,
    "Tip Redness":0.0,
    "Ombre Amount":0.0,
    "Salt And Pepper":0.11985000222921,
    "Ombre Constrast":0.0
  },
  "Race":"TESRace /Game/Forms/actors/race/Imperial.Imperial",
  "SkinColorsMapL":{
    "Root DyeColor":{
      "A":1.0,
      "R":0.0047769998200238,
      "G":0.0012140000471845,
      "B":0.0
    },
    "Eyeliner Tone":{
      "A":1.0,
      "R":1.0,
      "G":1.0,
      "B":1.0
    },
    "Tip DyeColor":{
      "A":1.0,
      "R":0.10702300071716,
      "G":0.034340001642704,
      "B":0.0056050000712276
    },
    "Skin Tone":{
      "A":1.0,
      "R":1.0,
      "G":1.0,
      "B":1.0
    },
    "Lipstick Color":{
      "A":1.0,
      "R":0.093058958649635,
      "G":0.0009105809731409,
      "B":0.0097212167456746
    }
  }
}