{
  "Sex":0,
  "HairColorsL":{
    "1":{
      "A":1.0,
      "R":0.22322796285152,
      "G":0.14412847161293,
      "B":0.084376208484173
    },
    "2":{
      "A":1.0,
      "R":0.22395800054073,
      "G":0.1452250033617,
      "B":0.08398400247097
    },
    "0":{
      "A":1.0,
      "R":0.021219009533525,
      "G":0.01032982300967,
      "B":0.0060488330200315
    }
  },
  "EyeMaterial":"/Game/Art/Character/Modular/Eyes_Human/MIC_Human_Eyes_Green2.MIC_Human_Eyes_Green2",
  "Author":"Bethesda",
  "Date":"2025-06-04 19:33:37",
  "Description":"saved from in-game",
  "Name":"BP_AnvilGuardCityPostStablesDay_C",
  "ModCreator":"animandan",
  "ModName":"RaceMenuUtilities",
  "FaceBaseMesh":"/Game/Art/Character/Imperial/SK_Imperial_Head_m.SK_Imperial_Head_m",
  "ModVersion":"1.1.0",
  "Body":"SkeletalMesh /Game/Art/Character/Imperial/SK_Imperial_Body_m.SK_Imperial_Body_m",
  "FaceMorphValuesMap":{
    "Nose Nostrils Thin / Wide":0.52656501531601,
    "Forehead / Sellion / Nose Ratio":-0.15716500580311,
    "Cheekbones Thin / Wide":0.0,
    "Forehead Small / Large":0.34602200984955,
    "Chin Recessed / Pronounced":0.0,
    "Brow / Nose / Chin Ratio":-0.2037840038538,
    "Jaw Thin / Wide":-0.21999999880791,
    "Cheeks Gaunt / Round":0.0,
    "Chin Backward / Forward":0.0,
    "Chin Thin / Wide":-0.14000099897385,
    "Forehead Short / Tall":-0.34000000357628,
    "Face Thin / Wide":0.12060000002384,
    "Brow Ridge Inner Down / Up":0.34513899683952,
    "Mouth Underbite / Overbite":0.0,
    "Mouth Low / High":0.0,
    "Vampire":0.0,
    "Face Gaunt / Round":-0.072339996695518,
    "Eyes Small / Large":-0.58565098047256,
    "Mouth Drawn / Pursed":0.0,
    "Chin Retracted / Jutting":0.0,
    "Nose Tilt Down / Up":0.0,
    "Mouth Small / Large":0.41999998688698,
    "Nose Short / Long":0.23999999463558,
    "Nose Bridge Shallow / Deep":0.26045000553131,
    "Nose Sellion Thin / Wide":0.0,
    "Mouth Retracted / Protruding":0.0,
    "Nose Sellion Shallow / Deep":0.5,
    "Jaw Retracted / Jutting":0.0,
    "Nose Sellion Down / Up":0.0048400000669062,
    "Eyes Inward / Outward":0.044261001050472,
    "Nose Region Concave / Convex":-0.11729200184345,
    "Brow Ridge Outer Down / Up":0.15480199456215,
    "Nose Nostrils Small / Large":-0.063892997801304,
    "Eyes Apart / Together":0.7342010140419,
    "Nose Nostrils Tilt Down / Up":-0.30000001192093,
    "Nose Flat / Pointed":0.0,
    "Mouth Tilt Down / Up":0.0,
    "Jaw Concave / Convex":0.0,
    "Mouth Sad / Happy":0.0,
    "Cheekbones Shallow / Pronounced":0.0,
    "Face Light / Heavy":0.29486200213432,
    "Nose Down / Up":0.21875999867916,
    "Chin Short / Tall":0.0,
    "Eyes Down / Up":0.13239400088787,
    "Cheeks Concave / Convex":0.0,
    "Nose Bridge Short / Long":0.203498005867,
    "Mouth Chin Short / Long":0.0,
    "Nose Sellion Lower Shallow / Deep":0.0,
    "Mouth Retracted / Puckered":0.0,
    "Hair Length":0.0,
    "Mouth Deflated / Inflated":0.0,
    "Chin Shallow / Deep":0.0,
    "Jaw Neck Slope Low / High":0.0,
    "Brow Ridge Low / High":0.0,
    "Cheekbones Low / High":0.010253000073135,
    "Forehead Back / Forward":0.0,
    "Chin Small / Large":0.0
  },
  "Hair":"/Game/Dev/Phenotypes/Hair/HP_HR_Ponytail.HP_HR_Ponytail",
  "SenescenceLevel":3,
  "APIVersion":"v2",
  "SkinParametersMap":{
    "Complexion":0.17977499961853,
    "Cheek Blush Light/Red":0.0,
    "Eyebrows Color Intensity":0.0,
    "Eye socket Bruised/Bright":0.0,
    "Lipstick Amount":0.0,
    "Root Redness":0.0,
    "Freckles":0.0,
    "Cheekbones Flushed/Pale":0.0,
    "Eyebrows Redness Intensity":0.0,
    "Root Color":0.0,
    "Eyelids Pale/Red":0.0,
    "Tip Color":0.0,
    "Tip Redness":0.0,
    "Ombre Amount":0.0,
    "Salt And Pepper":0.0,
    "Ombre Constrast":0.0
  },
  "Race":"TESRace /Game/Forms/actors/race/Imperial.Imperial",
  "SkinColorsMapL":{
    "Root DyeColor":{
      "A":1.0,
      "R":0.0047769998200238,
      "G":0.0012140000471845,
      "B":0.0
    },
    "Eyeliner Tone":{
      "A":1.0,
      "R":1.0,
      "G":1.0,
      "B":1.0
    },
    "Tip DyeColor":{
      "A":1.0,
      "R":0.10702300071716,
      "G":0.034340001642704,
      "B":0.0056050000712276
    },
    "Skin Tone":{
      "A":1.0,
      "R":1.0,
      "G":1.0,
      "B":1.0
    },
    "Lipstick Color":{
      "A":1.0,
      "R":0.093058958649635,
      "G":0.0009105809731409,
      "B":0.0097212167456746
    }
  }
}