{
  "ModName":"RaceMenuUtilities",
  "FaceBaseMesh":"/Game/Art/Character/Redguard/SK_Redguard_Head_m.SK_Redguard_Head_m",
  "Author":"Bethesda",
  "Date":"2025-06-04 20:30:46",
  "SkinColorsMapL":{
    "Lipstick Color":{
      "A":1.0,
      "B":0.0097212167456746,
      "G":0.0009105809731409,
      "R":0.093058958649635
    },
    "Eyeliner Tone":{
      "A":1.0,
      "B":1.0,
      "G":1.0,
      "R":1.0
    },
    "Root DyeColor":{
      "A":1.0,
      "B":0.0,
      "G":0.0012140000471845,
      "R":0.0047769998200238
    },
    "Tip DyeColor":{
      "A":1.0,
      "B":0.0056050000712276,
      "G":0.034340001642704,
      "R":0.10702300071716
    },
    "Skin Tone":{
      "A":1.0,
      "B":1.0,
      "G":1.0,
      "R":1.0
    }
  },
  "APIVersion":"v2",
  "FaceMorphValuesMap":{
    "Eyes Small / Large":-0.41999998688698,
    "Jaw Thin / Wide":0.0,
    "Brow Ridge Low / High":-0.81999999284744,
    "Chin Retracted / Jutting":0.0,
    "Face Thin / Wide":0.14000000059605,
    "Hair Length":1.0,
    "Chin Backward / Forward":-0.14000000059605,
    "Vampire":0.0,
    "Mouth Underbite / Overbite":0.5,
    "Eyes Inward / Outward":-0.35999900102615,
    "Mouth Sad / Happy":-0.41999998688698,
    "Jaw Retracted / Jutting":-0.20973800122738,
    "Nose Flat / Pointed":0.31999999284744,
    "Chin Recessed / Pronounced":0.23999999463558,
    "Cheeks Gaunt / Round":-0.15999999642372,
    "Forehead Back / Forward":0.27468198537827,
    "Nose Sellion Down / Up":0.024717999622226,
    "Mouth Deflated / Inflated":-0.29999899864197,
    "Mouth Small / Large":0.03999999910593,
    "Nose Tilt Down / Up":0.0,
    "Nose Short / Long":0.0,
    "Mouth Drawn / Pursed":0.14000000059605,
    "Chin Short / Tall":0.10000000149012,
    "Nose Sellion Thin / Wide":0.0,
    "Jaw Neck Slope Low / High":0.0,
    "Cheekbones Shallow / Pronounced":0.45513099431992,
    "Nose Sellion Shallow / Deep":0.19011199474335,
    "Mouth Tilt Down / Up":0.40000000596046,
    "Brow / Nose / Chin Ratio":0.5799999833107,
    "Brow Ridge Outer Down / Up":0.75999999046326,
    "Chin Small / Large":0.20000000298023,
    "Mouth Retracted / Puckered":-0.37999999523163,
    "Chin Thin / Wide":-0.20000000298023,
    "Nose Nostrils Tilt Down / Up":0.019999999552965,
    "Face Gaunt / Round":0.20000000298023,
    "Cheekbones Thin / Wide":-0.1699630022049,
    "Forehead / Sellion / Nose Ratio":-0.46000000834465,
    "Cheekbones Low / High":0.0,
    "Nose Bridge Short / Long":0.24022500216961,
    "Forehead Short / Tall":-0.23999999463558,
    "Nose Bridge Shallow / Deep":0.2204509973526,
    "Mouth Chin Short / Long":0.23999999463558,
    "Face Light / Heavy":0.0,
    "Nose Region Concave / Convex":0.25558099150658,
    "Mouth Retracted / Protruding":0.21999999880791,
    "Cheeks Concave / Convex":0.20074899494648,
    "Nose Nostrils Small / Large":0.11999999731779,
    "Jaw Concave / Convex":0.0,
    "Nose Down / Up":-0.71999901533127,
    "Mouth Low / High":-0.5999990105629,
    "Eyes Down / Up":-0.29999899864197,
    "Chin Shallow / Deep":0.0,
    "Eyes Apart / Together":0.47999998927116,
    "Brow Ridge Inner Down / Up":-0.47999900579453,
    "Nose Sellion Lower Shallow / Deep":0.0,
    "Nose Nostrils Thin / Wide":0.17086300253868,
    "Forehead Small / Large":-0.37078699469566
  },
  "HairColorsL":{
    "1":{
      "A":1.0,
      "B":0.08398400247097,
      "G":0.1452250033617,
      "R":0.22395800054073
    },
    "2":{
      "A":1.0,
      "B":0.061027999967337,
      "G":0.10424599796534,
      "R":0.16145800054073
    },
    "0":{
      "A":1.0,
      "B":0.08398400247097,
      "G":0.1452250033617,
      "R":0.22395800054073
    }
  },
  "SkinParametersMap":{
    "Tip Color":0.0,
    "Eye socket Bruised/Bright":0.0,
    "Complexion":0.0,
    "Freckles":0.0,
    "Eyebrows Color Intensity":0.0,
    "Lipstick Amount":0.0,
    "Root Redness":0.0,
    "Tip Redness":0.0,
    "Cheekbones Flushed/Pale":0.0,
    "Salt And Pepper":0.0,
    "Eyebrows Redness Intensity":0.0,
    "Ombre Amount":0.0,
    "Cheek Blush Light/Red":0.0,
    "Eyelids Pale/Red":0.0,
    "Root Color":0.0,
    "Ombre Constrast":0.0
  },
  "Mustache":"/Game/Dev/Phenotypes/Mustache/HP_New_MS_Thin.HP_New_MS_Thin",
  "SenescenceLevel":0,
  "Sex":0,
  "Description":"saved from in-game",
  "Beard":"/Game/Dev/Phenotypes/Beard/HP_New_Curly.HP_New_Curly",
  "ModCreator":"animandan",
  "ModVersion":"1.1.0",
  "Name":"BP_ArmandChristophe_C",
  "Hair":"/Game/Dev/Phenotypes/Hair/HP_Redguard_HR_TiedUpLocks.HP_Redguard_HR_TiedUpLocks",
  "Race":"TESRace /Game/Forms/actors/race/Redguard.Redguard",
  "Body":"SkeletalMesh /Game/Art/Character/Imperial/SK_Imperial_Body_m.SK_Imperial_Body_m"
}