{
  "FaceMorphValuesMap":{
    "Nose Bridge Short / Long":0.80000001192093,
    "Mouth Tilt Down / Up":0.23999999463558,
    "Forehead Back / Forward":0.80000001192093,
    "Eyes Small / Large":-0.83999997377396,
    "Chin Recessed / Pronounced":0.11999999731779,
    "Cheekbones Thin / Wide":0.80000001192093,
    "Jaw Neck Slope Low / High":0.80000001192093,
    "Chin Retracted / Jutting":0.23999999463558,
    "Jaw Retracted / Jutting":0.5799999833107,
    "Mouth Low / High":-0.18000000715256,
    "Mouth Sad / Happy":0.60000002384186,
    "Forehead / Sellion / Nose Ratio":0.30000001192093,
    "Hair Length":0.0,
    "Vampire":0.0,
    "Forehead Short / Tall":0.80000001192093,
    "Jaw Concave / Convex":0.68000000715256,
    "Nose Nostrils Small / Large":0.13999900221825,
    "Cheeks Gaunt / Round":0.10000000149012,
    "Nose Tilt Down / Up":-0.18000000715256,
    "Mouth Drawn / Pursed":-0.5199990272522,
    "Nose Short / Long":0.74000000953674,
    "Cheekbones Shallow / Pronounced":-0.18000000715256,
    "Jaw Thin / Wide":0.019999999552965,
    "Eyes Apart / Together":0.77999997138977,
    "Chin Backward / Forward":-0.019999999552965,
    "Nose Sellion Thin / Wide":-0.21999999880791,
    "Nose Sellion Lower Shallow / Deep":0.0,
    "Nose Sellion Shallow / Deep":0.0,
    "Mouth Retracted / Protruding":-0.5,
    "Eyes Down / Up":-0.11999899893999,
    "Nose Region Concave / Convex":0.68000000715256,
    "Nose Down / Up":0.30000001192093,
    "Chin Shallow / Deep":0.72000002861023,
    "Nose Nostrils Tilt Down / Up":0.10000000149012,
    "Nose Flat / Pointed":0.86000001430511,
    "Eyes Inward / Outward":0.46000000834465,
    "Brow / Nose / Chin Ratio":0.079999998211861,
    "Chin Short / Tall":-0.68000000715256,
    "Brow Ridge Outer Down / Up":-0.41999998688698,
    "Nose Nostrils Thin / Wide":0.37999999523163,
    "Face Thin / Wide":-0.87999999523163,
    "Chin Thin / Wide":0.21999999880791,
    "Nose Bridge Shallow / Deep":0.80000001192093,
    "Mouth Underbite / Overbite":0.89999997615814,
    "Mouth Chin Short / Long":0.9000009894371,
    "Cheekbones Low / High":0.80000001192093,
    "Brow Ridge Inner Down / Up":0.69999897480011,
    "Mouth Small / Large":0.41999998688698,
    "Mouth Deflated / Inflated":0.72000002861023,
    "Nose Sellion Down / Up":0.80000001192093,
    "Brow Ridge Low / High":-0.55999898910522,
    "Chin Small / Large":-0.1799989938736,
    "Forehead Small / Large":0.80000001192093,
    "Face Light / Heavy":-0.3999989926815,
    "Cheeks Concave / Convex":-0.3999989926815,
    "Mouth Retracted / Puckered":0.01999899931252,
    "Face Gaunt / Round":-0.81999897956848
  },
  "Sex":1,
  "SkinParametersMap":{
    "Eye Socket Dark/Light":1.0,
    "Eye socket Bruised/Bright":1.0,
    "Eyeliner Light/Dark":1.0,
    "Khajiit Pattern Number":1.0,
    "Eylids Light/Dark":-0.86000001430511,
    "Eyelids Pale/Red":0.11999999731779,
    "None":0.47999998927116,
    "Hair Desaturation for Khajiit":0.0,
    "Complexion":0.0,
    "Lipstick Amount":0.0
  },
  "Description":"saved from in-game",
  "FaceBaseMesh":"/Game/Art/Character/Khajiit/SK_Khajiit_Head_f.SK_Khajiit_Head_f",
  "Hair":"/Game/Dev/Phenotypes/Hair/HP_Khajiit_HR_HeadBand.HP_Khajiit_HR_HeadBand",
  "ModVersion":"1.1.0",
  "Date":"2025-06-04 19:11:59",
  "SenescenceLevel":2,
  "ModCreator":"animandan",
  "Name":"BP_Ayisha_C",
  "ModName":"RaceMenuUtilities",
  "Body":"SkeletalMesh /Game/Art/Character/Imperial/SK_Imperial_Body_m.SK_Imperial_Body_m",
  "APIVersion":"v2",
  "HairColorsL":{
    "0":{
      "B":0.0,
      "G":0.0,
      "R":0.0,
      "A":1.0
    }
  },
  "Race":"TESRace /Game/Forms/actors/race/Khajiit.Khajiit",
  "SkinColorsMapL":{
    "Color 1":{
      "B":0.096418000757694,
      "G":0.23429000377655,
      "R":0.72305500507355,
      "A":1.0
    },
    "Eyeliner Tone":{
      "B":1.0,
      "G":1.0,
      "R":1.0,
      "A":1.0
    },
    "Color 3":{
      "B":1.0,
      "G":1.0,
      "R":1.0,
      "A":1.0
    },
    "Color 2":{
      "B":0.078186996281147,
      "G":0.078186996281147,
      "R":0.1384319961071,
      "A":1.0
    }
  },
  "Author":"Bethesda"
}