{
  "Sex":0,
  "HairColorsL":{
    "1":{
      "A":1.0,
      "R":0.22322796285152,
      "G":0.14412847161293,
      "B":0.084376208484173
    },
    "2":{
      "A":1.0,
      "R":0.012152999639511,
      "G":0.0072949999012053,
      "B":0.0037769998889416
    },
    "0":{
      "A":1.0,
      "R":0.22322796285152,
      "G":0.14412847161293,
      "B":0.084376208484173
    }
  },
  "EyeMaterial":"/Game/Art/Character/Modular/Eyes_Human/MIC_Human_Eyes_Brown2.MIC_Human_Eyes_Brown2",
  "Author":"Bethesda",
  "Date":"2025-06-04 19:33:59",
  "Description":"saved from in-game",
  "Name":"BP_AnvilGuardCityPatrolDay01_C",
  "ModCreator":"animandan",
  "ModName":"RaceMenuUtilities",
  "FaceBaseMesh":"/Game/Art/Character/Imperial/SK_Imperial_Head_m.SK_Imperial_Head_m",
  "ModVersion":"1.1.0",
  "Body":"SkeletalMesh /Game/Art/Character/Imperial/SK_Imperial_Body_m.SK_Imperial_Body_m",
  "FaceMorphValuesMap":{
    "Nose Nostrils Thin / Wide":0.069421999156475,
    "Forehead / Sellion / Nose Ratio":-0.29745599627495,
    "Cheekbones Thin / Wide":0.038876000791788,
    "Forehead Small / Large":-0.17596800625324,
    "Chin Recessed / Pronounced":-0.18311999738216,
    "Brow / Nose / Chin Ratio":-0.093694999814034,
    "Jaw Thin / Wide":-0.39773800969124,
    "Cheeks Gaunt / Round":-0.15989500284195,
    "Chin Backward / Forward":0.14852200448513,
    "Chin Thin / Wide":0.20397199690342,
    "Forehead Short / Tall":-0.27095600962639,
    "Face Thin / Wide":0.23392699658871,
    "Brow Ridge Inner Down / Up":0.30869200825691,
    "Mouth Underbite / Overbite":-0.21367399394512,
    "Mouth Low / High":-0.0144800003618,
    "Vampire":0.0,
    "Face Gaunt / Round":-0.0092630004510283,
    "Eyes Small / Large":-0.77999997138977,
    "Mouth Drawn / Pursed":0.33075600862503,
    "Chin Retracted / Jutting":0.17042000591755,
    "Nose Tilt Down / Up":0.0,
    "Mouth Small / Large":0.21999999880791,
    "Nose Short / Long":0.0,
    "Nose Bridge Shallow / Deep":0.71373599767685,
    "Nose Sellion Thin / Wide":0.74000000953674,
    "Mouth Retracted / Protruding":-0.13034999370575,
    "Nose Sellion Shallow / Deep":0.0,
    "Jaw Retracted / Jutting":0.024863999336958,
    "Nose Sellion Down / Up":-0.04916900023818,
    "Eyes Inward / Outward":-0.032625000923872,
    "Nose Region Concave / Convex":0.1429889947176,
    "Brow Ridge Outer Down / Up":-0.22275899350643,
    "Nose Nostrils Small / Large":-0.20730499923229,
    "Eyes Apart / Together":0.60000002384186,
    "Nose Nostrils Tilt Down / Up":0.16530099511147,
    "Nose Flat / Pointed":-0.11604599654675,
    "Mouth Tilt Down / Up":-0.27733600139618,
    "Jaw Concave / Convex":1.0,
    "Mouth Sad / Happy":-0.056517001241446,
    "Cheekbones Shallow / Pronounced":0.22930599749088,
    "Face Light / Heavy":0.45493099093437,
    "Nose Down / Up":-0.12704299390316,
    "Chin Short / Tall":-0.7338200211525,
    "Eyes Down / Up":-0.66240900754929,
    "Cheeks Concave / Convex":0.11106300354004,
    "Nose Bridge Short / Long":0.27140501141548,
    "Mouth Chin Short / Long":0.23341099917889,
    "Nose Sellion Lower Shallow / Deep":0.0,
    "Mouth Retracted / Puckered":0.29930099844933,
    "Hair Length":0.0,
    "Mouth Deflated / Inflated":-0.32979398965836,
    "Chin Shallow / Deep":-0.59608101844788,
    "Jaw Neck Slope Low / High":0.00059399998281151,
    "Brow Ridge Low / High":-0.47999998927116,
    "Cheekbones Low / High":-0.21661700308323,
    "Forehead Back / Forward":-0.084206998348236,
    "Chin Small / Large":0.15908099710941
  },
  "Hair":"/Game/Dev/Phenotypes/Hair/HP_New_HR_Receding.HP_New_HR_Receding",
  "SenescenceLevel":5,
  "APIVersion":"v2",
  "SkinParametersMap":{
    "Complexion":0.0,
    "Cheek Blush Light/Red":0.0,
    "Eyebrows Color Intensity":0.65917599201202,
    "Eye socket Bruised/Bright":0.0,
    "Lipstick Amount":0.0,
    "Root Redness":0.0,
    "Freckles":0.0,
    "Cheekbones Flushed/Pale":0.0,
    "Tip Redness":0.0,
    "Root Color":0.0,
    "Eyelids Pale/Red":0.0,
    "Tip Color":0.0,
    "Eyebrows Redness Intensity":0.0,
    "Ombre Amount":0.0,
    "Salt And Pepper":0.19475699961185,
    "Ombre Constrast":0.0
  },
  "Race":"TESRace /Game/Forms/actors/race/Imperial.Imperial",
  "SkinColorsMapL":{
    "Root DyeColor":{
      "A":1.0,
      "R":0.0047769998200238,
      "G":0.0012140000471845,
      "B":0.0
    },
    "Eyeliner Tone":{
      "A":1.0,
      "R":1.0,
      "G":1.0,
      "B":1.0
    },
    "Tip DyeColor":{
      "A":1.0,
      "R":0.10702300071716,
      "G":0.034340001642704,
      "B":0.0056050000712276
    },
    "Skin Tone":{
      "A":1.0,
      "R":1.0,
      "G":1.0,
      "B":1.0
    },
    "Lipstick Color":{
      "A":1.0,
      "R":0.093058958649635,
      "G":0.0009105809731409,
      "B":0.0097212167456746
    }
  }
}