{
  "APIVersion":"v2",
  "SkinParametersMap":{
    "Tip Color":0.80412000417709,
    "Ombre Constrast":0.0,
    "Complexion":0.18441900610924,
    "Ombre Amount":0.0,
    "Khajiit Pattern Number":0.0,
    "Lipstick Amount":0.0,
    "Salt And Pepper":0.0,
    "Skin Dark/Light":0.0,
    "Freckles":0.37393298745155,
    "Eye socket Bruised/Bright":0.0,
    "Root Redness":0.5,
    "Cheek Blush Light/Red":0.0,
    "Eyelids Pale/Red":0.0,
    "Eye Socket Dark/Light":0.0,
    "Eyebrows Redness Intensity":0.0,
    "Root Color":0.50449502468109,
    "Eyeliner Light/Dark":0.0,
    "Eylids Light/Dark":0.0,
    "Skin Tint Orange/Blue":0.0,
    "Tip Redness":0.5,
    "Cheekbones Flushed/Pale":0.0,
    "Eyebrows Color Intensity":0.0,
    "Skin Tint Purple/Yellow":0.0
  },
  "Author":"Bethesda",
  "Race":"TESRace /Game/Forms/actors/race/Imperial.Imperial",
  "HairColorsL":{
    "0":{
      "R":0.0,
      "G":0.0,
      "B":0.0,
      "A":1.0
    }
  },
  "Body":"SkeletalMesh /Game/Art/Character/Imperial/SK_Imperial_Body_m.SK_Imperial_Body_m",
  "Date":"2025-06-04 19:28:17",
  "SkinColorsMapL":{
    "Root DyeColor":{
      "R":1.0,
      "G":1.0,
      "B":1.0,
      "A":1.0
    },
    "Eyeliner Tone":{
      "R":1.0,
      "G":1.0,
      "B":1.0,
      "A":1.0
    },
    "Lipstick Color":{
      "R":1.0,
      "G":1.0,
      "B":1.0,
      "A":1.0
    },
    "Skin Tone":{
      "R":1.0,
      "G":1.0,
      "B":1.0,
      "A":1.0
    },
    "Tip DyeColor":{
      "R":1.0,
      "G":1.0,
      "B":1.0,
      "A":1.0
    }
  },
  "ModCreator":"animandan",
  "Sex":0,
  "ModName":"RaceMenuUtilities",
  "EyeMaterial":"/Game/Art/Character/Modular/Eyes_Human/MIC_Human_Eyes_Brown3.MIC_Human_Eyes_Brown3",
  "ModVersion":"1.1.0",
  "FaceBaseMesh":"/Game/Art/Character/Imperial/SK_Imperial_Head_m.SK_Imperial_Head_m",
  "Hair":"/Game/Dev/Phenotypes/Hair/HP_Redguard_HR_Fade.HP_Redguard_HR_Fade",
  "Description":"saved from in-game",
  "SenescenceLevel":0,
  "FaceMorphValuesMap":{
    "Face Gaunt / Round":0.37999999523163,
    "Nose Short / Long":0.0,
    "Nose Tilt Down / Up":0.0,
    "Mouth Sad / Happy":0.0,
    "Mouth Retracted / Protruding":0.0,
    "Chin Short / Tall":0.0,
    "Cheekbones Low / High":0.0,
    "Nose Nostrils Tilt Down / Up":0.0,
    "Mouth Deflated / Inflated":0.0,
    "Hair Length":0.0,
    "Nose Sellion Shallow / Deep":0.0,
    "Chin Shallow / Deep":0.0,
    "Jaw Concave / Convex":0.5,
    "Brow Ridge Low / High":-0.47999998927116,
    "Chin Recessed / Pronounced":0.0,
    "Mouth Tilt Down / Up":0.0,
    "Nose Sellion Thin / Wide":0.0,
    "Cheeks Gaunt / Round":0.60000002384186,
    "Nose Sellion Lower Shallow / Deep":0.0,
    "Nose Sellion Down / Up":0.0,
    "Cheeks Concave / Convex":0.31999999284744,
    "Nose Region Concave / Convex":0.0,
    "Eyes Inward / Outward":0.0,
    "Nose Nostrils Thin / Wide":0.0,
    "Brow Ridge Inner Down / Up":0.0,
    "Eyes Apart / Together":0.0,
    "Mouth Underbite / Overbite":0.0,
    "Chin Retracted / Jutting":0.0,
    "Brow / Nose / Chin Ratio":0.0,
    "Nose Bridge Short / Long":0.019999999552965,
    "Mouth Low / High":0.0,
    "Forehead Small / Large":0.46000000834465,
    "Nose Bridge Shallow / Deep":0.80000001192093,
    "Eyes Small / Large":0.0,
    "Forehead / Sellion / Nose Ratio":0.0,
    "Mouth Chin Short / Long":0.0,
    "Forehead Short / Tall":0.0,
    "Eyes Down / Up":-0.56000000238419,
    "Vampire":0.0,
    "Mouth Retracted / Puckered":0.0,
    "Jaw Retracted / Jutting":0.0,
    "Mouth Drawn / Pursed":0.43999999761581,
    "Cheekbones Thin / Wide":0.0,
    "Nose Down / Up":-0.47999998927116,
    "Jaw Neck Slope Low / High":0.23999999463558,
    "Chin Thin / Wide":0.31999999284744,
    "Cheekbones Shallow / Pronounced":-0.28000000119209,
    "Nose Nostrils Small / Large":0.0,
    "Nose Flat / Pointed":0.0,
    "Face Thin / Wide":0.0,
    "Chin Backward / Forward":0.0,
    "Face Light / Heavy":0.25999999046326,
    "Mouth Small / Large":0.43999999761581,
    "Forehead Back / Forward":0.0,
    "Jaw Thin / Wide":-0.37999999523163,
    "Brow Ridge Outer Down / Up":0.0,
    "Chin Small / Large":0.0
  },
  "Name":"BP_AmminusGregori_C"
}