{
  "ModName":"RaceMenuUtilities",
  "FaceBaseMesh":"/Game/Art/Character/Imperial/SK_Imperial_Head_m.SK_Imperial_Head_m",
  "Author":"Bethesda",
  "Date":"2025-06-04 20:30:44",
  "SkinColorsMapL":{
    "Lipstick Color":{
      "A":1.0,
      "B":0.0097212167456746,
      "G":0.0009105809731409,
      "R":0.093058958649635
    },
    "Eyeliner Tone":{
      "A":1.0,
      "B":1.0,
      "G":1.0,
      "R":1.0
    },
    "Root DyeColor":{
      "A":1.0,
      "B":0.0,
      "G":0.0012140000471845,
      "R":0.0047769998200238
    },
    "Tip DyeColor":{
      "A":1.0,
      "B":0.0056050000712276,
      "G":0.034340001642704,
      "R":0.10702300071716
    },
    "Skin Tone":{
      "A":1.0,
      "B":1.0,
      "G":1.0,
      "R":1.0
    }
  },
  "Name":"BP_AloysBincal_C",
  "FaceMorphValuesMap":{
    "Eyes Small / Large":-0.66000002622604,
    "Jaw Thin / Wide":-0.5199990272522,
    "Brow Ridge Low / High":-0.42575800418854,
    "Chin Retracted / Jutting":0.0,
    "Face Thin / Wide":0.063666999340057,
    "Hair Length":0.0,
    "Chin Backward / Forward":0.0,
    "Vampire":0.0,
    "Mouth Underbite / Overbite":0.0,
    "Eyes Inward / Outward":-0.25023400783539,
    "Mouth Sad / Happy":0.0,
    "Jaw Retracted / Jutting":-0.18000000715256,
    "Nose Flat / Pointed":-0.43276399374008,
    "Chin Recessed / Pronounced":0.0,
    "Cheeks Gaunt / Round":0.46000000834465,
    "Forehead Back / Forward":-0.31308901309967,
    "Nose Sellion Down / Up":-0.18650116026402,
    "Mouth Deflated / Inflated":0.0,
    "Mouth Small / Large":0.0,
    "Nose Tilt Down / Up":-0.36000001430511,
    "Nose Short / Long":0.0,
    "Mouth Drawn / Pursed":0.43999999761581,
    "Chin Short / Tall":-0.53999900817871,
    "Nose Sellion Thin / Wide":0.0,
    "Jaw Neck Slope Low / High":0.51812899112701,
    "Cheekbones Shallow / Pronounced":0.0,
    "Nose Sellion Shallow / Deep":-0.11999999731779,
    "Mouth Tilt Down / Up":0.0,
    "Brow / Nose / Chin Ratio":-0.037457909435034,
    "Brow Ridge Outer Down / Up":0.37697198987007,
    "Chin Small / Large":0.0,
    "Mouth Retracted / Puckered":0.0,
    "Chin Thin / Wide":0.0,
    "Nose Nostrils Tilt Down / Up":-0.27600312232971,
    "Face Gaunt / Round":0.10861399769783,
    "Cheekbones Thin / Wide":0.0,
    "Forehead / Sellion / Nose Ratio":-0.095793999731541,
    "Cheekbones Low / High":0.36061099171638,
    "Nose Bridge Short / Long":0.094337001442909,
    "Forehead Short / Tall":0.12682299315929,
    "Nose Bridge Shallow / Deep":0.87999999523163,
    "Mouth Chin Short / Long":0.0,
    "Face Light / Heavy":-0.14633037149906,
    "Nose Region Concave / Convex":0.23277500271797,
    "Mouth Retracted / Protruding":0.0,
    "Cheeks Concave / Convex":0.30000001192093,
    "Nose Nostrils Small / Large":-0.024986999109387,
    "Jaw Concave / Convex":-0.33867800235748,
    "Nose Down / Up":-0.12181899696589,
    "Mouth Low / High":0.0,
    "Eyes Down / Up":0.11810100078583,
    "Chin Shallow / Deep":0.0,
    "Eyes Apart / Together":0.63057398796082,
    "Brow Ridge Inner Down / Up":-0.35247701406479,
    "Nose Sellion Lower Shallow / Deep":0.03999999910593,
    "Nose Nostrils Thin / Wide":0.052689578384161,
    "Forehead Small / Large":0.51999998092651
  },
  "EyeMaterial":"/Game/Art/Character/Modular/Eyes_Human/MIC_Human_Eyes_Brown2.MIC_Human_Eyes_Brown2",
  "HairColorsL":{
    "1":{
      "A":1.0,
      "B":0.061027999967337,
      "G":0.10424599796534,
      "R":0.16145800054073
    },
    "2":{
      "A":1.0,
      "B":0.08398400247097,
      "G":0.1452250033617,
      "R":0.22395800054073
    },
    "0":{
      "A":1.0,
      "B":0.08398400247097,
      "G":0.1452250033617,
      "R":0.22395800054073
    }
  },
  "SkinParametersMap":{
    "Complexion":0.62000000476837,
    "Lipstick Dark Red/Light Blue":0.0,
    "Eyeshadow Light/Dark":0.65917599201202,
    "Root Redness":0.0,
    "Eyelids Light/Dark":0.0,
    "Naso Small/Large":0.0,
    "Lipstick Amount":0.0,
    "Cheek Blush Light/Red":0.0,
    "Freckles":0.0,
    "Lips Flushed/Pale":0.0,
    "Ombre Constrast":0.0,
    "Tip Color":0.0,
    "Eye Sockets Bruised/Bright":-0.089887998998165,
    "Cheekbones Flushed/Pale":0.0,
    "Eye socket Bruised/Bright":0.0,
    "Eyebrows Color Intensity":0.0,
    "Tip Redness":0.0,
    "Lipstick Dark Blue/Light Red":0.0,
    "Root Color":0.0,
    "Ombre Amount":0.0,
    "Salt And Pepper":0.0,
    "Eyebrows Redness Intensity":0.0,
    "Eyeliner Light/Dark":0.0,
    "Age":0.0,
    "Eyelids Pale/Red":0.0,
    "Naso Labial Lines Light/Dark":0.0,
    "Eye Sockets Dark/Light":0.0
  },
  "Mustache":"/Game/Dev/Phenotypes/Mustache/HP_New_MS_Curly.HP_New_MS_Curly",
  "SenescenceLevel":6,
  "Sex":0,
  "Description":"saved from in-game",
  "Beard":"/Game/Dev/Phenotypes/Beard/HP_New_Curly.HP_New_Curly",
  "ModCreator":"animandan",
  "ModVersion":"1.1.0",
  "APIVersion":"v2",
  "Hair":"/Game/Dev/Phenotypes/Hair/HP_Human_HR_MessyBalding.HP_Human_HR_MessyBalding",
  "Race":"TESRace /Game/Forms/actors/race/Imperial.Imperial",
  "Body":"SkeletalMesh /Game/Art/Character/Imperial/SK_Imperial_Body_m.SK_Imperial_Body_m"
}