{
  "APIVersion":"v2",
  "SkinParametersMap":{
    "Tip Color":0.10000000149012,
    "Ombre Constrast":0.0,
    "Complexion":0.41999998688698,
    "Ombre Amount":0.0,
    "Lipstick Amount":0.029999999329448,
    "Salt And Pepper":0.0,
    "Skin Dark/Light":0.0,
    "Root Redness":0.5,
    "Eye socket Bruised/Bright":0.0,
    "Freckles":0.66000002622604,
    "Eyeliner Light/Dark":0.0,
    "Eyebrows Redness Intensity":0.0,
    "Eye Socket Dark/Light":0.0,
    "Eyebrows Color Intensity":0.0,
    "Root Color":0.10000000149012,
    "Cheek Blush Light/Red":0.30000001192093,
    "Eylids Light/Dark":0.0,
    "Skin Tint Orange/Blue":0.0,
    "Tip Redness":0.5,
    "Cheekbones Flushed/Pale":0.36000001430511,
    "Eyelids Pale/Red":0.0,
    "Skin Tint Purple/Yellow":0.0
  },
  "Author":"Bethesda",
  "Race":"TESRace /Game/Forms/actors/race/Breton.Breton",
  "HairColorsL":{
    "0":{
      "R":0.0051819998770952,
      "G":0.0018210000125691,
      "B":0.0018210000125691,
      "A":1.0
    }
  },
  "Body":"SkeletalMesh /Game/Art/Character/Imperial/SK_Imperial_Body_m.SK_Imperial_Body_m",
  "Date":"2025-06-04 19:28:10",
  "SkinColorsMapL":{
    "Root DyeColor":{
      "R":0.0,
      "G":0.0,
      "B":0.0,
      "A":1.0
    },
    "Eyeliner Tone":{
      "R":1.0,
      "G":1.0,
      "B":1.0,
      "A":1.0
    },
    "Lipstick Color":{
      "R":0.60416698455811,
      "G":0.068553000688553,
      "B":0.002299000043422,
      "A":1.0
    },
    "Skin Tone":{
      "R":1.0,
      "G":1.0,
      "B":1.0,
      "A":1.0
    },
    "Tip DyeColor":{
      "R":0.0,
      "G":0.0,
      "B":0.0,
      "A":1.0
    }
  },
  "ModCreator":"animandan",
  "Sex":0,
  "ModName":"RaceMenuUtilities",
  "EyeMaterial":"/Game/Art/Character/Modular/Eyes_Human/MIC_Human_Eyes_Brown2.MIC_Human_Eyes_Brown2",
  "ModVersion":"1.1.0",
  "FaceBaseMesh":"/Game/Art/Character/Breton/SK_Breton_Head_m.SK_Breton_Head_m",
  "Hair":"/Game/Dev/Phenotypes/Hair/HP_HR_Loose.HP_HR_Loose",
  "Description":"saved from in-game",
  "SenescenceLevel":6,
  "FaceMorphValuesMap":{
    "Face Gaunt / Round":0.081007853150368,
    "Nose Short / Long":0.0,
    "Nose Tilt Down / Up":0.0,
    "Mouth Sad / Happy":-0.21121847629547,
    "Mouth Retracted / Protruding":0.25494799017906,
    "Chin Short / Tall":-0.046524610370398,
    "Cheekbones Low / High":0.55862694978714,
    "Nose Nostrils Tilt Down / Up":0.045510601252317,
    "Mouth Deflated / Inflated":-0.21300199627876,
    "Hair Length":0.0,
    "Nose Sellion Shallow / Deep":0.77999997138977,
    "Chin Shallow / Deep":0.031837906688452,
    "Jaw Concave / Convex":0.29614716768265,
    "Brow Ridge Low / High":-0.37999999523163,
    "Chin Recessed / Pronounced":0.0,
    "Mouth Tilt Down / Up":-0.016086844727397,
    "Nose Sellion Thin / Wide":0.0,
    "Cheeks Gaunt / Round":0.0,
    "Nose Sellion Lower Shallow / Deep":0.0,
    "Nose Sellion Down / Up":0.019435903057456,
    "Cheeks Concave / Convex":0.0,
    "Nose Region Concave / Convex":-0.15452498197556,
    "Eyes Inward / Outward":-0.13948927819729,
    "Nose Nostrils Thin / Wide":-0.25554999709129,
    "Brow Ridge Inner Down / Up":-0.47999998927116,
    "Eyes Apart / Together":0.15150499343872,
    "Mouth Underbite / Overbite":-0.10567586869001,
    "Chin Retracted / Jutting":0.0,
    "Brow / Nose / Chin Ratio":-0.38116198778152,
    "Nose Bridge Short / Long":-0.13042151927948,
    "Mouth Low / High":0.08695899695158,
    "Forehead Small / Large":0.38752999901772,
    "Nose Bridge Shallow / Deep":0.26859185099602,
    "Eyes Small / Large":-0.18252839148045,
    "Forehead / Sellion / Nose Ratio":0.023396000266075,
    "Mouth Chin Short / Long":0.31326013803482,
    "Forehead Short / Tall":0.075685001909733,
    "Eyes Down / Up":-0.30998516082764,
    "Vampire":0.0,
    "Mouth Retracted / Puckered":-0.23807500302792,
    "Jaw Retracted / Jutting":-0.017415206879377,
    "Mouth Drawn / Pursed":-0.26740202307701,
    "Cheekbones Thin / Wide":0.0,
    "Nose Down / Up":-0.11211716383696,
    "Jaw Neck Slope Low / High":-0.22945658862591,
    "Chin Thin / Wide":-0.15896473824978,
    "Cheekbones Shallow / Pronounced":0.0,
    "Nose Nostrils Small / Large":0.29079023003578,
    "Nose Flat / Pointed":0.18736216425896,
    "Face Thin / Wide":0.0,
    "Chin Backward / Forward":0.0,
    "Face Light / Heavy":0.11999999731779,
    "Mouth Small / Large":0.16785800457001,
    "Forehead Back / Forward":0.016283078119159,
    "Jaw Thin / Wide":-0.15059100091457,
    "Brow Ridge Outer Down / Up":0.31999999284744,
    "Chin Small / Large":0.091964215040207
  },
  "Name":"BP_AndreLabouche2_C"
}