{
  "ModName":"RaceMenuUtilities",
  "FaceBaseMesh":"/Game/Art/Character/HighElf/SK_HighElf_Head_f.SK_HighElf_Head_f",
  "Author":"Bethesda",
  "Date":"2025-06-04 20:30:46",
  "SkinColorsMapL":{
    "Lipstick Color":{
      "A":1.0,
      "B":1.0,
      "G":1.0,
      "R":1.0
    },
    "Eyeliner Tone":{
      "A":1.0,
      "B":0.46778380870819,
      "G":0.1946178227663,
      "R":0.51491767168045
    },
    "Root DyeColor":{
      "A":1.0,
      "B":1.0,
      "G":1.0,
      "R":1.0
    },
    "Tip DyeColor":{
      "A":1.0,
      "B":0.18421299755573,
      "G":0.45120400190353,
      "R":0.97344499826431
    },
    "Skin Tone":{
      "A":1.0,
      "B":1.0,
      "G":1.0,
      "R":1.0
    }
  },
  "APIVersion":"v2",
  "FaceMorphValuesMap":{
    "Eyes Small / Large":-0.85999900102615,
    "Jaw Thin / Wide":0.31999999284744,
    "Brow Ridge Low / High":0.0,
    "Chin Retracted / Jutting":0.0,
    "Face Thin / Wide":-0.41999998688698,
    "Hair Length":0.0,
    "Chin Backward / Forward":0.0,
    "Vampire":0.0,
    "Mouth Underbite / Overbite":0.0,
    "Eyes Inward / Outward":0.0,
    "Mouth Sad / Happy":0.95999997854233,
    "Jaw Retracted / Jutting":0.0,
    "Nose Flat / Pointed":-0.51999998092651,
    "Chin Recessed / Pronounced":0.0,
    "Cheeks Gaunt / Round":-0.079999998211861,
    "Forehead Back / Forward":0.0,
    "Nose Sellion Down / Up":0.0,
    "Mouth Deflated / Inflated":-0.62000000476837,
    "Mouth Small / Large":0.0,
    "Nose Tilt Down / Up":0.0,
    "Nose Short / Long":0.0,
    "Mouth Drawn / Pursed":0.0,
    "Chin Short / Tall":0.0,
    "Nose Sellion Thin / Wide":0.0,
    "Jaw Neck Slope Low / High":0.25999999046326,
    "Cheekbones Shallow / Pronounced":0.0,
    "Nose Sellion Shallow / Deep":0.0,
    "Mouth Tilt Down / Up":-0.5999990105629,
    "Brow / Nose / Chin Ratio":0.0,
    "Brow Ridge Outer Down / Up":-0.37999999523163,
    "Chin Small / Large":0.0,
    "Mouth Retracted / Puckered":0.0,
    "Chin Thin / Wide":0.0,
    "Nose Nostrils Tilt Down / Up":0.28000000119209,
    "Face Gaunt / Round":0.0,
    "Cheekbones Thin / Wide":-0.36000001430511,
    "Forehead / Sellion / Nose Ratio":0.0,
    "Cheekbones Low / High":0.0,
    "Nose Bridge Short / Long":0.0,
    "Forehead Short / Tall":0.0,
    "Nose Bridge Shallow / Deep":0.0,
    "Mouth Chin Short / Long":0.0,
    "Face Light / Heavy":0.62000000476837,
    "Nose Region Concave / Convex":0.0,
    "Mouth Retracted / Protruding":0.0,
    "Cheeks Concave / Convex":0.69999998807907,
    "Nose Nostrils Small / Large":0.0,
    "Jaw Concave / Convex":0.0,
    "Nose Down / Up":0.0,
    "Mouth Low / High":0.0,
    "Eyes Down / Up":0.0,
    "Chin Shallow / Deep":0.0,
    "Eyes Apart / Together":0.89999997615814,
    "Brow Ridge Inner Down / Up":0.46000000834465,
    "Nose Sellion Lower Shallow / Deep":0.0,
    "Nose Nostrils Thin / Wide":0.0,
    "Forehead Small / Large":0.0
  },
  "EyeMaterial":"/Game/Art/Character/Modular/Eyes_HighElf/MIC_HighElf_Eyes_Purple.MIC_HighElf_Eyes_Purple",
  "HairColorsL":{
    "0":{
      "A":1.0,
      "B":0.012286487966776,
      "G":0.21952620148659,
      "R":1.0
    }
  },
  "SkinParametersMap":{
    "Complexion":0.0,
    "Freckles":1.0,
    "Ombre Amount":1.0,
    "Eylids Light/Dark":0.30000001192093,
    "None":0.0,
    "Skin Tint Purple/Yellow":0.0,
    "Cheek Blush Light/Red":-0.61999899148941,
    "Ombre Constrast":1.0,
    "Tip Color":0.089887998998165,
    "Eye socket Bruised/Bright":-0.18000000715256,
    "Skin Tint Orange/Blue":0.0,
    "Eyebrows Color Intensity":0.0,
    "Tip Redness":0.0,
    "Root Redness":0.0,
    "Root Color":0.20973800122738,
    "Skin Dark/Light":0.0,
    "Salt And Pepper":0.0,
    "Eyebrows Redness Intensity":0.0,
    "Eyeliner Light/Dark":0.15999999642372,
    "Eyelids Pale/Red":0.47999998927116,
    "Cheekbones Flushed/Pale":0.62000000476837,
    "Eye Socket Dark/Light":-0.28000000119209,
    "Lipstick Amount":0.0099999997764826
  },
  "SenescenceLevel":7,
  "Sex":1,
  "Description":"saved from in-game",
  "ModCreator":"animandan",
  "ModVersion":"1.1.0",
  "Hair":"/Game/Dev/Phenotypes/Hair/HP_HR_MediumLength.HP_HR_MediumLength",
  "Name":"BP_Astante_C",
  "Race":"TESRace /Game/Forms/actors/race/HighElf.HighElf",
  "Body":"SkeletalMesh /Game/Art/Character/Imperial/SK_Imperial_Body_m.SK_Imperial_Body_m"
}