{
  "APIVersion":"v2",
  "SkinParametersMap":{
    "Tip Color":0.10000000149012,
    "Ombre Constrast":0.0,
    "Complexion":0.50936299562454,
    "Ombre Amount":0.0,
    "Khajiit Pattern Number":0.0,
    "Lipstick Amount":0.0,
    "Salt And Pepper":0.019999999552965,
    "Skin Dark/Light":0.20000000298023,
    "Root Redness":0.5,
    "Eye socket Bruised/Bright":-0.43999999761581,
    "Freckles":0.27573001384735,
    "Eyeliner Light/Dark":-0.36000001430511,
    "Eyebrows Redness Intensity":0.0,
    "Eye Socket Dark/Light":-0.83999997377396,
    "Eyebrows Color Intensity":0.59925097227097,
    "Root Color":0.56000000238419,
    "Cheek Blush Light/Red":0.69999998807907,
    "Eylids Light/Dark":-0.41999998688698,
    "Skin Tint Orange/Blue":0.14000000059605,
    "Tip Redness":0.5,
    "Cheekbones Flushed/Pale":-0.38000100851059,
    "Eyelids Pale/Red":-0.43999901413918,
    "Skin Tint Purple/Yellow":0.0
  },
  "Author":"Bethesda",
  "Race":"TESRace /Game/Forms/actors/race/Orc.Orc",
  "HairColorsL":{
    "0":{
      "R":0.12477181851864,
      "G":0.09758734703064,
      "B":0.086500458419323,
      "A":1.0
    }
  },
  "Body":"SkeletalMesh /Game/Art/Character/Imperial/SK_Imperial_Body_m.SK_Imperial_Body_m",
  "Date":"2025-06-04 19:27:57",
  "SkinColorsMapL":{
    "Root DyeColor":{
      "R":1.0,
      "G":1.0,
      "B":1.0,
      "A":1.0
    },
    "Eyeliner Tone":{
      "R":1.0,
      "G":1.0,
      "B":1.0,
      "A":1.0
    },
    "Lipstick Color":{
      "R":1.0,
      "G":1.0,
      "B":1.0,
      "A":1.0
    },
    "Skin Tone":{
      "R":1.0,
      "G":1.0,
      "B":1.0,
      "A":1.0
    },
    "Tip DyeColor":{
      "R":1.0,
      "G":1.0,
      "B":1.0,
      "A":1.0
    }
  },
  "ModCreator":"animandan",
  "Sex":0,
  "ModName":"RaceMenuUtilities",
  "EyeMaterial":"/Game/Art/Character/Modular/MIC_ME_Orc_Eyes.MIC_ME_Orc_Eyes",
  "ModVersion":"1.1.0",
  "FaceBaseMesh":"/Game/Art/Character/Orc/SK_Orc_Head_m.SK_Orc_Head_m",
  "Hair":"/Game/Dev/Phenotypes/Hair/HP_Orc_HR_OneBraid.HP_Orc_HR_OneBraid",
  "Description":"saved from in-game",
  "SenescenceLevel":2,
  "FaceMorphValuesMap":{
    "Face Gaunt / Round":0.036166932433844,
    "Nose Short / Long":0.0,
    "Nose Tilt Down / Up":0.0,
    "Mouth Sad / Happy":0.49420800805092,
    "Mouth Retracted / Protruding":0.045834001153708,
    "Chin Short / Tall":-0.80000001192093,
    "Cheekbones Low / High":0.29626500606537,
    "Nose Nostrils Tilt Down / Up":-0.74000000953674,
    "Mouth Deflated / Inflated":-0.47240498661995,
    "Hair Length":0.0,
    "Nose Sellion Shallow / Deep":0.0,
    "Chin Shallow / Deep":0.48866999149323,
    "Jaw Concave / Convex":-0.18352299928665,
    "Brow Ridge Low / High":-0.12906800210476,
    "Chin Recessed / Pronounced":-0.34057500958443,
    "Mouth Tilt Down / Up":-0.21511399745941,
    "Nose Sellion Thin / Wide":0.0,
    "Cheeks Gaunt / Round":-0.31728801131248,
    "Nose Sellion Lower Shallow / Deep":0.0,
    "Nose Sellion Down / Up":0.10308428108692,
    "Cheeks Concave / Convex":0.17149299383163,
    "Nose Region Concave / Convex":0.28905054926872,
    "Eyes Inward / Outward":-0.19620715081692,
    "Nose Nostrils Thin / Wide":-0.18184000253677,
    "Brow Ridge Inner Down / Up":0.0028840000741184,
    "Eyes Apart / Together":0.55536901950836,
    "Mouth Underbite / Overbite":0.14969170093536,
    "Chin Retracted / Jutting":0.53211897611618,
    "Brow / Nose / Chin Ratio":-0.56000000238419,
    "Nose Bridge Short / Long":0.1334386318922,
    "Mouth Low / High":-0.59988898038864,
    "Forehead Small / Large":0.23026633262634,
    "Nose Bridge Shallow / Deep":0.0084841353818774,
    "Eyes Small / Large":-0.22768600285053,
    "Forehead / Sellion / Nose Ratio":0.30846357345581,
    "Mouth Chin Short / Long":-0.3029100894928,
    "Forehead Short / Tall":0.087045885622501,
    "Eyes Down / Up":0.087269902229309,
    "Vampire":0.0,
    "Mouth Retracted / Puckered":0.099999003112316,
    "Jaw Retracted / Jutting":-0.12857531011105,
    "Mouth Drawn / Pursed":0.3461050093174,
    "Cheekbones Thin / Wide":-0.31455099582672,
    "Nose Down / Up":-0.68648797273636,
    "Jaw Neck Slope Low / High":-0.89999997615814,
    "Chin Thin / Wide":0.43751698732376,
    "Cheekbones Shallow / Pronounced":-0.33018800616264,
    "Nose Nostrils Small / Large":-0.50393998622894,
    "Nose Flat / Pointed":0.061134852468967,
    "Face Thin / Wide":-0.097427800297737,
    "Chin Backward / Forward":0.1217549815774,
    "Face Light / Heavy":0.16367299854755,
    "Mouth Small / Large":0.25902700424194,
    "Forehead Back / Forward":-0.13491672277451,
    "Jaw Thin / Wide":0.03044000081718,
    "Brow Ridge Outer Down / Up":-0.047743998467922,
    "Chin Small / Large":0.55999898910522
  },
  "Name":"BP_AdventurerOrcSpellsword01_C"
}