{
  "ModName":"RaceMenuUtilities",
  "FaceBaseMesh":"/Game/Art/Character/WoodElf/SK_WoodElf_Head_f.SK_WoodElf_Head_f",
  "Author":"Bethesda",
  "Date":"2025-06-04 20:30:44",
  "SkinColorsMapL":{
    "Lipstick Color":{
      "A":1.0,
      "B":0.0,
      "G":0.0,
      "R":0.44520118832588
    },
    "Eyeliner Tone":{
      "A":1.0,
      "B":0.63541698455811,
      "G":0.63541698455811,
      "R":0.63541698455811
    },
    "Root DyeColor":{
      "A":1.0,
      "B":1.0,
      "G":1.0,
      "R":1.0
    },
    "Tip DyeColor":{
      "A":1.0,
      "B":0.022489000111818,
      "G":0.12966699898243,
      "R":0.63020801544189
    },
    "Skin Tone":{
      "A":1.0,
      "B":1.0,
      "G":0.98929399251938,
      "R":0.96875
    }
  },
  "APIVersion":"v2",
  "FaceMorphValuesMap":{
    "Eyes Small / Large":0.34000000357628,
    "Jaw Thin / Wide":0.0,
    "Brow Ridge Low / High":0.15999999642372,
    "Chin Retracted / Jutting":-0.18052279949188,
    "Face Thin / Wide":-0.90727800130844,
    "Hair Length":0.0,
    "Chin Backward / Forward":0.07005725055933,
    "Vampire":0.0,
    "Mouth Underbite / Overbite":0.0,
    "Eyes Inward / Outward":-0.29691824316978,
    "Mouth Sad / Happy":0.89999997615814,
    "Jaw Retracted / Jutting":0.33401295542717,
    "Nose Flat / Pointed":0.33442980051041,
    "Chin Recessed / Pronounced":0.35417079925537,
    "Cheeks Gaunt / Round":0.0,
    "Forehead Back / Forward":-0.11655330657959,
    "Nose Sellion Down / Up":0.9200000166893,
    "Mouth Deflated / Inflated":0.0,
    "Mouth Small / Large":-0.37999999523163,
    "Nose Tilt Down / Up":0.20000000298023,
    "Nose Short / Long":0.079999998211861,
    "Mouth Drawn / Pursed":0.56000000238419,
    "Chin Short / Tall":-0.059999998658895,
    "Nose Sellion Thin / Wide":0.47999998927116,
    "Jaw Neck Slope Low / High":0.18000100553036,
    "Cheekbones Shallow / Pronounced":-0.31999999284744,
    "Nose Sellion Shallow / Deep":0.27999898791313,
    "Mouth Tilt Down / Up":-0.69999998807907,
    "Brow / Nose / Chin Ratio":-0.77999997138977,
    "Brow Ridge Outer Down / Up":0.11887100338936,
    "Chin Small / Large":-0.14000000059605,
    "Mouth Retracted / Puckered":-0.63999897241592,
    "Chin Thin / Wide":-0.081123001873493,
    "Nose Nostrils Tilt Down / Up":-0.20998863875866,
    "Face Gaunt / Round":0.0,
    "Cheekbones Thin / Wide":0.0,
    "Forehead / Sellion / Nose Ratio":0.074081964790821,
    "Cheekbones Low / High":0.37999999523163,
    "Nose Bridge Short / Long":0.23085522651672,
    "Forehead Short / Tall":0.0,
    "Nose Bridge Shallow / Deep":0.079783536493778,
    "Mouth Chin Short / Long":0.0,
    "Face Light / Heavy":0.0,
    "Nose Region Concave / Convex":0.18029600381851,
    "Mouth Retracted / Protruding":0.0,
    "Cheeks Concave / Convex":0.86000001430511,
    "Nose Nostrils Small / Large":-0.13723714649677,
    "Jaw Concave / Convex":0.66000002622604,
    "Nose Down / Up":-1.0,
    "Mouth Low / High":-0.40000000596046,
    "Eyes Down / Up":-0.86000001430511,
    "Chin Shallow / Deep":0.0073548019863665,
    "Eyes Apart / Together":0.94999998807907,
    "Brow Ridge Inner Down / Up":0.057383999228477,
    "Nose Sellion Lower Shallow / Deep":0.75999999046326,
    "Nose Nostrils Thin / Wide":-0.87999898195267,
    "Forehead Small / Large":-0.89999997615814
  },
  "EyeMaterial":"/Game/Art/Character/Modular/Eyes_WoodElf/MIC_WoodElf_Eyes_Yellow.MIC_WoodElf_Eyes_Yellow",
  "HairColorsL":{
    "0":{
      "A":1.0,
      "B":0.0060488330200315,
      "G":0.01032982300967,
      "R":0.021219009533525
    }
  },
  "SkinParametersMap":{
    "Complexion":0.0,
    "Freckles":0.0,
    "Ombre Amount":1.0,
    "Eylids Light/Dark":0.43999999761581,
    "Skin Tint Purple/Yellow":0.0,
    "Cheek Blush Light/Red":0.0,
    "Ombre Constrast":1.0,
    "Tip Color":0.029962999746203,
    "Eye socket Bruised/Bright":-0.23999999463558,
    "Skin Tint Orange/Blue":0.10000000149012,
    "Eyebrows Color Intensity":0.0,
    "Tip Redness":1.0,
    "Root Redness":1.0,
    "Root Color":0.014980999752879,
    "Skin Dark/Light":0.0,
    "Salt And Pepper":0.0,
    "Eyebrows Redness Intensity":0.0,
    "Eyeliner Light/Dark":0.30000001192093,
    "Eyelids Pale/Red":0.21999900043011,
    "Cheekbones Flushed/Pale":0.0,
    "Eye Socket Dark/Light":-0.65999901294708,
    "Lipstick Amount":0.029999999329448
  },
  "SenescenceLevel":0,
  "Sex":1,
  "Description":"saved from in-game",
  "ModCreator":"animandan",
  "ModVersion":"1.1.0",
  "Hair":"/Game/Dev/Phenotypes/Hair/HP_HR_Ponytail.HP_HR_Ponytail",
  "Name":"BP_Alawen_C",
  "Race":"TESRace /Game/Forms/actors/race/WoodElf.WoodElf",
  "Body":"SkeletalMesh /Game/Art/Character/Imperial/SK_Imperial_Body_m.SK_Imperial_Body_m"
}