{
  "Sex":0,
  "HairColorsL":{
    "1":{
      "A":1.0,
      "R":0.22322796285152,
      "G":0.14412847161293,
      "B":0.084376208484173
    },
    "2":{
      "A":1.0,
      "R":0.16202937066555,
      "G":0.1046164855361,
      "B":0.061246052384377
    },
    "0":{
      "A":1.0,
      "R":1.0,
      "G":1.0,
      "B":1.0
    }
  },
  "EyeMaterial":"/Game/Art/Character/Modular/Eyes_Human/MIC_Human_Eyes_Green2.MIC_Human_Eyes_Green2",
  "Author":"Bethesda",
  "Date":"2025-06-04 19:33:52",
  "Description":"saved from in-game",
  "Name":"BP_AnvilGuardCastlePostDay02_C",
  "ModCreator":"animandan",
  "ModName":"RaceMenuUtilities",
  "FaceBaseMesh":"/Game/Art/Character/Imperial/SK_Imperial_Head_m.SK_Imperial_Head_m",
  "ModVersion":"1.1.0",
  "Body":"SkeletalMesh /Game/Art/Character/Imperial/SK_Imperial_Body_m.SK_Imperial_Body_m",
  "FaceMorphValuesMap":{
    "Nose Nostrils Thin / Wide":0.043914001435041,
    "Forehead / Sellion / Nose Ratio":-0.36845600605011,
    "Cheekbones Thin / Wide":0.20049299299717,
    "Forehead Small / Large":-0.15986700356007,
    "Chin Recessed / Pronounced":0.0,
    "Brow / Nose / Chin Ratio":0.45251700282097,
    "Jaw Thin / Wide":-0.60728597640991,
    "Cheeks Gaunt / Round":-0.19333599507809,
    "Chin Backward / Forward":0.0,
    "Chin Thin / Wide":0.0,
    "Forehead Short / Tall":-0.14886499941349,
    "Face Thin / Wide":0.45670500397682,
    "Brow Ridge Inner Down / Up":-0.149449005723,
    "Mouth Underbite / Overbite":0.0,
    "Mouth Low / High":0.0,
    "Vampire":0.0,
    "Face Gaunt / Round":-0.46826401352882,
    "Eyes Small / Large":0.66000002622604,
    "Mouth Drawn / Pursed":0.0,
    "Chin Retracted / Jutting":0.0,
    "Nose Tilt Down / Up":0.0,
    "Mouth Small / Large":0.74000000953674,
    "Nose Short / Long":0.0,
    "Nose Bridge Shallow / Deep":-0.37861299514771,
    "Nose Sellion Thin / Wide":0.0,
    "Mouth Retracted / Protruding":0.0,
    "Nose Sellion Shallow / Deep":0.34000000357628,
    "Jaw Retracted / Jutting":0.3007610142231,
    "Nose Sellion Down / Up":-0.19485400617123,
    "Eyes Inward / Outward":-0.071707002818584,
    "Nose Region Concave / Convex":-0.26772099733353,
    "Brow Ridge Outer Down / Up":-0.10512100160122,
    "Nose Nostrils Small / Large":0.56843000650406,
    "Eyes Apart / Together":0.089515000581741,
    "Nose Nostrils Tilt Down / Up":0.12647600471973,
    "Nose Flat / Pointed":0.0015490000369027,
    "Mouth Tilt Down / Up":0.0,
    "Jaw Concave / Convex":0.68000000715256,
    "Mouth Sad / Happy":0.0,
    "Cheekbones Shallow / Pronounced":0.10151299834251,
    "Face Light / Heavy":0.56770002841949,
    "Nose Down / Up":0.097667999565601,
    "Chin Short / Tall":0.0,
    "Eyes Down / Up":0.45726799964905,
    "Cheeks Concave / Convex":0.15924000740051,
    "Nose Bridge Short / Long":0.52505600452423,
    "Mouth Chin Short / Long":0.0,
    "Nose Sellion Lower Shallow / Deep":0.0,
    "Mouth Retracted / Puckered":0.0,
    "Hair Length":0.0,
    "Mouth Deflated / Inflated":0.0,
    "Chin Shallow / Deep":0.0,
    "Jaw Neck Slope Low / High":-0.35018798708916,
    "Brow Ridge Low / High":0.43609398603439,
    "Cheekbones Low / High":0.069355003535748,
    "Forehead Back / Forward":-0.22000099718571,
    "Chin Small / Large":0.0
  },
  "Hair":"/Game/Dev/Phenotypes/Hair/HP_HR_Cropped.HP_HR_Cropped",
  "SenescenceLevel":3,
  "APIVersion":"v2",
  "SkinParametersMap":{
    "Complexion":0.2846440076828,
    "Cheek Blush Light/Red":0.0,
    "Eyebrows Color Intensity":0.0,
    "Eye socket Bruised/Bright":0.0,
    "Lipstick Amount":0.0,
    "Root Redness":0.0,
    "Freckles":0.0,
    "Cheekbones Flushed/Pale":0.0,
    "Eyebrows Redness Intensity":0.0,
    "Root Color":0.0,
    "Eyelids Pale/Red":0.0,
    "Tip Color":0.0,
    "Tip Redness":0.0,
    "Ombre Amount":0.0,
    "Salt And Pepper":0.0,
    "Ombre Constrast":0.0
  },
  "Race":"TESRace /Game/Forms/actors/race/Imperial.Imperial",
  "SkinColorsMapL":{
    "Root DyeColor":{
      "A":1.0,
      "R":0.0047769998200238,
      "G":0.0012140000471845,
      "B":0.0
    },
    "Eyeliner Tone":{
      "A":1.0,
      "R":1.0,
      "G":1.0,
      "B":1.0
    },
    "Tip DyeColor":{
      "A":1.0,
      "R":0.10702300071716,
      "G":0.034340001642704,
      "B":0.0056050000712276
    },
    "Skin Tone":{
      "A":1.0,
      "R":1.0,
      "G":1.0,
      "B":1.0
    },
    "Lipstick Color":{
      "A":1.0,
      "R":0.093058958649635,
      "G":0.0009105809731409,
      "B":0.0097212167456746
    }
  }
}