{
  "Sex":0,
  "HairColorsL":{
    "1":{
      "A":1.0,
      "R":0.012152999639511,
      "G":0.0072949999012053,
      "B":0.0037769998889416
    },
    "2":{
      "A":1.0,
      "R":0.16145800054073,
      "G":0.10424599796534,
      "B":0.061027999967337
    },
    "0":{
      "A":1.0,
      "R":0.10416699945927,
      "G":0.070597998797894,
      "B":0.044488001614809
    }
  },
  "EyeMaterial":"/Game/Art/Character/Modular/Eyes_Human/MIC_Human_Eyes_Blue1.MIC_Human_Eyes_Blue1",
  "SkinColorsMapL":{
    "Root DyeColor":{
      "A":1.0,
      "R":0.15625,
      "G":0.083385996520519,
      "B":0.022678999230266
    },
    "Eyeliner Tone":{
      "A":1.0,
      "R":1.0,
      "G":1.0,
      "B":1.0
    },
    "Tip DyeColor":{
      "A":1.0,
      "R":0.25415199995041,
      "G":0.13563300669193,
      "B":0.036889001727104
    },
    "Skin Tone":{
      "A":1.0,
      "R":1.0,
      "G":1.0,
      "B":1.0
    },
    "Lipstick Color":{
      "A":1.0,
      "R":0.093058958649635,
      "G":0.0009105809731409,
      "B":0.0097212167456746
    }
  },
  "Date":"2025-06-04 19:38:17",
  "Description":"saved from in-game",
  "Name":"BP_AlgottheNortherner_C",
  "ModCreator":"animandan",
  "ModName":"RaceMenuUtilities",
  "ModVersion":"1.1.0",
  "Mustache":"/Game/Dev/Phenotypes/Mustache/HP_New_MS_Twisted.HP_New_MS_Twisted",
  "Author":"Bethesda",
  "APIVersion":"v2",
  "Body":"SkeletalMesh /Game/Art/Character/Imperial/SK_Imperial_Body_m.SK_Imperial_Body_m",
  "FaceMorphValuesMap":{
    "Nose Nostrils Thin / Wide":-0.24987323582172,
    "Forehead / Sellion / Nose Ratio":0.0,
    "Cheekbones Thin / Wide":0.0,
    "Forehead Small / Large":0.0,
    "Chin Recessed / Pronounced":0.15826545655727,
    "Brow / Nose / Chin Ratio":0.0,
    "Jaw Thin / Wide":0.32691976428032,
    "Cheeks Gaunt / Round":0.0,
    "Chin Backward / Forward":-0.74469220638275,
    "Chin Thin / Wide":0.040019392967224,
    "Forehead Short / Tall":0.0,
    "Face Thin / Wide":0.0,
    "Brow Ridge Inner Down / Up":0.20721493661404,
    "Mouth Underbite / Overbite":0.045448407530785,
    "Mouth Low / High":0.44164705276489,
    "Vampire":0.0,
    "Face Gaunt / Round":0.0,
    "Eyes Small / Large":0.06354508548975,
    "Mouth Drawn / Pursed":0.20396874845028,
    "Chin Retracted / Jutting":0.00012463331222534,
    "Nose Tilt Down / Up":0.0,
    "Mouth Small / Large":0.36684066057205,
    "Nose Short / Long":0.0,
    "Nose Bridge Shallow / Deep":-0.27626809477806,
    "Nose Sellion Thin / Wide":0.0,
    "Mouth Retracted / Protruding":0.019034003838897,
    "Nose Sellion Shallow / Deep":0.0,
    "Jaw Retracted / Jutting":0.077417373657227,
    "Nose Sellion Down / Up":0.11117821931839,
    "Eyes Inward / Outward":0.23887215554714,
    "Nose Region Concave / Convex":0.23790733516216,
    "Brow Ridge Outer Down / Up":0.32279881834984,
    "Nose Nostrils Small / Large":-0.54754614830017,
    "Eyes Apart / Together":-0.16381232440472,
    "Nose Nostrils Tilt Down / Up":0.19206519424915,
    "Nose Flat / Pointed":0.015348279848695,
    "Mouth Tilt Down / Up":-0.12360785156488,
    "Jaw Concave / Convex":0.087271951138973,
    "Mouth Sad / Happy":-0.068274311721325,
    "Cheekbones Shallow / Pronounced":0.0,
    "Face Light / Heavy":0.0,
    "Nose Down / Up":-0.38332483172417,
    "Chin Short / Tall":-0.042415834963322,
    "Eyes Down / Up":0.023966357111931,
    "Cheeks Concave / Convex":0.0,
    "Nose Bridge Short / Long":0.10144706070423,
    "Mouth Chin Short / Long":-0.18947277963161,
    "Nose Sellion Lower Shallow / Deep":0.0,
    "Mouth Retracted / Puckered":-0.28272587060928,
    "Hair Length":0.0,
    "Mouth Deflated / Inflated":0.0028570534195751,
    "Chin Shallow / Deep":0.42287421226501,
    "Jaw Neck Slope Low / High":-0.1751444786787,
    "Brow Ridge Low / High":-0.22456811368465,
    "Cheekbones Low / High":-0.26525714993477,
    "Forehead Back / Forward":0.0,
    "Chin Small / Large":0.31352689862251
  },
  "Hair":"/Game/Dev/Phenotypes/Hair/HP_Redguard_HR_ThickRows.HP_Redguard_HR_ThickRows",
  "Beard":"/Game/Dev/Phenotypes/Beard/HP_New_LongFullBeard.HP_New_LongFullBeard",
  "SkinParametersMap":{
    "Complexion":0.0,
    "Cheek Blush Light/Red":0.0,
    "Eyebrows Color Intensity":0.5799999833107,
    "Eye socket Bruised/Bright":0.0,
    "Lipstick Amount":0.0,
    "Root Redness":0.0,
    "Freckles":0.0,
    "Cheekbones Flushed/Pale":0.0,
    "Eyebrows Redness Intensity":0.0,
    "Root Color":0.0,
    "Eyelids Pale/Red":0.0,
    "Tip Color":0.0,
    "Tip Redness":0.0,
    "Ombre Amount":0.0,
    "Salt And Pepper":0.0,
    "Ombre Constrast":0.0
  },
  "FaceBaseMesh":"/Game/Art/Character/Nord/SK_Nord_Head_m.SK_Nord_Head_m",
  "Race":"TESRace /Game/Forms/actors/race/Nord.Nord",
  "SenescenceLevel":0
}