{
  "Race":"TESRace /Game/Forms/actors/race/HighElf.HighElf",
  "FaceBaseMesh":"/Game/Art/Character/HighElf/SK_HighElf_Head_f.SK_HighElf_Head_f",
  "Date":"2025-06-04 18:48:48",
  "HairColorsL":{
    "0":{
      "B":0.0060488330200315,
      "G":0.01032982300967,
      "R":0.021219009533525,
      "A":1.0
    }
  },
  "SkinParametersMap":{
    "Cheekbones Flushed/Pale":0.11999999731779,
    "Eyelids Pale/Red":0.0,
    "Skin Tint Purple/Yellow":0.0,
    "Lipstick Amount":-0.019999999552965,
    "Cheek Blush Light/Red":-1.0,
    "Skin Dark/Light":0.0,
    "Complexion":0.32958799600601,
    "Salt And Pepper":0.0,
    "Eye Socket Dark/Light":-0.87999898195267,
    "Eylids Light/Dark":0.5,
    "Ombre Amount":1.0,
    "Freckles":0.77999997138977,
    "Root Color":0.20973800122738,
    "Ombre Constrast":1.0,
    "Eyeliner Light/Dark":0.25999999046326,
    "Tip Color":0.089887998998165,
    "Eyebrows Redness Intensity":-0.079999998211861,
    "Root Redness":0.0,
    "Skin Tint Orange/Blue":0.0,
    "Eye socket Bruised/Bright":-0.36000001430511,
    "Tip Redness":0.0,
    "Eyebrows Color Intensity":0.62000000476837
  },
  "Sex":1,
  "FaceMorphValuesMap":{
    "Hair Length":0.0,
    "Vampire":0.0,
    "Nose Sellion Down / Up":0.0,
    "Forehead Back / Forward":0.0,
    "Mouth Deflated / Inflated":0.0,
    "Chin Backward / Forward":0.0,
    "Eyes Apart / Together":0.41999998688698,
    "Nose Tilt Down / Up":0.0,
    "Mouth Sad / Happy":0.72000002861023,
    "Brow Ridge Outer Down / Up":0.14000000059605,
    "Nose Sellion Thin / Wide":0.0,
    "Nose Short / Long":0.059999998658895,
    "Nose Sellion Shallow / Deep":0.0,
    "Brow / Nose / Chin Ratio":0.0,
    "Chin Small / Large":0.0,
    "Nose Flat / Pointed":0.0,
    "Jaw Thin / Wide":0.019999999552965,
    "Nose Nostrils Tilt Down / Up":0.0,
    "Eyes Inward / Outward":0.0,
    "Cheekbones Shallow / Pronounced":0.0,
    "Nose Nostrils Thin / Wide":0.0,
    "Chin Shallow / Deep":0.0,
    "Nose Down / Up":0.0,
    "Nose Bridge Short / Long":-0.079999998211861,
    "Mouth Tilt Down / Up":0.0,
    "Chin Thin / Wide":0.0,
    "Face Light / Heavy":0.0,
    "Mouth Chin Short / Long":0.0,
    "Jaw Concave / Convex":0.72000002861023,
    "Brow Ridge Low / High":0.059999998658895,
    "Chin Recessed / Pronounced":0.0,
    "Cheeks Gaunt / Round":0.0,
    "Face Thin / Wide":0.0,
    "Eyes Down / Up":0.0,
    "Jaw Retracted / Jutting":0.0,
    "Chin Short / Tall":0.0,
    "Jaw Neck Slope Low / High":0.0,
    "Nose Bridge Shallow / Deep":0.0,
    "Mouth Retracted / Protruding":0.0,
    "Cheekbones Thin / Wide":0.0,
    "Mouth Low / High":0.0,
    "Mouth Retracted / Puckered":0.0,
    "Mouth Small / Large":0.0,
    "Forehead Short / Tall":0.0,
    "Nose Nostrils Small / Large":0.0,
    "Chin Retracted / Jutting":0.0,
    "Forehead Small / Large":0.0,
    "Cheekbones Low / High":0.0,
    "Eyes Small / Large":0.0,
    "Cheeks Concave / Convex":0.0,
    "Brow Ridge Inner Down / Up":-0.40000000596046,
    "Nose Sellion Lower Shallow / Deep":0.0,
    "Face Gaunt / Round":0.0,
    "Mouth Underbite / Overbite":0.0,
    "Nose Region Concave / Convex":0.0,
    "Forehead / Sellion / Nose Ratio":0.0,
    "Mouth Drawn / Pursed":0.0
  },
  "Author":"Bethesda",
  "SkinColorsMapL":{
    "Lipstick Color":{
      "B":0.15592646598816,
      "G":0.095307469367981,
      "R":0.5647115111351,
      "A":1.0
    },
    "Tip DyeColor":{
      "B":0.012983032502234,
      "G":0.21952620148659,
      "R":0.98225057125092,
      "A":1.0
    },
    "Root DyeColor":{
      "B":1.0,
      "G":1.0,
      "R":1.0,
      "A":1.0
    },
    "Eyeliner Tone":{
      "B":0.038204371929169,
      "G":0.084376208484173,
      "R":0.2086368650198,
      "A":1.0
    },
    "Skin Tone":{
      "B":0.86805599927902,
      "G":0.96134299039841,
      "R":1.0,
      "A":1.0
    }
  },
  "ModVersion":"1.1.0",
  "EyeMaterial":"/Game/Art/Character/HighElf/MIC_HighElf_Eye.MIC_HighElf_Eye",
  "Body":"SkeletalMesh /Game/Art/Character/Imperial/SK_Imperial_Body_m.SK_Imperial_Body_m",
  "Description":"saved from in-game",
  "SenescenceLevel":2,
  "APIVersion":"v2",
  "ModCreator":"animandan",
  "ModName":"RaceMenuUtilities",
  "Hair":"/Game/Dev/Phenotypes/Hair/HP_Elf_HR_Braid.HP_Elf_HR_Braid",
  "Name":"BP_ArenaRank4B_C"
}