{
  "Race":"TESRace /Game/Forms/actors/race/Redguard.Redguard",
  "FaceBaseMesh":"/Game/Art/Character/Redguard/SK_Redguard_Head_m.SK_Redguard_Head_m",
  "Date":"2025-06-04 18:52:04",
  "HairColorsL":{
    "0":{
      "B":0.0,
      "G":0.0,
      "R":0.0,
      "A":1.0
    }
  },
  "SkinParametersMap":{
    "Cheekbones Flushed/Pale":0.0,
    "Eyelids Pale/Red":0.0,
    "Freckles":0.0,
    "Eyebrows Redness Intensity":0.0,
    "Lipstick Amount":0.0,
    "Ombre Amount":0.0,
    "Root Color":0.0,
    "Cheek Blush Light/Red":0.0,
    "Root Redness":0.0,
    "Tip Color":0.0,
    "Eye socket Bruised/Bright":0.0,
    "Complexion":0.0,
    "Salt And Pepper":0.0,
    "Eyebrows Color Intensity":0.0,
    "Tip Redness":0.0,
    "Ombre Constrast":0.0
  },
  "Sex":0,
  "FaceMorphValuesMap":{
    "Hair Length":0.0,
    "Vampire":0.0,
    "Nose Sellion Down / Up":-0.03999999910593,
    "Forehead Back / Forward":0.34000000357628,
    "Mouth Deflated / Inflated":0.0,
    "Chin Backward / Forward":-0.019999999552965,
    "Eyes Apart / Together":-0.18052400648594,
    "Nose Tilt Down / Up":0.0,
    "Mouth Sad / Happy":-0.11999999731779,
    "Brow Ridge Outer Down / Up":0.47999998927116,
    "Nose Sellion Thin / Wide":0.0,
    "Nose Short / Long":0.0,
    "Nose Sellion Shallow / Deep":0.0,
    "Brow / Nose / Chin Ratio":-0.23999999463558,
    "Chin Small / Large":0.0,
    "Nose Flat / Pointed":0.21999999880791,
    "Jaw Thin / Wide":0.42000100016594,
    "Nose Nostrils Tilt Down / Up":0.37999901175499,
    "Eyes Inward / Outward":-0.079999998211861,
    "Cheekbones Shallow / Pronounced":0.75999999046326,
    "Nose Nostrils Thin / Wide":0.21999999880791,
    "Chin Shallow / Deep":0.21999999880791,
    "Nose Down / Up":-0.14000000059605,
    "Nose Bridge Short / Long":0.46000000834465,
    "Mouth Tilt Down / Up":-0.10000000149012,
    "Chin Thin / Wide":-0.28000000119209,
    "Face Light / Heavy":-0.34000000357628,
    "Mouth Chin Short / Long":0.14000000059605,
    "Jaw Concave / Convex":0.0,
    "Brow Ridge Low / High":-0.47999998927116,
    "Chin Recessed / Pronounced":0.46000000834465,
    "Cheeks Gaunt / Round":0.30000001192093,
    "Face Thin / Wide":-0.77999997138977,
    "Eyes Down / Up":-0.37999901175499,
    "Jaw Retracted / Jutting":-0.079999998211861,
    "Chin Short / Tall":-0.66000002622604,
    "Jaw Neck Slope Low / High":0.20000000298023,
    "Nose Bridge Shallow / Deep":0.03999999910593,
    "Mouth Retracted / Protruding":-0.019999999552965,
    "Cheekbones Thin / Wide":0.66000002622604,
    "Mouth Low / High":-0.10000000149012,
    "Mouth Retracted / Puckered":-0.56000000238419,
    "Mouth Small / Large":0.31999999284744,
    "Forehead Short / Tall":0.25999999046326,
    "Nose Nostrils Small / Large":-0.51999998092651,
    "Chin Retracted / Jutting":-0.68000000715256,
    "Forehead Small / Large":0.75999999046326,
    "Cheekbones Low / High":0.0,
    "Eyes Small / Large":0.11999899893999,
    "Cheeks Concave / Convex":0.47999998927116,
    "Brow Ridge Inner Down / Up":-0.47999900579453,
    "Nose Sellion Lower Shallow / Deep":0.0,
    "Face Gaunt / Round":-0.18000000715256,
    "Mouth Underbite / Overbite":0.019999999552965,
    "Nose Region Concave / Convex":-0.30000001192093,
    "Forehead / Sellion / Nose Ratio":0.62000000476837,
    "Mouth Drawn / Pursed":-0.10000000149012
  },
  "Author":"Bethesda",
  "SkinColorsMapL":{
    "Lipstick Color":{
      "B":0.0097212167456746,
      "G":0.0009105809731409,
      "R":0.093058958649635,
      "A":1.0
    },
    "Tip DyeColor":{
      "B":0.0056050000712276,
      "G":0.034340001642704,
      "R":0.10702300071716,
      "A":1.0
    },
    "Root DyeColor":{
      "B":0.0,
      "G":0.0012140000471845,
      "R":0.0047769998200238,
      "A":1.0
    },
    "Skin Tone":{
      "B":1.0,
      "G":1.0,
      "R":1.0,
      "A":1.0
    },
    "Eyeliner Tone":{
      "B":1.0,
      "G":1.0,
      "R":1.0,
      "A":1.0
    }
  },
  "ModVersion":"1.1.0",
  "EyeMaterial":"/Game/Art/Character/Modular/Eyes_Human/MIC_Human_Eyes_Brown2.MIC_Human_Eyes_Brown2",
  "Body":"SkeletalMesh /Game/Art/Character/Imperial/SK_Imperial_Body_m.SK_Imperial_Body_m",
  "Description":"saved from in-game",
  "SenescenceLevel":0,
  "APIVersion":"v2",
  "ModCreator":"animandan",
  "ModName":"RaceMenuUtilities",
  "Hair":"/Game/Dev/Phenotypes/Hair/HP_Redguard_HR_Classic.HP_Redguard_HR_Classic",
  "Name":"BP_AzaniBlackheart_C"
}