{
  "Race":"TESRace /Game/Forms/actors/race/HighElf.HighElf",
  "FaceBaseMesh":"/Game/Art/Character/HighElf/SK_HighElf_Head_m.SK_HighElf_Head_m",
  "Date":"2025-06-04 18:49:21",
  "HairColorsL":{
    "0":{
      "B":0.0,
      "G":0.0,
      "R":0.0,
      "A":1.0
    }
  },
  "SkinParametersMap":{
    "Cheekbones Flushed/Pale":0.60000002384186,
    "Eyelids Pale/Red":0.25999999046326,
    "Skin Tint Purple/Yellow":0.0,
    "Lipstick Amount":0.0,
    "Cheek Blush Light/Red":-0.30000001192093,
    "Skin Dark/Light":0.0,
    "Complexion":0.67977499961853,
    "Salt And Pepper":0.0,
    "Eye Socket Dark/Light":-0.065242998301983,
    "Eylids Light/Dark":0.0,
    "Ombre Amount":0.0,
    "Freckles":0.75902599096298,
    "Root Color":0.10000000149012,
    "Ombre Constrast":0.0,
    "Eyeliner Light/Dark":0.15999999642372,
    "Tip Color":0.10000000149012,
    "Eyebrows Redness Intensity":0.0,
    "Root Redness":0.5,
    "Skin Tint Orange/Blue":0.0,
    "Eye socket Bruised/Bright":-0.65003800392151,
    "Tip Redness":0.5,
    "Eyebrows Color Intensity":0.3558050096035
  },
  "Sex":0,
  "FaceMorphValuesMap":{
    "Hair Length":0.0,
    "Vampire":0.0,
    "Nose Sellion Down / Up":0.0,
    "Forehead Back / Forward":0.41999998688698,
    "Mouth Deflated / Inflated":0.25999999046326,
    "Chin Backward / Forward":0.0,
    "Eyes Apart / Together":0.60000002384186,
    "Nose Tilt Down / Up":0.0,
    "Mouth Sad / Happy":0.0,
    "Brow Ridge Outer Down / Up":-0.019999999552965,
    "Nose Sellion Thin / Wide":0.5799999833107,
    "Nose Short / Long":0.03999900072813,
    "Nose Sellion Shallow / Deep":0.0,
    "Brow / Nose / Chin Ratio":0.56000000238419,
    "Chin Small / Large":0.64000201225281,
    "Nose Flat / Pointed":0.0,
    "Jaw Thin / Wide":0.47999998927116,
    "Nose Nostrils Tilt Down / Up":0.0,
    "Eyes Inward / Outward":0.0,
    "Cheekbones Shallow / Pronounced":-0.40000000596046,
    "Nose Nostrils Thin / Wide":-0.6799989938736,
    "Chin Shallow / Deep":-0.34569299221039,
    "Nose Down / Up":-0.53999900817871,
    "Nose Bridge Short / Long":0.0,
    "Mouth Tilt Down / Up":0.0,
    "Chin Thin / Wide":0.68000000715256,
    "Face Light / Heavy":0.71999901533127,
    "Mouth Chin Short / Long":-0.18000000715256,
    "Jaw Concave / Convex":0.5799999833107,
    "Brow Ridge Low / High":-0.31999999284744,
    "Chin Recessed / Pronounced":0.0,
    "Cheeks Gaunt / Round":-0.25902599096298,
    "Face Thin / Wide":-0.41445699334145,
    "Eyes Down / Up":-0.41999998688698,
    "Jaw Retracted / Jutting":0.059999998658895,
    "Chin Short / Tall":-0.89999902248383,
    "Jaw Neck Slope Low / High":-0.33999899029732,
    "Nose Bridge Shallow / Deep":0.14000000059605,
    "Mouth Retracted / Protruding":0.0,
    "Cheekbones Thin / Wide":0.28000000119209,
    "Mouth Low / High":-0.69999897480011,
    "Mouth Retracted / Puckered":0.0,
    "Mouth Small / Large":0.0,
    "Forehead Short / Tall":0.15999999642372,
    "Nose Nostrils Small / Large":0.10000000149012,
    "Chin Retracted / Jutting":-0.40000000596046,
    "Forehead Small / Large":0.23999999463558,
    "Cheekbones Low / High":0.0,
    "Eyes Small / Large":-0.75999999046326,
    "Cheeks Concave / Convex":0.0,
    "Brow Ridge Inner Down / Up":-0.059999998658895,
    "Nose Sellion Lower Shallow / Deep":0.0,
    "Face Gaunt / Round":0.14000000059605,
    "Mouth Underbite / Overbite":0.0,
    "Nose Region Concave / Convex":0.21999999880791,
    "Forehead / Sellion / Nose Ratio":9.9999999747524e-07,
    "Mouth Drawn / Pursed":0.41999998688698
  },
  "Author":"Bethesda",
  "SkinColorsMapL":{
    "Lipstick Color":{
      "B":1.0,
      "G":1.0,
      "R":1.0,
      "A":1.0
    },
    "Tip DyeColor":{
      "B":1.0,
      "G":1.0,
      "R":1.0,
      "A":1.0
    },
    "Root DyeColor":{
      "B":1.0,
      "G":1.0,
      "R":1.0,
      "A":1.0
    },
    "Eyeliner Tone":{
      "B":1.0,
      "G":1.0,
      "R":1.0,
      "A":1.0
    },
    "Skin Tone":{
      "B":1.0,
      "G":1.0,
      "R":1.0,
      "A":1.0
    }
  },
  "ModVersion":"1.1.0",
  "EyeMaterial":"/Game/Art/Character/Modular/Eyes_HighElf/MIC_HighElf_Eyes_Black.MIC_HighElf_Eyes_Black",
  "Body":"SkeletalMesh /Game/Art/Character/Imperial/SK_Imperial_Body_m.SK_Imperial_Body_m",
  "Description":"saved from in-game",
  "SenescenceLevel":2,
  "APIVersion":"v2",
  "ModCreator":"animandan",
  "ModName":"RaceMenuUtilities",
  "Hair":"/Game/Dev/Phenotypes/Hair/HP_Imperial_HR_Headband.HP_Imperial_HR_Headband",
  "Name":"BP_ArenaRank6B_C"
}