{
  "ModName":"RaceMenuUtilities",
  "FaceBaseMesh":"/Game/Art/Character/DarkElf/SK_DarkElf_Head_m.SK_DarkElf_Head_m",
  "Author":"Bethesda",
  "Date":"2025-06-04 20:30:46",
  "SkinColorsMapL":{
    "Lipstick Color":{
      "A":1.0,
      "B":1.0,
      "G":1.0,
      "R":1.0
    },
    "Eyeliner Tone":{
      "A":1.0,
      "B":1.0,
      "G":1.0,
      "R":1.0
    },
    "Root DyeColor":{
      "A":1.0,
      "B":0.0,
      "G":0.0,
      "R":0.0
    },
    "Tip DyeColor":{
      "A":1.0,
      "B":0.0,
      "G":0.0,
      "R":0.0
    },
    "Skin Tone":{
      "A":1.0,
      "B":0.73008400201797,
      "G":0.82508701086044,
      "R":0.97344499826431
    }
  },
  "APIVersion":"v2",
  "FaceMorphValuesMap":{
    "Eyes Small / Large":0.21999199688435,
    "Jaw Thin / Wide":0.15487499535084,
    "Brow Ridge Low / High":-0.1536680907011,
    "Chin Retracted / Jutting":0.20886960625648,
    "Face Thin / Wide":0.24364610016346,
    "Hair Length":0.0,
    "Chin Backward / Forward":-0.39090332388878,
    "Vampire":0.0,
    "Mouth Underbite / Overbite":-0.1895288079977,
    "Eyes Inward / Outward":0.24297082424164,
    "Mouth Sad / Happy":0.68000000715256,
    "Jaw Retracted / Jutting":-0.32366266846657,
    "Nose Flat / Pointed":-0.048303484916687,
    "Chin Recessed / Pronounced":0.069962024688721,
    "Cheeks Gaunt / Round":0.21781666576862,
    "Forehead Back / Forward":0.50121998786926,
    "Nose Sellion Down / Up":0.058806635439396,
    "Mouth Deflated / Inflated":0.076938822865486,
    "Mouth Small / Large":0.1521870046854,
    "Nose Tilt Down / Up":0.0,
    "Nose Short / Long":0.0,
    "Mouth Drawn / Pursed":0.090184174478054,
    "Chin Short / Tall":0.21718764305115,
    "Nose Sellion Thin / Wide":0.0,
    "Jaw Neck Slope Low / High":0.071967929601669,
    "Cheekbones Shallow / Pronounced":0.39192605018616,
    "Nose Sellion Shallow / Deep":0.0,
    "Mouth Tilt Down / Up":-0.57365798950195,
    "Brow / Nose / Chin Ratio":-0.071238003671169,
    "Brow Ridge Outer Down / Up":0.058440197259188,
    "Chin Small / Large":0.072620823979378,
    "Mouth Retracted / Puckered":-0.0080910203978419,
    "Chin Thin / Wide":0.43381100893021,
    "Nose Nostrils Tilt Down / Up":0.095981620252132,
    "Face Gaunt / Round":0.0046481848694384,
    "Cheekbones Thin / Wide":-0.44897198677063,
    "Forehead / Sellion / Nose Ratio":0.044702578336,
    "Cheekbones Low / High":-0.015844440087676,
    "Nose Bridge Short / Long":0.091626666486263,
    "Forehead Short / Tall":-0.041648998856544,
    "Nose Bridge Shallow / Deep":0.085753060877323,
    "Mouth Chin Short / Long":0.10507805645466,
    "Face Light / Heavy":0.21887171268463,
    "Nose Region Concave / Convex":0.12816849350929,
    "Mouth Retracted / Protruding":-0.35731399059296,
    "Cheeks Concave / Convex":0.23691299557686,
    "Nose Nostrils Small / Large":0.11794924736023,
    "Jaw Concave / Convex":0.32041501998901,
    "Nose Down / Up":-0.01689612865448,
    "Mouth Low / High":-0.45484501123428,
    "Eyes Down / Up":-0.31149539351463,
    "Chin Shallow / Deep":0.10018571466208,
    "Eyes Apart / Together":0.10158800333738,
    "Brow Ridge Inner Down / Up":0.25771424174309,
    "Nose Sellion Lower Shallow / Deep":0.0,
    "Nose Nostrils Thin / Wide":0.045900251716375,
    "Forehead Small / Large":0.62226402759552
  },
  "EyeMaterial":"/Game/Art/Character/Modular/MIC_ME_DarkElf.MIC_ME_DarkElf",
  "HairColorsL":{
    "0":{
      "A":1.0,
      "B":0.0060488330200315,
      "G":0.01032982300967,
      "R":0.021219009533525
    }
  },
  "SkinParametersMap":{
    "Complexion":0.0,
    "Freckles":-0.63999897241592,
    "Ombre Amount":0.0,
    "Eylids Light/Dark":0.0,
    "Skin Tint Purple/Yellow":0.41999998688698,
    "Cheek Blush Light/Red":0.23999999463558,
    "Ombre Constrast":0.0,
    "Tip Color":0.10000000149012,
    "Eye socket Bruised/Bright":0.18000000715256,
    "Skin Tint Orange/Blue":-0.34000000357628,
    "Eyebrows Color Intensity":0.0,
    "Tip Redness":0.5,
    "Root Redness":0.5,
    "Root Color":0.10000000149012,
    "Skin Dark/Light":-0.56000000238419,
    "Salt And Pepper":0.80000001192093,
    "Eyebrows Redness Intensity":0.0,
    "Eyeliner Light/Dark":0.0,
    "Eyelids Pale/Red":-0.16000099480152,
    "Cheekbones Flushed/Pale":-0.03999999910593,
    "Eye Socket Dark/Light":0.47999998927116,
    "Lipstick Amount":0.019999999552965
  },
  "SenescenceLevel":4,
  "Sex":0,
  "Description":"saved from in-game",
  "ModCreator":"animandan",
  "ModVersion":"1.1.0",
  "Hair":"/Game/Dev/Phenotypes/Hair/HP_HighElf_HR_Classic.HP_HighElf_HR_Classic",
  "Name":"BP_AvrusAdas_C",
  "Race":"TESRace /Game/Forms/actors/race/DarkElf.DarkElf",
  "Body":"SkeletalMesh /Game/Art/Character/Imperial/SK_Imperial_Body_m.SK_Imperial_Body_m"
}