{
  "ModName":"RaceMenuUtilities",
  "FaceBaseMesh":"/Game/Art/Character/Khajiit/SK_Khajiit_Head_f.SK_Khajiit_Head_f",
  "Author":"Bethesda",
  "Date":"2025-06-04 20:30:46",
  "SkinColorsMapL":{
    "Color 1":{
      "A":1.0,
      "B":0.1384319961071,
      "G":0.34670400619507,
      "R":0.72305500507355
    },
    "Eyeliner Tone":{
      "A":1.0,
      "B":1.0,
      "G":1.0,
      "R":1.0
    },
    "Color 3":{
      "A":1.0,
      "B":1.0,
      "G":1.0,
      "R":1.0
    },
    "Color 2":{
      "A":1.0,
      "B":0.078186996281147,
      "G":0.078186996281147,
      "R":0.1384319961071
    }
  },
  "APIVersion":"v2",
  "FaceMorphValuesMap":{
    "Eyes Small / Large":-0.93999999761581,
    "Jaw Thin / Wide":0.75999999046326,
    "Brow Ridge Low / High":-0.43999999761581,
    "Chin Retracted / Jutting":0.40000000596046,
    "Face Thin / Wide":-0.80000001192093,
    "Hair Length":0.0,
    "Chin Backward / Forward":0.21999999880791,
    "Vampire":0.0,
    "Mouth Underbite / Overbite":0.95999997854233,
    "Eyes Inward / Outward":0.60000002384186,
    "Mouth Sad / Happy":-0.87999999523163,
    "Jaw Retracted / Jutting":0.80000001192093,
    "Nose Flat / Pointed":0.81999999284744,
    "Chin Recessed / Pronounced":-0.61999899148941,
    "Cheeks Gaunt / Round":0.86000001430511,
    "Forehead Back / Forward":0.5,
    "Nose Sellion Down / Up":0.87999999523163,
    "Mouth Deflated / Inflated":0.9200000166893,
    "Mouth Small / Large":0.28000000119209,
    "Nose Tilt Down / Up":-0.77999997138977,
    "Nose Short / Long":0.28000101447105,
    "Mouth Drawn / Pursed":-0.5799999833107,
    "Chin Short / Tall":-0.77999997138977,
    "Nose Sellion Thin / Wide":-0.11999899893999,
    "Jaw Neck Slope Low / High":0.80000001192093,
    "Cheekbones Shallow / Pronounced":-0.72000002861023,
    "Nose Sellion Shallow / Deep":0.03999999910593,
    "Mouth Tilt Down / Up":0.81999999284744,
    "Brow / Nose / Chin Ratio":-0.3999989926815,
    "Brow Ridge Outer Down / Up":-0.46000000834465,
    "Chin Small / Large":0.38000100851059,
    "Mouth Retracted / Puckered":0.019999999552965,
    "Chin Thin / Wide":0.36000001430511,
    "Nose Nostrils Tilt Down / Up":0.20000000298023,
    "Face Gaunt / Round":-0.69999998807907,
    "Cheekbones Thin / Wide":-0.34000098705292,
    "Forehead / Sellion / Nose Ratio":0.80000001192093,
    "Cheekbones Low / High":0.63999998569489,
    "Nose Bridge Short / Long":0.87999999523163,
    "Forehead Short / Tall":0.62000000476837,
    "Nose Bridge Shallow / Deep":0.9200000166893,
    "Mouth Chin Short / Long":0.37999999523163,
    "Face Light / Heavy":-0.5199990272522,
    "Nose Region Concave / Convex":-0.49999898672104,
    "Mouth Retracted / Protruding":0.03999999910593,
    "Cheeks Concave / Convex":-0.79999899864197,
    "Nose Nostrils Small / Large":-0.56000000238419,
    "Jaw Concave / Convex":0.23999999463558,
    "Nose Down / Up":0.19999900460243,
    "Mouth Low / High":-0.56000000238419,
    "Eyes Down / Up":-0.03999900072813,
    "Chin Shallow / Deep":0.85999900102615,
    "Eyes Apart / Together":0.89999997615814,
    "Brow Ridge Inner Down / Up":0.15999899804592,
    "Nose Sellion Lower Shallow / Deep":-0.5,
    "Nose Nostrils Thin / Wide":0.83999997377396,
    "Forehead Small / Large":0.9200000166893
  },
  "ModVersion":"1.1.0",
  "SkinParametersMap":{
    "Khajiit Pattern Number":1.0,
    "Eye socket Bruised/Bright":1.0,
    "Complexion":0.0,
    "Lipstick Amount":0.0,
    "Eylids Light/Dark":-0.80000001192093,
    "Eye Socket Dark/Light":1.0,
    "Eyeliner Light/Dark":0.98000001907349,
    "Eyelids Pale/Red":0.5999990105629,
    "Hair Desaturation for Khajiit":0.0
  },
  "SenescenceLevel":2,
  "Sex":1,
  "Description":"saved from in-game",
  "ModCreator":"animandan",
  "Hair":"/Game/Dev/Phenotypes/Hair/HP_Khajiit_HR_Wisps.HP_Khajiit_HR_Wisps",
  "Name":"BP_Atahba_C",
  "HairColorsL":{
    "0":{
      "A":1.0,
      "B":0.22605599462986,
      "G":0.34206798672676,
      "R":0.52083301544189
    }
  },
  "Race":"TESRace /Game/Forms/actors/race/Khajiit.Khajiit",
  "Body":"SkeletalMesh /Game/Art/Character/Imperial/SK_Imperial_Body_m.SK_Imperial_Body_m"
}