{
  "APIVersion":"v2",
  "SkinParametersMap":{
    "Lipstick Amount":0.0,
    "Freckles":0.67041200399399,
    "Eye socket Bruised/Bright":-0.59925097227097,
    "Tip Color":0.11985000222921,
    "Root Redness":0.0,
    "Eyebrows Redness Intensity":0.0,
    "Ombre Constrast":0.0,
    "Eyelids Pale/Red":0.25468200445175,
    "Root Color":0.14981299638748,
    "Cheek Blush Light/Red":0.0,
    "Eyebrows Color Intensity":0.71910101175308,
    "Ombre Amount":0.0,
    "Tip Redness":0.0,
    "Cheekbones Flushed/Pale":0.0,
    "Complexion":0.50936299562454,
    "Salt And Pepper":0.0
  },
  "Author":"Bethesda",
  "Race":"TESRace /Game/Forms/actors/race/Nord.Nord",
  "HairColorsL":{
    "0":{
      "R":0.70110189914703,
      "G":0.18447498977184,
      "B":0.03310476616025,
      "A":1.0
    }
  },
  "Body":"SkeletalMesh /Game/Art/Character/Imperial/SK_Imperial_Body_m.SK_Imperial_Body_m",
  "Date":"2025-06-04 19:28:02",
  "SkinColorsMapL":{
    "Root DyeColor":{
      "R":1.0,
      "G":1.0,
      "B":1.0,
      "A":1.0
    },
    "Lipstick Color":{
      "R":0.093058958649635,
      "G":0.0009105809731409,
      "B":0.0097212167456746,
      "A":1.0
    },
    "Tip DyeColor":{
      "R":1.0,
      "G":1.0,
      "B":1.0,
      "A":1.0
    },
    "Skin Tone":{
      "R":1.0,
      "G":1.0,
      "B":1.0,
      "A":1.0
    },
    "Eyeliner Tone":{
      "R":1.0,
      "G":1.0,
      "B":1.0,
      "A":1.0
    }
  },
  "ModCreator":"animandan",
  "Sex":1,
  "ModName":"RaceMenuUtilities",
  "EyeMaterial":"/Game/Art/Character/Modular/Eyes_Human/MIC_Human_Eyes_Blue1.MIC_Human_Eyes_Blue1",
  "ModVersion":"1.1.0",
  "FaceBaseMesh":"/Game/Art/Character/Nord/SK_Nord_Head_f.SK_Nord_Head_f",
  "Hair":"/Game/Dev/Phenotypes/Hair/HP_Elf_HR_Braid.HP_Elf_HR_Braid",
  "Description":"saved from in-game",
  "SenescenceLevel":3,
  "FaceMorphValuesMap":{
    "Face Gaunt / Round":-0.26477777957916,
    "Nose Short / Long":0.0,
    "Nose Tilt Down / Up":0.0,
    "Mouth Sad / Happy":-0.16858300566673,
    "Mouth Retracted / Protruding":-0.043222073465586,
    "Chin Short / Tall":-0.51283001899719,
    "Cheekbones Low / High":0.15999899804592,
    "Nose Nostrils Tilt Down / Up":-0.29573342204094,
    "Mouth Deflated / Inflated":0.37450268864632,
    "Hair Length":0.0,
    "Nose Sellion Shallow / Deep":0.0,
    "Chin Shallow / Deep":0.11209344863892,
    "Jaw Concave / Convex":-0.29875299334526,
    "Brow Ridge Low / High":-0.35859400033951,
    "Chin Recessed / Pronounced":0.25883278250694,
    "Mouth Tilt Down / Up":0.00355064868927,
    "Nose Sellion Thin / Wide":0.56000000238419,
    "Cheeks Gaunt / Round":0.13812799751759,
    "Nose Sellion Lower Shallow / Deep":-0.11999999731779,
    "Nose Sellion Down / Up":-0.30926457047462,
    "Cheeks Concave / Convex":0.044123999774456,
    "Nose Region Concave / Convex":0.17653496563435,
    "Eyes Inward / Outward":-0.18291300535202,
    "Nose Nostrils Thin / Wide":0.74616301059723,
    "Brow Ridge Inner Down / Up":-0.4636589884758,
    "Eyes Apart / Together":0.31773701310158,
    "Mouth Underbite / Overbite":0.26801571249962,
    "Chin Retracted / Jutting":0.14253030717373,
    "Brow / Nose / Chin Ratio":0.42993068695068,
    "Nose Bridge Short / Long":0.49406599998474,
    "Mouth Low / High":-0.035225998610258,
    "Forehead Small / Large":0.0016439378960058,
    "Nose Bridge Shallow / Deep":0.35370293259621,
    "Eyes Small / Large":-0.53062099218369,
    "Forehead / Sellion / Nose Ratio":0.56125301122665,
    "Mouth Chin Short / Long":-0.0003545880317688,
    "Forehead Short / Tall":-0.011621189303696,
    "Eyes Down / Up":-0.13965086638927,
    "Vampire":0.0,
    "Mouth Retracted / Puckered":0.17326089739799,
    "Jaw Retracted / Jutting":-0.13300809264183,
    "Mouth Drawn / Pursed":0.16034868359566,
    "Cheekbones Thin / Wide":-0.117825999856,
    "Nose Down / Up":0.17658732831478,
    "Jaw Neck Slope Low / High":-0.023358916863799,
    "Chin Thin / Wide":0.0092858914285898,
    "Cheekbones Shallow / Pronounced":0.38122799992561,
    "Nose Nostrils Small / Large":-0.026841718703508,
    "Nose Flat / Pointed":-0.065168000757694,
    "Face Thin / Wide":-0.79268199205399,
    "Chin Backward / Forward":0.12101572006941,
    "Face Light / Heavy":0.10371024906635,
    "Mouth Small / Large":-0.51024198532104,
    "Forehead Back / Forward":-0.12373500317335,
    "Jaw Thin / Wide":0.15945599973202,
    "Brow Ridge Outer Down / Up":0.47106900811195,
    "Chin Small / Large":0.12748900055885
  },
  "Name":"BP_ArenaICYellowTeamChampion_C"
}