{
  "APIVersion":"v2",
  "SkinParametersMap":{
    "Lipstick Amount":0.0,
    "Freckles":0.0,
    "Eye socket Bruised/Bright":0.0,
    "Tip Color":0.0,
    "Root Redness":0.0,
    "Eyebrows Redness Intensity":0.0,
    "Ombre Constrast":0.0,
    "Eyelids Pale/Red":0.0,
    "Root Color":0.0,
    "Cheek Blush Light/Red":0.0,
    "Eyebrows Color Intensity":0.74906402826309,
    "Ombre Amount":0.0,
    "Tip Redness":0.0,
    "Cheekbones Flushed/Pale":0.0,
    "Complexion":0.0,
    "Salt And Pepper":0.0
  },
  "Author":"Bethesda",
  "Race":"TESRace /Game/Forms/actors/race/Nord.Nord",
  "HairColorsL":{
    "0":{
      "R":0.057291999459267,
      "G":0.027852000668645,
      "B":0.016876999288797,
      "A":1.0
    }
  },
  "Body":"SkeletalMesh /Game/Art/Character/Imperial/SK_Imperial_Body_m.SK_Imperial_Body_m",
  "Date":"2025-06-04 19:28:10",
  "SkinColorsMapL":{
    "Root DyeColor":{
      "R":0.765625,
      "G":0.40017798542976,
      "B":0.09570299834013,
      "A":1.0
    },
    "Lipstick Color":{
      "R":0.093058958649635,
      "G":0.0009105809731409,
      "B":0.0097212167456746,
      "A":1.0
    },
    "Tip DyeColor":{
      "R":1.0,
      "G":0.50847601890564,
      "B":0.098958000540733,
      "A":1.0
    },
    "Skin Tone":{
      "R":1.0,
      "G":1.0,
      "B":1.0,
      "A":1.0
    },
    "Eyeliner Tone":{
      "R":1.0,
      "G":1.0,
      "B":1.0,
      "A":1.0
    }
  },
  "Sex":0,
  "ModCreator":"animandan",
  "ModVersion":"1.1.0",
  "ModName":"RaceMenuUtilities",
  "FaceBaseMesh":"/Game/Art/Character/Nord/SK_Nord_Head_m.SK_Nord_Head_m",
  "Hair":"/Game/Dev/Phenotypes/Hair/HP_Elf_HR_Braid.HP_Elf_HR_Braid",
  "Description":"saved from in-game",
  "SenescenceLevel":0,
  "FaceMorphValuesMap":{
    "Face Gaunt / Round":-0.35361498594284,
    "Nose Short / Long":0.0,
    "Nose Tilt Down / Up":0.0,
    "Mouth Sad / Happy":-0.12316288799047,
    "Mouth Retracted / Protruding":-0.0067932666279376,
    "Chin Short / Tall":-0.082583151757717,
    "Cheekbones Low / High":-0.44469791650772,
    "Nose Nostrils Tilt Down / Up":0.0072722914628685,
    "Mouth Deflated / Inflated":0.081651642918587,
    "Hair Length":0.0,
    "Nose Sellion Shallow / Deep":0.0,
    "Chin Shallow / Deep":-0.14383617043495,
    "Jaw Concave / Convex":0.094446182250977,
    "Brow Ridge Low / High":0.0048023462295532,
    "Chin Recessed / Pronounced":-0.039887476712465,
    "Mouth Tilt Down / Up":-5.4478645324707e-05,
    "Nose Sellion Thin / Wide":0.0,
    "Cheeks Gaunt / Round":0.30365267395973,
    "Nose Sellion Lower Shallow / Deep":0.0,
    "Nose Sellion Down / Up":0.37897652387619,
    "Cheeks Concave / Convex":-0.057815816253424,
    "Nose Region Concave / Convex":0.041160851716995,
    "Eyes Inward / Outward":-0.04522505402565,
    "Nose Nostrils Thin / Wide":0.019175028428435,
    "Brow Ridge Inner Down / Up":0.47010025382042,
    "Eyes Apart / Together":0.057462122291327,
    "Mouth Underbite / Overbite":-0.10922246426344,
    "Chin Retracted / Jutting":-0.23365293443203,
    "Brow / Nose / Chin Ratio":0.18422630429268,
    "Nose Bridge Short / Long":-0.17161749303341,
    "Mouth Low / High":-0.060344826430082,
    "Forehead Small / Large":-0.2828902900219,
    "Nose Bridge Shallow / Deep":0.04615355655551,
    "Eyes Small / Large":0.064392045140266,
    "Forehead / Sellion / Nose Ratio":-0.14537146687508,
    "Mouth Chin Short / Long":-0.15891207754612,
    "Forehead Short / Tall":-0.017605949193239,
    "Eyes Down / Up":-0.012920391745865,
    "Vampire":0.0,
    "Mouth Retracted / Puckered":-0.085376761853695,
    "Jaw Retracted / Jutting":0.12949600815773,
    "Mouth Drawn / Pursed":0.045135833323002,
    "Cheekbones Thin / Wide":-0.21077154576778,
    "Nose Down / Up":-0.1921184360981,
    "Jaw Neck Slope Low / High":-0.31063351035118,
    "Chin Thin / Wide":-0.092993795871735,
    "Cheekbones Shallow / Pronounced":-0.19782647490501,
    "Nose Nostrils Small / Large":-0.092636413872242,
    "Nose Flat / Pointed":-0.25320979952812,
    "Face Thin / Wide":0.10284184664488,
    "Chin Backward / Forward":-0.28193426132202,
    "Face Light / Heavy":0.11853528022766,
    "Mouth Small / Large":0.091695733368397,
    "Forehead Back / Forward":-0.59872740507126,
    "Jaw Thin / Wide":0.16684165596962,
    "Brow Ridge Outer Down / Up":0.088509254157543,
    "Chin Small / Large":0.07511817663908
  },
  "Name":"BP_AgnartheUnwavering_C"
}