{
  "Sex":1,
  "HairColorsL":{
    "0":{
      "A":1.0,
      "R":0.0051819998770952,
      "G":0.0018210000125691,
      "B":0.0018210000125691
    }
  },
  "Author":"Bethesda",
  "Date":"2025-06-04 19:33:50",
  "Description":"saved from in-game",
  "Name":"BP_AstiaInventius_C",
  "ModCreator":"animandan",
  "ModName":"RaceMenuUtilities",
  "FaceBaseMesh":"/Game/Art/Character/Imperial/SK_Imperial_Head_F.SK_Imperial_Head_F",
  "Body":"SkeletalMesh /Game/Art/Character/Imperial/SK_Imperial_Body_m.SK_Imperial_Body_m",
  "Race":"TESRace /Game/Forms/actors/race/Imperial.Imperial",
  "FaceMorphValuesMap":{
    "Nose Nostrils Thin / Wide":0.69999998807907,
    "Forehead / Sellion / Nose Ratio":-0.077512837946415,
    "Cheekbones Thin / Wide":0.060586120933294,
    "Forehead Small / Large":-0.41557800769806,
    "Chin Recessed / Pronounced":0.34572985768318,
    "Brow / Nose / Chin Ratio":-0.39802101254463,
    "Jaw Thin / Wide":-0.71183902025223,
    "Cheeks Gaunt / Round":0.16524484753609,
    "Chin Backward / Forward":-0.16456247866154,
    "Chin Thin / Wide":0.17423504590988,
    "Forehead Short / Tall":-0.11951816082001,
    "Face Thin / Wide":-0.4604699909687,
    "Brow Ridge Inner Down / Up":0.19256900250912,
    "Mouth Underbite / Overbite":0.21519699692726,
    "Mouth Low / High":-0.089883998036385,
    "Vampire":0.0,
    "Face Gaunt / Round":-0.022633327171206,
    "Eyes Small / Large":0.14071899652481,
    "Mouth Drawn / Pursed":0.21865136921406,
    "Chin Retracted / Jutting":0.094464756548405,
    "Nose Tilt Down / Up":0.079999998211861,
    "Mouth Small / Large":1.0,
    "Nose Short / Long":0.47999998927116,
    "Nose Bridge Shallow / Deep":0.40000000596046,
    "Nose Sellion Thin / Wide":0.62000000476837,
    "Mouth Retracted / Protruding":0.065500289201736,
    "Nose Sellion Shallow / Deep":0.0,
    "Jaw Retracted / Jutting":-0.13713510334492,
    "Nose Sellion Down / Up":0.29390808939934,
    "Eyes Inward / Outward":0.15999999642372,
    "Nose Region Concave / Convex":0.1401392519474,
    "Brow Ridge Outer Down / Up":-0.18247500061989,
    "Nose Nostrils Small / Large":0.21999999880791,
    "Eyes Apart / Together":0.58973300457001,
    "Nose Nostrils Tilt Down / Up":0.13554300367832,
    "Nose Flat / Pointed":0.20498499274254,
    "Mouth Tilt Down / Up":-0.65037202835083,
    "Jaw Concave / Convex":0.46627500653267,
    "Mouth Sad / Happy":0.16499729454517,
    "Cheekbones Shallow / Pronounced":0.35999900102615,
    "Face Light / Heavy":0.0490912348032,
    "Nose Down / Up":-0.37071099877357,
    "Chin Short / Tall":0.1815510392189,
    "Eyes Down / Up":0.0,
    "Cheeks Concave / Convex":0.0,
    "Nose Bridge Short / Long":0.0,
    "Mouth Chin Short / Long":0.044404000043869,
    "Nose Sellion Lower Shallow / Deep":0.0,
    "Mouth Retracted / Puckered":-0.20911975204945,
    "Hair Length":-1.0,
    "Mouth Deflated / Inflated":-0.23797899484634,
    "Chin Shallow / Deep":0.37828198075294,
    "Jaw Neck Slope Low / High":-0.34852120280266,
    "Brow Ridge Low / High":0.0,
    "Cheekbones Low / High":0.20112538337708,
    "Forehead Back / Forward":0.33835360407829,
    "Chin Small / Large":-0.31455427408218
  },
  "Hair":"/Game/Dev/Phenotypes/Hair/HP_HR_Loose.HP_HR_Loose",
  "SkinParametersMap":{
    "Complexion":0.0,
    "Ombre Constrast":0.0,
    "Age":0.0,
    "Eye Sockets Dark/Light":0.0,
    "Root Redness":1.0,
    "Naso Small/Large":0.0,
    "Eyebrows Redness Intensity":0.0,
    "Root Color":1.0,
    "Lipstick Dark Blue/Light Red":0.0,
    "Lipstick Dark Red/Light Blue":0.0,
    "Freckles":0.0,
    "Eye socket Bruised/Bright":0.0,
    "Cheek Blush Light/Red":0.0,
    "Eyebrows Color Intensity":0.5,
    "Cheekbones Flushed/Pale":0.0,
    "Lipstick Amount":0.029999999329448,
    "Eye Sockets Bruised/Bright":0.0,
    "Ombre Amount":0.0,
    "Lips Flushed/Pale":0.0,
    "Tip Redness":1.0,
    "Naso Labial Lines Light/Dark":0.0,
    "Eyelids Pale/Red":0.0,
    "Tip Color":0.47940099239349,
    "Eyeshadow Light/Dark":0.0,
    "Eyeliner Light/Dark":0.0,
    "Salt And Pepper":0.044943999499083,
    "Eyelids Light/Dark":0.0
  },
  "APIVersion":"v2",
  "SenescenceLevel":7,
  "ModVersion":"1.1.0",
  "SkinColorsMapL":{
    "Root DyeColor":{
      "A":1.0,
      "R":1.0,
      "G":1.0,
      "B":1.0
    },
    "Eyeliner Tone":{
      "A":1.0,
      "R":0.91666698455811,
      "G":0.91666698455811,
      "B":0.91666698455811
    },
    "Tip DyeColor":{
      "A":1.0,
      "R":1.0,
      "G":1.0,
      "B":1.0
    },
    "Skin Tone":{
      "A":1.0,
      "R":0.76595097780228,
      "G":0.8125,
      "B":0.77315700054169
    },
    "Lipstick Color":{
      "A":1.0,
      "R":0.0625,
      "G":0.00061200000345707,
      "B":0.0065290001221001
    }
  }
}