{
  "Race":"TESRace /Game/Forms/actors/race/Argonian.Argonian",
  "FaceBaseMesh":"/Game/Art/Character/Argonian/SK_Argonian_Head_m.SK_Argonian_Head_m",
  "Date":"2025-06-04 18:49:05",
  "HairColorsL":[],
  "SkinParametersMap":{
    "Eyeliner Light/Dark":0.0,
    "Eyelids Pale/Red":0.34000000357628,
    "Complexion":0.0,
    "Eye Socket Dark/Light":0.0,
    "Eye socket Bruised/Bright":0.56000000238419,
    "Eylids Light/Dark":0.0
  },
  "Sex":0,
  "FaceMorphValuesMap":{
    "Hair Length":0.0,
    "Vampire":0.0,
    "Nose Sellion Down / Up":-0.037057399749756,
    "Forehead Back / Forward":0.19497194886208,
    "Mouth Deflated / Inflated":-0.0057620047591627,
    "Chin Backward / Forward":0.03620021417737,
    "Eyes Apart / Together":-0.07898011058569,
    "Nose Tilt Down / Up":0.0,
    "Mouth Sad / Happy":-0.07436104118824,
    "Brow Ridge Outer Down / Up":-0.0036680221091956,
    "Nose Sellion Thin / Wide":0.0,
    "Nose Short / Long":0.0,
    "Nose Sellion Shallow / Deep":0.0,
    "Brow / Nose / Chin Ratio":-0.053958129137754,
    "Chin Small / Large":-0.30385667085648,
    "Nose Flat / Pointed":0.00077581405639648,
    "Jaw Thin / Wide":-0.045522499829531,
    "Nose Nostrils Tilt Down / Up":-0.21416740119457,
    "Eyes Inward / Outward":0.25430384278297,
    "Cheekbones Shallow / Pronounced":-0.46712255477905,
    "Nose Nostrils Thin / Wide":-0.025668144226074,
    "Chin Shallow / Deep":-0.098234593868256,
    "Nose Down / Up":0.12588396668434,
    "Nose Bridge Short / Long":-0.059790231287479,
    "Mouth Tilt Down / Up":-0.053751852363348,
    "Chin Thin / Wide":-0.052404977381229,
    "Face Light / Heavy":0.10427191108465,
    "Mouth Chin Short / Long":-0.003340768860653,
    "Jaw Concave / Convex":-0.12863121926785,
    "Brow Ridge Low / High":0.21322599053383,
    "Chin Recessed / Pronounced":0.02143232896924,
    "Cheeks Gaunt / Round":-0.075144648551941,
    "Face Thin / Wide":-0.12865340709686,
    "Eyes Down / Up":0.18501920998096,
    "Jaw Retracted / Jutting":-0.034945964813232,
    "Chin Short / Tall":-0.23901942372322,
    "Jaw Neck Slope Low / High":-0.12123212963343,
    "Nose Bridge Shallow / Deep":0.084780693054199,
    "Mouth Retracted / Protruding":-0.10943923145533,
    "Cheekbones Thin / Wide":-0.20308983325958,
    "Mouth Low / High":-0.30051958560944,
    "Mouth Retracted / Puckered":-0.075379371643066,
    "Mouth Small / Large":0.071205139160156,
    "Forehead Short / Tall":0.083996869623661,
    "Nose Nostrils Small / Large":-0.025847865268588,
    "Chin Retracted / Jutting":-0.42657452821732,
    "Forehead Small / Large":0.063459016382694,
    "Cheekbones Low / High":-0.15963123738766,
    "Eyes Small / Large":0.013324118219316,
    "Cheeks Concave / Convex":0.23413042724133,
    "Brow Ridge Inner Down / Up":0.035022962838411,
    "Nose Sellion Lower Shallow / Deep":0.0,
    "Face Gaunt / Round":-0.17555272579193,
    "Mouth Underbite / Overbite":-0.078963853418827,
    "Nose Region Concave / Convex":0.1040500625968,
    "Forehead / Sellion / Nose Ratio":-0.14016512036324,
    "Mouth Drawn / Pursed":-0.031377818435431
  },
  "Author":"Bethesda",
  "SkinColorsMapL":{
    "Color 1":{
      "B":0.09758734703064,
      "G":0.1499597877264,
      "R":0.44520118832588,
      "A":1.0
    },
    "Color 2":{
      "B":0.0,
      "G":0.14126329123974,
      "R":1.0,
      "A":1.0
    },
    "Color 3":{
      "B":0.33245152235031,
      "G":1.0,
      "R":0.26225066184998,
      "A":1.0
    }
  },
  "ModVersion":"1.1.0",
  "Body":"SkeletalMesh /Game/Art/Character/Imperial/SK_Imperial_Body_m.SK_Imperial_Body_m",
  "Description":"saved from in-game",
  "SenescenceLevel":2,
  "APIVersion":"v2",
  "ModCreator":"animandan",
  "ModName":"RaceMenuUtilities",
  "Hair":"/Game/Dev/Phenotypes/Hair/HP_Argonian_HR_Spikes.HP_Argonian_HR_Spikes",
  "Name":"BP_ArenaRank5C_C"
}