{
  "APIVersion":"v2",
  "SkinParametersMap":{
    "Tip Color":0.10000000149012,
    "Ombre Constrast":0.45999899506569,
    "Complexion":0.37453201413155,
    "Ombre Amount":0.0,
    "Khajiit Pattern Number":0.0,
    "Lipstick Amount":0.0,
    "Salt And Pepper":0.0,
    "Skin Dark/Light":0.10000000149012,
    "Root Redness":0.5,
    "Eye socket Bruised/Bright":0.75999999046326,
    "Freckles":0.83999997377396,
    "Eyeliner Light/Dark":0.68000000715256,
    "Eyebrows Redness Intensity":0.0,
    "Eye Socket Dark/Light":-0.21999900043011,
    "Eyebrows Color Intensity":0.5,
    "Root Color":0.63999998569489,
    "Cheek Blush Light/Red":0.54000002145767,
    "Eylids Light/Dark":-0.31999999284744,
    "Skin Tint Orange/Blue":0.10000000149012,
    "Tip Redness":0.5,
    "Cheekbones Flushed/Pale":0.60000002384186,
    "Eyelids Pale/Red":-0.20000000298023,
    "Skin Tint Purple/Yellow":0.15999999642372
  },
  "Author":"Bethesda",
  "Race":"TESRace /Game/Forms/actors/race/Orc.Orc",
  "HairColorsL":{
    "1":{
      "R":0.16145800054073,
      "G":0.10424599796534,
      "B":0.061027999967337,
      "A":1.0
    },
    "2":{
      "R":0.16145800054073,
      "G":0.10424599796534,
      "B":0.061027999967337,
      "A":1.0
    },
    "0":{
      "R":0.12477181851864,
      "G":0.09758734703064,
      "B":0.086500458419323,
      "A":1.0
    }
  },
  "Body":"SkeletalMesh /Game/Art/Character/Imperial/SK_Imperial_Body_m.SK_Imperial_Body_m",
  "Date":"2025-06-04 19:27:57",
  "ModCreator":"animandan",
  "SkinColorsMapL":{
    "Root DyeColor":{
      "R":1.0,
      "G":1.0,
      "B":1.0,
      "A":1.0
    },
    "Eyeliner Tone":{
      "R":1.0,
      "G":1.0,
      "B":1.0,
      "A":1.0
    },
    "Lipstick Color":{
      "R":1.0,
      "G":1.0,
      "B":1.0,
      "A":1.0
    },
    "Skin Tone":{
      "R":1.0,
      "G":1.0,
      "B":1.0,
      "A":1.0
    },
    "Tip DyeColor":{
      "R":1.0,
      "G":1.0,
      "B":1.0,
      "A":1.0
    }
  },
  "Beard":"/Game/Dev/Phenotypes/Beard/HP_New_Curly.HP_New_Curly",
  "Sex":0,
  "ModName":"RaceMenuUtilities",
  "ModVersion":"1.1.0",
  "Description":"saved from in-game",
  "FaceBaseMesh":"/Game/Art/Character/Orc/SK_Orc_Head_m.SK_Orc_Head_m",
  "FaceMorphValuesMap":{
    "Face Gaunt / Round":-0.11429410427809,
    "Nose Short / Long":-0.20000000298023,
    "Nose Tilt Down / Up":0.25999999046326,
    "Mouth Sad / Happy":0.013197000138462,
    "Mouth Retracted / Protruding":0.20917728543282,
    "Chin Short / Tall":-0.8587229847908,
    "Cheekbones Low / High":-0.0072809453122318,
    "Nose Nostrils Tilt Down / Up":0.21999999880791,
    "Mouth Deflated / Inflated":-0.55127900838852,
    "Hair Length":0.0,
    "Nose Sellion Shallow / Deep":-0.27999898791313,
    "Chin Shallow / Deep":0.20765000581741,
    "Jaw Concave / Convex":-0.30168399214745,
    "Brow Ridge Low / High":-0.28581601381302,
    "Chin Recessed / Pronounced":0.25246500968933,
    "Mouth Tilt Down / Up":-0.28605499863625,
    "Nose Sellion Thin / Wide":0.21999999880791,
    "Cheeks Gaunt / Round":0.5185250043869,
    "Nose Sellion Lower Shallow / Deep":0.56000101566315,
    "Nose Sellion Down / Up":0.18809700012207,
    "Cheeks Concave / Convex":-0.45939901471138,
    "Nose Region Concave / Convex":-0.54606401920319,
    "Eyes Inward / Outward":0.60130268335342,
    "Nose Nostrils Thin / Wide":0.67422097921371,
    "Brow Ridge Inner Down / Up":-0.45181301236153,
    "Eyes Apart / Together":-0.62000000476837,
    "Mouth Underbite / Overbite":0.028085697442293,
    "Chin Retracted / Jutting":0.27050614356995,
    "Brow / Nose / Chin Ratio":-0.58667498826981,
    "Nose Bridge Short / Long":0.14387500286102,
    "Mouth Low / High":-0.33149099349976,
    "Forehead Small / Large":-0.65528100728989,
    "Nose Bridge Shallow / Deep":0.91665500402451,
    "Eyes Small / Large":-0.0045440001413226,
    "Forehead / Sellion / Nose Ratio":0.025382999330759,
    "Mouth Chin Short / Long":-0.024663491174579,
    "Forehead Short / Tall":-0.67792797088623,
    "Eyes Down / Up":-0.26355400681496,
    "Vampire":0.0,
    "Mouth Retracted / Puckered":-0.063467271625996,
    "Jaw Retracted / Jutting":-0.21076110005379,
    "Mouth Drawn / Pursed":-0.27011600136757,
    "Cheekbones Thin / Wide":-0.062700606882572,
    "Nose Down / Up":0.20000000298023,
    "Jaw Neck Slope Low / High":-0.37672203779221,
    "Chin Thin / Wide":-0.10575699806213,
    "Cheekbones Shallow / Pronounced":0.42331704497337,
    "Nose Nostrils Small / Large":0.37999999523163,
    "Nose Flat / Pointed":-0.15999899804592,
    "Face Thin / Wide":-0.77462697029114,
    "Chin Backward / Forward":-0.065932281315327,
    "Face Light / Heavy":-0.150112003088,
    "Mouth Small / Large":0.19258233904839,
    "Forehead Back / Forward":0.36507099866867,
    "Jaw Thin / Wide":0.28225401043892,
    "Brow Ridge Outer Down / Up":-0.39581000804901,
    "Chin Small / Large":-0.0033058642875403
  },
  "Hair":"/Game/Dev/Phenotypes/Hair/HP_Orc_HR_TwoBraids.HP_Orc_HR_TwoBraids",
  "Mustache":"/Game/Dev/Phenotypes/Mustache/HP_Orc_MS_Scruffy.HP_Orc_MS_Scruffy",
  "SenescenceLevel":5,
  "Name":"BP_AdventurerOrcBattlemage01_C"
}