{
  "ModName":"RaceMenuUtilities",
  "FaceBaseMesh":"/Game/Art/Character/Imperial/SK_Imperial_Head_m.SK_Imperial_Head_m",
  "Author":"Bethesda",
  "Date":"2025-06-04 20:30:45",
  "SkinColorsMapL":{
    "Lipstick Color":{
      "A":1.0,
      "B":0.0097212167456746,
      "G":0.0009105809731409,
      "R":0.093058958649635
    },
    "Eyeliner Tone":{
      "A":1.0,
      "B":1.0,
      "G":1.0,
      "R":1.0
    },
    "Root DyeColor":{
      "A":1.0,
      "B":1.0,
      "G":1.0,
      "R":1.0
    },
    "Tip DyeColor":{
      "A":1.0,
      "B":1.0,
      "G":1.0,
      "R":1.0
    },
    "Skin Tone":{
      "A":1.0,
      "B":0.72916698455811,
      "G":0.72916698455811,
      "R":0.72916698455811
    }
  },
  "APIVersion":"v2",
  "FaceMorphValuesMap":{
    "Eyes Small / Large":-0.54000002145767,
    "Jaw Thin / Wide":-0.46000000834465,
    "Brow Ridge Low / High":0.31881099939346,
    "Chin Retracted / Jutting":0.0,
    "Face Thin / Wide":0.0,
    "Hair Length":0.0,
    "Chin Backward / Forward":0.0,
    "Vampire":0.0,
    "Mouth Underbite / Overbite":0.0,
    "Eyes Inward / Outward":0.22544600069523,
    "Mouth Sad / Happy":0.77999997138977,
    "Jaw Retracted / Jutting":0.0,
    "Nose Flat / Pointed":-0.0052005839534104,
    "Chin Recessed / Pronounced":0.0,
    "Cheeks Gaunt / Round":0.34000000357628,
    "Forehead Back / Forward":0.0,
    "Nose Sellion Down / Up":0.33763888478279,
    "Mouth Deflated / Inflated":0.0,
    "Mouth Small / Large":0.0,
    "Nose Tilt Down / Up":0.0,
    "Nose Short / Long":0.25999999046326,
    "Mouth Drawn / Pursed":0.0,
    "Chin Short / Tall":0.0,
    "Nose Sellion Thin / Wide":0.0,
    "Jaw Neck Slope Low / High":0.0,
    "Cheekbones Shallow / Pronounced":0.0,
    "Nose Sellion Shallow / Deep":0.0,
    "Mouth Tilt Down / Up":0.0,
    "Brow / Nose / Chin Ratio":0.0,
    "Brow Ridge Outer Down / Up":0.46000000834465,
    "Chin Small / Large":0.0,
    "Mouth Retracted / Puckered":0.0,
    "Chin Thin / Wide":-0.37999999523163,
    "Nose Nostrils Tilt Down / Up":0.10481804609299,
    "Face Gaunt / Round":0.5,
    "Cheekbones Thin / Wide":0.0,
    "Forehead / Sellion / Nose Ratio":0.1209484115243,
    "Cheekbones Low / High":-0.0069313272833824,
    "Nose Bridge Short / Long":0.0060106674209237,
    "Forehead Short / Tall":0.0,
    "Nose Bridge Shallow / Deep":0.9200000166893,
    "Mouth Chin Short / Long":0.0,
    "Face Light / Heavy":0.0,
    "Nose Region Concave / Convex":0.015057036653161,
    "Mouth Retracted / Protruding":0.0,
    "Cheeks Concave / Convex":0.14000000059605,
    "Nose Nostrils Small / Large":-0.18363815546036,
    "Jaw Concave / Convex":0.0,
    "Nose Down / Up":-0.19506996870041,
    "Mouth Low / High":0.0,
    "Eyes Down / Up":0.019396414980292,
    "Chin Shallow / Deep":0.0,
    "Eyes Apart / Together":0.34000000357628,
    "Brow Ridge Inner Down / Up":0.20203900337219,
    "Nose Sellion Lower Shallow / Deep":0.0,
    "Nose Nostrils Thin / Wide":0.11247041076422,
    "Forehead Small / Large":0.0
  },
  "EyeMaterial":"/Game/Art/Character/Modular/Eyes_Human/MIC_Human_Eyes_Green6.MIC_Human_Eyes_Green6",
  "HairColorsL":{
    "0":{
      "A":1.0,
      "B":0.0018210000125691,
      "G":0.0018210000125691,
      "R":0.0051819998770952
    }
  },
  "SkinParametersMap":{
    "Complexion":0.0,
    "Lipstick Dark Red/Light Blue":0.0,
    "Eyeshadow Light/Dark":0.0,
    "Root Redness":0.0,
    "Eyelids Light/Dark":0.0,
    "Naso Small/Large":0.0,
    "Lipstick Amount":0.0,
    "Cheek Blush Light/Red":0.0,
    "Freckles":0.0,
    "Lips Flushed/Pale":0.0,
    "Ombre Constrast":0.0,
    "Tip Color":0.0,
    "Eye Sockets Bruised/Bright":0.0,
    "Cheekbones Flushed/Pale":0.0,
    "Eye socket Bruised/Bright":0.0,
    "Eyebrows Color Intensity":0.60000002384186,
    "Tip Redness":0.0,
    "Lipstick Dark Blue/Light Red":0.0,
    "Root Color":0.0,
    "Ombre Amount":0.0,
    "Salt And Pepper":0.0,
    "Eyebrows Redness Intensity":0.0,
    "Eyeliner Light/Dark":0.0,
    "Age":0.0,
    "Eyelids Pale/Red":0.0,
    "Naso Labial Lines Light/Dark":0.0,
    "Eye Sockets Dark/Light":0.0
  },
  "SenescenceLevel":6,
  "Sex":0,
  "Description":"saved from in-game",
  "ModCreator":"animandan",
  "ModVersion":"1.1.0",
  "Hair":"/Game/Dev/Phenotypes/Hair/HP_HR_Ponytail.HP_HR_Ponytail",
  "Name":"BP_ArentusFalvius_C",
  "Race":"TESRace /Game/Forms/actors/race/Imperial.Imperial",
  "Body":"SkeletalMesh /Game/Art/Character/Imperial/SK_Imperial_Body_m.SK_Imperial_Body_m"
}