{
  "Race":"TESRace /Game/Forms/actors/race/WoodElf.WoodElf",
  "FaceBaseMesh":"/Game/Art/Character/WoodElf/SK_WoodElf_Head_f.SK_WoodElf_Head_f",
  "Date":"2025-06-04 18:45:46",
  "HairColorsL":{
    "0":{
      "B":0.0,
      "G":0.0,
      "R":0.0,
      "A":1.0
    }
  },
  "SkinParametersMap":{
    "Cheekbones Flushed/Pale":-0.23999999463558,
    "Eyelids Pale/Red":0.54000002145767,
    "Skin Tint Purple/Yellow":-0.25,
    "Lipstick Amount":0.0,
    "Cheek Blush Light/Red":0.30000001192093,
    "Skin Dark/Light":-0.30000001192093,
    "Complexion":0.43445700407028,
    "Salt And Pepper":0.0,
    "Eye Socket Dark/Light":-0.60000002384186,
    "Eylids Light/Dark":0.37999999523163,
    "Ombre Amount":1.0,
    "Freckles":0.0,
    "Root Color":0.014980999752879,
    "Ombre Constrast":1.0,
    "Eyeliner Light/Dark":0.63999998569489,
    "Tip Color":0.029962999746203,
    "Eyebrows Redness Intensity":1.0,
    "Root Redness":1.0,
    "Skin Tint Orange/Blue":-0.15999999642372,
    "Eye socket Bruised/Bright":-0.019999999552965,
    "Tip Redness":1.0,
    "Eyebrows Color Intensity":0.4194749891758
  },
  "Sex":1,
  "FaceMorphValuesMap":{
    "Hair Length":0.0,
    "Vampire":0.0,
    "Nose Sellion Down / Up":0.20000000298023,
    "Forehead Back / Forward":-0.43102264404297,
    "Mouth Deflated / Inflated":0.0,
    "Chin Backward / Forward":0.043073274195194,
    "Eyes Apart / Together":0.93999999761581,
    "Nose Tilt Down / Up":0.0,
    "Mouth Sad / Happy":-0.66000002622604,
    "Brow Ridge Outer Down / Up":0.86000001430511,
    "Nose Sellion Thin / Wide":0.0,
    "Nose Short / Long":0.0,
    "Nose Sellion Shallow / Deep":0.98000001907349,
    "Brow / Nose / Chin Ratio":-0.56000000238419,
    "Chin Small / Large":-0.091251999139786,
    "Nose Flat / Pointed":0.15957330167294,
    "Jaw Thin / Wide":0.21999999880791,
    "Nose Nostrils Tilt Down / Up":0.17544157803059,
    "Eyes Inward / Outward":-0.35311016440392,
    "Cheekbones Shallow / Pronounced":0.80000001192093,
    "Nose Nostrils Thin / Wide":-0.70434099435806,
    "Chin Shallow / Deep":0.047183811664581,
    "Nose Down / Up":-0.31999999284744,
    "Nose Bridge Short / Long":-0.1980319917202,
    "Mouth Tilt Down / Up":-0.40478584170341,
    "Chin Thin / Wide":-0.036235000938177,
    "Face Light / Heavy":0.31999999284744,
    "Mouth Chin Short / Long":-0.084432534873486,
    "Jaw Concave / Convex":0.98000001907349,
    "Brow Ridge Low / High":0.3133260011673,
    "Chin Recessed / Pronounced":0.020430136471987,
    "Cheeks Gaunt / Round":0.039778709411621,
    "Face Thin / Wide":-0.88837498426437,
    "Eyes Down / Up":-9.9999999747524e-07,
    "Jaw Retracted / Jutting":0.1676499992609,
    "Chin Short / Tall":-0.60000002384186,
    "Jaw Neck Slope Low / High":-0.19973957538605,
    "Nose Bridge Shallow / Deep":0.15800610184669,
    "Mouth Retracted / Protruding":0.0,
    "Cheekbones Thin / Wide":0.0029775977600366,
    "Mouth Low / High":0.34089401364326,
    "Mouth Retracted / Puckered":-0.060945000499487,
    "Mouth Small / Large":-0.50380021333694,
    "Forehead Short / Tall":0.98000001907349,
    "Nose Nostrils Small / Large":0.079693868756294,
    "Chin Retracted / Jutting":-0.046289969235659,
    "Forehead Small / Large":-0.84807097911835,
    "Cheekbones Low / High":0.0,
    "Eyes Small / Large":0.58600199222565,
    "Cheeks Concave / Convex":0.10424599796534,
    "Brow Ridge Inner Down / Up":0.44999998807907,
    "Nose Sellion Lower Shallow / Deep":0.0,
    "Face Gaunt / Round":-0.76029998064041,
    "Mouth Underbite / Overbite":-0.30831876397133,
    "Nose Region Concave / Convex":-0.28629392385483,
    "Forehead / Sellion / Nose Ratio":0.17669612169266,
    "Mouth Drawn / Pursed":0.56000000238419
  },
  "Author":"Bethesda",
  "SkinColorsMapL":{
    "Lipstick Color":{
      "B":1.0,
      "G":1.0,
      "R":1.0,
      "A":1.0
    },
    "Tip DyeColor":{
      "B":0.0018211619462818,
      "G":0.015996292233467,
      "R":0.1746474057436,
      "A":1.0
    },
    "Root DyeColor":{
      "B":1.0,
      "G":1.0,
      "R":1.0,
      "A":1.0
    },
    "Eyeliner Tone":{
      "B":0.1499597877264,
      "G":0.074213564395905,
      "R":0.080219820141792,
      "A":1.0
    },
    "Skin Tone":{
      "B":1.0,
      "G":1.0,
      "R":1.0,
      "A":1.0
    }
  },
  "ModVersion":"1.1.0",
  "EyeMaterial":"/Game/Art/Character/Modular/Eyes_WoodElf/MIC_WoodElf_Eyes_Black.MIC_WoodElf_Eyes_Black",
  "Body":"SkeletalMesh /Game/Art/Character/Imperial/SK_Imperial_Body_m.SK_Imperial_Body_m",
  "Description":"saved from in-game",
  "SenescenceLevel":0,
  "APIVersion":"v2",
  "ModCreator":"animandan",
  "ModName":"RaceMenuUtilities",
  "Hair":"/Game/Dev/Phenotypes/Hair/HP_WoodElf_HR_Fringes.HP_WoodElf_HR_Fringes",
  "Name":"BP_ArenaRank1B_C"
}