{
  "Race":"TESRace /Game/Forms/actors/race/Argonian.Argonian",
  "FaceBaseMesh":"/Game/Art/Character/Argonian/SK_Argonian_Head_m.SK_Argonian_Head_m",
  "Date":"2025-06-04 18:48:55",
  "HairColorsL":{
    "0":{
      "B":0.0,
      "G":0.0,
      "R":0.0,
      "A":1.0
    }
  },
  "SkinParametersMap":{
    "Eyeliner Light/Dark":0.0,
    "Eyelids Pale/Red":0.0,
    "Hair Desaturation for Argonian":0.0,
    "Complexion":-0.36000001430511,
    "Eye Socket Dark/Light":0.0,
    "Eye socket Bruised/Bright":0.0,
    "Eylids Light/Dark":0.0
  },
  "Sex":0,
  "FaceMorphValuesMap":{
    "Hair Length":0.0,
    "Vampire":0.0,
    "Nose Sellion Down / Up":-0.060374166816473,
    "Forehead Back / Forward":0.18536177277565,
    "Mouth Deflated / Inflated":0.11742568016052,
    "Chin Backward / Forward":0.076528809964657,
    "Eyes Apart / Together":-0.042066335678101,
    "Nose Tilt Down / Up":0.0,
    "Mouth Sad / Happy":-0.0078371046110988,
    "Brow Ridge Outer Down / Up":0.16331236064434,
    "Nose Sellion Thin / Wide":0.0,
    "Nose Short / Long":0.0,
    "Nose Sellion Shallow / Deep":0.0,
    "Brow / Nose / Chin Ratio":0.18652354180813,
    "Chin Small / Large":-0.17836283147335,
    "Nose Flat / Pointed":0.023297596722841,
    "Jaw Thin / Wide":-0.014303589239717,
    "Nose Nostrils Tilt Down / Up":0.026928855106235,
    "Eyes Inward / Outward":0.037294533103704,
    "Cheekbones Shallow / Pronounced":0.20202675461769,
    "Nose Nostrils Thin / Wide":-0.0094039440155029,
    "Chin Shallow / Deep":0.0005757063627243,
    "Nose Down / Up":-0.42322099208832,
    "Nose Bridge Short / Long":-0.001284122467041,
    "Mouth Tilt Down / Up":0.0036546706687659,
    "Chin Thin / Wide":-0.057988215237856,
    "Face Light / Heavy":-0.00041615962982178,
    "Mouth Chin Short / Long":0.052718758583069,
    "Jaw Concave / Convex":0.12780666351318,
    "Brow Ridge Low / High":-0.0175028629601,
    "Chin Recessed / Pronounced":-0.25226184725761,
    "Cheeks Gaunt / Round":0.18057231605053,
    "Face Thin / Wide":-0.067495450377464,
    "Eyes Down / Up":0.11944355815649,
    "Jaw Retracted / Jutting":0.048568535596132,
    "Chin Short / Tall":-0.029998064041138,
    "Jaw Neck Slope Low / High":0.04948740079999,
    "Nose Bridge Shallow / Deep":0.20311737060547,
    "Mouth Retracted / Protruding":-0.079675436019897,
    "Cheekbones Thin / Wide":-0.14628303050995,
    "Mouth Low / High":-0.59678602218628,
    "Mouth Retracted / Puckered":-0.2159701436758,
    "Mouth Small / Large":-0.090259172022343,
    "Forehead Short / Tall":-0.038094520568848,
    "Nose Nostrils Small / Large":-0.10623078793287,
    "Chin Retracted / Jutting":-0.01985864713788,
    "Forehead Small / Large":0.13220062851906,
    "Cheekbones Low / High":-0.15327343344688,
    "Eyes Small / Large":-0.040558435022831,
    "Cheeks Concave / Convex":0.066396333277225,
    "Brow Ridge Inner Down / Up":0.26103940606117,
    "Nose Sellion Lower Shallow / Deep":0.0,
    "Face Gaunt / Round":-0.13257430493832,
    "Mouth Underbite / Overbite":-0.056039191782475,
    "Nose Region Concave / Convex":-0.0049374583177269,
    "Forehead / Sellion / Nose Ratio":-0.071694687008858,
    "Mouth Drawn / Pursed":-0.096125103533268
  },
  "Author":"Bethesda",
  "SkinColorsMapL":{
    "Color 1":{
      "B":0.11046399921179,
      "G":0.16834999620914,
      "R":0.44520100951195,
      "A":1.0
    },
    "Color 2":{
      "B":0.0585100017488,
      "G":0.084264002740383,
      "R":0.73263901472092,
      "A":1.0
    },
    "Color 3":{
      "B":0.20863699913025,
      "G":0.23073999583721,
      "R":0.26635599136353,
      "A":1.0
    },
    "Eyeliner Tone":{
      "B":1.0,
      "G":1.0,
      "R":1.0,
      "A":1.0
    }
  },
  "ModVersion":"1.1.0",
  "Body":"SkeletalMesh /Game/Art/Character/Imperial/SK_Imperial_Body_m.SK_Imperial_Body_m",
  "Description":"saved from in-game",
  "SenescenceLevel":0,
  "APIVersion":"v2",
  "ModCreator":"animandan",
  "ModName":"RaceMenuUtilities",
  "Hair":"/Game/Dev/Phenotypes/Hair/HP_Argonian_HR_Spines.HP_Argonian_HR_Spines",
  "Name":"BP_ArenaRank5A_C"
}