{
  "Race":"TESRace /Game/Forms/actors/race/Imperial.Imperial",
  "FaceBaseMesh":"/Game/Art/Character/Imperial/SK_Imperial_Head_F.SK_Imperial_Head_F",
  "Date":"2025-06-04 18:37:25",
  "HairColorsL":{
    "0":{
      "B":0.0018210000125691,
      "G":0.0018210000125691,
      "R":0.0051819998770952,
      "A":1.0
    }
  },
  "SkinParametersMap":{
    "Cheekbones Flushed/Pale":0.0,
    "Eyelids Pale/Red":0.40000000596046,
    "Eyebrows Redness Intensity":0.0,
    "Lipstick Dark Red/Light Blue":0.0,
    "Cheek Blush Light/Red":0.0,
    "Eye Sockets Bruised/Bright":0.0,
    "Eyelids Light/Dark":0.0,
    "Eyeshadow Light/Dark":0.0,
    "Complexion":0.0,
    "Salt And Pepper":0.0,
    "None":0.0,
    "Lips Flushed/Pale":-0.8539320230484,
    "Eye Sockets Dark/Light":0.0,
    "Eyebrows Color Intensity":0.60000002384186,
    "Lipstick Amount":0.10000000149012,
    "Freckles":0.0,
    "Naso Small/Large":0.0,
    "Ombre Amount":0.0,
    "Root Color":0.0,
    "Eye socket Bruised/Bright":0.0,
    "Root Redness":0.0,
    "Tip Color":0.0,
    "Ombre Constrast":0.0,
    "Naso Labial Lines Light/Dark":0.0,
    "Lipstick Dark Blue/Light Red":0.0,
    "Eyeliner Light/Dark":1.0,
    "Tip Redness":0.0,
    "Age":0.0
  },
  "Sex":1,
  "FaceMorphValuesMap":{
    "Hair Length":0.0,
    "Vampire":0.0,
    "Nose Sellion Down / Up":0.63435000181198,
    "Forehead Back / Forward":0.1313701570034,
    "Mouth Deflated / Inflated":0.0,
    "Chin Backward / Forward":-0.15292271971703,
    "Eyes Apart / Together":0.48779800534248,
    "Nose Tilt Down / Up":0.0,
    "Mouth Sad / Happy":0.21765451133251,
    "Brow Ridge Outer Down / Up":-0.39647999405861,
    "Nose Sellion Thin / Wide":0.66000002622604,
    "Nose Short / Long":0.41999998688698,
    "Nose Sellion Shallow / Deep":0.47999998927116,
    "Brow / Nose / Chin Ratio":0.0,
    "Chin Small / Large":-0.018519999459386,
    "Nose Flat / Pointed":0.034568998962641,
    "Jaw Thin / Wide":-0.74000000953674,
    "Nose Nostrils Tilt Down / Up":0.43294501304626,
    "Eyes Inward / Outward":-0.16228599846363,
    "Cheekbones Shallow / Pronounced":-0.61999899148941,
    "Nose Nostrils Thin / Wide":0.81896197795868,
    "Chin Shallow / Deep":0.48066383600235,
    "Nose Down / Up":-0.26390400528908,
    "Nose Bridge Short / Long":0.20718012750149,
    "Mouth Tilt Down / Up":0.0,
    "Chin Thin / Wide":0.30373346805573,
    "Face Light / Heavy":0.0,
    "Mouth Chin Short / Long":0.025548342615366,
    "Jaw Concave / Convex":0.43999999761581,
    "Brow Ridge Low / High":0.0,
    "Chin Recessed / Pronounced":0.3989649116993,
    "Cheeks Gaunt / Round":-0.15999999642372,
    "Face Thin / Wide":-0.40000000596046,
    "Eyes Down / Up":-0.28948065638542,
    "Jaw Retracted / Jutting":-0.051206197589636,
    "Chin Short / Tall":0.1218500956893,
    "Jaw Neck Slope Low / High":0.21999999880791,
    "Nose Bridge Shallow / Deep":-0.23999300599098,
    "Mouth Retracted / Protruding":0.0,
    "Cheekbones Thin / Wide":0.11999999731779,
    "Mouth Low / High":0.28883567452431,
    "Mouth Retracted / Puckered":0.0,
    "Mouth Small / Large":-0.30000001192093,
    "Forehead Short / Tall":-0.060555726289749,
    "Nose Nostrils Small / Large":-0.28755301237106,
    "Chin Retracted / Jutting":0.44893392920494,
    "Forehead Small / Large":0.47671800851822,
    "Cheekbones Low / High":0.18703660368919,
    "Eyes Small / Large":0.46138000488281,
    "Cheeks Concave / Convex":-0.25999999046326,
    "Brow Ridge Inner Down / Up":-0.4918349981308,
    "Nose Sellion Lower Shallow / Deep":0.0,
    "Face Gaunt / Round":0.3479819893837,
    "Mouth Underbite / Overbite":0.40000000596046,
    "Nose Region Concave / Convex":-0.13806608319283,
    "Forehead / Sellion / Nose Ratio":-0.041178870946169,
    "Mouth Drawn / Pursed":0.37999999523163
  },
  "Author":"Bethesda",
  "SkinColorsMapL":{
    "Lipstick Color":{
      "B":0.0,
      "G":0.046091999858618,
      "R":0.26041701436043,
      "A":1.0
    },
    "Skin Tone":{
      "B":1.0,
      "G":1.0,
      "R":1.0,
      "A":1.0
    },
    "Root DyeColor":{
      "B":1.0,
      "G":1.0,
      "R":1.0,
      "A":1.0
    },
    "Tip DyeColor":{
      "B":1.0,
      "G":1.0,
      "R":1.0,
      "A":1.0
    },
    "Eyeliner Tone":{
      "B":0.71354198455811,
      "G":0.71354198455811,
      "R":0.71354198455811,
      "A":1.0
    }
  },
  "ModVersion":"1.1.0",
  "EyeMaterial":"/Game/Art/Character/Modular/Eyes_Human/MIC_Human_Eyes_Red2.MIC_Human_Eyes_Red2",
  "Body":"SkeletalMesh /Game/Art/Character/Imperial/SK_Imperial_Body_m.SK_Imperial_Body_m",
  "Description":"saved from in-game",
  "SenescenceLevel":7,
  "APIVersion":"v2",
  "ModCreator":"animandan",
  "ModName":"RaceMenuUtilities",
  "Hair":"/Game/Dev/Phenotypes/Hair/HP_Imperial_HR_Coil.HP_Imperial_HR_Coil",
  "Name":"BP_ArrianaValga_C"
}