{
  "Sex":0,
  "HairColorsL":{
    "1":{
      "A":1.0,
      "R":0.16202937066555,
      "G":0.1046164855361,
      "B":0.061246052384377
    },
    "2":{
      "A":1.0,
      "R":0.16202937066555,
      "G":0.1046164855361,
      "B":0.061246052384377
    },
    "0":{
      "A":1.0,
      "R":0.22322796285152,
      "G":0.14412847161293,
      "B":0.084376208484173
    }
  },
  "EyeMaterial":"/Game/Art/Character/Modular/Eyes_Human/MIC_Human_Eyes_Brown2.MIC_Human_Eyes_Brown2",
  "Author":"Bethesda",
  "Date":"2025-06-04 19:33:52",
  "Description":"saved from in-game",
  "Name":"BP_AnvilGuardCastlePostNight01_C",
  "ModCreator":"animandan",
  "ModName":"RaceMenuUtilities",
  "FaceBaseMesh":"/Game/Art/Character/Imperial/SK_Imperial_Head_m.SK_Imperial_Head_m",
  "ModVersion":"1.1.0",
  "Body":"SkeletalMesh /Game/Art/Character/Imperial/SK_Imperial_Body_m.SK_Imperial_Body_m",
  "FaceMorphValuesMap":{
    "Nose Nostrils Thin / Wide":0.10157900303602,
    "Forehead / Sellion / Nose Ratio":0.42233100533485,
    "Cheekbones Thin / Wide":-0.25295001268387,
    "Forehead Small / Large":-0.77999901771545,
    "Chin Recessed / Pronounced":-0.14772999286652,
    "Brow / Nose / Chin Ratio":-0.28853398561478,
    "Jaw Thin / Wide":-0.27797698974609,
    "Cheeks Gaunt / Round":-0.21184499561787,
    "Chin Backward / Forward":-0.43226200342178,
    "Chin Thin / Wide":0.81807899475098,
    "Forehead Short / Tall":-0.5,
    "Face Thin / Wide":0.78491997718811,
    "Brow Ridge Inner Down / Up":-0.25425699353218,
    "Mouth Underbite / Overbite":0.0,
    "Mouth Low / High":0.0,
    "Vampire":0.0,
    "Face Gaunt / Round":-0.30673000216484,
    "Eyes Small / Large":-0.61999899148941,
    "Mouth Drawn / Pursed":0.0,
    "Chin Retracted / Jutting":0.11833900213242,
    "Nose Tilt Down / Up":-0.079999998211861,
    "Mouth Small / Large":0.0,
    "Nose Short / Long":0.0,
    "Nose Bridge Shallow / Deep":0.43743300437927,
    "Nose Sellion Thin / Wide":0.3199990093708,
    "Mouth Retracted / Protruding":0.0,
    "Nose Sellion Shallow / Deep":0.21999999880791,
    "Jaw Retracted / Jutting":-0.10113299638033,
    "Nose Sellion Down / Up":0.41194900870323,
    "Eyes Inward / Outward":0.10362199693918,
    "Nose Region Concave / Convex":-0.046032000333071,
    "Brow Ridge Outer Down / Up":-0.27993699908257,
    "Nose Nostrils Small / Large":-0.065764002501965,
    "Eyes Apart / Together":0.36963400244713,
    "Nose Nostrils Tilt Down / Up":0.1037579998374,
    "Nose Flat / Pointed":-0.091174997389317,
    "Mouth Tilt Down / Up":0.0,
    "Jaw Concave / Convex":-0.56926298141479,
    "Mouth Sad / Happy":0.0,
    "Cheekbones Shallow / Pronounced":-0.036338001489639,
    "Face Light / Heavy":0.30961599946022,
    "Nose Down / Up":-0.14231799542904,
    "Chin Short / Tall":-0.63554799556732,
    "Eyes Down / Up":0.25095599889755,
    "Cheeks Concave / Convex":0.01535000000149,
    "Nose Bridge Short / Long":0.39046400785446,
    "Mouth Chin Short / Long":0.0,
    "Nose Sellion Lower Shallow / Deep":0.0,
    "Mouth Retracted / Puckered":0.0,
    "Hair Length":0.0,
    "Mouth Deflated / Inflated":0.0,
    "Chin Shallow / Deep":-0.10313999652863,
    "Jaw Neck Slope Low / High":0.16233399510384,
    "Brow Ridge Low / High":-0.47999998927116,
    "Cheekbones Low / High":-0.3541100025177,
    "Forehead Back / Forward":0.46000000834465,
    "Chin Small / Large":0.27926799654961
  },
  "Hair":"/Game/Dev/Phenotypes/Hair/HP_New_HR_Long.HP_New_HR_Long",
  "SenescenceLevel":1,
  "APIVersion":"v2",
  "SkinParametersMap":{
    "Complexion":0.17977499961853,
    "Cheek Blush Light/Red":0.0,
    "Eyebrows Color Intensity":0.0,
    "Eye socket Bruised/Bright":0.0,
    "Lipstick Amount":0.0,
    "Root Redness":0.0,
    "Freckles":0.0,
    "Cheekbones Flushed/Pale":0.0,
    "Eyebrows Redness Intensity":0.0,
    "Root Color":0.0,
    "Eyelids Pale/Red":0.0,
    "Tip Color":0.0,
    "Tip Redness":0.0,
    "Ombre Amount":0.0,
    "Salt And Pepper":0.0,
    "Ombre Constrast":0.0
  },
  "Race":"TESRace /Game/Forms/actors/race/Imperial.Imperial",
  "SkinColorsMapL":{
    "Root DyeColor":{
      "A":1.0,
      "R":0.0047769998200238,
      "G":0.0012140000471845,
      "B":0.0
    },
    "Eyeliner Tone":{
      "A":1.0,
      "R":1.0,
      "G":1.0,
      "B":1.0
    },
    "Tip DyeColor":{
      "A":1.0,
      "R":0.10702300071716,
      "G":0.034340001642704,
      "B":0.0056050000712276
    },
    "Skin Tone":{
      "A":1.0,
      "R":1.0,
      "G":1.0,
      "B":1.0
    },
    "Lipstick Color":{
      "A":1.0,
      "R":0.093058958649635,
      "G":0.0009105809731409,
      "B":0.0097212167456746
    }
  }
}