{
  "Sex":0,
  "HairColorsL":{
    "1":{
      "A":1.0,
      "R":0.16202937066555,
      "G":0.1046164855361,
      "B":0.061246052384377
    },
    "2":{
      "A":1.0,
      "R":0.16202937066555,
      "G":0.1046164855361,
      "B":0.061246052384377
    },
    "0":{
      "A":1.0,
      "R":0.22322796285152,
      "G":0.14412847161293,
      "B":0.084376208484173
    }
  },
  "EyeMaterial":"/Game/Art/Character/Modular/Eyes_Human/MIC_Human_Eyes_Brown2.MIC_Human_Eyes_Brown2",
  "SkinColorsMapL":{
    "Root DyeColor":{
      "A":1.0,
      "R":0.0047769998200238,
      "G":0.0012140000471845,
      "B":0.0
    },
    "Eyeliner Tone":{
      "A":1.0,
      "R":1.0,
      "G":1.0,
      "B":1.0
    },
    "Tip DyeColor":{
      "A":1.0,
      "R":0.10702300071716,
      "G":0.034340001642704,
      "B":0.0056050000712276
    },
    "Skin Tone":{
      "A":1.0,
      "R":1.0,
      "G":1.0,
      "B":1.0
    },
    "Lipstick Color":{
      "A":1.0,
      "R":0.093058958649635,
      "G":0.0009105809731409,
      "B":0.0097212167456746
    }
  },
  "Date":"2025-06-04 19:33:52",
  "Description":"saved from in-game",
  "SenescenceLevel":0,
  "ModCreator":"animandan",
  "ModName":"RaceMenuUtilities",
  "Mustache":"/Game/Dev/Phenotypes/Mustache/HP_Imperial_MS_Short.HP_Imperial_MS_Short",
  "ModVersion":"1.1.0",
  "Author":"Bethesda",
  "Body":"SkeletalMesh /Game/Art/Character/Imperial/SK_Imperial_Body_m.SK_Imperial_Body_m",
  "FaceMorphValuesMap":{
    "Nose Nostrils Thin / Wide":0.3678739964962,
    "Forehead / Sellion / Nose Ratio":0.0,
    "Cheekbones Thin / Wide":0.067895002663136,
    "Forehead Small / Large":0.0,
    "Chin Recessed / Pronounced":0.0,
    "Brow / Nose / Chin Ratio":0.061978001147509,
    "Jaw Thin / Wide":-0.51999998092651,
    "Cheeks Gaunt / Round":0.47913300991058,
    "Chin Backward / Forward":0.0,
    "Chin Thin / Wide":0.0,
    "Forehead Short / Tall":0.0,
    "Face Thin / Wide":0.0,
    "Brow Ridge Inner Down / Up":-0.48380199074745,
    "Mouth Underbite / Overbite":-0.00055799999972805,
    "Mouth Low / High":0.11539100110531,
    "Vampire":0.0,
    "Face Gaunt / Round":0.0,
    "Eyes Small / Large":-0.55275201797485,
    "Mouth Drawn / Pursed":0.31999999284744,
    "Chin Retracted / Jutting":0.0,
    "Nose Tilt Down / Up":0.0,
    "Mouth Small / Large":0.31999999284744,
    "Nose Short / Long":0.0,
    "Nose Bridge Shallow / Deep":0.79315102100372,
    "Nose Sellion Thin / Wide":0.63999998569489,
    "Mouth Retracted / Protruding":0.0,
    "Nose Sellion Shallow / Deep":0.0,
    "Jaw Retracted / Jutting":0.0,
    "Nose Sellion Down / Up":0.15125699341297,
    "Eyes Inward / Outward":0.41488400101662,
    "Nose Region Concave / Convex":0.032586000859737,
    "Brow Ridge Outer Down / Up":0.27618899941444,
    "Nose Nostrils Small / Large":-0.1323350071907,
    "Eyes Apart / Together":0.51299601793289,
    "Nose Nostrils Tilt Down / Up":-0.03999999910593,
    "Nose Flat / Pointed":-0.11545599997044,
    "Mouth Tilt Down / Up":-0.3274590075016,
    "Jaw Concave / Convex":0.0,
    "Mouth Sad / Happy":0.026595000177622,
    "Cheekbones Shallow / Pronounced":0.17119599878788,
    "Face Light / Heavy":0.0,
    "Nose Down / Up":-0.12233900278807,
    "Chin Short / Tall":0.0,
    "Eyes Down / Up":0.18005900084972,
    "Cheeks Concave / Convex":0.013241999782622,
    "Nose Bridge Short / Long":-0.43069699406624,
    "Mouth Chin Short / Long":-0.075190000236034,
    "Nose Sellion Lower Shallow / Deep":0.0,
    "Mouth Retracted / Puckered":0.0,
    "Hair Length":0.0,
    "Mouth Deflated / Inflated":0.0,
    "Chin Shallow / Deep":0.0,
    "Jaw Neck Slope Low / High":0.0,
    "Brow Ridge Low / High":0.10000000149012,
    "Cheekbones Low / High":-0.19092600047588,
    "Forehead Back / Forward":0.0,
    "Chin Small / Large":-0.05129300057888
  },
  "Hair":"/Game/Dev/Phenotypes/Hair/HP_Human_HR_Short.HP_Human_HR_Short",
  "SkinParametersMap":{
    "Complexion":0.34456899762154,
    "Cheek Blush Light/Red":0.0,
    "Eyebrows Color Intensity":0.47940099239349,
    "Eye socket Bruised/Bright":0.0,
    "Lipstick Amount":0.0,
    "Root Redness":0.0,
    "Freckles":0.0,
    "Cheekbones Flushed/Pale":0.0,
    "Eyebrows Redness Intensity":0.23970000445843,
    "Root Color":0.0,
    "Eyelids Pale/Red":0.0,
    "Tip Color":0.0,
    "Tip Redness":0.0,
    "Ombre Amount":0.0,
    "Salt And Pepper":0.0,
    "Ombre Constrast":0.0
  },
  "APIVersion":"v2",
  "FaceBaseMesh":"/Game/Art/Character/Imperial/SK_Imperial_Head_m.SK_Imperial_Head_m",
  "Race":"TESRace /Game/Forms/actors/race/Imperial.Imperial",
  "Name":"BP_AnvilGuardCastlePostNight02_C"
}