{
  "ModName":"RaceMenuUtilities",
  "FaceBaseMesh":"/Game/Art/Character/Imperial/SK_Imperial_Head_m.SK_Imperial_Head_m",
  "Author":"Bethesda",
  "Date":"2025-06-04 20:30:45",
  "SkinColorsMapL":{
    "Lipstick Color":{
      "A":1.0,
      "B":0.0097212167456746,
      "G":0.0009105809731409,
      "R":0.093058958649635
    },
    "Eyeliner Tone":{
      "A":1.0,
      "B":1.0,
      "G":1.0,
      "R":1.0
    },
    "Root DyeColor":{
      "A":1.0,
      "B":0.0,
      "G":0.0012140000471845,
      "R":0.0047769998200238
    },
    "Tip DyeColor":{
      "A":1.0,
      "B":0.0056050000712276,
      "G":0.034340001642704,
      "R":0.10702300071716
    },
    "Skin Tone":{
      "A":1.0,
      "B":1.0,
      "G":1.0,
      "R":1.0
    }
  },
  "APIVersion":"v2",
  "FaceMorphValuesMap":{
    "Eyes Small / Large":-0.064410999417305,
    "Jaw Thin / Wide":-0.37999901175499,
    "Brow Ridge Low / High":-0.22255100309849,
    "Chin Retracted / Jutting":0.0,
    "Face Thin / Wide":0.25999999046326,
    "Hair Length":0.0,
    "Chin Backward / Forward":0.0,
    "Vampire":0.0,
    "Mouth Underbite / Overbite":0.054607000201941,
    "Eyes Inward / Outward":0.28000000119209,
    "Mouth Sad / Happy":0.073968999087811,
    "Jaw Retracted / Jutting":0.17811599373817,
    "Nose Flat / Pointed":-0.098852999508381,
    "Chin Recessed / Pronounced":0.0,
    "Cheeks Gaunt / Round":-0.3961009979248,
    "Forehead Back / Forward":-0.16451999545097,
    "Nose Sellion Down / Up":0.16594000160694,
    "Mouth Deflated / Inflated":0.5799999833107,
    "Mouth Small / Large":0.0,
    "Nose Tilt Down / Up":0.0,
    "Nose Short / Long":0.0,
    "Mouth Drawn / Pursed":-0.25999999046326,
    "Chin Short / Tall":-0.24177600443363,
    "Nose Sellion Thin / Wide":0.0,
    "Jaw Neck Slope Low / High":0.41839998960495,
    "Cheekbones Shallow / Pronounced":-0.31662800908089,
    "Nose Sellion Shallow / Deep":0.0,
    "Mouth Tilt Down / Up":0.03999999910593,
    "Brow / Nose / Chin Ratio":0.0,
    "Brow Ridge Outer Down / Up":-0.26571801304817,
    "Chin Small / Large":-0.29636698961258,
    "Mouth Retracted / Puckered":-0.014297000132501,
    "Chin Thin / Wide":0.0,
    "Nose Nostrils Tilt Down / Up":0.1968230009079,
    "Face Gaunt / Round":0.12329500168562,
    "Cheekbones Thin / Wide":0.12568299472332,
    "Forehead / Sellion / Nose Ratio":0.21252100169659,
    "Cheekbones Low / High":-0.28231498599052,
    "Nose Bridge Short / Long":-0.31808099150658,
    "Forehead Short / Tall":-0.049309998750687,
    "Nose Bridge Shallow / Deep":0.056354001164436,
    "Mouth Chin Short / Long":0.10543700307608,
    "Face Light / Heavy":0.29629701375961,
    "Nose Region Concave / Convex":-0.041198998689651,
    "Mouth Retracted / Protruding":-0.39144799113274,
    "Cheeks Concave / Convex":-0.37488201260567,
    "Nose Nostrils Small / Large":0.24843299388885,
    "Jaw Concave / Convex":0.420175999403,
    "Nose Down / Up":-0.40039899945259,
    "Mouth Low / High":0.10630399733782,
    "Eyes Down / Up":-0.15621200203896,
    "Chin Shallow / Deep":0.76346302032471,
    "Eyes Apart / Together":0.40000000596046,
    "Brow Ridge Inner Down / Up":-0.09655699878931,
    "Nose Sellion Lower Shallow / Deep":0.0,
    "Nose Nostrils Thin / Wide":-0.11222200095654,
    "Forehead Small / Large":-0.71094399690628
  },
  "EyeMaterial":"/Game/Art/Character/Modular/Eyes_Human/MIC_Human_Eyes_Brown2.MIC_Human_Eyes_Brown2",
  "HairColorsL":{
    "0":{
      "A":1.0,
      "B":1.0,
      "G":1.0,
      "R":1.0
    }
  },
  "SkinParametersMap":{
    "Tip Color":0.0,
    "Eye socket Bruised/Bright":0.0,
    "Complexion":0.13483099639416,
    "Freckles":0.38951298594475,
    "Eyebrows Color Intensity":0.0,
    "Lipstick Amount":0.0,
    "Root Redness":0.0,
    "Tip Redness":0.0,
    "Cheekbones Flushed/Pale":0.0,
    "Salt And Pepper":0.32958799600601,
    "Eyebrows Redness Intensity":0.0,
    "Ombre Amount":0.0,
    "Cheek Blush Light/Red":0.0,
    "Eyelids Pale/Red":0.0,
    "Root Color":0.0,
    "Ombre Constrast":0.0
  },
  "SenescenceLevel":1,
  "Sex":0,
  "Description":"saved from in-game",
  "ModCreator":"animandan",
  "ModVersion":"1.1.0",
  "Hair":"/Game/Dev/Phenotypes/Hair/HP_HR_Cropped.HP_HR_Cropped",
  "Name":"BP_AnvilGuardCityPostNight03_C",
  "Race":"TESRace /Game/Forms/actors/race/Imperial.Imperial",
  "Body":"SkeletalMesh /Game/Art/Character/Imperial/SK_Imperial_Body_m.SK_Imperial_Body_m"
}