{
  "Race":"TESRace /Game/Forms/actors/race/Imperial.Imperial",
  "FaceBaseMesh":"/Game/Art/Character/Imperial/SK_Imperial_Head_m.SK_Imperial_Head_m",
  "Date":"2025-06-04 18:35:12",
  "HairColorsL":{
    "0":{
      "B":0.084376208484173,
      "G":0.14412847161293,
      "R":0.22322796285152,
      "A":1.0
    }
  },
  "SkinParametersMap":{
    "Cheekbones Flushed/Pale":0.0,
    "Eyelids Pale/Red":0.0,
    "Freckles":0.71910101175308,
    "Eyebrows Redness Intensity":0.0,
    "Lipstick Amount":0.0,
    "Ombre Amount":0.0,
    "Root Color":0.20973800122738,
    "Cheek Blush Light/Red":0.70411998033524,
    "Root Redness":0.0,
    "Tip Color":0.13483199477196,
    "Eye socket Bruised/Bright":0.0,
    "Complexion":0.0,
    "Salt And Pepper":0.0,
    "Eyebrows Color Intensity":0.5692880153656,
    "Tip Redness":0.0,
    "Ombre Constrast":0.0
  },
  "Sex":0,
  "FaceMorphValuesMap":{
    "Hair Length":0.0,
    "Vampire":0.0,
    "Nose Sellion Down / Up":-0.03540999814868,
    "Forehead Back / Forward":-0.018888000398874,
    "Mouth Deflated / Inflated":0.0,
    "Chin Backward / Forward":0.0,
    "Eyes Apart / Together":0.087999999523163,
    "Nose Tilt Down / Up":-0.31999999284744,
    "Mouth Sad / Happy":0.38619500398636,
    "Brow Ridge Outer Down / Up":0.72000002861023,
    "Nose Sellion Thin / Wide":0.0,
    "Nose Short / Long":0.0,
    "Nose Sellion Shallow / Deep":0.63999998569489,
    "Brow / Nose / Chin Ratio":-0.010710000060499,
    "Chin Small / Large":0.0,
    "Nose Flat / Pointed":-0.060435000807047,
    "Jaw Thin / Wide":-0.47999998927116,
    "Nose Nostrils Tilt Down / Up":0.11155799776316,
    "Eyes Inward / Outward":0.00034900000900961,
    "Cheekbones Shallow / Pronounced":-0.15999999642372,
    "Nose Nostrils Thin / Wide":-0.0016830000095069,
    "Chin Shallow / Deep":0.0,
    "Nose Down / Up":-0.055948998779058,
    "Nose Bridge Short / Long":-0.088215000927448,
    "Mouth Tilt Down / Up":0.024296000599861,
    "Chin Thin / Wide":0.0,
    "Face Light / Heavy":0.0,
    "Mouth Chin Short / Long":-0.20471900701523,
    "Jaw Concave / Convex":0.21999999880791,
    "Brow Ridge Low / High":-0.27511501312256,
    "Chin Recessed / Pronounced":0.0,
    "Cheeks Gaunt / Round":0.30000001192093,
    "Face Thin / Wide":-0.34494400024414,
    "Eyes Down / Up":-0.11529500037432,
    "Jaw Retracted / Jutting":0.0,
    "Chin Short / Tall":0.0,
    "Jaw Neck Slope Low / High":0.37999999523163,
    "Nose Bridge Shallow / Deep":-0.23999999463558,
    "Mouth Retracted / Protruding":-0.039406999945641,
    "Cheekbones Thin / Wide":0.21999900043011,
    "Mouth Low / High":0.0033400000538677,
    "Mouth Retracted / Puckered":0.028438000008464,
    "Mouth Small / Large":0.25490701198578,
    "Forehead Short / Tall":0.011235999874771,
    "Nose Nostrils Small / Large":-0.066434003412724,
    "Chin Retracted / Jutting":0.0,
    "Forehead Small / Large":0.0,
    "Cheekbones Low / High":0.020152000710368,
    "Eyes Small / Large":0.015526999719441,
    "Cheeks Concave / Convex":0.37999999523163,
    "Brow Ridge Inner Down / Up":-0.19382299482822,
    "Nose Sellion Lower Shallow / Deep":0.0,
    "Face Gaunt / Round":0.0,
    "Mouth Underbite / Overbite":0.068703003227711,
    "Nose Region Concave / Convex":-0.022397000342607,
    "Forehead / Sellion / Nose Ratio":-0.019944999366999,
    "Mouth Drawn / Pursed":0.0
  },
  "Author":"Bethesda",
  "SkinColorsMapL":{
    "Lipstick Color":{
      "B":0.0097212167456746,
      "G":0.0009105809731409,
      "R":0.093058958649635,
      "A":1.0
    },
    "Skin Tone":{
      "B":1.0,
      "G":1.0,
      "R":1.0,
      "A":1.0
    },
    "Root DyeColor":{
      "B":1.0,
      "G":1.0,
      "R":1.0,
      "A":1.0
    },
    "Tip DyeColor":{
      "B":1.0,
      "G":1.0,
      "R":1.0,
      "A":1.0
    },
    "Eyeliner Tone":{
      "B":1.0,
      "G":1.0,
      "R":1.0,
      "A":1.0
    }
  },
  "ModVersion":"1.1.0",
  "Body":"SkeletalMesh /Game/Art/Character/Imperial/SK_Imperial_Body_m.SK_Imperial_Body_m",
  "Description":"saved from in-game",
  "SenescenceLevel":0,
  "APIVersion":"v2",
  "ModCreator":"animandan",
  "ModName":"RaceMenuUtilities",
  "Hair":"/Game/Dev/Phenotypes/Hair/HP_Human_HR_Short.HP_Human_HR_Short",
  "Name":"BP_AntusOdiil_C"
}