{
  "APIVersion":"v2",
  "SkinParametersMap":{
    "Eyeliner Light/Dark":0.30000001192093,
    "Complexion":-0.18000000715256,
    "Hair Desaturation for Argonian":0.0,
    "Eye Socket Dark/Light":0.0,
    "Eyelids Pale/Red":0.0,
    "Eye socket Bruised/Bright":0.0,
    "Eylids Light/Dark":-0.36000001430511
  },
  "Author":"Bethesda",
  "Race":"TESRace /Game/Forms/actors/race/Argonian.Argonian",
  "HairColorsL":{
    "0":{
      "R":0.0,
      "G":0.0,
      "B":0.0,
      "A":1.0
    }
  },
  "Body":"SkeletalMesh /Game/Art/Character/Imperial/SK_Imperial_Body_m.SK_Imperial_Body_m",
  "Date":"2025-06-04 19:28:16",
  "SkinColorsMapL":{
    "Color 3":{
      "R":0.54513901472092,
      "G":1.0,
      "B":0.58842200040817,
      "A":1.0
    },
    "Eyeliner Tone":{
      "R":1.0,
      "G":1.0,
      "B":1.0,
      "A":1.0
    },
    "Color 2":{
      "R":1.0,
      "G":0.19182400405407,
      "B":0.15972200036049,
      "A":1.0
    },
    "Color 1":{
      "R":0.77777802944183,
      "G":0.35122600197792,
      "B":0.25115698575974,
      "A":1.0
    }
  },
  "ModCreator":"animandan",
  "Sex":0,
  "ModName":"RaceMenuUtilities",
  "EyeMaterial":"/Game/Art/Character/Argonian/MIC_Argonian_Eyes.MIC_Argonian_Eyes",
  "ModVersion":"1.1.0",
  "FaceBaseMesh":"/Game/Art/Character/Argonian/SK_Argonian_Head_m.SK_Argonian_Head_m",
  "Hair":"/Game/Dev/Phenotypes/Hair/HP_Argonian_HR_Spines.HP_Argonian_HR_Spines",
  "Description":"saved from in-game",
  "SenescenceLevel":4,
  "FaceMorphValuesMap":{
    "Face Gaunt / Round":-0.018178272992373,
    "Nose Short / Long":0.0,
    "Nose Tilt Down / Up":0.0,
    "Mouth Sad / Happy":-0.381546407938,
    "Mouth Retracted / Protruding":-0.11521410942078,
    "Chin Short / Tall":-0.52407628297806,
    "Cheekbones Low / High":-0.39148113131523,
    "Nose Nostrils Tilt Down / Up":0.18027305603027,
    "Mouth Deflated / Inflated":-0.14176765084267,
    "Hair Length":0.0,
    "Nose Sellion Shallow / Deep":0.0,
    "Chin Shallow / Deep":-0.37591555714607,
    "Jaw Concave / Convex":-0.064420320093632,
    "Brow Ridge Low / High":0.091465935111046,
    "Chin Recessed / Pronounced":-0.043580818921328,
    "Mouth Tilt Down / Up":-0.089919090270996,
    "Nose Sellion Thin / Wide":0.0,
    "Cheeks Gaunt / Round":0.1104239448905,
    "Nose Sellion Lower Shallow / Deep":0.0,
    "Nose Sellion Down / Up":-0.20949898660183,
    "Cheeks Concave / Convex":0.27587741613388,
    "Nose Region Concave / Convex":-0.15825854241848,
    "Eyes Inward / Outward":0.031769704073668,
    "Nose Nostrils Thin / Wide":-0.040115308016539,
    "Brow Ridge Inner Down / Up":0.26601415872574,
    "Eyes Apart / Together":-0.097238659858704,
    "Mouth Underbite / Overbite":0.017051720991731,
    "Chin Retracted / Jutting":-0.12172766029835,
    "Brow / Nose / Chin Ratio":-0.15273657441139,
    "Nose Bridge Short / Long":-0.062220860272646,
    "Mouth Low / High":-0.31255772709846,
    "Forehead Small / Large":0.0098278997465968,
    "Nose Bridge Shallow / Deep":-0.012393665499985,
    "Eyes Small / Large":0.16126699745655,
    "Forehead / Sellion / Nose Ratio":0.1168452501297,
    "Mouth Chin Short / Long":0.056978967040777,
    "Forehead Short / Tall":0.20957536995411,
    "Eyes Down / Up":0.26640272140503,
    "Vampire":0.0,
    "Mouth Retracted / Puckered":-0.074372105300426,
    "Jaw Retracted / Jutting":0.02609152905643,
    "Mouth Drawn / Pursed":-0.10839231312275,
    "Cheekbones Thin / Wide":0.22527246177197,
    "Nose Down / Up":0.076751708984375,
    "Jaw Neck Slope Low / High":-0.080623343586922,
    "Chin Thin / Wide":-0.17662052810192,
    "Cheekbones Shallow / Pronounced":-0.2616725564003,
    "Nose Nostrils Small / Large":0.13540183007717,
    "Nose Flat / Pointed":0.18612937629223,
    "Face Thin / Wide":-0.082326091825962,
    "Chin Backward / Forward":0.33362707495689,
    "Face Light / Heavy":-0.067864321172237,
    "Mouth Small / Large":0.77999997138977,
    "Forehead Back / Forward":-0.18289975821972,
    "Jaw Thin / Wide":0.012441635131836,
    "Brow Ridge Outer Down / Up":0.46216198801994,
    "Chin Small / Large":0.016640914604068
  },
  "Name":"BP_ArenaHopeful2_C"
}