{
  "Sex":0,
  "HairColorsL":{
    "0":{
      "A":1.0,
      "R":0.021219009533525,
      "G":0.01032982300967,
      "B":0.0060488330200315
    }
  },
  "EyeMaterial":"/Game/Art/Character/Modular/Eyes_Human/MIC_Human_Eyes_Red1.MIC_Human_Eyes_Red1",
  "Author":"Bethesda",
  "Date":"2025-06-04 19:33:42",
  "Description":"saved from in-game",
  "Name":"BP_BravilGuardCityPostDay02_C",
  "ModCreator":"animandan",
  "ModName":"RaceMenuUtilities",
  "FaceBaseMesh":"/Game/Art/Character/Imperial/SK_Imperial_Head_m.SK_Imperial_Head_m",
  "ModVersion":"1.1.0",
  "Body":"SkeletalMesh /Game/Art/Character/Imperial/SK_Imperial_Body_m.SK_Imperial_Body_m",
  "FaceMorphValuesMap":{
    "Nose Nostrils Thin / Wide":0.0,
    "Forehead / Sellion / Nose Ratio":-0.029190802946687,
    "Cheekbones Thin / Wide":-0.10573899745941,
    "Forehead Small / Large":0.037854950875044,
    "Chin Recessed / Pronounced":0.0,
    "Brow / Nose / Chin Ratio":0.0,
    "Jaw Thin / Wide":-0.31999999284744,
    "Cheeks Gaunt / Round":-0.049251444637775,
    "Chin Backward / Forward":-0.04356300085783,
    "Chin Thin / Wide":0.0,
    "Forehead Short / Tall":-0.131003215909,
    "Face Thin / Wide":-0.29809498786926,
    "Brow Ridge Inner Down / Up":-0.087788000702858,
    "Mouth Underbite / Overbite":0.36879301071167,
    "Mouth Low / High":0.50366801023483,
    "Vampire":0.0,
    "Face Gaunt / Round":-0.12656033039093,
    "Eyes Small / Large":-0.75999999046326,
    "Mouth Drawn / Pursed":0.0,
    "Chin Retracted / Jutting":-0.017759999260306,
    "Nose Tilt Down / Up":-0.55999898910522,
    "Mouth Small / Large":0.11999999731779,
    "Nose Short / Long":0.30000001192093,
    "Nose Bridge Shallow / Deep":0.045395649969578,
    "Nose Sellion Thin / Wide":0.40000000596046,
    "Mouth Retracted / Protruding":0.0,
    "Nose Sellion Shallow / Deep":0.0,
    "Jaw Retracted / Jutting":0.20157270133495,
    "Nose Sellion Down / Up":0.091784998774529,
    "Eyes Inward / Outward":-0.106450997293,
    "Nose Region Concave / Convex":0.13169623911381,
    "Brow Ridge Outer Down / Up":0.47797900438309,
    "Nose Nostrils Small / Large":0.0,
    "Eyes Apart / Together":0.64097702503204,
    "Nose Nostrils Tilt Down / Up":0.15864300727844,
    "Nose Flat / Pointed":0.054820030927658,
    "Mouth Tilt Down / Up":0.073789000511169,
    "Jaw Concave / Convex":0.22420592606068,
    "Mouth Sad / Happy":-0.39619201421738,
    "Cheekbones Shallow / Pronounced":0.0028399999719113,
    "Face Light / Heavy":0.21002599596977,
    "Nose Down / Up":-0.54000002145767,
    "Chin Short / Tall":0.0,
    "Eyes Down / Up":0.032096292823553,
    "Cheeks Concave / Convex":0.17587499320507,
    "Nose Bridge Short / Long":-0.66264998912811,
    "Mouth Chin Short / Long":0.23093345761299,
    "Nose Sellion Lower Shallow / Deep":0.34000000357628,
    "Mouth Retracted / Puckered":0.0,
    "Hair Length":0.0,
    "Mouth Deflated / Inflated":0.0,
    "Chin Shallow / Deep":0.26465600728989,
    "Jaw Neck Slope Low / High":0.0,
    "Brow Ridge Low / High":-0.43999999761581,
    "Cheekbones Low / High":-0.030631536617875,
    "Forehead Back / Forward":-0.11797004193068,
    "Chin Small / Large":0.0
  },
  "Hair":"/Game/Dev/Phenotypes/Hair/HP_New_HR_Casual.HP_New_HR_Casual",
  "SenescenceLevel":4,
  "APIVersion":"v2",
  "SkinParametersMap":{
    "Complexion":0.43999999761581,
    "Eye Sockets Bruised/Bright":0.0,
    "Ombre Constrast":0.98000001907349,
    "Skin Tint Purple/Yellow":0.0,
    "Eye Sockets Dark/Light":0.0,
    "Root Redness":0.5,
    "Naso Small/Large":0.0,
    "Ombre Amount":1.0,
    "Eyebrows Redness Intensity":0.0,
    "Root Color":0.10000000149012,
    "Age":0.0,
    "Lipstick Dark Blue/Light Red":0.0,
    "Lipstick Dark Red/Light Blue":0.0,
    "Eye socket Bruised/Bright":0.0,
    "Freckles":0.0,
    "Eylids Light/Dark":0.0,
    "Eye Socket Dark/Light":0.0,
    "Cheek Blush Light/Red":0.20000000298023,
    "Eyebrows Color Intensity":0.5,
    "Cheekbones Flushed/Pale":0.23999999463558,
    "Lipstick Amount":0.0,
    "Skin Tint Orange/Blue":0.0,
    "Eyelids Light/Dark":0.0,
    "Naso Labial Lines Light/Dark":0.0,
    "Tip Redness":0.5,
    "Eyeshadow Light/Dark":0.0,
    "Eyelids Pale/Red":0.0,
    "Tip Color":0.34000000357628,
    "Lips Flushed/Pale":0.0,
    "Eyeliner Light/Dark":0.0,
    "Salt And Pepper":0.0,
    "Skin Dark/Light":0.0
  },
  "Race":"TESRace /Game/Forms/actors/race/Imperial.Imperial",
  "SkinColorsMapL":{
    "Root DyeColor":{
      "A":1.0,
      "R":1.0,
      "G":1.0,
      "B":1.0
    },
    "Eyeliner Tone":{
      "A":1.0,
      "R":1.0,
      "G":1.0,
      "B":1.0
    },
    "Tip DyeColor":{
      "A":1.0,
      "R":1.0,
      "G":1.0,
      "B":1.0
    },
    "Skin Tone":{
      "A":1.0,
      "R":0.93229198455811,
      "G":0.82918202877045,
      "B":0.81089997291565
    },
    "Lipstick Color":{
      "A":1.0,
      "R":1.0,
      "G":1.0,
      "B":1.0
    }
  }
}