{
  "Sex":0,
  "HairColorsL":{
    "1":{
      "A":1.0,
      "R":0.22395800054073,
      "G":0.1452250033617,
      "B":0.08398400247097
    },
    "2":{
      "A":1.0,
      "R":0.22395800054073,
      "G":0.1452250033617,
      "B":0.08398400247097
    },
    "0":{
      "A":1.0,
      "R":0.22395800054073,
      "G":0.1452250033617,
      "B":0.08398400247097
    }
  },
  "SkinColorsMapL":{
    "Root DyeColor":{
      "A":1.0,
      "R":1.0,
      "G":1.0,
      "B":1.0
    },
    "Eyeliner Tone":{
      "A":1.0,
      "R":1.0,
      "G":1.0,
      "B":1.0
    },
    "Tip DyeColor":{
      "A":1.0,
      "R":1.0,
      "G":1.0,
      "B":1.0
    },
    "Skin Tone":{
      "A":1.0,
      "R":1.0,
      "G":1.0,
      "B":1.0
    },
    "Lipstick Color":{
      "A":1.0,
      "R":0.093058958649635,
      "G":0.0009105809731409,
      "B":0.0097212167456746
    }
  },
  "Date":"2025-06-04 19:34:54",
  "Description":"saved from in-game",
  "Name":"BP_BeggarBravilCosmusTheCheat_C",
  "ModCreator":"animandan",
  "ModName":"RaceMenuUtilities",
  "ModVersion":"1.1.0",
  "Mustache":"/Game/Dev/Phenotypes/Mustache/HP_Imperial_MS_Scruffy.HP_Imperial_MS_Scruffy",
  "Author":"Bethesda",
  "Body":"SkeletalMesh /Game/Art/Character/Imperial/SK_Imperial_Body_m.SK_Imperial_Body_m",
  "SenescenceLevel":4,
  "FaceMorphValuesMap":{
    "Nose Nostrils Thin / Wide":0.35512900352478,
    "Forehead / Sellion / Nose Ratio":0.031412985175848,
    "Cheekbones Thin / Wide":0.10118900239468,
    "Forehead Small / Large":0.31339699029922,
    "Chin Recessed / Pronounced":0.069340787827969,
    "Brow / Nose / Chin Ratio":0.12107311934233,
    "Jaw Thin / Wide":-0.68211299180984,
    "Cheeks Gaunt / Round":0.25096300244331,
    "Chin Backward / Forward":-0.18000276386738,
    "Chin Thin / Wide":0.42113700509071,
    "Forehead Short / Tall":-0.15428476035595,
    "Face Thin / Wide":-0.95999997854233,
    "Brow Ridge Inner Down / Up":0.10603100061417,
    "Mouth Underbite / Overbite":-0.27620100975037,
    "Mouth Low / High":-0.052641000598669,
    "Vampire":0.0,
    "Face Gaunt / Round":-0.1693450063467,
    "Eyes Small / Large":-0.80000001192093,
    "Mouth Drawn / Pursed":-0.062482364475727,
    "Chin Retracted / Jutting":0.14559745788574,
    "Nose Tilt Down / Up":-0.15999999642372,
    "Mouth Small / Large":0.051018785685301,
    "Nose Short / Long":0.0,
    "Nose Bridge Shallow / Deep":-0.15341700613499,
    "Nose Sellion Thin / Wide":0.66000002622604,
    "Mouth Retracted / Protruding":0.0091730002313852,
    "Nose Sellion Shallow / Deep":0.0,
    "Jaw Retracted / Jutting":0.08353316783905,
    "Nose Sellion Down / Up":0.34319412708282,
    "Eyes Inward / Outward":0.15471796691418,
    "Nose Region Concave / Convex":-0.26000100374222,
    "Brow Ridge Outer Down / Up":0.58129197359085,
    "Nose Nostrils Small / Large":0.1160290017724,
    "Eyes Apart / Together":0.97463899850845,
    "Nose Nostrils Tilt Down / Up":-0.022035295143723,
    "Nose Flat / Pointed":-0.11694880574942,
    "Mouth Tilt Down / Up":-0.52071297168732,
    "Jaw Concave / Convex":0.4830079972744,
    "Mouth Sad / Happy":-0.15103100240231,
    "Cheekbones Shallow / Pronounced":0.10334099829197,
    "Face Light / Heavy":0.41665300726891,
    "Nose Down / Up":-0.38590815663338,
    "Chin Short / Tall":0.24691164493561,
    "Eyes Down / Up":-0.3817920088768,
    "Cheeks Concave / Convex":-0.39866900444031,
    "Nose Bridge Short / Long":0.079954348504543,
    "Mouth Chin Short / Long":0.0992781072855,
    "Nose Sellion Lower Shallow / Deep":-0.03999999910593,
    "Mouth Retracted / Puckered":-0.49137198925018,
    "Hair Length":0.0,
    "Mouth Deflated / Inflated":-0.41473400592804,
    "Chin Shallow / Deep":0.42928501963615,
    "Jaw Neck Slope Low / High":0.18629199266434,
    "Brow Ridge Low / High":0.29393199086189,
    "Cheekbones Low / High":0.46000000834465,
    "Forehead Back / Forward":-0.079070180654526,
    "Chin Small / Large":-0.56097310781479
  },
  "Hair":"/Game/Dev/Phenotypes/Hair/HP_HR_Ponytail.HP_HR_Ponytail",
  "FaceBaseMesh":"/Game/Art/Character/Imperial/SK_Imperial_Head_m.SK_Imperial_Head_m",
  "APIVersion":"v2",
  "Beard":"/Game/Dev/Phenotypes/Beard/HP_Imperial_BD_Scruffy.HP_Imperial_BD_Scruffy",
  "Race":"TESRace /Game/Forms/actors/race/Imperial.Imperial",
  "SkinParametersMap":{
    "Complexion":0.40449500083923,
    "Ombre Constrast":0.0,
    "Eye socket Bruised/Bright":0.0,
    "Root Redness":0.0,
    "Khajiit Pattern Number":0.0,
    "Eyebrows Redness Intensity":0.0,
    "Root Color":0.10000000149012,
    "Cheek Blush Light/Red":0.0,
    "Eyebrows Color Intensity":0.68913900852203,
    "Cheekbones Flushed/Pale":0.0,
    "Lipstick Amount":0.0,
    "Tip Redness":0.0,
    "Eyelids Pale/Red":0.0,
    "Tip Color":0.10000000149012,
    "Ombre Amount":0.0,
    "Salt And Pepper":0.0,
    "Freckles":0.0
  }
}