{
  "ModName":"RaceMenuUtilities",
  "FaceBaseMesh":"/Game/Art/Character/Breton/SK_Breton_Head_m.SK_Breton_Head_m",
  "Author":"Bethesda",
  "Date":"2025-06-04 20:30:49",
  "SkinColorsMapL":{
    "Lipstick Color":{
      "A":1.0,
      "B":1.0,
      "G":1.0,
      "R":1.0
    },
    "Eyeliner Tone":{
      "A":1.0,
      "B":1.0,
      "G":1.0,
      "R":1.0
    },
    "Root DyeColor":{
      "A":1.0,
      "B":1.0,
      "G":1.0,
      "R":1.0
    },
    "Tip DyeColor":{
      "A":1.0,
      "B":1.0,
      "G":1.0,
      "R":1.0
    },
    "Skin Tone":{
      "A":1.0,
      "B":1.0,
      "G":1.0,
      "R":1.0
    }
  },
  "Name":"BP_BanditWizardMale3B_C",
  "FaceMorphValuesMap":{
    "Eyes Small / Large":-0.38306900858879,
    "Jaw Thin / Wide":-0.083966754376888,
    "Brow Ridge Low / High":-0.49225398898125,
    "Chin Retracted / Jutting":0.29714041948318,
    "Face Thin / Wide":0.15120700001717,
    "Hair Length":0.0,
    "Chin Backward / Forward":0.0030143819749355,
    "Vampire":0.0,
    "Mouth Underbite / Overbite":0.15799699723721,
    "Eyes Inward / Outward":0.10306522995234,
    "Mouth Sad / Happy":-0.033959999680519,
    "Jaw Retracted / Jutting":-0.44785019755363,
    "Nose Flat / Pointed":0.0,
    "Chin Recessed / Pronounced":-0.03871613368392,
    "Cheeks Gaunt / Round":0.61510998010635,
    "Forehead Back / Forward":-0.022848999127746,
    "Nose Sellion Down / Up":0.0,
    "Mouth Deflated / Inflated":-0.11609753221273,
    "Mouth Small / Large":0.33035400509834,
    "Nose Tilt Down / Up":0.0,
    "Nose Short / Long":0.0,
    "Mouth Drawn / Pursed":0.40401801466942,
    "Chin Short / Tall":-0.099090322852135,
    "Nose Sellion Thin / Wide":0.0,
    "Jaw Neck Slope Low / High":0.24903146922588,
    "Cheekbones Shallow / Pronounced":-0.24010500311852,
    "Nose Sellion Shallow / Deep":0.66000002622604,
    "Mouth Tilt Down / Up":-0.46836599707603,
    "Brow / Nose / Chin Ratio":-0.19235099852085,
    "Brow Ridge Outer Down / Up":0.47874400019646,
    "Chin Small / Large":0.15066879987717,
    "Mouth Retracted / Puckered":-0.30972999334335,
    "Chin Thin / Wide":0.20788238942623,
    "Nose Nostrils Tilt Down / Up":0.0,
    "Face Gaunt / Round":0.13479267060757,
    "Cheekbones Thin / Wide":-0.061418000608683,
    "Forehead / Sellion / Nose Ratio":0.080882400274277,
    "Cheekbones Low / High":0.18307833373547,
    "Nose Bridge Short / Long":0.0,
    "Forehead Short / Tall":-0.069742999970913,
    "Nose Bridge Shallow / Deep":0.0,
    "Mouth Chin Short / Long":0.076125502586365,
    "Face Light / Heavy":0.25425907969475,
    "Nose Region Concave / Convex":0.0,
    "Mouth Retracted / Protruding":-0.58105599880219,
    "Cheeks Concave / Convex":0.057385142892599,
    "Nose Nostrils Small / Large":0.15999999642372,
    "Jaw Concave / Convex":0.4998594224453,
    "Nose Down / Up":0.0,
    "Mouth Low / High":-0.28542798757553,
    "Eyes Down / Up":-0.28634798526764,
    "Chin Shallow / Deep":0.23895226418972,
    "Eyes Apart / Together":0.077574588358402,
    "Brow Ridge Inner Down / Up":-0.44618099927902,
    "Nose Sellion Lower Shallow / Deep":0.0,
    "Nose Nostrils Thin / Wide":0.68000000715256,
    "Forehead Small / Large":-0.60940599441528
  },
  "EyeMaterial":"/Game/Art/Character/Modular/Eyes_Human/MIC_Human_Eyes_Brown2.MIC_Human_Eyes_Brown2",
  "HairColorsL":{
    "1":{
      "A":1.0,
      "B":0.061027999967337,
      "G":0.10424599796534,
      "R":0.16145800054073
    },
    "2":{
      "A":1.0,
      "B":0.061027999967337,
      "G":0.10424599796534,
      "R":0.16145800054073
    },
    "0":{
      "A":1.0,
      "B":0.08398400247097,
      "G":0.1452250033617,
      "R":0.22395800054073
    }
  },
  "SkinParametersMap":{
    "Complexion":0.37999999523163,
    "Freckles":0.0,
    "Ombre Amount":1.0,
    "Eylids Light/Dark":0.0,
    "Skin Tint Purple/Yellow":0.21999999880791,
    "Cheek Blush Light/Red":0.0,
    "Ombre Constrast":1.0,
    "Tip Color":0.10000000149012,
    "Eye socket Bruised/Bright":0.0,
    "Skin Tint Orange/Blue":0.019999999552965,
    "Eyebrows Color Intensity":0.0,
    "Tip Redness":0.5,
    "Root Redness":0.5,
    "Root Color":0.10000000149012,
    "Skin Dark/Light":0.30000001192093,
    "Salt And Pepper":0.0,
    "Eyebrows Redness Intensity":0.0,
    "Eyeliner Light/Dark":0.0,
    "Eyelids Pale/Red":0.0,
    "Cheekbones Flushed/Pale":0.0,
    "Eye Socket Dark/Light":0.0,
    "Lipstick Amount":0.0
  },
  "Mustache":"/Game/Dev/Phenotypes/Mustache/HP_Breton_MS_Medium.HP_Breton_MS_Medium",
  "SenescenceLevel":2,
  "Sex":0,
  "Description":"saved from in-game",
  "Beard":"/Game/Dev/Phenotypes/Beard/HP_Breton_BD_Goatee.HP_Breton_BD_Goatee",
  "ModCreator":"animandan",
  "ModVersion":"1.1.0",
  "APIVersion":"v2",
  "Hair":"/Game/Dev/Phenotypes/Hair/HP_Human_HR_MessyBalding.HP_Human_HR_MessyBalding",
  "Race":"TESRace /Game/Forms/actors/race/Breton.Breton",
  "Body":"SkeletalMesh /Game/Art/Character/Imperial/SK_Imperial_Body_m.SK_Imperial_Body_m"
}