{
  "APIVersion":"v2",
  "SkinParametersMap":{
    "Lipstick Amount":0.0,
    "Freckles":0.0,
    "Eye socket Bruised/Bright":0.0,
    "Tip Color":0.0,
    "Complexion":0.0,
    "Eyebrows Redness Intensity":0.0,
    "Ombre Constrast":0.0,
    "Eyelids Pale/Red":0.0,
    "Root Color":0.0,
    "Cheek Blush Light/Red":0.0,
    "Root Redness":0.0,
    "Ombre Amount":0.0,
    "Tip Redness":0.0,
    "Cheekbones Flushed/Pale":0.0,
    "Eyebrows Color Intensity":0.0,
    "Salt And Pepper":0.0
  },
  "Author":"Bethesda",
  "Race":"TESRace /Game/Forms/actors/race/Redguard.Redguard",
  "HairColorsL":{
    "0":{
      "R":0.22395800054073,
      "G":0.1452250033617,
      "B":0.08398400247097,
      "A":1.0
    }
  },
  "Body":"SkeletalMesh /Game/Art/Character/Imperial/SK_Imperial_Body_m.SK_Imperial_Body_m",
  "Date":"2025-06-04 19:29:08",
  "SkinColorsMapL":{
    "Root DyeColor":{
      "R":0.0047769998200238,
      "G":0.0012140000471845,
      "B":0.0,
      "A":1.0
    },
    "Lipstick Color":{
      "R":0.093058958649635,
      "G":0.0009105809731409,
      "B":0.0097212167456746,
      "A":1.0
    },
    "Tip DyeColor":{
      "R":0.10702300071716,
      "G":0.034340001642704,
      "B":0.0056050000712276,
      "A":1.0
    },
    "Skin Tone":{
      "R":1.0,
      "G":1.0,
      "B":1.0,
      "A":1.0
    },
    "Eyeliner Tone":{
      "R":1.0,
      "G":1.0,
      "B":1.0,
      "A":1.0
    }
  },
  "ModCreator":"animandan",
  "Sex":0,
  "ModName":"RaceMenuUtilities",
  "EyeMaterial":"/Game/Art/Character/Modular/Eyes_Human/MIC_Human_Eyes_Brown2.MIC_Human_Eyes_Brown2",
  "ModVersion":"1.1.0",
  "FaceBaseMesh":"/Game/Art/Character/Redguard/SK_Redguard_Head_m.SK_Redguard_Head_m",
  "Hair":"/Game/Dev/Phenotypes/Hair/HP_New_HR_Receding.HP_New_HR_Receding",
  "Description":"saved from in-game",
  "SenescenceLevel":0,
  "FaceMorphValuesMap":{
    "Face Gaunt / Round":-0.01999899931252,
    "Nose Short / Long":0.23999999463558,
    "Nose Tilt Down / Up":0.28000000119209,
    "Mouth Sad / Happy":0.75999999046326,
    "Mouth Retracted / Protruding":-0.21999999880791,
    "Chin Short / Tall":-0.25999999046326,
    "Cheekbones Low / High":-0.34000000357628,
    "Nose Nostrils Tilt Down / Up":-0.019999999552965,
    "Mouth Deflated / Inflated":0.18000000715256,
    "Hair Length":0.0,
    "Nose Sellion Shallow / Deep":0.0,
    "Chin Shallow / Deep":0.0,
    "Jaw Concave / Convex":0.15999899804592,
    "Brow Ridge Low / High":0.31999999284744,
    "Chin Recessed / Pronounced":-0.14000000059605,
    "Mouth Tilt Down / Up":-0.23999999463558,
    "Nose Sellion Thin / Wide":0.0,
    "Cheeks Gaunt / Round":0.31999999284744,
    "Nose Sellion Lower Shallow / Deep":0.079999998211861,
    "Nose Sellion Down / Up":0.0,
    "Cheeks Concave / Convex":0.37999999523163,
    "Nose Region Concave / Convex":0.0,
    "Eyes Inward / Outward":-0.21999999880791,
    "Nose Nostrils Thin / Wide":-0.14000000059605,
    "Brow Ridge Inner Down / Up":0.15999999642372,
    "Eyes Apart / Together":0.41999998688698,
    "Mouth Underbite / Overbite":-0.25999900698662,
    "Chin Retracted / Jutting":0.0,
    "Brow / Nose / Chin Ratio":-0.019999999552965,
    "Nose Bridge Short / Long":0.0,
    "Mouth Low / High":-0.20000000298023,
    "Forehead Small / Large":0.20000000298023,
    "Nose Bridge Shallow / Deep":-0.10000000149012,
    "Eyes Small / Large":0.37999999523163,
    "Forehead / Sellion / Nose Ratio":-0.20000100135803,
    "Mouth Chin Short / Long":-0.28000000119209,
    "Forehead Short / Tall":0.11999999731779,
    "Eyes Down / Up":-0.40000000596046,
    "Vampire":0.0,
    "Mouth Retracted / Puckered":-0.46000000834465,
    "Jaw Retracted / Jutting":0.46000000834465,
    "Mouth Drawn / Pursed":0.21999999880791,
    "Cheekbones Thin / Wide":0.30000001192093,
    "Nose Down / Up":-0.25999900698662,
    "Jaw Neck Slope Low / High":0.23999999463558,
    "Chin Thin / Wide":0.079999998211861,
    "Cheekbones Shallow / Pronounced":0.46000000834465,
    "Nose Nostrils Small / Large":0.079999998211861,
    "Nose Flat / Pointed":-0.03999999910593,
    "Face Thin / Wide":0.23999999463558,
    "Chin Backward / Forward":-0.11999999731779,
    "Face Light / Heavy":0.10000000149012,
    "Mouth Small / Large":0.0,
    "Forehead Back / Forward":0.21999999880791,
    "Jaw Thin / Wide":0.019999999552965,
    "Brow Ridge Outer Down / Up":0.18000000715256,
    "Chin Small / Large":0.14000000059605
  },
  "Name":"BP_BanditBlackBowBoss4Male1_C"
}