{
  "ModName":"RaceMenuUtilities",
  "FaceBaseMesh":"/Game/Art/Character/Redguard/SK_Redguard_Head_m.SK_Redguard_Head_m",
  "Author":"Bethesda",
  "Date":"2025-06-04 20:30:47",
  "SkinColorsMapL":{
    "Tip DyeColor":{
      "A":1.0,
      "B":1.0,
      "G":1.0,
      "R":1.0
    },
    "Lipstick Color":{
      "A":1.0,
      "B":1.0,
      "G":1.0,
      "R":1.0
    },
    "Root DyeColor":{
      "A":1.0,
      "B":1.0,
      "G":1.0,
      "R":1.0
    }
  },
  "APIVersion":"v2",
  "FaceMorphValuesMap":{
    "Eyes Small / Large":0.032421387732029,
    "Jaw Thin / Wide":0.1074682623148,
    "Brow Ridge Low / High":-0.18025790154934,
    "Chin Retracted / Jutting":0.26817107200623,
    "Face Thin / Wide":0.1307088136673,
    "Hair Length":0.0,
    "Chin Backward / Forward":-0.2303047478199,
    "Vampire":0.0,
    "Mouth Underbite / Overbite":-0.30057606101036,
    "Eyes Inward / Outward":-0.22342704236507,
    "Mouth Sad / Happy":-0.05359373241663,
    "Jaw Retracted / Jutting":0.032906390726566,
    "Nose Flat / Pointed":-0.34032294154167,
    "Chin Recessed / Pronounced":-0.2297842502594,
    "Cheeks Gaunt / Round":0.15044103562832,
    "Forehead Back / Forward":0.59224337339401,
    "Nose Sellion Down / Up":0.44936934113503,
    "Mouth Deflated / Inflated":0.34398251771927,
    "Mouth Small / Large":0.10843210667372,
    "Nose Tilt Down / Up":0.0,
    "Nose Short / Long":0.0,
    "Mouth Drawn / Pursed":-0.71009814739227,
    "Chin Short / Tall":0.36750137805939,
    "Nose Sellion Thin / Wide":0.0,
    "Jaw Neck Slope Low / High":0.40860071778297,
    "Cheekbones Shallow / Pronounced":-0.37573704123497,
    "Nose Sellion Shallow / Deep":0.0,
    "Mouth Tilt Down / Up":-0.61115372180939,
    "Brow / Nose / Chin Ratio":-0.13126258552074,
    "Brow Ridge Outer Down / Up":0.24832873046398,
    "Chin Small / Large":0.088996171951294,
    "Mouth Retracted / Puckered":0.26917171478271,
    "Chin Thin / Wide":0.13420858979225,
    "Nose Nostrils Tilt Down / Up":0.28820857405663,
    "Face Gaunt / Round":-0.24291634559631,
    "Cheekbones Thin / Wide":-0.12835751473904,
    "Forehead / Sellion / Nose Ratio":-0.26096254587173,
    "Cheekbones Low / High":0.070016793906689,
    "Nose Bridge Short / Long":-0.35115215182304,
    "Forehead Short / Tall":0.36343804001808,
    "Nose Bridge Shallow / Deep":0.14527118206024,
    "Mouth Chin Short / Long":-0.32406356930733,
    "Face Light / Heavy":0.18323901295662,
    "Nose Region Concave / Convex":-0.00055022240849212,
    "Mouth Retracted / Protruding":-0.38105207681656,
    "Cheeks Concave / Convex":-0.35155376791954,
    "Nose Nostrils Small / Large":-0.3099901676178,
    "Jaw Concave / Convex":0.26066213846207,
    "Nose Down / Up":-0.018508970737457,
    "Mouth Low / High":0.087198100984097,
    "Eyes Down / Up":-0.50341546535492,
    "Chin Shallow / Deep":0.18101637065411,
    "Eyes Apart / Together":0.13105940818787,
    "Brow Ridge Inner Down / Up":0.53769534826279,
    "Nose Sellion Lower Shallow / Deep":0.0,
    "Nose Nostrils Thin / Wide":0.39912679791451,
    "Forehead Small / Large":-0.59468525648117
  },
  "EyeMaterial":"/Game/Art/Character/Modular/Eyes_Human/MIC_Human_Eyes_Brown2.MIC_Human_Eyes_Brown2",
  "HairColorsL":[],
  "SkinParametersMap":{
    "Complexion":-0.5799999833107,
    "Freckles":0.80000001192093,
    "Ombre Amount":0.0,
    "Eylids Light/Dark":0.019999999552965,
    "None":0.0,
    "Skin Tint Purple/Yellow":-0.11999999731779,
    "Cheek Blush Light/Red":0.46000000834465,
    "Ombre Constrast":0.0,
    "Tip Color":0.46000000834465,
    "Eye socket Bruised/Bright":0.93999999761581,
    "Lipstick Amount":0.0,
    "Eyebrows Color Intensity":-0.34000000357628,
    "Skin Dark/Light":-0.74000000953674,
    "Tip Redness":0.5,
    "Root Color":0.72000002861023,
    "Root Redness":0.87999999523163,
    "Salt And Pepper":0.0,
    "Eyebrows Redness Intensity":0.20000000298023,
    "Eyeliner Light/Dark":0.11999999731779,
    "Skin Tint Orange/Blue":-0.20000000298023,
    "Cheekbones Flushed/Pale":0.21999999880791,
    "Eyelids Pale/Red":-0.21999999880791,
    "Eye Socket Dark/Light":0.54000002145767
  },
  "SenescenceLevel":0,
  "Sex":0,
  "Description":"saved from in-game",
  "ModCreator":"animandan",
  "ModVersion":"1.1.0",
  "Hair":"/Game/Dev/Phenotypes/Hair/HP_Redguard_HR_Classic.HP_Redguard_HR_Classic",
  "Name":"BP_BanditMeleeMale3B_C",
  "Race":"TESRace /Game/Forms/actors/race/Redguard.Redguard",
  "Body":"SkeletalMesh /Game/Art/Character/Imperial/SK_Imperial_Body_m.SK_Imperial_Body_m"
}