{
  "Name":"BP_Baurus_C",
  "Sex":0,
  "SkinColorsMapL":{
    "Root DyeColor":{
      "A":1.0,
      "B":1.0,
      "G":1.0,
      "R":1.0
    },
    "Eyeliner Tone":{
      "A":1.0,
      "B":1.0,
      "G":1.0,
      "R":1.0
    },
    "Lipstick Color":{
      "A":1.0,
      "B":1.0,
      "G":1.0,
      "R":1.0
    },
    "Skin Tone":{
      "A":1.0,
      "B":1.0,
      "G":1.0,
      "R":1.0
    },
    "Tip DyeColor":{
      "A":1.0,
      "B":1.0,
      "G":1.0,
      "R":1.0
    }
  },
  "ModName":"RaceMenuUtilities",
  "EyeMaterial":"/Game/Art/Character/Baurus/MIC_Eyes_Baurus.MIC_Eyes_Baurus",
  "FaceMorphValuesMap":{
    "Nose Nostrils Tilt Down / Up":0.0,
    "Brow Ridge Outer Down / Up":0.0,
    "Chin Shallow / Deep":0.0,
    "Mouth Chin Short / Long":0.0,
    "Mouth Retracted / Protruding":0.0,
    "Face Gaunt / Round":0.0,
    "Eyes Down / Up":0.0,
    "Mouth Drawn / Pursed":0.0,
    "Brow Ridge Inner Down / Up":0.0,
    "Brow Ridge Low / High":0.0,
    "Mouth Retracted / Puckered":0.0,
    "Cheeks Concave / Convex":0.0,
    "Hair Length":0.0,
    "Eyes Apart / Together":0.0,
    "Jaw Neck Slope Low / High":0.0,
    "Jaw Thin / Wide":0.0,
    "Vampire":0.0,
    "Nose Bridge Short / Long":0.0,
    "Forehead / Sellion / Nose Ratio":0.0,
    "Chin Thin / Wide":0.0,
    "Cheekbones Low / High":0.0,
    "Nose Flat / Pointed":0.0,
    "Nose Sellion Shallow / Deep":0.0,
    "Nose Tilt Down / Up":0.0,
    "Chin Backward / Forward":0.0,
    "Forehead Short / Tall":0.0,
    "Face Light / Heavy":0.0,
    "Nose Sellion Down / Up":0.0,
    "Nose Region Concave / Convex":0.0,
    "Cheeks Gaunt / Round":0.0,
    "Chin Short / Tall":0.0,
    "Cheekbones Shallow / Pronounced":0.0,
    "Nose Sellion Thin / Wide":0.0,
    "Nose Nostrils Small / Large":0.0,
    "Nose Down / Up":0.0,
    "Cheekbones Thin / Wide":0.0,
    "Mouth Deflated / Inflated":0.0,
    "Chin Recessed / Pronounced":0.0,
    "Brow / Nose / Chin Ratio":0.0,
    "Nose Bridge Shallow / Deep":0.0,
    "Mouth Underbite / Overbite":0.0,
    "Chin Small / Large":0.0,
    "Face Thin / Wide":0.0,
    "Nose Nostrils Thin / Wide":0.0,
    "Nose Short / Long":0.0,
    "Jaw Retracted / Jutting":0.0,
    "Jaw Concave / Convex":0.0,
    "Mouth Sad / Happy":0.0,
    "Eyes Inward / Outward":0.0,
    "Mouth Low / High":0.0,
    "Mouth Tilt Down / Up":0.0,
    "Nose Sellion Lower Shallow / Deep":0.0,
    "Chin Retracted / Jutting":0.0,
    "Forehead Small / Large":0.0,
    "Mouth Small / Large":0.0,
    "Forehead Back / Forward":0.0,
    "Eyes Small / Large":0.0
  },
  "Body":"SkeletalMesh /Game/Art/Character/Imperial/SK_Imperial_Body_m.SK_Imperial_Body_m",
  "HairColorsL":{
    "1":{
      "A":1.0,
      "B":0.0069954101927578,
      "G":0.0080231931060553,
      "R":0.0097212167456746
    },
    "2":{
      "A":1.0,
      "B":0.0069954101927578,
      "G":0.0080231931060553,
      "R":0.0097212167456746
    },
    "0":{
      "A":1.0,
      "B":0.0,
      "G":0.0,
      "R":0.0
    }
  },
  "APIVersion":"v2",
  "Author":"Bethesda",
  "Race":"TESRace /Game/Forms/actors/race/Redguard.Redguard",
  "FaceBaseMesh":"/Game/Art/Character/Baurus/SK_Baurus_head.SK_Baurus_head",
  "SkinParametersMap":{
    "Cheekbones Flushed/Pale":0.0,
    "Root Redness":0.5,
    "Lipstick Amount":0.0,
    "Ombre Amount":0.0,
    "Eye Socket Dark/Light":0.0,
    "Tip Color":0.85018700361252,
    "Eyebrows Redness Intensity":0.0,
    "Tip Redness":1.0,
    "Eye socket Bruised/Bright":0.0,
    "Eyelids Pale/Red":0.0,
    "Cheek Blush Light/Red":0.0,
    "Ombre Constrast":0.0,
    "Eyebrows Color Intensity":0.0,
    "Complexion":0.0,
    "Freckles":0.0,
    "Root Color":0.62546801567078,
    "Salt And Pepper":0.0
  },
  "Description":"saved from in-game",
  "Hair":"/Game/Dev/Phenotypes/Hair/HP_Redguard_HR_Fade.HP_Redguard_HR_Fade",
  "Beard":"/Game/Dev/Phenotypes/Beard/HP_BD_Baurus.HP_BD_Baurus",
  "ModCreator":"animandan",
  "ModVersion":"1.1.0",
  "Mustache":"/Game/Dev/Phenotypes/Mustache/HP_MS_Baurus.HP_MS_Baurus",
  "Date":"2025-06-07 14:37:39",
  "SenescenceLevel":0
}