{
  "APIVersion":"v2",
  "SkinParametersMap":{
    "Eye Socket Dark/Light":-0.74000000953674,
    "Eyelids Pale/Red":0.75999999046326,
    "Lipstick Amount":0.0,
    "Eyeliner Light/Dark":0.0,
    "Complexion":0.0,
    "Khajiit Pattern Number":1.0,
    "Hair Desaturation for Khajiit":0.0,
    "Eylids Light/Dark":0.81999999284744,
    "Eye socket Bruised/Bright":-0.71999901533127
  },
  "Author":"Bethesda",
  "Race":"TESRace /Game/Forms/actors/race/Khajiit.Khajiit",
  "HairColorsL":{
    "0":{
      "R":0.6875,
      "G":0.31708601117134,
      "B":0.09969300031662,
      "A":1.0
    }
  },
  "Body":"SkeletalMesh /Game/Art/Character/Imperial/SK_Imperial_Body_m.SK_Imperial_Body_m",
  "Date":"2025-06-04 19:28:17",
  "SkinColorsMapL":{
    "Color 3":{
      "R":1.0,
      "G":1.0,
      "B":1.0,
      "A":1.0
    },
    "Eyeliner Tone":{
      "R":1.0,
      "G":1.0,
      "B":1.0,
      "A":1.0
    },
    "Color 2":{
      "R":0.201556250453,
      "G":0.11697066575289,
      "B":0.11697066575289,
      "A":1.0
    },
    "Color 1":{
      "R":0.72305500507355,
      "G":0.46038699150085,
      "B":0.16498799622059,
      "A":1.0
    }
  },
  "ModCreator":"animandan",
  "Sex":0,
  "ModName":"RaceMenuUtilities",
  "EyeMaterial":"/Game/Art/Character/Modular/MIC_ME_Khajiit.MIC_ME_Khajiit",
  "ModVersion":"1.1.0",
  "FaceBaseMesh":"/Game/Art/Character/Khajiit/SK_Khajiit_Head_m.SK_Khajiit_Head_m",
  "Hair":"/Game/Dev/Phenotypes/Hair/HP_Khajiit_HR_HeadBand.HP_Khajiit_HR_HeadBand",
  "Description":"saved from in-game",
  "SenescenceLevel":1,
  "FaceMorphValuesMap":{
    "Face Gaunt / Round":-0.87999898195267,
    "Nose Short / Long":0.0,
    "Nose Tilt Down / Up":0.0,
    "Mouth Sad / Happy":-0.11999999731779,
    "Mouth Retracted / Protruding":-0.11999899893999,
    "Chin Short / Tall":-0.55999898910522,
    "Cheekbones Low / High":-0.49999898672104,
    "Nose Nostrils Tilt Down / Up":-0.059999998658895,
    "Mouth Deflated / Inflated":-0.20000000298023,
    "Hair Length":0.0,
    "Nose Sellion Shallow / Deep":0.0,
    "Chin Shallow / Deep":0.80000001192093,
    "Jaw Concave / Convex":0.81999999284744,
    "Brow Ridge Low / High":-0.41999900341034,
    "Chin Recessed / Pronounced":0.18000000715256,
    "Mouth Tilt Down / Up":0.80000001192093,
    "Nose Sellion Thin / Wide":0.98000001907349,
    "Cheeks Gaunt / Round":-0.5199990272522,
    "Nose Sellion Lower Shallow / Deep":0.0,
    "Nose Sellion Down / Up":0.80000001192093,
    "Cheeks Concave / Convex":-0.079999998211861,
    "Nose Region Concave / Convex":0.80000001192093,
    "Eyes Inward / Outward":0.48000100255013,
    "Nose Nostrils Thin / Wide":0.43999999761581,
    "Brow Ridge Inner Down / Up":-0.3999989926815,
    "Eyes Apart / Together":0.83999997377396,
    "Mouth Underbite / Overbite":0.80000001192093,
    "Chin Retracted / Jutting":0.80000001192093,
    "Brow / Nose / Chin Ratio":0.80000001192093,
    "Nose Bridge Short / Long":0.80000001192093,
    "Mouth Low / High":0.72000002861023,
    "Forehead Small / Large":0.80000001192093,
    "Nose Bridge Shallow / Deep":0.80000001192093,
    "Eyes Small / Large":0.87999898195267,
    "Forehead / Sellion / Nose Ratio":0.80000001192093,
    "Mouth Chin Short / Long":0.80000001192093,
    "Forehead Short / Tall":0.80000001192093,
    "Eyes Down / Up":0.89999997615814,
    "Vampire":0.0,
    "Mouth Retracted / Puckered":-0.41999900341034,
    "Jaw Retracted / Jutting":0.80000001192093,
    "Mouth Drawn / Pursed":0.47999998927116,
    "Cheekbones Thin / Wide":0.36000001430511,
    "Nose Down / Up":0.40000000596046,
    "Jaw Neck Slope Low / High":0.80000001192093,
    "Chin Thin / Wide":-0.34000000357628,
    "Cheekbones Shallow / Pronounced":0.5,
    "Nose Nostrils Small / Large":1.0,
    "Nose Flat / Pointed":0.60000002384186,
    "Face Thin / Wide":-0.5,
    "Chin Backward / Forward":0.80000001192093,
    "Face Light / Heavy":-0.20000000298023,
    "Mouth Small / Large":0.0,
    "Forehead Back / Forward":0.80000001192093,
    "Jaw Thin / Wide":-0.74000000953674,
    "Brow Ridge Outer Down / Up":0.46000000834465,
    "Chin Small / Large":0.80000001192093
  },
  "Name":"BP_BanditRobberTEMPLATE_C"
}