{
  "Sex":0,
  "HairColorsL":{
    "0":{
      "A":1.0,
      "R":1.0,
      "G":1.0,
      "B":1.0
    }
  },
  "EyeMaterial":"/Game/Art/Character/Modular/Eyes_Human/MIC_Human_Eyes_Brown4.MIC_Human_Eyes_Brown4",
  "Author":"Bethesda",
  "Date":"2025-06-04 19:33:38",
  "Description":"saved from in-game",
  "Name":"BP_BrumaGuardCityPostStablesDay_C",
  "ModCreator":"animandan",
  "ModName":"RaceMenuUtilities",
  "FaceBaseMesh":"/Game/Art/Character/Imperial/SK_Imperial_Head_m.SK_Imperial_Head_m",
  "ModVersion":"1.1.0",
  "Body":"SkeletalMesh /Game/Art/Character/Imperial/SK_Imperial_Body_m.SK_Imperial_Body_m",
  "FaceMorphValuesMap":{
    "Nose Nostrils Thin / Wide":0.16168813407421,
    "Forehead / Sellion / Nose Ratio":0.35211342573166,
    "Cheekbones Thin / Wide":0.20256300270557,
    "Forehead Small / Large":0.47167798876762,
    "Chin Recessed / Pronounced":0.030564675107598,
    "Brow / Nose / Chin Ratio":-0.50808072090149,
    "Jaw Thin / Wide":-0.62747710943222,
    "Cheeks Gaunt / Round":-0.22026447951794,
    "Chin Backward / Forward":-0.28918972611427,
    "Chin Thin / Wide":-0.11688599735498,
    "Forehead Short / Tall":-0.075524300336838,
    "Face Thin / Wide":-0.34033867716789,
    "Brow Ridge Inner Down / Up":-0.40457057952881,
    "Mouth Underbite / Overbite":-0.28610199689865,
    "Mouth Low / High":0.39974051713943,
    "Vampire":0.0,
    "Face Gaunt / Round":-0.010340999811888,
    "Eyes Small / Large":-0.78048998117447,
    "Mouth Drawn / Pursed":0.20526899397373,
    "Chin Retracted / Jutting":0.051355998963118,
    "Nose Tilt Down / Up":0.0,
    "Mouth Small / Large":-0.12411999702454,
    "Nose Short / Long":0.0,
    "Nose Bridge Shallow / Deep":0.42827296257019,
    "Nose Sellion Thin / Wide":0.0,
    "Mouth Retracted / Protruding":-0.23253278434277,
    "Nose Sellion Shallow / Deep":0.0,
    "Jaw Retracted / Jutting":-0.37347799539566,
    "Nose Sellion Down / Up":0.60414522886276,
    "Eyes Inward / Outward":0.15401636064053,
    "Nose Region Concave / Convex":0.2424910068512,
    "Brow Ridge Outer Down / Up":-0.49366956949234,
    "Nose Nostrils Small / Large":-0.072535000741482,
    "Eyes Apart / Together":0.57163000106812,
    "Nose Nostrils Tilt Down / Up":-0.30000001192093,
    "Nose Flat / Pointed":0.3146510720253,
    "Mouth Tilt Down / Up":-0.015633000060916,
    "Jaw Concave / Convex":-0.42157053947449,
    "Mouth Sad / Happy":-0.28469899296761,
    "Cheekbones Shallow / Pronounced":0.21416221559048,
    "Face Light / Heavy":0.12947100400925,
    "Nose Down / Up":-0.66960829496384,
    "Chin Short / Tall":-0.69788402318954,
    "Eyes Down / Up":0.038856770843267,
    "Cheeks Concave / Convex":0.015354235656559,
    "Nose Bridge Short / Long":-0.41735622286797,
    "Mouth Chin Short / Long":-0.93466424942017,
    "Nose Sellion Lower Shallow / Deep":0.0,
    "Mouth Retracted / Puckered":-0.10823168605566,
    "Hair Length":0.0,
    "Mouth Deflated / Inflated":0.19298599660397,
    "Chin Shallow / Deep":0.20691227912903,
    "Jaw Neck Slope Low / High":-0.39494642615318,
    "Brow Ridge Low / High":0.1292299926281,
    "Cheekbones Low / High":-0.23053181171417,
    "Forehead Back / Forward":-0.1300560683012,
    "Chin Small / Large":0.34397599101067
  },
  "Hair":"/Game/Dev/Phenotypes/Hair/HP_HR_Cropped.HP_HR_Cropped",
  "SenescenceLevel":5,
  "APIVersion":"v2",
  "SkinParametersMap":{
    "Complexion":0.62000000476837,
    "Eye Sockets Bruised/Bright":0.0,
    "Ombre Constrast":1.0,
    "Skin Tint Purple/Yellow":0.0,
    "Eye Sockets Dark/Light":0.0,
    "Root Redness":0.5,
    "Naso Small/Large":0.0,
    "Ombre Amount":1.0,
    "Eyebrows Redness Intensity":0.0,
    "Root Color":0.10000000149012,
    "Age":0.0,
    "Lipstick Dark Blue/Light Red":0.0,
    "Lipstick Dark Red/Light Blue":0.0,
    "Eye socket Bruised/Bright":0.0,
    "Freckles":0.0,
    "Eylids Light/Dark":0.0,
    "Eye Socket Dark/Light":0.0,
    "Cheek Blush Light/Red":0.30000001192093,
    "Eyebrows Color Intensity":0.60000002384186,
    "Cheekbones Flushed/Pale":0.68000000715256,
    "Lipstick Amount":0.0,
    "Skin Tint Orange/Blue":0.0,
    "Eyelids Light/Dark":0.0,
    "Naso Labial Lines Light/Dark":0.0,
    "Tip Redness":0.5,
    "Eyeshadow Light/Dark":0.0,
    "Eyelids Pale/Red":0.0,
    "Tip Color":0.30000001192093,
    "Lips Flushed/Pale":0.0,
    "Eyeliner Light/Dark":0.0,
    "Salt And Pepper":0.0,
    "Skin Dark/Light":0.11999999731779
  },
  "Race":"TESRace /Game/Forms/actors/race/Imperial.Imperial",
  "SkinColorsMapL":{
    "Root DyeColor":{
      "A":1.0,
      "R":1.0,
      "G":1.0,
      "B":1.0
    },
    "Eyeliner Tone":{
      "A":1.0,
      "R":0.70110189914703,
      "G":0.70110189914703,
      "B":0.70110189914703
    },
    "Tip DyeColor":{
      "A":1.0,
      "R":1.0,
      "G":1.0,
      "B":1.0
    },
    "Skin Tone":{
      "A":1.0,
      "R":0.91796898841858,
      "G":0.93986302614212,
      "B":0.97916698455811
    },
    "Lipstick Color":{
      "A":1.0,
      "R":1.0,
      "G":1.0,
      "B":1.0
    }
  }
}