{
  "APIVersion":"v2",
  "SkinParametersMap":{
    "Tip Color":0.10000000149012,
    "Ombre Constrast":0.0,
    "Complexion":0.0,
    "Ombre Amount":0.0,
    "Lipstick Amount":0.0,
    "Salt And Pepper":0.064943999052048,
    "Skin Dark/Light":0.11999999731779,
    "Root Redness":0.5,
    "Eye socket Bruised/Bright":0.0,
    "Freckles":0.0,
    "Eyeliner Light/Dark":0.25999999046326,
    "Eyebrows Redness Intensity":0.0,
    "Eye Socket Dark/Light":0.0,
    "Eyebrows Color Intensity":0.40000000596046,
    "Root Color":0.10000000149012,
    "Cheek Blush Light/Red":0.0,
    "Eylids Light/Dark":0.21999999880791,
    "Skin Tint Orange/Blue":0.0,
    "Tip Redness":0.5,
    "Cheekbones Flushed/Pale":0.0,
    "Eyelids Pale/Red":0.0,
    "Skin Tint Purple/Yellow":0.11999999731779
  },
  "Author":"Bethesda",
  "Race":"TESRace /Game/Forms/actors/race/DarkElf.DarkElf",
  "HairColorsL":{
    "0":{
      "R":0.021219009533525,
      "G":0.01032982300967,
      "B":0.0060488330200315,
      "A":1.0
    }
  },
  "Body":"SkeletalMesh /Game/Art/Character/Imperial/SK_Imperial_Body_m.SK_Imperial_Body_m",
  "Date":"2025-06-04 19:29:08",
  "SkinColorsMapL":{
    "Root DyeColor":{
      "R":0.0,
      "G":0.0,
      "B":0.0,
      "A":1.0
    },
    "Eyeliner Tone":{
      "R":1.0,
      "G":1.0,
      "B":1.0,
      "A":1.0
    },
    "Lipstick Color":{
      "R":1.0,
      "G":1.0,
      "B":1.0,
      "A":1.0
    },
    "Skin Tone":{
      "R":0.58854198455811,
      "G":0.40719398856163,
      "B":0.36170798540115,
      "A":1.0
    },
    "Tip DyeColor":{
      "R":0.0,
      "G":0.0,
      "B":0.0,
      "A":1.0
    }
  },
  "ModCreator":"animandan",
  "Sex":1,
  "ModName":"RaceMenuUtilities",
  "EyeMaterial":"/Game/Art/Character/Modular/Eyes_DarkElf/MIC_DarkElf_Eyes_Purple.MIC_DarkElf_Eyes_Purple",
  "ModVersion":"1.1.0",
  "FaceBaseMesh":"/Game/Art/Character/DarkElf/SK_DarkElf_Head_f.SK_DarkElf_Head_f",
  "Hair":"/Game/Dev/Phenotypes/Hair/HP_DarkElf_HR_Mane.HP_DarkElf_HR_Mane",
  "Description":"saved from in-game",
  "SenescenceLevel":1,
  "FaceMorphValuesMap":{
    "Face Gaunt / Round":-0.12065800279379,
    "Nose Short / Long":0.0,
    "Nose Tilt Down / Up":0.0,
    "Mouth Sad / Happy":0.38845100998878,
    "Mouth Retracted / Protruding":-0.042615652084351,
    "Chin Short / Tall":-0.20060600340366,
    "Cheekbones Low / High":0.11145106703043,
    "Nose Nostrils Tilt Down / Up":0.19348099827766,
    "Mouth Deflated / Inflated":0.32312831282616,
    "Hair Length":0.0,
    "Nose Sellion Shallow / Deep":0.0,
    "Chin Shallow / Deep":0.34499832987785,
    "Jaw Concave / Convex":-0.049114536494017,
    "Brow Ridge Low / High":0.062013000249863,
    "Chin Recessed / Pronounced":0.24825783073902,
    "Mouth Tilt Down / Up":-0.43013399839401,
    "Nose Sellion Thin / Wide":0.0,
    "Cheeks Gaunt / Round":0.15326300263405,
    "Nose Sellion Lower Shallow / Deep":0.0,
    "Nose Sellion Down / Up":0.13177162408829,
    "Cheeks Concave / Convex":0.50836497545242,
    "Nose Region Concave / Convex":-0.15943169593811,
    "Eyes Inward / Outward":-0.21033714711666,
    "Nose Nostrils Thin / Wide":0.27475300431252,
    "Brow Ridge Inner Down / Up":0.29256701469421,
    "Eyes Apart / Together":0.60632002353668,
    "Mouth Underbite / Overbite":-0.2305866330862,
    "Chin Retracted / Jutting":-0.089265875518322,
    "Brow / Nose / Chin Ratio":0.066317178308964,
    "Nose Bridge Short / Long":0.14940996468067,
    "Mouth Low / High":-0.14313499629498,
    "Forehead Small / Large":0.42404499650002,
    "Nose Bridge Shallow / Deep":0.22912149131298,
    "Eyes Small / Large":0.22726500034332,
    "Forehead / Sellion / Nose Ratio":0.79619002342224,
    "Mouth Chin Short / Long":-0.0026035697665066,
    "Forehead Short / Tall":-0.034449364989996,
    "Eyes Down / Up":-0.47736099362373,
    "Vampire":0.0,
    "Mouth Retracted / Puckered":0.034319829195738,
    "Jaw Retracted / Jutting":0.01219654083252,
    "Mouth Drawn / Pursed":-0.16089829802513,
    "Cheekbones Thin / Wide":-0.069733001291752,
    "Nose Down / Up":-0.19907748699188,
    "Jaw Neck Slope Low / High":0.18042698502541,
    "Chin Thin / Wide":0.6706600189209,
    "Cheekbones Shallow / Pronounced":0.054487999528646,
    "Nose Nostrils Small / Large":-0.087141752243042,
    "Nose Flat / Pointed":-0.17004799842834,
    "Face Thin / Wide":-0.8507040143013,
    "Chin Backward / Forward":0.2134315520525,
    "Face Light / Heavy":0.68917900323868,
    "Mouth Small / Large":-0.19287081062794,
    "Forehead Back / Forward":-0.063797451555729,
    "Jaw Thin / Wide":0.3242389857769,
    "Brow Ridge Outer Down / Up":-0.2497909963131,
    "Chin Small / Large":0.12267694622278
  },
  "Name":"BP_BanditBlackBowBoss4Female3_C"
}