{
  "ModName":"RaceMenuUtilities",
  "FaceBaseMesh":"/Game/Art/Character/DarkElf/SK_DarkElf_Head_f.SK_DarkElf_Head_f",
  "Author":"Bethesda",
  "Date":"2025-06-04 20:30:47",
  "SkinColorsMapL":{
    "Lipstick Color":{
      "A":1.0,
      "B":1.0,
      "G":1.0,
      "R":1.0
    },
    "Eyeliner Tone":{
      "A":1.0,
      "B":1.0,
      "G":1.0,
      "R":1.0
    },
    "Root DyeColor":{
      "A":1.0,
      "B":1.0,
      "G":1.0,
      "R":1.0
    },
    "Tip DyeColor":{
      "A":1.0,
      "B":0.019382361322641,
      "G":0.095307469367981,
      "R":0.23455058038235
    },
    "Skin Tone":{
      "A":1.0,
      "B":0.84375,
      "G":0.84375,
      "R":0.84375
    }
  },
  "APIVersion":"v2",
  "FaceMorphValuesMap":{
    "Eyes Small / Large":-0.61240702867508,
    "Jaw Thin / Wide":-0.73568689823151,
    "Brow Ridge Low / High":0.1495076417923,
    "Chin Retracted / Jutting":-0.043080519884825,
    "Face Thin / Wide":-0.60839766263962,
    "Hair Length":0.0,
    "Chin Backward / Forward":0.11002321541309,
    "Vampire":0.0,
    "Mouth Underbite / Overbite":-0.019999999552965,
    "Eyes Inward / Outward":-0.073193155229092,
    "Mouth Sad / Happy":-0.36000001430511,
    "Jaw Retracted / Jutting":-0.037111759185791,
    "Nose Flat / Pointed":-0.11202254146338,
    "Chin Recessed / Pronounced":-0.023768639191985,
    "Cheeks Gaunt / Round":0.2054672986269,
    "Forehead Back / Forward":-0.2785912156105,
    "Nose Sellion Down / Up":0.18000000715256,
    "Mouth Deflated / Inflated":0.11855000257492,
    "Mouth Small / Large":-0.14960525929928,
    "Nose Tilt Down / Up":0.0,
    "Nose Short / Long":0.0,
    "Mouth Drawn / Pursed":0.0035339999012649,
    "Chin Short / Tall":0.3128083050251,
    "Nose Sellion Thin / Wide":0.0,
    "Jaw Neck Slope Low / High":0.0442806892097,
    "Cheekbones Shallow / Pronounced":0.32930645346642,
    "Nose Sellion Shallow / Deep":0.0,
    "Mouth Tilt Down / Up":0.68406766653061,
    "Brow / Nose / Chin Ratio":0.48640304803848,
    "Brow Ridge Outer Down / Up":-0.0075189950875938,
    "Chin Small / Large":0.25816342234612,
    "Mouth Retracted / Puckered":0.27999898791313,
    "Chin Thin / Wide":0.29894134402275,
    "Nose Nostrils Tilt Down / Up":0.059999998658895,
    "Face Gaunt / Round":-0.15036448836327,
    "Cheekbones Thin / Wide":-0.057708490639925,
    "Forehead / Sellion / Nose Ratio":0.47730216383934,
    "Cheekbones Low / High":0.2157586067915,
    "Nose Bridge Short / Long":0.083664998412132,
    "Forehead Short / Tall":-0.11120330542326,
    "Nose Bridge Shallow / Deep":0.38612198829651,
    "Mouth Chin Short / Long":-0.19343499839306,
    "Face Light / Heavy":0.14174583554268,
    "Nose Region Concave / Convex":0.25999999046326,
    "Mouth Retracted / Protruding":0.17060799896717,
    "Cheeks Concave / Convex":0.091363690793514,
    "Nose Nostrils Small / Large":0.21980799734592,
    "Jaw Concave / Convex":0.54288399219513,
    "Nose Down / Up":0.24087889492512,
    "Mouth Low / High":-0.67857599258423,
    "Eyes Down / Up":-0.069526292383671,
    "Chin Shallow / Deep":0.28213530778885,
    "Eyes Apart / Together":0.62065601348877,
    "Brow Ridge Inner Down / Up":-0.1098041087389,
    "Nose Sellion Lower Shallow / Deep":0.0,
    "Nose Nostrils Thin / Wide":0.36767148971558,
    "Forehead Small / Large":0.00037772656651214
  },
  "EyeMaterial":"/Game/Art/Character/Modular/MIC_ME_DarkElf.MIC_ME_DarkElf",
  "HairColorsL":{
    "0":{
      "A":1.0,
      "B":0.16826939582825,
      "G":0.29177063703537,
      "R":0.44520118832588
    }
  },
  "SkinParametersMap":{
    "Complexion":0.0,
    "Freckles":-0.69999998807907,
    "Ombre Amount":1.0,
    "Eylids Light/Dark":0.25999999046326,
    "Skin Tint Purple/Yellow":-0.03999999910593,
    "Cheek Blush Light/Red":0.43999999761581,
    "Ombre Constrast":1.0,
    "Tip Color":0.41999998688698,
    "Eye socket Bruised/Bright":-0.36000001430511,
    "Skin Tint Orange/Blue":-0.18000000715256,
    "Eyebrows Color Intensity":0.60000002384186,
    "Tip Redness":1.0,
    "Root Redness":1.0,
    "Root Color":0.10000000149012,
    "Skin Dark/Light":-0.079999998211861,
    "Salt And Pepper":0.0,
    "Eyebrows Redness Intensity":0.0,
    "Eyeliner Light/Dark":0.28000000119209,
    "Eyelids Pale/Red":0.5799999833107,
    "Cheekbones Flushed/Pale":0.30000001192093,
    "Eye Socket Dark/Light":-0.23999999463558,
    "Lipstick Amount":0.014999999664724
  },
  "SenescenceLevel":1,
  "Sex":1,
  "Description":"saved from in-game",
  "ModCreator":"animandan",
  "ModVersion":"1.1.0",
  "Hair":"/Game/Dev/Phenotypes/Hair/HP_HighElf_HR_Bun.HP_HighElf_HR_Bun",
  "Name":"BP_BanditBossFemale2_C",
  "Race":"TESRace /Game/Forms/actors/race/DarkElf.DarkElf",
  "Body":"SkeletalMesh /Game/Art/Character/Imperial/SK_Imperial_Body_m.SK_Imperial_Body_m"
}