{
  "ModName":"RaceMenuUtilities",
  "FaceBaseMesh":"/Game/Art/Character/Imperial/SK_Imperial_Head_m.SK_Imperial_Head_m",
  "Author":"Bethesda",
  "Date":"2025-06-04 20:30:49",
  "SkinColorsMapL":[],
  "APIVersion":"v2",
  "FaceMorphValuesMap":{
    "Eyes Small / Large":-0.77999997138977,
    "Jaw Thin / Wide":-0.1764270067215,
    "Brow Ridge Low / High":-0.10374300181866,
    "Chin Retracted / Jutting":0.1135221645236,
    "Face Thin / Wide":0.42998200654984,
    "Hair Length":0.0,
    "Chin Backward / Forward":-0.055471479892731,
    "Vampire":0.0,
    "Mouth Underbite / Overbite":-0.057537663727999,
    "Eyes Inward / Outward":0.14316500723362,
    "Mouth Sad / Happy":-0.44046196341515,
    "Jaw Retracted / Jutting":0.24238310754299,
    "Nose Flat / Pointed":-0.24744920432568,
    "Chin Recessed / Pronounced":0.017409283667803,
    "Cheeks Gaunt / Round":0.55921196937561,
    "Forehead Back / Forward":-0.057757999747992,
    "Nose Sellion Down / Up":0.092545695602894,
    "Mouth Deflated / Inflated":0.84932798147202,
    "Mouth Small / Large":-0.021592173725367,
    "Nose Tilt Down / Up":0.0,
    "Nose Short / Long":0.0,
    "Mouth Drawn / Pursed":0.21999999880791,
    "Chin Short / Tall":0.23144699633121,
    "Nose Sellion Thin / Wide":0.0,
    "Jaw Neck Slope Low / High":0.15975299477577,
    "Cheekbones Shallow / Pronounced":-0.14664199948311,
    "Nose Sellion Shallow / Deep":0.0,
    "Mouth Tilt Down / Up":-0.42168700695038,
    "Brow / Nose / Chin Ratio":0.20427678525448,
    "Brow Ridge Outer Down / Up":0.63732302188873,
    "Chin Small / Large":0.04550526291132,
    "Mouth Retracted / Puckered":0.053093001246452,
    "Chin Thin / Wide":0.50770199298859,
    "Nose Nostrils Tilt Down / Up":-0.18061600625515,
    "Face Gaunt / Round":-0.21681021153927,
    "Cheekbones Thin / Wide":-0.089579001069069,
    "Forehead / Sellion / Nose Ratio":-0.26004669070244,
    "Cheekbones Low / High":-0.22438421845436,
    "Nose Bridge Short / Long":-0.16257502138615,
    "Forehead Short / Tall":0.020384652540088,
    "Nose Bridge Shallow / Deep":0.10385078191757,
    "Mouth Chin Short / Long":-0.046051781624556,
    "Face Light / Heavy":0.58383697271347,
    "Nose Region Concave / Convex":-0.43999329209328,
    "Mouth Retracted / Protruding":-0.30000001192093,
    "Cheeks Concave / Convex":0.13740499317646,
    "Nose Nostrils Small / Large":-0.037997998297215,
    "Jaw Concave / Convex":0.53977298736572,
    "Nose Down / Up":-0.59997344017029,
    "Mouth Low / High":-0.19697700440884,
    "Eyes Down / Up":0.17859399318695,
    "Chin Shallow / Deep":-0.36974257230759,
    "Eyes Apart / Together":0.3731290102005,
    "Brow Ridge Inner Down / Up":-0.046640999615192,
    "Nose Sellion Lower Shallow / Deep":0.0,
    "Nose Nostrils Thin / Wide":0.22458399832249,
    "Forehead Small / Large":0.259162992239
  },
  "ModVersion":"1.1.0",
  "SkinParametersMap":{
    "Complexion":0.25999999046326
  },
  "SenescenceLevel":0,
  "Sex":0,
  "Description":"saved from in-game",
  "ModCreator":"animandan",
  "Hair":"/Game/Dev/Phenotypes/Hair/HP_Redguard_HR_Fade.HP_Redguard_HR_Fade",
  "Name":"BP_Belisarius_C",
  "HairColorsL":[],
  "Race":"TESRace /Game/Forms/actors/race/Imperial.Imperial",
  "Body":"SkeletalMesh /Game/Art/Character/Imperial/SK_Imperial_Body_m.SK_Imperial_Body_m"
}