{
  "ModName":"RaceMenuUtilities",
  "FaceBaseMesh":"/Game/Art/Character/Imperial/SK_Imperial_Head_m.SK_Imperial_Head_m",
  "Author":"Bethesda",
  "Date":"2025-06-04 20:30:49",
  "SkinColorsMapL":{
    "Lipstick Color":{
      "A":1.0,
      "B":0.0097212167456746,
      "G":0.0009105809731409,
      "R":0.093058958649635
    },
    "Eyeliner Tone":{
      "A":1.0,
      "B":1.0,
      "G":1.0,
      "R":1.0
    },
    "Root DyeColor":{
      "A":1.0,
      "B":0.0,
      "G":0.0012140000471845,
      "R":0.0047769998200238
    },
    "Tip DyeColor":{
      "A":1.0,
      "B":0.0056050000712276,
      "G":0.034340001642704,
      "R":0.10702300071716
    },
    "Skin Tone":{
      "A":1.0,
      "B":1.0,
      "G":1.0,
      "R":1.0
    }
  },
  "APIVersion":"v2",
  "FaceMorphValuesMap":{
    "Eyes Small / Large":-0.23988200724125,
    "Jaw Thin / Wide":-0.40190398693085,
    "Brow Ridge Low / High":-0.85999900102615,
    "Chin Retracted / Jutting":-0.13371273875237,
    "Face Thin / Wide":-0.38019400835037,
    "Hair Length":0.0,
    "Chin Backward / Forward":-0.39004400372505,
    "Vampire":0.0,
    "Mouth Underbite / Overbite":0.33214887976646,
    "Eyes Inward / Outward":0.15075300633907,
    "Mouth Sad / Happy":0.90331202745438,
    "Jaw Retracted / Jutting":0.37311336398125,
    "Nose Flat / Pointed":-0.5079950094223,
    "Chin Recessed / Pronounced":-0.0077956900931895,
    "Cheeks Gaunt / Round":0.41291600465775,
    "Forehead Back / Forward":-0.062356770038605,
    "Nose Sellion Down / Up":-0.083526998758316,
    "Mouth Deflated / Inflated":0.13274338841438,
    "Mouth Small / Large":-0.29357999563217,
    "Nose Tilt Down / Up":0.5799999833107,
    "Nose Short / Long":0.0,
    "Mouth Drawn / Pursed":-0.061650600284338,
    "Chin Short / Tall":-0.31136855483055,
    "Nose Sellion Thin / Wide":0.46000099182129,
    "Jaw Neck Slope Low / High":0.64811301231384,
    "Cheekbones Shallow / Pronounced":0.052861999720335,
    "Nose Sellion Shallow / Deep":0.23999999463558,
    "Mouth Tilt Down / Up":-0.44712299108505,
    "Brow / Nose / Chin Ratio":0.24153399467468,
    "Brow Ridge Outer Down / Up":0.80129301548004,
    "Chin Small / Large":0.33139076828957,
    "Mouth Retracted / Puckered":0.059565491974354,
    "Chin Thin / Wide":0.58414399623871,
    "Nose Nostrils Tilt Down / Up":0.14663271605968,
    "Face Gaunt / Round":0.21531300246716,
    "Cheekbones Thin / Wide":0.42496401071548,
    "Forehead / Sellion / Nose Ratio":0.19198814034462,
    "Cheekbones Low / High":0.22168900072575,
    "Nose Bridge Short / Long":0.40098598599434,
    "Forehead Short / Tall":0.040278568863869,
    "Nose Bridge Shallow / Deep":0.15000699460506,
    "Mouth Chin Short / Long":-0.17350290715694,
    "Face Light / Heavy":0.42649200558662,
    "Nose Region Concave / Convex":-0.3365963101387,
    "Mouth Retracted / Protruding":-0.24085925519466,
    "Cheeks Concave / Convex":0.41141599416733,
    "Nose Nostrils Small / Large":-0.19525103271008,
    "Jaw Concave / Convex":0.48341000080109,
    "Nose Down / Up":-0.14911299943924,
    "Mouth Low / High":0.025077000260353,
    "Eyes Down / Up":0.46000000834465,
    "Chin Shallow / Deep":0.10635405778885,
    "Eyes Apart / Together":0.35904198884964,
    "Brow Ridge Inner Down / Up":-0.15776300430298,
    "Nose Sellion Lower Shallow / Deep":0.40000000596046,
    "Nose Nostrils Thin / Wide":0.24355183541775,
    "Forehead Small / Large":0.72969597578049
  },
  "ModVersion":"1.1.0",
  "SkinParametersMap":{
    "Complexion":0.28000000119209,
    "Lipstick Dark Red/Light Blue":0.0,
    "Eyeshadow Light/Dark":0.0,
    "Root Redness":0.0,
    "Eyelids Light/Dark":0.0,
    "Naso Small/Large":0.0,
    "Lipstick Amount":0.0,
    "Cheek Blush Light/Red":0.0,
    "Freckles":0.0,
    "Lips Flushed/Pale":0.0,
    "Ombre Constrast":0.0,
    "Tip Color":0.0,
    "Eye Sockets Bruised/Bright":0.0,
    "Cheekbones Flushed/Pale":0.0,
    "Eye socket Bruised/Bright":0.0,
    "Eyebrows Color Intensity":0.0,
    "Tip Redness":0.0,
    "Lipstick Dark Blue/Light Red":0.0,
    "Root Color":0.0,
    "Ombre Amount":0.0,
    "Salt And Pepper":0.0,
    "Eyebrows Redness Intensity":0.0,
    "Eyeliner Light/Dark":0.0,
    "Age":0.0,
    "Eyelids Pale/Red":0.0,
    "Naso Labial Lines Light/Dark":0.0,
    "Eye Sockets Dark/Light":0.0
  },
  "SenescenceLevel":3,
  "Sex":0,
  "Description":"saved from in-game",
  "ModCreator":"animandan",
  "Hair":"/Game/Dev/Phenotypes/Hair/HP_Redguard_HR_Fade.HP_Redguard_HR_Fade",
  "Name":"BP_BettoPlotius_C",
  "HairColorsL":{
    "0":{
      "A":1.0,
      "B":0.0,
      "G":0.0,
      "R":0.0
    }
  },
  "Race":"TESRace /Game/Forms/actors/race/Imperial.Imperial",
  "Body":"SkeletalMesh /Game/Art/Character/Imperial/SK_Imperial_Body_m.SK_Imperial_Body_m"
}