{
  "Race":"TESRace /Game/Forms/actors/race/DarkElf.DarkElf",
  "FaceBaseMesh":"/Game/Art/Character/DarkElf/SK_DarkElf_Head_m.SK_DarkElf_Head_m",
  "Date":"2025-06-04 18:33:26",
  "HairColorsL":{
    "0":{
      "B":0.0061369999311864,
      "G":0.010127999819815,
      "R":0.020833000540733,
      "A":1.0
    }
  },
  "SkinParametersMap":{
    "Cheekbones Flushed/Pale":0.0,
    "Eyelids Pale/Red":0.0,
    "Skin Tint Purple/Yellow":-0.18000000715256,
    "Lipstick Amount":0.0,
    "Cheek Blush Light/Red":0.0,
    "Skin Dark/Light":-0.40000000596046,
    "Complexion":0.0,
    "Salt And Pepper":0.0,
    "Eye Socket Dark/Light":0.0,
    "Eylids Light/Dark":0.0,
    "Ombre Amount":1.0,
    "Freckles":0.0,
    "Root Color":0.10000000149012,
    "Ombre Constrast":1.0,
    "Eyeliner Light/Dark":0.0,
    "Tip Color":0.47999998927116,
    "Eyebrows Redness Intensity":0.0,
    "Root Redness":1.0,
    "Skin Tint Orange/Blue":-0.40000000596046,
    "Eye socket Bruised/Bright":0.0,
    "Tip Redness":1.0,
    "Eyebrows Color Intensity":0.60000002384186
  },
  "Sex":0,
  "FaceMorphValuesMap":{
    "Hair Length":0.0,
    "Vampire":0.0,
    "Nose Sellion Down / Up":0.049352791160345,
    "Forehead Back / Forward":0.39951300621033,
    "Mouth Deflated / Inflated":0.40370300412178,
    "Chin Backward / Forward":-0.24080853164196,
    "Eyes Apart / Together":0.49423998594284,
    "Nose Tilt Down / Up":0.0,
    "Mouth Sad / Happy":0.31793969869614,
    "Brow Ridge Outer Down / Up":0.016210999339819,
    "Nose Sellion Thin / Wide":0.46000000834465,
    "Nose Short / Long":0.0,
    "Nose Sellion Shallow / Deep":0.0,
    "Brow / Nose / Chin Ratio":-0.095074996352196,
    "Chin Small / Large":0.25868198275566,
    "Nose Flat / Pointed":0.33229443430901,
    "Jaw Thin / Wide":0.16634899377823,
    "Nose Nostrils Tilt Down / Up":0.099634997546673,
    "Eyes Inward / Outward":0.13700285553932,
    "Cheekbones Shallow / Pronounced":0.082676880061626,
    "Nose Nostrils Thin / Wide":-0.12462999671698,
    "Chin Shallow / Deep":-0.053111504763365,
    "Nose Down / Up":-0.46586400270462,
    "Nose Bridge Short / Long":-0.056354511529207,
    "Mouth Tilt Down / Up":0.075694419443607,
    "Chin Thin / Wide":0.44047001004219,
    "Face Light / Heavy":0.29664900898933,
    "Mouth Chin Short / Long":-0.43685775995255,
    "Jaw Concave / Convex":0.17012400925159,
    "Brow Ridge Low / High":-0.23467700183392,
    "Chin Recessed / Pronounced":-0.045887019485235,
    "Cheeks Gaunt / Round":0.29184320569038,
    "Face Thin / Wide":-0.19197799265385,
    "Eyes Down / Up":0.099730543792248,
    "Jaw Retracted / Jutting":-0.050339985638857,
    "Chin Short / Tall":-0.12622682750225,
    "Jaw Neck Slope Low / High":-0.092312932014465,
    "Nose Bridge Shallow / Deep":0.5604259967804,
    "Mouth Retracted / Protruding":0.29017743468285,
    "Cheekbones Thin / Wide":-0.52158498764038,
    "Mouth Low / High":-0.37934100627899,
    "Mouth Retracted / Puckered":-0.042209208011627,
    "Mouth Small / Large":-0.55121302604675,
    "Forehead Short / Tall":0.41524198651314,
    "Nose Nostrils Small / Large":-0.25823199748993,
    "Chin Retracted / Jutting":-0.042506169527769,
    "Forehead Small / Large":0.7452939748764,
    "Cheekbones Low / High":0.055715717375278,
    "Eyes Small / Large":0.837621986866,
    "Cheeks Concave / Convex":0.14643800258636,
    "Brow Ridge Inner Down / Up":0.25597661733627,
    "Nose Sellion Lower Shallow / Deep":0.0,
    "Face Gaunt / Round":0.36967059969902,
    "Mouth Underbite / Overbite":-0.061112001538277,
    "Nose Region Concave / Convex":-0.13062477111816,
    "Forehead / Sellion / Nose Ratio":-0.20377899706364,
    "Mouth Drawn / Pursed":-0.0067890523932874
  },
  "Author":"Bethesda",
  "SkinColorsMapL":{
    "Lipstick Color":{
      "B":1.0,
      "G":1.0,
      "R":1.0,
      "A":1.0
    },
    "Tip DyeColor":{
      "B":0.0097212167456746,
      "G":0.057805430144072,
      "R":0.1714410930872,
      "A":1.0
    },
    "Root DyeColor":{
      "B":1.0,
      "G":1.0,
      "R":1.0,
      "A":1.0
    },
    "Eyeliner Tone":{
      "B":1.0,
      "G":1.0,
      "R":1.0,
      "A":1.0
    },
    "Skin Tone":{
      "B":0.49427598714828,
      "G":0.51859200000763,
      "R":0.69270801544189,
      "A":1.0
    }
  },
  "ModVersion":"1.1.0",
  "EyeMaterial":"/Game/Art/Character/Modular/Eyes_DarkElf/MIC_DarkElf_Eyes_Red.MIC_DarkElf_Eyes_Red",
  "Body":"SkeletalMesh /Game/Art/Character/Imperial/SK_Imperial_Body_m.SK_Imperial_Body_m",
  "Description":"saved from in-game",
  "SenescenceLevel":2,
  "APIVersion":"v2",
  "ModCreator":"animandan",
  "ModName":"RaceMenuUtilities",
  "Hair":"/Game/Dev/Phenotypes/Hair/HP_HighElf_HR_Classic.HP_HighElf_HR_Classic",
  "Name":"BP_BleakMineGuardCaptain2_C"
}