{
  "Sex":1,
  "HairColorsL":{
    "0":{
      "A":1.0,
      "R":0.0051819998770952,
      "G":0.0018210000125691,
      "B":0.0018210000125691
    }
  },
  "Author":"Bethesda",
  "Date":"2025-06-04 19:37:50",
  "Description":"saved from in-game",
  "Name":"BP_BeggarICMarketSimplicia_C",
  "ModCreator":"animandan",
  "ModName":"RaceMenuUtilities",
  "FaceBaseMesh":"/Game/Art/Character/Imperial/SK_Imperial_Head_F.SK_Imperial_Head_F",
  "Body":"SkeletalMesh /Game/Art/Character/Imperial/SK_Imperial_Body_m.SK_Imperial_Body_m",
  "Race":"TESRace /Game/Forms/actors/race/Imperial.Imperial",
  "FaceMorphValuesMap":{
    "Nose Nostrils Thin / Wide":-0.11661300063133,
    "Forehead / Sellion / Nose Ratio":0.1524274200201,
    "Cheekbones Thin / Wide":-1.0,
    "Forehead Small / Large":-0.67586600780487,
    "Chin Recessed / Pronounced":0.58583998680115,
    "Brow / Nose / Chin Ratio":-0.13219399750233,
    "Jaw Thin / Wide":0.11999999731779,
    "Cheeks Gaunt / Round":0.50294399261475,
    "Chin Backward / Forward":0.04322100058198,
    "Chin Thin / Wide":0.13999900221825,
    "Forehead Short / Tall":-0.76614499092102,
    "Face Thin / Wide":-0.24841199815273,
    "Brow Ridge Inner Down / Up":0.18376570940018,
    "Mouth Underbite / Overbite":-0.3810909986496,
    "Mouth Low / High":-0.22104899585247,
    "Vampire":0.0,
    "Face Gaunt / Round":0.17514498531818,
    "Eyes Small / Large":0.28265601396561,
    "Mouth Drawn / Pursed":0.49679899215698,
    "Chin Retracted / Jutting":0.065940998494625,
    "Nose Tilt Down / Up":-0.34000000357628,
    "Mouth Small / Large":-0.22321513295174,
    "Nose Short / Long":0.0,
    "Nose Bridge Shallow / Deep":0.37126299738884,
    "Nose Sellion Thin / Wide":0.68000000715256,
    "Mouth Retracted / Protruding":0.077572099864483,
    "Nose Sellion Shallow / Deep":0.079999998211861,
    "Jaw Retracted / Jutting":-0.16906860470772,
    "Nose Sellion Down / Up":0.46461600065231,
    "Eyes Inward / Outward":0.1799989938736,
    "Nose Region Concave / Convex":-0.16349899768829,
    "Brow Ridge Outer Down / Up":-0.16563160717487,
    "Nose Nostrils Small / Large":-0.071607060730457,
    "Eyes Apart / Together":0.7391459941864,
    "Nose Nostrils Tilt Down / Up":0.047966100275517,
    "Nose Flat / Pointed":0.028984060510993,
    "Mouth Tilt Down / Up":-0.55539697408676,
    "Jaw Concave / Convex":-0.086012996733189,
    "Mouth Sad / Happy":-0.43999999761581,
    "Cheekbones Shallow / Pronounced":-0.23823599517345,
    "Face Light / Heavy":0.20279267430305,
    "Nose Down / Up":-0.74000000953674,
    "Chin Short / Tall":0.81398099660873,
    "Eyes Down / Up":-0.12556800246239,
    "Cheeks Concave / Convex":0.15999999642372,
    "Nose Bridge Short / Long":-0.065366514027119,
    "Mouth Chin Short / Long":0.13352216780186,
    "Nose Sellion Lower Shallow / Deep":0.18000000715256,
    "Mouth Retracted / Puckered":-0.50432032346725,
    "Hair Length":0.0,
    "Mouth Deflated / Inflated":-0.22838099300861,
    "Chin Shallow / Deep":0.72870999574661,
    "Jaw Neck Slope Low / High":0.49883198738098,
    "Brow Ridge Low / High":0.47381499409676,
    "Cheekbones Low / High":0.57008874416351,
    "Forehead Back / Forward":0.078543528914452,
    "Chin Small / Large":0.27196380496025
  },
  "Hair":"/Game/Dev/Phenotypes/Hair/HP_Elf_HR_PonyTail.HP_Elf_HR_PonyTail",
  "SkinParametersMap":{
    "Complexion":0.5,
    "Ombre Constrast":0.0,
    "Eye socket Bruised/Bright":0.0,
    "Root Redness":0.0,
    "Khajiit Pattern Number":0.0,
    "Eyebrows Redness Intensity":0.0,
    "Root Color":1.0,
    "Cheek Blush Light/Red":0.0,
    "Eyebrows Color Intensity":0.53932601213455,
    "Cheekbones Flushed/Pale":0.0,
    "Lipstick Amount":0.0,
    "Tip Redness":0.0,
    "Eyelids Pale/Red":0.0,
    "Tip Color":0.49063700437546,
    "Ombre Amount":0.0,
    "Salt And Pepper":0.20973800122738,
    "Freckles":0.0
  },
  "APIVersion":"v2",
  "SenescenceLevel":7,
  "ModVersion":"1.1.0",
  "SkinColorsMapL":{
    "Root DyeColor":{
      "A":1.0,
      "R":1.0,
      "G":1.0,
      "B":1.0
    },
    "Eyeliner Tone":{
      "A":1.0,
      "R":1.0,
      "G":1.0,
      "B":1.0
    },
    "Tip DyeColor":{
      "A":1.0,
      "R":1.0,
      "G":1.0,
      "B":1.0
    },
    "Skin Tone":{
      "A":1.0,
      "R":1.0,
      "G":1.0,
      "B":1.0
    },
    "Lipstick Color":{
      "A":1.0,
      "R":1.0,
      "G":1.0,
      "B":1.0
    }
  }
}