{
  "APIVersion":"v2",
  "SkinParametersMap":{
    "Tip Color":0.23999899625778,
    "Ombre Constrast":-0.11999999731779,
    "Complexion":0.41999998688698,
    "Ombre Amount":0.03999999910593,
    "Lipstick Amount":0.014999999664724,
    "Salt And Pepper":0.0,
    "Skin Dark/Light":0.079999998211861,
    "Root Redness":0.51999998092651,
    "Eye socket Bruised/Bright":0.0,
    "Freckles":0.0,
    "Eyeliner Light/Dark":0.0,
    "Eyebrows Redness Intensity":0.0,
    "Eye Socket Dark/Light":0.0,
    "Eyebrows Color Intensity":0.0,
    "Root Color":1.0,
    "Cheek Blush Light/Red":0.0,
    "Eylids Light/Dark":0.0,
    "Skin Tint Orange/Blue":0.0,
    "Tip Redness":9.9999999747524e-07,
    "Cheekbones Flushed/Pale":0.0,
    "Eyelids Pale/Red":0.0,
    "Skin Tint Purple/Yellow":0.0
  },
  "Author":"Bethesda",
  "Race":"TESRace /Game/Forms/actors/race/Breton.Breton",
  "HairColorsL":{
    "1":{
      "R":0.22395800054073,
      "G":0.1452250033617,
      "B":0.08398400247097,
      "A":1.0
    },
    "2":{
      "R":0.22395800054073,
      "G":0.1452250033617,
      "B":0.08398400247097,
      "A":1.0
    },
    "0":{
      "R":0.22395800054073,
      "G":0.1452250033617,
      "B":0.08398400247097,
      "A":1.0
    }
  },
  "Body":"SkeletalMesh /Game/Art/Character/Imperial/SK_Imperial_Body_m.SK_Imperial_Body_m",
  "Date":"2025-06-04 19:28:18",
  "ModCreator":"animandan",
  "ModName":"RaceMenuUtilities",
  "SkinColorsMapL":{
    "Root DyeColor":{
      "R":0.23839800059795,
      "G":0.012285999953747,
      "B":0.0047769998200238,
      "A":1.0
    },
    "Eyeliner Tone":{
      "R":1.0,
      "G":1.0,
      "B":1.0,
      "A":1.0
    },
    "Lipstick Color":{
      "R":1.0,
      "G":1.0,
      "B":1.0,
      "A":1.0
    },
    "Skin Tone":{
      "R":1.0,
      "G":1.0,
      "B":1.0,
      "A":1.0
    },
    "Tip DyeColor":{
      "R":0.23839800059795,
      "G":0.012285999953747,
      "B":0.0047769998200238,
      "A":1.0
    }
  },
  "Beard":"/Game/Dev/Phenotypes/Beard/HP_Breton_BD_Short.HP_Breton_BD_Short",
  "Sex":0,
  "ModVersion":"1.1.0",
  "EyeMaterial":"/Game/Art/Character/Modular/Eyes_Human/MIC_Human_Eyes_Brown2.MIC_Human_Eyes_Brown2",
  "Description":"saved from in-game",
  "FaceBaseMesh":"/Game/Art/Character/Breton/SK_Breton_Head_m.SK_Breton_Head_m",
  "FaceMorphValuesMap":{
    "Face Gaunt / Round":0.37460100650787,
    "Nose Short / Long":0.0,
    "Nose Tilt Down / Up":0.0,
    "Mouth Sad / Happy":0.080538541078568,
    "Mouth Retracted / Protruding":0.0,
    "Chin Short / Tall":-0.14000000059605,
    "Cheekbones Low / High":0.31174498796463,
    "Nose Nostrils Tilt Down / Up":0.25999999046326,
    "Mouth Deflated / Inflated":-0.10000000149012,
    "Hair Length":0.0,
    "Nose Sellion Shallow / Deep":0.60000002384186,
    "Chin Shallow / Deep":-0.42166885733604,
    "Jaw Concave / Convex":0.60000002384186,
    "Brow Ridge Low / High":0.46000000834465,
    "Chin Recessed / Pronounced":-0.1023890003562,
    "Mouth Tilt Down / Up":-0.64449501037598,
    "Nose Sellion Thin / Wide":0.0,
    "Cheeks Gaunt / Round":0.241878002882,
    "Nose Sellion Lower Shallow / Deep":0.0,
    "Nose Sellion Down / Up":-0.43620899319649,
    "Cheeks Concave / Convex":0.027163000777364,
    "Nose Region Concave / Convex":-0.040001001209021,
    "Eyes Inward / Outward":0.32873257994652,
    "Nose Nostrils Thin / Wide":0.61095601320267,
    "Brow Ridge Inner Down / Up":-0.46711200475693,
    "Eyes Apart / Together":-0.1896979957819,
    "Mouth Underbite / Overbite":0.55353897809982,
    "Chin Retracted / Jutting":-0.53999900817871,
    "Brow / Nose / Chin Ratio":-0.35578700900078,
    "Nose Bridge Short / Long":0.0,
    "Mouth Low / High":-0.5799999833107,
    "Forehead Small / Large":-0.28000000119209,
    "Nose Bridge Shallow / Deep":0.0,
    "Eyes Small / Large":-0.10395500063896,
    "Forehead / Sellion / Nose Ratio":0.38989499211311,
    "Mouth Chin Short / Long":0.015157249756157,
    "Forehead Short / Tall":-0.4395250082016,
    "Eyes Down / Up":-0.28628799319267,
    "Vampire":0.0,
    "Mouth Retracted / Puckered":0.059999998658895,
    "Jaw Retracted / Jutting":0.37513872981071,
    "Mouth Drawn / Pursed":-0.10000199824572,
    "Cheekbones Thin / Wide":0.10000000149012,
    "Nose Down / Up":0.23999999463558,
    "Jaw Neck Slope Low / High":-0.17901100218296,
    "Chin Thin / Wide":0.87999999523163,
    "Cheekbones Shallow / Pronounced":0.15999999642372,
    "Nose Nostrils Small / Large":0.40999600291252,
    "Nose Flat / Pointed":0.0,
    "Face Thin / Wide":-0.74000000953674,
    "Chin Backward / Forward":-0.088273718953133,
    "Face Light / Heavy":-0.059999998658895,
    "Mouth Small / Large":0.10000000149012,
    "Forehead Back / Forward":0.35703098773956,
    "Jaw Thin / Wide":-0.19999900460243,
    "Brow Ridge Outer Down / Up":0.2490099966526,
    "Chin Small / Large":0.06598100066185
  },
  "Hair":"/Game/Dev/Phenotypes/Hair/HP_HR_Ponytail.HP_HR_Ponytail",
  "Mustache":"/Game/Dev/Phenotypes/Mustache/HP_Breton_MS_Medium.HP_Breton_MS_Medium",
  "SenescenceLevel":4,
  "Name":"BP_Blade5_C"
}