{
  "ModName":"RaceMenuUtilities",
  "FaceBaseMesh":"/Game/Art/Character/Imperial/SK_Imperial_Head_m.SK_Imperial_Head_m",
  "Author":"Bethesda",
  "Date":"2025-06-04 20:30:51",
  "SkinColorsMapL":{
    "Lipstick Color":{
      "A":1.0,
      "B":0.0,
      "G":0.0,
      "R":0.34895798563957
    },
    "Eyeliner Tone":{
      "A":1.0,
      "B":1.0,
      "G":1.0,
      "R":1.0
    },
    "Root DyeColor":{
      "A":1.0,
      "B":1.0,
      "G":1.0,
      "R":1.0
    },
    "Tip DyeColor":{
      "A":1.0,
      "B":1.0,
      "G":1.0,
      "R":1.0
    },
    "Skin Tone":{
      "A":1.0,
      "B":0.75122100114822,
      "G":0.85510402917862,
      "R":0.94270801544189
    }
  },
  "Name":"BP_BrumaGuardEscortCountess_C",
  "FaceMorphValuesMap":{
    "Eyes Small / Large":-0.77999901771545,
    "Jaw Thin / Wide":-0.10000000149012,
    "Brow Ridge Low / High":-0.46317398548126,
    "Chin Retracted / Jutting":-0.18000000715256,
    "Face Thin / Wide":0.0,
    "Hair Length":0.0,
    "Chin Backward / Forward":0.11999999731779,
    "Vampire":0.0,
    "Mouth Underbite / Overbite":0.0,
    "Eyes Inward / Outward":0.0,
    "Mouth Sad / Happy":0.0,
    "Jaw Retracted / Jutting":0.0,
    "Nose Flat / Pointed":0.0,
    "Chin Recessed / Pronounced":-0.059999998658895,
    "Cheeks Gaunt / Round":0.059999998658895,
    "Forehead Back / Forward":-0.25999999046326,
    "Nose Sellion Down / Up":0.0,
    "Mouth Deflated / Inflated":0.0,
    "Mouth Small / Large":0.0,
    "Nose Tilt Down / Up":0.0,
    "Nose Short / Long":0.0,
    "Mouth Drawn / Pursed":0.0,
    "Chin Short / Tall":-0.18000000715256,
    "Nose Sellion Thin / Wide":0.5799999833107,
    "Jaw Neck Slope Low / High":0.0,
    "Cheekbones Shallow / Pronounced":0.18000000715256,
    "Nose Sellion Shallow / Deep":0.03999999910593,
    "Mouth Tilt Down / Up":0.0,
    "Brow / Nose / Chin Ratio":0.0,
    "Brow Ridge Outer Down / Up":-0.10000000149012,
    "Chin Small / Large":0.0,
    "Mouth Retracted / Puckered":0.0,
    "Chin Thin / Wide":0.0,
    "Nose Nostrils Tilt Down / Up":0.0,
    "Face Gaunt / Round":0.0,
    "Cheekbones Thin / Wide":0.20000000298023,
    "Forehead / Sellion / Nose Ratio":0.0,
    "Cheekbones Low / High":0.0,
    "Nose Bridge Short / Long":0.5799999833107,
    "Forehead Short / Tall":0.11999899893999,
    "Nose Bridge Shallow / Deep":0.20000000298023,
    "Mouth Chin Short / Long":0.0,
    "Face Light / Heavy":0.0,
    "Nose Region Concave / Convex":0.0,
    "Mouth Retracted / Protruding":0.0,
    "Cheeks Concave / Convex":-0.059999998658895,
    "Nose Nostrils Small / Large":0.20000000298023,
    "Jaw Concave / Convex":0.54000002145767,
    "Nose Down / Up":0.0,
    "Mouth Low / High":0.0,
    "Eyes Down / Up":-0.31999999284744,
    "Chin Shallow / Deep":-0.41999998688698,
    "Eyes Apart / Together":0.66000002622604,
    "Brow Ridge Inner Down / Up":-0.46000000834465,
    "Nose Sellion Lower Shallow / Deep":0.0,
    "Nose Nostrils Thin / Wide":0.74000000953674,
    "Forehead Small / Large":0.0
  },
  "EyeMaterial":"/Game/Art/Character/Modular/Eyes_Human/MIC_Human_Eyes_Brown2.MIC_Human_Eyes_Brown2",
  "HairColorsL":{
    "1":{
      "A":1.0,
      "B":0.0036765071563423,
      "G":0.0074990317225456,
      "R":0.012286487966776
    },
    "2":{
      "A":1.0,
      "B":0.061246052384377,
      "G":0.1046164855361,
      "R":0.16202937066555
    },
    "0":{
      "A":1.0,
      "B":1.0,
      "G":1.0,
      "R":1.0
    }
  },
  "SkinParametersMap":{
    "Eylids Light/Dark":0.0,
    "Ombre Amount":1.0,
    "Complexion":0.5799999833107,
    "Lipstick Dark Red/Light Blue":0.0,
    "Eyeshadow Light/Dark":0.0,
    "Root Color":0.10000000149012,
    "Skin Tint Orange/Blue":-0.10000000149012,
    "Eyelids Light/Dark":0.0,
    "Naso Small/Large":0.0,
    "Tip Redness":0.5,
    "Skin Tint Purple/Yellow":0.30000001192093,
    "Lipstick Amount":0.0049999998882413,
    "Cheek Blush Light/Red":0.0,
    "Root Redness":0.5,
    "Lips Flushed/Pale":0.0,
    "Ombre Constrast":1.0,
    "Tip Color":0.66000002622604,
    "Eye Sockets Bruised/Bright":0.0,
    "Freckles":0.0,
    "Cheekbones Flushed/Pale":0.77999997138977,
    "Eyebrows Color Intensity":0.0,
    "Naso Labial Lines Light/Dark":0.0,
    "Lipstick Dark Blue/Light Red":0.0,
    "Eye Socket Dark/Light":0.0,
    "Eye socket Bruised/Bright":0.0,
    "Salt And Pepper":0.0,
    "Eyebrows Redness Intensity":0.0,
    "Eyeliner Light/Dark":0.0,
    "Age":0.0,
    "Skin Dark/Light":0.0,
    "Eyelids Pale/Red":0.0,
    "Eye Sockets Dark/Light":0.0
  },
  "Mustache":"/Game/Dev/Phenotypes/Mustache/HP_Imperial_MS_Medium.HP_Imperial_MS_Medium",
  "SenescenceLevel":2,
  "Sex":0,
  "Description":"saved from in-game",
  "Beard":"/Game/Dev/Phenotypes/Beard/HP_Imperial_BD_Goatee.HP_Imperial_BD_Goatee",
  "ModCreator":"animandan",
  "ModVersion":"1.1.0",
  "APIVersion":"v2",
  "Hair":"/Game/Dev/Phenotypes/Hair/HP_HR_Cropped.HP_HR_Cropped",
  "Race":"TESRace /Game/Forms/actors/race/Imperial.Imperial",
  "Body":"SkeletalMesh /Game/Art/Character/Imperial/SK_Imperial_Body_m.SK_Imperial_Body_m"
}