{
  "Sex":0,
  "HairColorsL":{
    "1":{
      "A":1.0,
      "R":1.0,
      "G":1.0,
      "B":1.0
    },
    "2":{
      "A":1.0,
      "R":1.0,
      "G":1.0,
      "B":1.0
    },
    "0":{
      "A":1.0,
      "R":1.0,
      "G":1.0,
      "B":1.0
    }
  },
  "EyeMaterial":"/Game/Art/Character/Modular/Eyes_Human/MIC_Human_Eyes_Green2.MIC_Human_Eyes_Green2",
  "SkinColorsMapL":{
    "Root DyeColor":{
      "A":1.0,
      "R":1.0,
      "G":1.0,
      "B":1.0
    },
    "Eyeliner Tone":{
      "A":1.0,
      "R":1.0,
      "G":1.0,
      "B":1.0
    },
    "Tip DyeColor":{
      "A":1.0,
      "R":1.0,
      "G":1.0,
      "B":1.0
    },
    "Skin Tone":{
      "A":1.0,
      "R":1.0,
      "G":1.0,
      "B":1.0
    },
    "Lipstick Color":{
      "A":1.0,
      "R":0.093058958649635,
      "G":0.0009105809731409,
      "B":0.0097212167456746
    }
  },
  "Date":"2025-06-04 19:34:54",
  "Description":"saved from in-game",
  "Name":"BP_BeggarAnvilImusTheDull_C",
  "ModCreator":"animandan",
  "ModName":"RaceMenuUtilities",
  "ModVersion":"1.1.0",
  "Mustache":"/Game/Dev/Phenotypes/Mustache/HP_Imperial_MS_Scruffy.HP_Imperial_MS_Scruffy",
  "Author":"Bethesda",
  "APIVersion":"v2",
  "Body":"SkeletalMesh /Game/Art/Character/Imperial/SK_Imperial_Body_m.SK_Imperial_Body_m",
  "FaceMorphValuesMap":{
    "Nose Nostrils Thin / Wide":0.0,
    "Forehead / Sellion / Nose Ratio":0.0,
    "Cheekbones Thin / Wide":0.0,
    "Forehead Small / Large":-0.34000000357628,
    "Chin Recessed / Pronounced":0.0,
    "Brow / Nose / Chin Ratio":0.0,
    "Jaw Thin / Wide":-0.77999901771545,
    "Cheeks Gaunt / Round":0.20000000298023,
    "Chin Backward / Forward":0.0,
    "Chin Thin / Wide":0.0,
    "Forehead Short / Tall":0.0,
    "Face Thin / Wide":0.0,
    "Brow Ridge Inner Down / Up":0.0,
    "Mouth Underbite / Overbite":0.0,
    "Mouth Low / High":0.0,
    "Vampire":0.0,
    "Face Gaunt / Round":0.40000000596046,
    "Eyes Small / Large":-0.28000000119209,
    "Mouth Drawn / Pursed":0.0,
    "Chin Retracted / Jutting":0.0,
    "Nose Tilt Down / Up":0.0,
    "Mouth Small / Large":0.0,
    "Nose Short / Long":0.0,
    "Nose Bridge Shallow / Deep":0.0,
    "Nose Sellion Thin / Wide":0.0,
    "Mouth Retracted / Protruding":0.0,
    "Nose Sellion Shallow / Deep":0.0,
    "Jaw Retracted / Jutting":0.0,
    "Nose Sellion Down / Up":0.0,
    "Eyes Inward / Outward":0.0,
    "Nose Region Concave / Convex":0.0,
    "Brow Ridge Outer Down / Up":0.0,
    "Nose Nostrils Small / Large":0.0,
    "Eyes Apart / Together":0.40000000596046,
    "Nose Nostrils Tilt Down / Up":0.0,
    "Nose Flat / Pointed":0.0,
    "Mouth Tilt Down / Up":0.019999999552965,
    "Jaw Concave / Convex":0.0,
    "Mouth Sad / Happy":0.62000000476837,
    "Cheekbones Shallow / Pronounced":0.0,
    "Face Light / Heavy":0.20000000298023,
    "Nose Down / Up":0.0,
    "Chin Short / Tall":0.0,
    "Eyes Down / Up":0.56000000238419,
    "Cheeks Concave / Convex":0.25999999046326,
    "Nose Bridge Short / Long":0.0,
    "Mouth Chin Short / Long":0.0,
    "Nose Sellion Lower Shallow / Deep":0.0,
    "Mouth Retracted / Puckered":0.0,
    "Hair Length":0.0,
    "Mouth Deflated / Inflated":0.0,
    "Chin Shallow / Deep":0.0,
    "Jaw Neck Slope Low / High":0.0,
    "Brow Ridge Low / High":0.40000000596046,
    "Cheekbones Low / High":0.0,
    "Forehead Back / Forward":0.0,
    "Chin Small / Large":0.0
  },
  "Hair":"/Game/Dev/Phenotypes/Hair/HP_Nord_HR_BaldPony.HP_Nord_HR_BaldPony",
  "Beard":"/Game/Dev/Phenotypes/Beard/HP_New_ChinGoatee.HP_New_ChinGoatee",
  "SkinParametersMap":{
    "Complexion":0.42516899108887,
    "Ombre Constrast":0.0,
    "Age":1.0,
    "Eye Sockets Dark/Light":0.0,
    "Root Redness":0.0,
    "Naso Small/Large":0.0,
    "Eyebrows Redness Intensity":0.0,
    "Root Color":0.0,
    "Lipstick Dark Blue/Light Red":0.0,
    "Khajiit Pattern Number":0.0,
    "Lipstick Dark Red/Light Blue":0.0,
    "Freckles":0.68000000715256,
    "Eye socket Bruised/Bright":0.0,
    "Cheek Blush Light/Red":0.0,
    "Eyebrows Color Intensity":0.69999998807907,
    "Cheekbones Flushed/Pale":0.0,
    "Lipstick Amount":0.0,
    "Eye Sockets Bruised/Bright":0.0,
    "Ombre Amount":1.0,
    "Lips Flushed/Pale":0.0,
    "Tip Redness":0.0,
    "Naso Labial Lines Light/Dark":0.20000000298023,
    "Eyelids Pale/Red":0.0,
    "Tip Color":0.10000000149012,
    "Eyeshadow Light/Dark":0.37999999523163,
    "Eyeliner Light/Dark":0.0,
    "Salt And Pepper":0.0,
    "Eyelids Light/Dark":0.0
  },
  "FaceBaseMesh":"/Game/Art/Character/Imperial/SK_Imperial_Head_m.SK_Imperial_Head_m",
  "Race":"TESRace /Game/Forms/actors/race/Imperial.Imperial",
  "SenescenceLevel":4
}