{
  "APIVersion":"v2",
  "SkinParametersMap":{
    "Eyebrows Redness Intensity":0.0,
    "Naso Small/Large":0.0,
    "Ombre Amount":1.0,
    "Tip Color":0.68000000715256,
    "Root Redness":1.0,
    "Tip Redness":1.0,
    "Ombre Constrast":1.0,
    "Root Color":0.10000000149012,
    "Eyelids Light/Dark":0.0,
    "Eyeshadow Light/Dark":0.0,
    "Complexion":0.5799999833107,
    "Eye Sockets Bruised/Bright":0.0,
    "Freckles":0.69999998807907,
    "Cheekbones Flushed/Pale":0.18000000715256,
    "Cheek Blush Light/Red":0.0,
    "Salt And Pepper":0.0,
    "Skin Dark/Light":0.0,
    "Eyebrows Color Intensity":0.5,
    "Eye socket Bruised/Bright":0.0,
    "Eye Socket Dark/Light":0.0,
    "Lipstick Dark Blue/Light Red":0.0,
    "Eyelids Pale/Red":0.0,
    "Age":0.0,
    "Skin Tint Orange/Blue":0.0,
    "Lipstick Amount":0.0,
    "Eyeliner Light/Dark":0.0,
    "Eylids Light/Dark":0.0,
    "Eye Sockets Dark/Light":0.0,
    "Lipstick Dark Red/Light Blue":0.0,
    "Naso Labial Lines Light/Dark":0.0,
    "Lips Flushed/Pale":0.0,
    "Skin Tint Purple/Yellow":0.0
  },
  "Author":"Bethesda",
  "Race":"TESRace /Game/Forms/actors/race/Imperial.Imperial",
  "HairColorsL":{
    "0":{
      "R":0.021219009533525,
      "G":0.01032982300967,
      "B":0.0060488330200315,
      "A":1.0
    }
  },
  "Body":"SkeletalMesh /Game/Art/Character/Imperial/SK_Imperial_Body_m.SK_Imperial_Body_m",
  "Date":"2025-06-04 19:28:27",
  "SkinColorsMapL":{
    "Root DyeColor":{
      "R":1.0,
      "G":1.0,
      "B":1.0,
      "A":1.0
    },
    "Eyeliner Tone":{
      "R":1.0,
      "G":1.0,
      "B":1.0,
      "A":1.0
    },
    "Lipstick Color":{
      "R":1.0,
      "G":1.0,
      "B":1.0,
      "A":1.0
    },
    "Skin Tone":{
      "R":0.90625,
      "G":0.84838497638702,
      "B":0.80240899324417,
      "A":1.0
    },
    "Tip DyeColor":{
      "R":0.1746474057436,
      "G":0.015996292233467,
      "B":0.0018211619462818,
      "A":1.0
    }
  },
  "ModCreator":"animandan",
  "Sex":0,
  "ModName":"RaceMenuUtilities",
  "EyeMaterial":"/Game/Art/Character/Modular/Eyes_Human/MIC_Human_Eyes_Red1.MIC_Human_Eyes_Red1",
  "ModVersion":"1.1.0",
  "FaceBaseMesh":"/Game/Art/Character/Imperial/SK_Imperial_Head_m.SK_Imperial_Head_m",
  "Hair":"/Game/Dev/Phenotypes/Hair/HP_HR_Loose.HP_HR_Loose",
  "Description":"saved from in-game",
  "SenescenceLevel":2,
  "FaceMorphValuesMap":{
    "Face Gaunt / Round":-0.17006972432137,
    "Nose Short / Long":0.37999999523163,
    "Nose Tilt Down / Up":0.0,
    "Mouth Sad / Happy":-0.4971316754818,
    "Mouth Retracted / Protruding":-0.014576000161469,
    "Chin Short / Tall":0.29054498672485,
    "Cheekbones Low / High":0.46498972177505,
    "Nose Nostrils Tilt Down / Up":0.49623304605484,
    "Mouth Deflated / Inflated":-0.21449537575245,
    "Hair Length":0.0,
    "Nose Sellion Shallow / Deep":0.28000000119209,
    "Chin Shallow / Deep":0.44609186053276,
    "Jaw Concave / Convex":0.55505442619324,
    "Brow Ridge Low / High":0.0,
    "Chin Recessed / Pronounced":-0.37439700961113,
    "Mouth Tilt Down / Up":-0.38154101371765,
    "Nose Sellion Thin / Wide":0.0,
    "Cheeks Gaunt / Round":0.33649599552155,
    "Nose Sellion Lower Shallow / Deep":0.21999999880791,
    "Nose Sellion Down / Up":-0.12200099974871,
    "Cheeks Concave / Convex":0.1283927410841,
    "Nose Region Concave / Convex":0.30117267370224,
    "Eyes Inward / Outward":0.27879533171654,
    "Nose Nostrils Thin / Wide":0.31376013159752,
    "Brow Ridge Inner Down / Up":0.44999998807907,
    "Eyes Apart / Together":0.7372419834137,
    "Mouth Underbite / Overbite":0.11997900158167,
    "Chin Retracted / Jutting":0.0,
    "Brow / Nose / Chin Ratio":0.065489366650581,
    "Nose Bridge Short / Long":-0.15271000564098,
    "Mouth Low / High":0.17624600231647,
    "Forehead Small / Large":-0.06277721375227,
    "Nose Bridge Shallow / Deep":-0.19235000014305,
    "Eyes Small / Large":-0.80667102336884,
    "Forehead / Sellion / Nose Ratio":-0.066139660775661,
    "Mouth Chin Short / Long":-0.090508468449116,
    "Forehead Short / Tall":-0.23861980438232,
    "Eyes Down / Up":-0.35200598835945,
    "Vampire":0.0,
    "Mouth Retracted / Puckered":-0.44106277823448,
    "Jaw Retracted / Jutting":0.32600864768028,
    "Mouth Drawn / Pursed":-0.68594080209732,
    "Cheekbones Thin / Wide":0.091095000505447,
    "Nose Down / Up":-0.3773590028286,
    "Jaw Neck Slope Low / High":-0.073617659509182,
    "Chin Thin / Wide":-0.073481000959873,
    "Cheekbones Shallow / Pronounced":0.34325501322746,
    "Nose Nostrils Small / Large":0.082913875579834,
    "Nose Flat / Pointed":0.04941900074482,
    "Face Thin / Wide":-0.13715958595276,
    "Chin Backward / Forward":0.075009271502495,
    "Face Light / Heavy":-0.50995141267776,
    "Mouth Small / Large":0.43348100781441,
    "Forehead Back / Forward":0.045919347554445,
    "Jaw Thin / Wide":-0.16112099587917,
    "Brow Ridge Outer Down / Up":0.26102301478386,
    "Chin Small / Large":0.078058443963528
  },
  "Name":"BP_BravilGuardCastlePatrolNight01_C"
}