{
  "APIVersion":"v2",
  "SkinParametersMap":{
    "Eye Socket Dark/Light":0.62000000476837,
    "Eyelids Pale/Red":0.81999999284744,
    "Lipstick Amount":0.23999999463558,
    "Eyeliner Light/Dark":1.0,
    "Complexion":0.0,
    "Khajiit Pattern Number":1.0,
    "Hair Desaturation for Khajiit":0.0,
    "Eylids Light/Dark":-0.20000100135803,
    "Eye socket Bruised/Bright":0.37999901175499
  },
  "Author":"Bethesda",
  "Race":"TESRace /Game/Forms/actors/race/Khajiit.Khajiit",
  "HairColorsL":{
    "0":{
      "R":0.52083301544189,
      "G":0.34206798672676,
      "B":0.22605599462986,
      "A":1.0
    }
  },
  "Body":"SkeletalMesh /Game/Art/Character/Imperial/SK_Imperial_Body_m.SK_Imperial_Body_m",
  "Date":"2025-06-04 19:28:32",
  "SkinColorsMapL":{
    "Color 3":{
      "R":1.0,
      "G":1.0,
      "B":1.0,
      "A":1.0
    },
    "Eyeliner Tone":{
      "R":1.0,
      "G":1.0,
      "B":1.0,
      "A":1.0
    },
    "Color 2":{
      "R":0.201556250453,
      "G":0.11697066575289,
      "B":0.11697066575289,
      "A":1.0
    },
    "Color 1":{
      "R":0.72305500507355,
      "G":0.47452801465988,
      "B":0.13808900117874,
      "A":1.0
    }
  },
  "Sex":0,
  "ModCreator":"animandan",
  "ModVersion":"1.1.0",
  "ModName":"RaceMenuUtilities",
  "FaceBaseMesh":"/Game/Art/Character/Khajiit/SK_Khajiit_Head_m.SK_Khajiit_Head_m",
  "Hair":"/Game/Dev/Phenotypes/Hair/HP_Khajiit_HR_Common.HP_Khajiit_HR_Common",
  "Description":"saved from in-game",
  "SenescenceLevel":2,
  "FaceMorphValuesMap":{
    "Face Gaunt / Round":-0.63999998569489,
    "Nose Short / Long":0.31999999284744,
    "Nose Tilt Down / Up":0.40000000596046,
    "Mouth Sad / Happy":-0.45999899506569,
    "Mouth Retracted / Protruding":0.099999003112316,
    "Chin Short / Tall":-0.87999999523163,
    "Cheekbones Low / High":-0.29999899864197,
    "Nose Nostrils Tilt Down / Up":0.03999999910593,
    "Mouth Deflated / Inflated":-0.37999901175499,
    "Hair Length":0.0,
    "Nose Sellion Shallow / Deep":-0.21999999880791,
    "Chin Shallow / Deep":-0.25999999046326,
    "Jaw Concave / Convex":0.83999997377396,
    "Brow Ridge Low / High":-0.49999898672104,
    "Chin Recessed / Pronounced":0.87999999523163,
    "Mouth Tilt Down / Up":0.29999899864197,
    "Nose Sellion Thin / Wide":0.80000001192093,
    "Cheeks Gaunt / Round":-0.49999898672104,
    "Nose Sellion Lower Shallow / Deep":0.86000001430511,
    "Nose Sellion Down / Up":0.10000099986792,
    "Cheeks Concave / Convex":-0.49999898672104,
    "Nose Region Concave / Convex":0.45999899506569,
    "Eyes Inward / Outward":0.62000000476837,
    "Nose Nostrils Thin / Wide":0.69999998807907,
    "Brow Ridge Inner Down / Up":-0.47999900579453,
    "Eyes Apart / Together":0.95999997854233,
    "Mouth Underbite / Overbite":-0.14000099897385,
    "Chin Retracted / Jutting":0.20000100135803,
    "Brow / Nose / Chin Ratio":0.80000001192093,
    "Nose Bridge Short / Long":0.19999900460243,
    "Mouth Low / High":-0.51999998092651,
    "Forehead Small / Large":0.80000001192093,
    "Nose Bridge Shallow / Deep":-0.14000000059605,
    "Eyes Small / Large":-0.75999999046326,
    "Forehead / Sellion / Nose Ratio":0.03999999910593,
    "Mouth Chin Short / Long":0.48000100255013,
    "Forehead Short / Tall":-0.80000001192093,
    "Eyes Down / Up":0.9200000166893,
    "Vampire":0.0,
    "Mouth Retracted / Puckered":-0.55999898910522,
    "Jaw Retracted / Jutting":0.80000001192093,
    "Mouth Drawn / Pursed":0.83999997377396,
    "Cheekbones Thin / Wide":-0.75999999046326,
    "Nose Down / Up":0.33999899029732,
    "Jaw Neck Slope Low / High":0.31999999284744,
    "Chin Thin / Wide":-0.079999998211861,
    "Cheekbones Shallow / Pronounced":-0.47999900579453,
    "Nose Nostrils Small / Large":-0.01999899931252,
    "Nose Flat / Pointed":0.85999900102615,
    "Face Thin / Wide":-0.34000000357628,
    "Chin Backward / Forward":0.98000001907349,
    "Face Light / Heavy":-0.12000100314617,
    "Mouth Small / Large":-0.38000100851059,
    "Forehead Back / Forward":0.80000001192093,
    "Jaw Thin / Wide":-0.93999898433685,
    "Brow Ridge Outer Down / Up":-0.47999998927116,
    "Chin Small / Large":-0.14000000059605
  },
  "Name":"BP_BWCWatersEdge3_C"
}