{
  "APIVersion":"v2",
  "SkinParametersMap":{
    "Tip Color":0.46000000834465,
    "Ombre Constrast":1.0,
    "Complexion":0.0,
    "Ombre Amount":1.0,
    "Lipstick Amount":0.0,
    "Salt And Pepper":0.0,
    "Skin Dark/Light":0.0,
    "Root Redness":1.0,
    "Eye socket Bruised/Bright":0.0,
    "Freckles":0.0,
    "Eyeliner Light/Dark":0.0,
    "Eyebrows Redness Intensity":0.0,
    "Eye Socket Dark/Light":0.0,
    "Eyebrows Color Intensity":0.0,
    "Root Color":0.10000000149012,
    "Cheek Blush Light/Red":0.0,
    "Eylids Light/Dark":0.0,
    "Skin Tint Orange/Blue":0.0,
    "Tip Redness":1.0,
    "Cheekbones Flushed/Pale":0.0,
    "Eyelids Pale/Red":0.0,
    "Skin Tint Purple/Yellow":0.0
  },
  "Author":"Bethesda",
  "Race":"TESRace /Game/Forms/actors/race/DarkElf.DarkElf",
  "HairColorsL":[],
  "Body":"SkeletalMesh /Game/Art/Character/Imperial/SK_Imperial_Body_m.SK_Imperial_Body_m",
  "Date":"2025-06-04 19:29:10",
  "ModCreator":"animandan",
  "ModName":"RaceMenuUtilities",
  "SkinColorsMapL":{
    "Tip DyeColor":{
      "R":0.79910272359848,
      "G":0.40197777748108,
      "B":0.095307469367981,
      "A":1.0
    },
    "Lipstick Color":{
      "R":1.0,
      "G":1.0,
      "B":1.0,
      "A":1.0
    },
    "Root DyeColor":{
      "R":1.0,
      "G":1.0,
      "B":1.0,
      "A":1.0
    }
  },
  "Beard":"/Game/Dev/Phenotypes/Beard/HP_DarkElf_BD_Scruffy.HP_DarkElf_BD_Scruffy",
  "Sex":0,
  "ModVersion":"1.1.0",
  "EyeMaterial":"/Game/Art/Character/Modular/MIC_ME_DarkElf.MIC_ME_DarkElf",
  "Description":"saved from in-game",
  "FaceBaseMesh":"/Game/Art/Character/DarkElf/SK_DarkElf_Head_m.SK_DarkElf_Head_m",
  "FaceMorphValuesMap":{
    "Face Gaunt / Round":-0.25600910186768,
    "Nose Short / Long":0.0,
    "Nose Tilt Down / Up":0.0,
    "Mouth Sad / Happy":-0.093282639980316,
    "Mouth Retracted / Protruding":-0.25876408815384,
    "Chin Short / Tall":-0.31867894530296,
    "Cheekbones Low / High":-0.27859345078468,
    "Nose Nostrils Tilt Down / Up":-0.40000000596046,
    "Mouth Deflated / Inflated":-0.65701764822006,
    "Hair Length":0.0,
    "Nose Sellion Shallow / Deep":0.0,
    "Chin Shallow / Deep":0.25398635864258,
    "Jaw Concave / Convex":0.032724257558584,
    "Brow Ridge Low / High":0.036596294492483,
    "Chin Recessed / Pronounced":0.16139100492001,
    "Mouth Tilt Down / Up":-0.076386503875256,
    "Nose Sellion Thin / Wide":0.0,
    "Cheeks Gaunt / Round":0.26170524954796,
    "Nose Sellion Lower Shallow / Deep":0.0,
    "Nose Sellion Down / Up":-0.046601999551058,
    "Cheeks Concave / Convex":0.12540726363659,
    "Nose Region Concave / Convex":-0.014631999656558,
    "Eyes Inward / Outward":-0.181317076087,
    "Nose Nostrils Thin / Wide":-0.20765459537506,
    "Brow Ridge Inner Down / Up":0.059937477111816,
    "Eyes Apart / Together":-0.10722973197699,
    "Mouth Underbite / Overbite":0.12562528252602,
    "Chin Retracted / Jutting":-0.30101490020752,
    "Brow / Nose / Chin Ratio":0.26959547400475,
    "Nose Bridge Short / Long":0.019810913130641,
    "Mouth Low / High":0.5,
    "Forehead Small / Large":0.14694847166538,
    "Nose Bridge Shallow / Deep":0.23533900082111,
    "Eyes Small / Large":0.097915887832642,
    "Forehead / Sellion / Nose Ratio":0.19298918545246,
    "Mouth Chin Short / Long":-0.085958123207092,
    "Forehead Short / Tall":-0.081700973212719,
    "Eyes Down / Up":0.042764604091644,
    "Vampire":0.0,
    "Mouth Retracted / Puckered":-0.11602301895618,
    "Jaw Retracted / Jutting":0.28435188531876,
    "Mouth Drawn / Pursed":-0.29639315605164,
    "Cheekbones Thin / Wide":-0.36722227931023,
    "Nose Down / Up":0.15314380824566,
    "Jaw Neck Slope Low / High":-0.26121154427528,
    "Chin Thin / Wide":0.32291930913925,
    "Cheekbones Shallow / Pronounced":0.39556130766869,
    "Nose Nostrils Small / Large":0.37999999523163,
    "Nose Flat / Pointed":-0.27204146981239,
    "Face Thin / Wide":-0.0017488807206973,
    "Chin Backward / Forward":-0.25439736247063,
    "Face Light / Heavy":0.15999999642372,
    "Mouth Small / Large":-0.51942092180252,
    "Forehead Back / Forward":0.27451771497726,
    "Jaw Thin / Wide":0.14386062324047,
    "Brow Ridge Outer Down / Up":-0.054391454905272,
    "Chin Small / Large":0.080689996480942
  },
  "Hair":"/Game/Dev/Phenotypes/Hair/HP_HR_Ponytail.HP_HR_Ponytail",
  "Mustache":"/Game/Dev/Phenotypes/Mustache/HP_DarkElf_MS_Scruffy.HP_DarkElf_MS_Scruffy",
  "SenescenceLevel":3,
  "Name":"BP_BanditBlackBowMale4_C"
}