{
  "ModName":"RaceMenuUtilities",
  "FaceBaseMesh":"/Game/Art/Character/WoodElf/SK_WoodElf_Head_f.SK_WoodElf_Head_f",
  "Author":"Bethesda",
  "Date":"2025-06-04 20:30:50",
  "SkinColorsMapL":{
    "Lipstick Color":{
      "A":1.0,
      "B":0.0,
      "G":0.0,
      "R":0.030713442713022
    },
    "Eyeliner Tone":{
      "A":1.0,
      "B":0.1967079937458,
      "G":0.30204299092293,
      "R":0.36458298563957
    },
    "Root DyeColor":{
      "A":1.0,
      "B":1.0,
      "G":1.0,
      "R":1.0
    },
    "Tip DyeColor":{
      "A":1.0,
      "B":1.0,
      "G":1.0,
      "R":1.0
    },
    "Skin Tone":{
      "A":1.0,
      "B":0.74148201942444,
      "G":0.84378600120544,
      "R":0.90104198455811
    }
  },
  "APIVersion":"v2",
  "FaceMorphValuesMap":{
    "Eyes Small / Large":0.0,
    "Jaw Thin / Wide":0.40000000596046,
    "Brow Ridge Low / High":0.49000000953674,
    "Chin Retracted / Jutting":-0.043100979179144,
    "Face Thin / Wide":-0.080000996589661,
    "Hair Length":0.0,
    "Chin Backward / Forward":-0.092407755553722,
    "Vampire":0.0,
    "Mouth Underbite / Overbite":0.0,
    "Eyes Inward / Outward":-0.39810368418694,
    "Mouth Sad / Happy":0.77999997138977,
    "Jaw Retracted / Jutting":0.26940950751305,
    "Nose Flat / Pointed":-0.17267669737339,
    "Chin Recessed / Pronounced":0.014344501309097,
    "Cheeks Gaunt / Round":-0.69999998807907,
    "Forehead Back / Forward":0.72365999221802,
    "Nose Sellion Down / Up":0.19706383347511,
    "Mouth Deflated / Inflated":0.0,
    "Mouth Small / Large":-0.6655570268631,
    "Nose Tilt Down / Up":0.0,
    "Nose Short / Long":0.0,
    "Mouth Drawn / Pursed":0.37999999523163,
    "Chin Short / Tall":0.80000001192093,
    "Nose Sellion Thin / Wide":0.0,
    "Jaw Neck Slope Low / High":0.42394599318504,
    "Cheekbones Shallow / Pronounced":0.24905729293823,
    "Nose Sellion Shallow / Deep":0.25999999046326,
    "Mouth Tilt Down / Up":0.077137000858784,
    "Brow / Nose / Chin Ratio":-0.48600301146507,
    "Brow Ridge Outer Down / Up":-0.46000000834465,
    "Chin Small / Large":-0.079999998211861,
    "Mouth Retracted / Puckered":-0.70637100934982,
    "Chin Thin / Wide":0.30000001192093,
    "Nose Nostrils Tilt Down / Up":0.18543814122677,
    "Face Gaunt / Round":-0.20682416856289,
    "Cheekbones Thin / Wide":-0.033644616603851,
    "Forehead / Sellion / Nose Ratio":-0.35516837239265,
    "Cheekbones Low / High":0.0,
    "Nose Bridge Short / Long":0.0068193972110748,
    "Forehead Short / Tall":0.15779599547386,
    "Nose Bridge Shallow / Deep":-0.023051833733916,
    "Mouth Chin Short / Long":0.0,
    "Face Light / Heavy":0.0,
    "Nose Region Concave / Convex":0.07612781971693,
    "Mouth Retracted / Protruding":-0.045304000377655,
    "Cheeks Concave / Convex":0.47999998927116,
    "Nose Nostrils Small / Large":-0.43653652071953,
    "Jaw Concave / Convex":0.9200000166893,
    "Nose Down / Up":-0.81999999284744,
    "Mouth Low / High":-0.40532299876213,
    "Eyes Down / Up":-0.48306274414062,
    "Chin Shallow / Deep":0.62000000476837,
    "Eyes Apart / Together":0.93999999761581,
    "Brow Ridge Inner Down / Up":0.35999900102615,
    "Nose Sellion Lower Shallow / Deep":0.54000002145767,
    "Nose Nostrils Thin / Wide":-0.080784998834133,
    "Forehead Small / Large":-0.22000099718571
  },
  "EyeMaterial":"/Game/Art/Character/Modular/Eyes_WoodElf/MIC_WoodElf_Eyes_Brown.MIC_WoodElf_Eyes_Brown",
  "HairColorsL":{
    "0":{
      "A":1.0,
      "B":0.0,
      "G":0.0,
      "R":0.0
    }
  },
  "SkinParametersMap":{
    "Complexion":0.0,
    "Freckles":-0.66000002622604,
    "Ombre Amount":0.0,
    "Eylids Light/Dark":0.43999999761581,
    "Skin Tint Purple/Yellow":0.30000001192093,
    "Cheek Blush Light/Red":0.21999999880791,
    "Ombre Constrast":0.0,
    "Tip Color":0.47940099239349,
    "Eye socket Bruised/Bright":0.059999998658895,
    "Skin Tint Orange/Blue":-0.070000000298023,
    "Eyebrows Color Intensity":0.60000002384186,
    "Tip Redness":1.0,
    "Root Redness":1.0,
    "Root Color":1.0,
    "Skin Dark/Light":-0.40000000596046,
    "Salt And Pepper":0.0,
    "Eyebrows Redness Intensity":0.0,
    "Eyeliner Light/Dark":0.66000002622604,
    "Eyelids Pale/Red":0.15999999642372,
    "Cheekbones Flushed/Pale":0.33999899029732,
    "Eye Socket Dark/Light":-0.36000001430511,
    "Lipstick Amount":0.10000000149012
  },
  "SenescenceLevel":6,
  "Sex":1,
  "Description":"saved from in-game",
  "ModCreator":"animandan",
  "ModVersion":"1.1.0",
  "Hair":"/Game/Dev/Phenotypes/Hair/HP_WoodElf_HR_Fringes.HP_WoodElf_HR_Fringes",
  "Name":"BP_Bothiel_C",
  "Race":"TESRace /Game/Forms/actors/race/WoodElf.WoodElf",
  "Body":"SkeletalMesh /Game/Art/Character/Imperial/SK_Imperial_Body_m.SK_Imperial_Body_m"
}