{
  "ModName":"RaceMenuUtilities",
  "FaceBaseMesh":"/Game/Art/Character/Redguard/SK_Redguard_Head_m.SK_Redguard_Head_m",
  "Author":"Bethesda",
  "Date":"2025-06-04 20:30:47",
  "SkinColorsMapL":{
    "Tip DyeColor":{
      "A":1.0,
      "B":1.0,
      "G":1.0,
      "R":1.0
    },
    "Lipstick Color":{
      "A":1.0,
      "B":1.0,
      "G":1.0,
      "R":1.0
    },
    "Root DyeColor":{
      "A":1.0,
      "B":1.0,
      "G":1.0,
      "R":1.0
    }
  },
  "Name":"BP_BanditMeleeMale3A_C",
  "FaceMorphValuesMap":{
    "Eyes Small / Large":-0.21999999880791,
    "Jaw Thin / Wide":0.070554904639721,
    "Brow Ridge Low / High":-0.020412815734744,
    "Chin Retracted / Jutting":0.14000000059605,
    "Face Thin / Wide":0.046466998755932,
    "Hair Length":0.0,
    "Chin Backward / Forward":-0.051268219947815,
    "Vampire":0.0,
    "Mouth Underbite / Overbite":-0.186258867383,
    "Eyes Inward / Outward":-0.57144600152969,
    "Mouth Sad / Happy":0.061883188784122,
    "Jaw Retracted / Jutting":-0.37166091799736,
    "Nose Flat / Pointed":-0.30726283788681,
    "Chin Recessed / Pronounced":-0.21516518294811,
    "Cheeks Gaunt / Round":0.08153573423624,
    "Forehead Back / Forward":-0.045881129801273,
    "Nose Sellion Down / Up":0.3114767074585,
    "Mouth Deflated / Inflated":0.41342502832413,
    "Mouth Small / Large":0.3133827149868,
    "Nose Tilt Down / Up":0.0,
    "Nose Short / Long":0.0,
    "Mouth Drawn / Pursed":0.80000001192093,
    "Chin Short / Tall":0.49255999922752,
    "Nose Sellion Thin / Wide":0.0,
    "Jaw Neck Slope Low / High":0.10136295855045,
    "Cheekbones Shallow / Pronounced":-0.19463494420052,
    "Nose Sellion Shallow / Deep":0.0,
    "Mouth Tilt Down / Up":-0.28696838021278,
    "Brow / Nose / Chin Ratio":-0.13828836381435,
    "Brow Ridge Outer Down / Up":0.36295598745346,
    "Chin Small / Large":0.68853002786636,
    "Mouth Retracted / Puckered":0.08049114048481,
    "Chin Thin / Wide":0.087990000844002,
    "Nose Nostrils Tilt Down / Up":0.1501232534647,
    "Face Gaunt / Round":-0.5,
    "Cheekbones Thin / Wide":0.078984826803207,
    "Forehead / Sellion / Nose Ratio":-0.15449313819408,
    "Cheekbones Low / High":0.19928991794586,
    "Nose Bridge Short / Long":0.32618698477745,
    "Forehead Short / Tall":0.15527132153511,
    "Nose Bridge Shallow / Deep":-0.67271822690964,
    "Mouth Chin Short / Long":0.18060103058815,
    "Face Light / Heavy":0.063412934541702,
    "Nose Region Concave / Convex":-0.21311739087105,
    "Mouth Retracted / Protruding":-0.090419486165047,
    "Cheeks Concave / Convex":-0.11161106824875,
    "Nose Nostrils Small / Large":-0.10039681196213,
    "Jaw Concave / Convex":0.052779793739319,
    "Nose Down / Up":0.21060912311077,
    "Mouth Low / High":0.18200866878033,
    "Eyes Down / Up":-0.53999900817871,
    "Chin Shallow / Deep":0.010141730308533,
    "Eyes Apart / Together":-0.014346695505083,
    "Brow Ridge Inner Down / Up":-0.24717800319195,
    "Nose Sellion Lower Shallow / Deep":0.0,
    "Nose Nostrils Thin / Wide":-0.14830012619495,
    "Forehead Small / Large":-0.11040952056646
  },
  "EyeMaterial":"/Game/Art/Character/Modular/Eyes_Human/MIC_Human_Eyes_Brown2.MIC_Human_Eyes_Brown2",
  "HairColorsL":[],
  "SkinParametersMap":{
    "Complexion":0.51999998092651,
    "Freckles":0.83999997377396,
    "Ombre Amount":-0.18000000715256,
    "Eylids Light/Dark":-0.47999998927116,
    "None":0.0,
    "Skin Tint Purple/Yellow":0.0,
    "Cheek Blush Light/Red":0.20000000298023,
    "Ombre Constrast":-0.03999999910593,
    "Tip Color":0.47999998927116,
    "Eye socket Bruised/Bright":0.86000001430511,
    "Skin Tint Orange/Blue":0.0,
    "Eyebrows Color Intensity":0.18000000715256,
    "Skin Dark/Light":-0.62000000476837,
    "Tip Redness":0.20000000298023,
    "Root Color":0.80000001192093,
    "Root Redness":-0.10000000149012,
    "Salt And Pepper":0.0,
    "Eyebrows Redness Intensity":0.34000000357628,
    "Eyeliner Light/Dark":-0.73999899625778,
    "Eye Socket Dark/Light":0.86000001430511,
    "Cheekbones Flushed/Pale":0.93999999761581,
    "Eyelids Pale/Red":0.18000000715256,
    "Lipstick Amount":0.0
  },
  "Mustache":"/Game/Dev/Phenotypes/Mustache/HP_Redguard_MS_Long.HP_Redguard_MS_Long",
  "SenescenceLevel":0,
  "Sex":0,
  "Description":"saved from in-game",
  "Beard":"/Game/Dev/Phenotypes/Beard/HP_Redguard_BD_Medium.HP_Redguard_BD_Medium",
  "ModCreator":"animandan",
  "ModVersion":"1.1.0",
  "APIVersion":"v2",
  "Hair":"/Game/Dev/Phenotypes/Hair/HP_Redguard_HR_Cornrows.HP_Redguard_HR_Cornrows",
  "Race":"TESRace /Game/Forms/actors/race/Redguard.Redguard",
  "Body":"SkeletalMesh /Game/Art/Character/Imperial/SK_Imperial_Body_m.SK_Imperial_Body_m"
}