{
  "ModName":"RaceMenuUtilities",
  "FaceBaseMesh":"/Game/Art/Character/Imperial/SK_Imperial_Head_m.SK_Imperial_Head_m",
  "Author":"Bethesda",
  "Date":"2025-06-04 20:30:50",
  "SkinColorsMapL":{
    "Lipstick Color":{
      "A":1.0,
      "B":1.0,
      "G":1.0,
      "R":1.0
    },
    "Eyeliner Tone":{
      "A":1.0,
      "B":0.042311411350965,
      "G":0.042311411350965,
      "R":0.042311411350965
    },
    "Root DyeColor":{
      "A":1.0,
      "B":1.0,
      "G":1.0,
      "R":1.0
    },
    "Tip DyeColor":{
      "A":1.0,
      "B":1.0,
      "G":1.0,
      "R":1.0
    },
    "Skin Tone":{
      "A":1.0,
      "B":0.20507873594761,
      "G":0.29177063703537,
      "R":0.33245152235031
    }
  },
  "APIVersion":"v2",
  "FaceMorphValuesMap":{
    "Eyes Small / Large":-0.61161202192307,
    "Jaw Thin / Wide":-0.30635899305344,
    "Brow Ridge Low / High":-0.46000000834465,
    "Chin Retracted / Jutting":0.11989195644855,
    "Face Thin / Wide":0.18439543247223,
    "Hair Length":0.0,
    "Chin Backward / Forward":0.22349099814892,
    "Vampire":0.0,
    "Mouth Underbite / Overbite":0.25588145852089,
    "Eyes Inward / Outward":0.28428146243095,
    "Mouth Sad / Happy":-0.097233854234219,
    "Jaw Retracted / Jutting":-0.27481865882874,
    "Nose Flat / Pointed":-0.28618782758713,
    "Chin Recessed / Pronounced":-0.35597351193428,
    "Cheeks Gaunt / Round":-0.084239207208157,
    "Forehead Back / Forward":0.030972719192505,
    "Nose Sellion Down / Up":0.21710641682148,
    "Mouth Deflated / Inflated":-0.14686797559261,
    "Mouth Small / Large":-0.18873143196106,
    "Nose Tilt Down / Up":0.0,
    "Nose Short / Long":0.0,
    "Mouth Drawn / Pursed":-0.16595084965229,
    "Chin Short / Tall":0.090348728001118,
    "Nose Sellion Thin / Wide":0.0,
    "Jaw Neck Slope Low / High":0.088970974087715,
    "Cheekbones Shallow / Pronounced":0.099915377795696,
    "Nose Sellion Shallow / Deep":0.0,
    "Mouth Tilt Down / Up":-0.30043539404869,
    "Brow / Nose / Chin Ratio":0.19834756851196,
    "Brow Ridge Outer Down / Up":-0.37078699469566,
    "Chin Small / Large":0.49689194560051,
    "Mouth Retracted / Puckered":-0.17815236747265,
    "Chin Thin / Wide":0.32301568984985,
    "Nose Nostrils Tilt Down / Up":-0.39945948123932,
    "Face Gaunt / Round":-0.35087180137634,
    "Cheekbones Thin / Wide":0.40985000133514,
    "Forehead / Sellion / Nose Ratio":-0.19056969881058,
    "Cheekbones Low / High":-0.35036054253578,
    "Nose Bridge Short / Long":0.38936403393745,
    "Forehead Short / Tall":0.33398500084877,
    "Nose Bridge Shallow / Deep":-0.011762470006943,
    "Mouth Chin Short / Long":0.018124543130398,
    "Face Light / Heavy":-0.0031126854009926,
    "Nose Region Concave / Convex":0.0081296628341079,
    "Mouth Retracted / Protruding":-0.19840443134308,
    "Cheeks Concave / Convex":-0.073237143456936,
    "Nose Nostrils Small / Large":0.18466626107693,
    "Jaw Concave / Convex":0.0028290434274822,
    "Nose Down / Up":-0.019689230248332,
    "Mouth Low / High":-0.12664116919041,
    "Eyes Down / Up":0.059004869312048,
    "Chin Shallow / Deep":-0.056248690932989,
    "Eyes Apart / Together":0.4259839951992,
    "Brow Ridge Inner Down / Up":-0.21548099815845,
    "Nose Sellion Lower Shallow / Deep":0.0,
    "Nose Nostrils Thin / Wide":-0.025221213698387,
    "Forehead Small / Large":0.26708099246025
  },
  "ModVersion":"1.1.0",
  "SkinParametersMap":{
    "Eylids Light/Dark":0.0,
    "Ombre Amount":1.0,
    "Complexion":0.0,
    "Lipstick Dark Red/Light Blue":0.0,
    "Eyeshadow Light/Dark":0.0,
    "Root Color":0.10000000149012,
    "Skin Tint Orange/Blue":0.079999998211861,
    "Eyelids Light/Dark":0.0,
    "Naso Small/Large":0.0,
    "Tip Redness":0.5,
    "Skin Tint Purple/Yellow":0.15999999642372,
    "Lipstick Amount":0.0,
    "Cheek Blush Light/Red":0.15999999642372,
    "Root Redness":0.5,
    "Lips Flushed/Pale":0.0,
    "Ombre Constrast":1.0,
    "Tip Color":0.34000000357628,
    "Eye Sockets Bruised/Bright":0.0,
    "Freckles":-0.36000001430511,
    "Cheekbones Flushed/Pale":0.60000002384186,
    "Eyebrows Color Intensity":0.0,
    "Naso Labial Lines Light/Dark":0.0,
    "Lipstick Dark Blue/Light Red":0.0,
    "Eye Socket Dark/Light":0.0,
    "Eye socket Bruised/Bright":0.0,
    "Salt And Pepper":0.0,
    "Eyebrows Redness Intensity":0.0,
    "Eyeliner Light/Dark":0.0,
    "Age":0.0,
    "Skin Dark/Light":0.0,
    "Eyelids Pale/Red":0.0,
    "Eye Sockets Dark/Light":0.0
  },
  "SenescenceLevel":3,
  "Sex":0,
  "Description":"saved from in-game",
  "ModCreator":"animandan",
  "Hair":"/Game/Dev/Phenotypes/Hair/HP_HR_Cropped.HP_HR_Cropped",
  "Name":"BP_BrumaGuardCastlePostNight02_C",
  "HairColorsL":{
    "0":{
      "A":1.0,
      "B":1.0,
      "G":1.0,
      "R":1.0
    }
  },
  "Race":"TESRace /Game/Forms/actors/race/Imperial.Imperial",
  "Body":"SkeletalMesh /Game/Art/Character/Imperial/SK_Imperial_Body_m.SK_Imperial_Body_m"
}