{
  "APIVersion":"v2",
  "SkinParametersMap":{
    "Tip Color":0.0,
    "Ombre Constrast":0.0,
    "Complexion":-0.20000000298023,
    "Ombre Amount":0.0,
    "None":0.0,
    "Eyeliner Light/Dark":-0.63999897241592,
    "Salt And Pepper":0.0,
    "Skin Dark/Light":-0.5,
    "Lipstick Amount":-0.025000000372529,
    "Eye socket Bruised/Bright":0.4000009894371,
    "Root Redness":0.5,
    "Freckles":0.68000000715256,
    "Eyebrows Redness Intensity":-0.14000000059605,
    "Eyebrows Color Intensity":0.019999999552965,
    "Eye Socket Dark/Light":0.43999999761581,
    "Root Color":-0.079999998211861,
    "Cheek Blush Light/Red":-0.019999999552965,
    "Eylids Light/Dark":-0.87999999523163,
    "Skin Tint Orange/Blue":0.0,
    "Tip Redness":0.5,
    "Cheekbones Flushed/Pale":0.21999999880791,
    "Eyelids Pale/Red":0.66000002622604,
    "Skin Tint Purple/Yellow":0.31999999284744
  },
  "Author":"Bethesda",
  "Race":"TESRace /Game/Forms/actors/race/Redguard.Redguard",
  "HairColorsL":{
    "0":{
      "R":0.0,
      "G":0.0,
      "B":0.0,
      "A":1.0
    }
  },
  "Body":"SkeletalMesh /Game/Art/Character/Imperial/SK_Imperial_Body_m.SK_Imperial_Body_m",
  "Date":"2025-06-04 19:29:09",
  "SkinColorsMapL":{
    "Root DyeColor":{
      "R":0.0,
      "G":0.0,
      "B":0.0,
      "A":1.0
    },
    "Eyeliner Tone":{
      "R":0.17788840830326,
      "G":0.10946170985699,
      "B":0.014443843625486,
      "A":1.0
    },
    "Lipstick Color":{
      "R":0.0,
      "G":0.26225066184998,
      "B":0.13286831974983,
      "A":1.0
    },
    "Skin Tone":{
      "R":0.33245152235031,
      "G":0.26225066184998,
      "B":0.14702726900578,
      "A":1.0
    },
    "Tip DyeColor":{
      "R":0.0,
      "G":0.0,
      "B":0.0,
      "A":1.0
    }
  },
  "ModCreator":"animandan",
  "Sex":1,
  "ModName":"RaceMenuUtilities",
  "EyeMaterial":"/Game/Art/Character/Modular/Eyes_Human/MIC_Human_Eyes_Brown2.MIC_Human_Eyes_Brown2",
  "ModVersion":"1.1.0",
  "FaceBaseMesh":"/Game/Art/Character/Redguard/SK_Redguard_Head_f.SK_Redguard_Head_f",
  "Hair":"/Game/Dev/Phenotypes/Hair/HP_Redguard_HR_Cornrows.HP_Redguard_HR_Cornrows",
  "Description":"saved from in-game",
  "SenescenceLevel":0,
  "FaceMorphValuesMap":{
    "Face Gaunt / Round":0.5,
    "Nose Short / Long":0.15999999642372,
    "Nose Tilt Down / Up":-0.18000000715256,
    "Mouth Sad / Happy":-0.059999998658895,
    "Mouth Retracted / Protruding":0.019999999552965,
    "Chin Short / Tall":0.059999998658895,
    "Cheekbones Low / High":0.3199990093708,
    "Nose Nostrils Tilt Down / Up":0.23999999463558,
    "Mouth Deflated / Inflated":0.30000001192093,
    "Hair Length":0.0,
    "Nose Sellion Shallow / Deep":0.51999998092651,
    "Chin Shallow / Deep":0.81999999284744,
    "Jaw Concave / Convex":0.31999999284744,
    "Brow Ridge Low / High":0.21999999880791,
    "Chin Recessed / Pronounced":0.31999999284744,
    "Mouth Tilt Down / Up":0.0,
    "Nose Sellion Thin / Wide":0.80000001192093,
    "Cheeks Gaunt / Round":0.21999999880791,
    "Nose Sellion Lower Shallow / Deep":0.11999999731779,
    "Nose Sellion Down / Up":0.46000000834465,
    "Cheeks Concave / Convex":0.28000000119209,
    "Nose Region Concave / Convex":-0.28000000119209,
    "Eyes Inward / Outward":-0.14000000059605,
    "Nose Nostrils Thin / Wide":-0.30000001192093,
    "Brow Ridge Inner Down / Up":0.23999999463558,
    "Eyes Apart / Together":-0.10000000149012,
    "Mouth Underbite / Overbite":0.11999999731779,
    "Chin Retracted / Jutting":-0.059999000281096,
    "Brow / Nose / Chin Ratio":-0.30000001192093,
    "Nose Bridge Short / Long":-0.18000000715256,
    "Mouth Low / High":0.03999999910593,
    "Forehead Small / Large":0.72000002861023,
    "Nose Bridge Shallow / Deep":0.02000099979341,
    "Eyes Small / Large":0.62000000476837,
    "Forehead / Sellion / Nose Ratio":0.34000000357628,
    "Mouth Chin Short / Long":-0.019999999552965,
    "Forehead Short / Tall":0.37999999523163,
    "Eyes Down / Up":-0.28000000119209,
    "Vampire":0.0,
    "Mouth Retracted / Puckered":-0.059999000281096,
    "Jaw Retracted / Jutting":0.31999999284744,
    "Mouth Drawn / Pursed":0.30000001192093,
    "Cheekbones Thin / Wide":-0.11999899893999,
    "Nose Down / Up":-0.83999902009964,
    "Jaw Neck Slope Low / High":0.21999999880791,
    "Chin Thin / Wide":-0.18000000715256,
    "Cheekbones Shallow / Pronounced":0.31999999284744,
    "Nose Nostrils Small / Large":0.25999999046326,
    "Nose Flat / Pointed":0.079999998211861,
    "Face Thin / Wide":-0.5799999833107,
    "Chin Backward / Forward":0.54000002145767,
    "Face Light / Heavy":0.21999999880791,
    "Mouth Small / Large":-0.019999999552965,
    "Forehead Back / Forward":-0.059999998658895,
    "Jaw Thin / Wide":0.63999998569489,
    "Brow Ridge Outer Down / Up":-0.41999900341034,
    "Chin Small / Large":-0.20000000298023
  },
  "Name":"BP_BanditBlackBowBoss4Female1_C"
}