{
  "Race":"TESRace /Game/Forms/actors/race/DarkElf.DarkElf",
  "FaceBaseMesh":"/Game/Art/Character/DarkElf/SK_DarkElf_Head_m.SK_DarkElf_Head_m",
  "Date":"2025-06-04 18:33:22",
  "HairColorsL":{
    "1":{
      "B":0.084376208484173,
      "G":0.14412847161293,
      "R":0.22322796285152,
      "A":1.0
    },
    "2":{
      "B":0.084376208484173,
      "G":0.14412847161293,
      "R":0.22322796285152,
      "A":1.0
    },
    "0":{
      "B":0.0060488330200315,
      "G":0.01032982300967,
      "R":0.021219009533525,
      "A":1.0
    }
  },
  "SkinParametersMap":{
    "Cheekbones Flushed/Pale":0.31999999284744,
    "Eyelids Pale/Red":0.0,
    "Skin Tint Purple/Yellow":-0.31999999284744,
    "Lipstick Amount":0.029999999329448,
    "Cheek Blush Light/Red":-0.11999999731779,
    "Skin Dark/Light":-0.5,
    "Complexion":0.0,
    "Salt And Pepper":0.0,
    "Eye Socket Dark/Light":0.0,
    "Eylids Light/Dark":0.0,
    "Ombre Amount":1.0,
    "Freckles":-0.68000000715256,
    "Root Color":0.10000000149012,
    "Ombre Constrast":1.0,
    "Eyeliner Light/Dark":0.0,
    "Tip Color":0.63999998569489,
    "Eyebrows Redness Intensity":0.0,
    "Root Redness":1.0,
    "Skin Tint Orange/Blue":-0.46000000834465,
    "Eye socket Bruised/Bright":0.0,
    "Tip Redness":1.0,
    "Eyebrows Color Intensity":0.60000002384186
  },
  "Sex":0,
  "FaceMorphValuesMap":{
    "Hair Length":0.0,
    "Vampire":0.0,
    "Nose Sellion Down / Up":0.36551773548126,
    "Forehead Back / Forward":0.036080311983824,
    "Mouth Deflated / Inflated":0.11171551048756,
    "Chin Backward / Forward":-0.48611173033714,
    "Eyes Apart / Together":-0.083453796803951,
    "Nose Tilt Down / Up":0.0,
    "Mouth Sad / Happy":-0.10251042991877,
    "Brow Ridge Outer Down / Up":0.088234938681126,
    "Nose Sellion Thin / Wide":0.0,
    "Nose Short / Long":0.0,
    "Nose Sellion Shallow / Deep":0.0,
    "Brow / Nose / Chin Ratio":0.10503747314215,
    "Chin Small / Large":0.09884499758482,
    "Nose Flat / Pointed":0.10736771672964,
    "Jaw Thin / Wide":0.22373600304127,
    "Nose Nostrils Tilt Down / Up":-0.13929918408394,
    "Eyes Inward / Outward":0.015334010124207,
    "Cheekbones Shallow / Pronounced":0.027217999100685,
    "Nose Nostrils Thin / Wide":-0.220225289464,
    "Chin Shallow / Deep":0.06171178817749,
    "Nose Down / Up":-0.3906075656414,
    "Nose Bridge Short / Long":0.11151883751154,
    "Mouth Tilt Down / Up":0.27830457687378,
    "Chin Thin / Wide":0.6326339840889,
    "Face Light / Heavy":0.37999999523163,
    "Mouth Chin Short / Long":0.14734490215778,
    "Jaw Concave / Convex":0.027175093069673,
    "Brow Ridge Low / High":0.12967300415039,
    "Chin Recessed / Pronounced":0.38109904527664,
    "Cheeks Gaunt / Round":0.18850858509541,
    "Face Thin / Wide":0.0,
    "Eyes Down / Up":-0.39392301440239,
    "Jaw Retracted / Jutting":-0.024307999759912,
    "Chin Short / Tall":-0.2056989967823,
    "Jaw Neck Slope Low / High":-0.35732299089432,
    "Nose Bridge Shallow / Deep":0.10863041877747,
    "Mouth Retracted / Protruding":0.12052664905787,
    "Cheekbones Thin / Wide":0.0,
    "Mouth Low / High":-0.77618700265884,
    "Mouth Retracted / Puckered":-0.47972783446312,
    "Mouth Small / Large":-0.17454805970192,
    "Forehead Short / Tall":-0.070655934512615,
    "Nose Nostrils Small / Large":0.22707433998585,
    "Chin Retracted / Jutting":0.18649287521839,
    "Forehead Small / Large":0.58494699001312,
    "Cheekbones Low / High":-0.076269380748272,
    "Eyes Small / Large":0.89999997615814,
    "Cheeks Concave / Convex":-0.16437561810017,
    "Brow Ridge Inner Down / Up":-0.023048061877489,
    "Nose Sellion Lower Shallow / Deep":0.0,
    "Face Gaunt / Round":0.31805321574211,
    "Mouth Underbite / Overbite":0.075090549886227,
    "Nose Region Concave / Convex":0.23850636184216,
    "Forehead / Sellion / Nose Ratio":-0.16527800261974,
    "Mouth Drawn / Pursed":0.19810500741005
  },
  "Mustache":"/Game/Dev/Phenotypes/Mustache/HP_DarkElf_MS_Scruffy.HP_DarkElf_MS_Scruffy",
  "ModCreator":"animandan",
  "SkinColorsMapL":{
    "Lipstick Color":{
      "B":0.12477181851864,
      "G":0.21223075687885,
      "R":0.0,
      "A":1.0
    },
    "Tip DyeColor":{
      "B":0.045186202973127,
      "G":0.14126329123974,
      "R":0.38132601976395,
      "A":1.0
    },
    "Root DyeColor":{
      "B":1.0,
      "G":1.0,
      "R":1.0,
      "A":1.0
    },
    "Eyeliner Tone":{
      "B":1.0,
      "G":1.0,
      "R":1.0,
      "A":1.0
    },
    "Skin Tone":{
      "B":0.5638570189476,
      "G":0.52948701381683,
      "R":0.68229198455811,
      "A":1.0
    }
  },
  "ModVersion":"1.1.0",
  "EyeMaterial":"/Game/Art/Character/Modular/Eyes_DarkElf/MIC_DarkElf_Eyes_Red.MIC_DarkElf_Eyes_Red",
  "ModName":"RaceMenuUtilities",
  "Body":"SkeletalMesh /Game/Art/Character/Imperial/SK_Imperial_Body_m.SK_Imperial_Body_m",
  "Description":"saved from in-game",
  "SenescenceLevel":0,
  "APIVersion":"v2",
  "Author":"Bethesda",
  "Hair":"/Game/Dev/Phenotypes/Hair/HP_HighElf_HR_Classic.HP_HighElf_HR_Classic",
  "Beard":"/Game/Dev/Phenotypes/Beard/HP_DarkElf_BD_Scruffy.HP_DarkElf_BD_Scruffy",
  "Name":"BP_BleakMineGuard_C"
}