{
  "Sex":0,
  "HairColorsL":{
    "0":{
      "A":1.0,
      "R":0.22322796285152,
      "G":0.14412847161293,
      "B":0.084376208484173
    }
  },
  "EyeMaterial":"/Game/Art/Character/Modular/Eyes_Human/MIC_Human_Eyes_Green2.MIC_Human_Eyes_Green2",
  "Author":"Bethesda",
  "Date":"2025-06-04 19:33:42",
  "Description":"saved from in-game",
  "Name":"BP_BravilGuardCityPostDay03_C",
  "ModCreator":"animandan",
  "ModName":"RaceMenuUtilities",
  "FaceBaseMesh":"/Game/Art/Character/Imperial/SK_Imperial_Head_m.SK_Imperial_Head_m",
  "ModVersion":"1.1.0",
  "Body":"SkeletalMesh /Game/Art/Character/Imperial/SK_Imperial_Body_m.SK_Imperial_Body_m",
  "FaceMorphValuesMap":{
    "Nose Nostrils Thin / Wide":-0.14963968098164,
    "Forehead / Sellion / Nose Ratio":-0.32097586989403,
    "Cheekbones Thin / Wide":0.053539000451565,
    "Forehead Small / Large":0.035740401595831,
    "Chin Recessed / Pronounced":0.201595261693,
    "Brow / Nose / Chin Ratio":0.19554914534092,
    "Jaw Thin / Wide":0.0059239999391139,
    "Cheeks Gaunt / Round":0.17620943486691,
    "Chin Backward / Forward":-0.42722779512405,
    "Chin Thin / Wide":0.20852799713612,
    "Forehead Short / Tall":0.35924696922302,
    "Face Thin / Wide":0.23818099498749,
    "Brow Ridge Inner Down / Up":0.42328101396561,
    "Mouth Underbite / Overbite":0.091889001429081,
    "Mouth Low / High":-0.041588541120291,
    "Vampire":0.0,
    "Face Gaunt / Round":0.013915847055614,
    "Eyes Small / Large":-0.24655230343342,
    "Mouth Drawn / Pursed":0.0,
    "Chin Retracted / Jutting":-0.062124330550432,
    "Nose Tilt Down / Up":0.0,
    "Mouth Small / Large":0.0,
    "Nose Short / Long":0.0,
    "Nose Bridge Shallow / Deep":0.0099745644256473,
    "Nose Sellion Thin / Wide":0.0,
    "Mouth Retracted / Protruding":0.0,
    "Nose Sellion Shallow / Deep":0.0,
    "Jaw Retracted / Jutting":-0.059707809239626,
    "Nose Sellion Down / Up":0.51442348957062,
    "Eyes Inward / Outward":0.24221141636372,
    "Nose Region Concave / Convex":-0.19319532811642,
    "Brow Ridge Outer Down / Up":0.14345368742943,
    "Nose Nostrils Small / Large":-0.38166525959969,
    "Eyes Apart / Together":-0.30933329463005,
    "Nose Nostrils Tilt Down / Up":0.41000032424927,
    "Nose Flat / Pointed":0.24292309582233,
    "Mouth Tilt Down / Up":0.0,
    "Jaw Concave / Convex":-0.13434605300426,
    "Mouth Sad / Happy":0.035179000347853,
    "Cheekbones Shallow / Pronounced":-0.080041028559208,
    "Face Light / Heavy":0.059067960828543,
    "Nose Down / Up":0.21470895409584,
    "Chin Short / Tall":0.069754391908646,
    "Eyes Down / Up":0.046473409980536,
    "Cheeks Concave / Convex":0.42839136719704,
    "Nose Bridge Short / Long":-0.25515174865723,
    "Mouth Chin Short / Long":0.23466840386391,
    "Nose Sellion Lower Shallow / Deep":0.0,
    "Mouth Retracted / Puckered":0.0,
    "Hair Length":0.0,
    "Mouth Deflated / Inflated":0.0,
    "Chin Shallow / Deep":0.13261115550995,
    "Jaw Neck Slope Low / High":0.071027681231499,
    "Brow Ridge Low / High":-0.02365162782371,
    "Cheekbones Low / High":0.022183604538441,
    "Forehead Back / Forward":-0.61881679296494,
    "Chin Small / Large":-0.11427563428879
  },
  "Hair":"/Game/Dev/Phenotypes/Hair/HP_HR_Ponytail.HP_HR_Ponytail",
  "SenescenceLevel":2,
  "APIVersion":"v2",
  "SkinParametersMap":{
    "Complexion":0.0,
    "Cheek Blush Light/Red":0.0,
    "Eyebrows Color Intensity":0.0,
    "Eye socket Bruised/Bright":0.0,
    "Lipstick Amount":0.0,
    "Root Redness":0.0,
    "Freckles":0.89513099193573,
    "Cheekbones Flushed/Pale":0.0,
    "Tip Redness":0.0,
    "Root Color":0.0,
    "Eyelids Pale/Red":0.0,
    "Tip Color":0.0,
    "Eyebrows Redness Intensity":0.0,
    "Ombre Amount":0.0,
    "Salt And Pepper":0.0,
    "Ombre Constrast":0.0
  },
  "Race":"TESRace /Game/Forms/actors/race/Imperial.Imperial",
  "SkinColorsMapL":{
    "Root DyeColor":{
      "A":1.0,
      "R":0.0047769998200238,
      "G":0.0012140000471845,
      "B":0.0
    },
    "Eyeliner Tone":{
      "A":1.0,
      "R":1.0,
      "G":1.0,
      "B":1.0
    },
    "Tip DyeColor":{
      "A":1.0,
      "R":0.10702300071716,
      "G":0.034340001642704,
      "B":0.0056050000712276
    },
    "Skin Tone":{
      "A":1.0,
      "R":1.0,
      "G":1.0,
      "B":1.0
    },
    "Lipstick Color":{
      "A":1.0,
      "R":0.093058958649635,
      "G":0.0009105809731409,
      "B":0.0097212167456746
    }
  }
}