{
  "Sex":0,
  "HairColorsL":{
    "0":{
      "A":1.0,
      "R":0.44520100951195,
      "G":0.29177099466324,
      "B":0.16826899349689
    }
  },
  "EyeMaterial":"/Game/Art/Character/Modular/Eyes_DarkElf/MIC_DarkElf_Eyes_Red.MIC_DarkElf_Eyes_Red",
  "Author":"Bethesda",
  "Date":"2025-06-04 19:35:51",
  "Description":"saved from in-game",
  "Name":"BP_BolorSavel_C",
  "ModCreator":"animandan",
  "ModName":"RaceMenuUtilities",
  "FaceBaseMesh":"/Game/Art/Character/DarkElf/SK_DarkElf_Head_m.SK_DarkElf_Head_m",
  "ModVersion":"1.1.0",
  "Body":"SkeletalMesh /Game/Art/Character/Imperial/SK_Imperial_Body_m.SK_Imperial_Body_m",
  "FaceMorphValuesMap":{
    "Nose Nostrils Thin / Wide":-0.44426798820496,
    "Forehead / Sellion / Nose Ratio":0.18010707199574,
    "Cheekbones Thin / Wide":0.0,
    "Forehead Small / Large":0.033717982470989,
    "Chin Recessed / Pronounced":0.083068996667862,
    "Brow / Nose / Chin Ratio":0.38055631518364,
    "Jaw Thin / Wide":-0.55919700860977,
    "Cheeks Gaunt / Round":0.0,
    "Chin Backward / Forward":-0.15730600059032,
    "Chin Thin / Wide":0.65351700782776,
    "Forehead Short / Tall":-0.090750001370907,
    "Face Thin / Wide":0.43783578276634,
    "Brow Ridge Inner Down / Up":0.37401056289673,
    "Mouth Underbite / Overbite":-0.114965967834,
    "Mouth Low / High":-0.13583099842072,
    "Vampire":0.0,
    "Face Gaunt / Round":0.0,
    "Eyes Small / Large":0.74000000953674,
    "Mouth Drawn / Pursed":0.30119699239731,
    "Chin Retracted / Jutting":0.17022299766541,
    "Nose Tilt Down / Up":0.0,
    "Mouth Small / Large":-0.50728911161423,
    "Nose Short / Long":0.0,
    "Nose Bridge Shallow / Deep":0.17853608727455,
    "Nose Sellion Thin / Wide":0.0,
    "Mouth Retracted / Protruding":-0.33730536699295,
    "Nose Sellion Shallow / Deep":0.0,
    "Jaw Retracted / Jutting":-0.14930020272732,
    "Nose Sellion Down / Up":0.54493898153305,
    "Eyes Inward / Outward":0.17425882816315,
    "Nose Region Concave / Convex":0.22608561813831,
    "Brow Ridge Outer Down / Up":0.1696770042181,
    "Nose Nostrils Small / Large":-0.75537502765656,
    "Eyes Apart / Together":0.39995300769806,
    "Nose Nostrils Tilt Down / Up":-0.35957100987434,
    "Nose Flat / Pointed":0.23106570541859,
    "Mouth Tilt Down / Up":0.33145019412041,
    "Jaw Concave / Convex":0.80334800481796,
    "Mouth Sad / Happy":-0.56364631652832,
    "Cheekbones Shallow / Pronounced":-0.47999998927116,
    "Face Light / Heavy":0.63818901777267,
    "Nose Down / Up":-0.46876499056816,
    "Chin Short / Tall":-0.50142902135849,
    "Eyes Down / Up":0.15576900541782,
    "Cheeks Concave / Convex":0.0,
    "Nose Bridge Short / Long":-0.23219881951809,
    "Mouth Chin Short / Long":-0.28947195410728,
    "Nose Sellion Lower Shallow / Deep":0.0,
    "Mouth Retracted / Puckered":0.074489690363407,
    "Hair Length":0.0,
    "Mouth Deflated / Inflated":0.10852199792862,
    "Chin Shallow / Deep":-0.098025001585484,
    "Jaw Neck Slope Low / High":-0.48809799551964,
    "Brow Ridge Low / High":0.47827899456024,
    "Cheekbones Low / High":0.0,
    "Forehead Back / Forward":0.13117732107639,
    "Chin Small / Large":0.028773307800293
  },
  "Hair":"/Game/Dev/Phenotypes/Hair/HP_HighElf_HR_Cone.HP_HighElf_HR_Cone",
  "SenescenceLevel":3,
  "APIVersion":"v2",
  "SkinParametersMap":{
    "Complexion":0.0,
    "Ombre Constrast":1.0,
    "Eye socket Bruised/Bright":0.0,
    "Root Redness":1.0,
    "Eyebrows Redness Intensity":0.0,
    "Root Color":0.10000000149012,
    "Eylids Light/Dark":0.0,
    "Cheek Blush Light/Red":0.0,
    "Eyebrows Color Intensity":0.69999998807907,
    "Cheekbones Flushed/Pale":0.0,
    "Lipstick Amount":0.0,
    "Skin Tint Orange/Blue":-0.03999999910593,
    "Freckles":0.0,
    "Ombre Amount":1.0,
    "Tip Redness":1.0,
    "Skin Tint Purple/Yellow":0.47999998927116,
    "Eyelids Pale/Red":0.0,
    "Tip Color":0.37999999523163,
    "Eyeliner Light/Dark":0.0,
    "Eye Socket Dark/Light":0.0,
    "Salt And Pepper":0.0,
    "Skin Dark/Light":0.0
  },
  "Race":"TESRace /Game/Forms/actors/race/DarkElf.DarkElf",
  "SkinColorsMapL":{
    "Root DyeColor":{
      "A":1.0,
      "R":1.0,
      "G":1.0,
      "B":1.0
    },
    "Eyeliner Tone":{
      "A":1.0,
      "R":1.0,
      "G":1.0,
      "B":1.0
    },
    "Tip DyeColor":{
      "A":1.0,
      "R":0.29613825678825,
      "G":0.12477181851864,
      "B":0.015208514407277
    },
    "Skin Tone":{
      "A":1.0,
      "R":0.68148499727249,
      "G":0.69270801544189,
      "B":0.52674698829651
    },
    "Lipstick Color":{
      "A":1.0,
      "R":1.0,
      "G":1.0,
      "B":1.0
    }
  }
}