{
  "Race":"TESRace /Game/Forms/actors/race/Imperial.Imperial",
  "FaceBaseMesh":"/Game/Art/Character/Imperial/SK_Imperial_Head_m.SK_Imperial_Head_m",
  "Date":"2025-06-04 18:35:53",
  "HairColorsL":{
    "0":{
      "B":0.084376208484173,
      "G":0.14412847161293,
      "R":0.22322796285152,
      "A":1.0
    }
  },
  "SkinParametersMap":{
    "Cheekbones Flushed/Pale":1.0,
    "Eyelids Pale/Red":0.0,
    "Lipstick Dark Blue/Light Red":0.0,
    "Skin Tint Purple/Yellow":0.0,
    "Lipstick Dark Red/Light Blue":0.0,
    "Ombre Amount":1.0,
    "Cheek Blush Light/Red":-0.77999997138977,
    "Skin Dark/Light":0.0,
    "Eyelids Light/Dark":0.0,
    "Eyeshadow Light/Dark":0.0,
    "Ombre Constrast":1.0,
    "Complexion":0.0,
    "Salt And Pepper":0.0,
    "Eye socket Bruised/Bright":0.0,
    "Lips Flushed/Pale":0.0,
    "Eye Sockets Dark/Light":0.0,
    "Root Redness":0.5,
    "Eyebrows Color Intensity":0.60000002384186,
    "Lipstick Amount":0.0049999998882413,
    "Eyebrows Redness Intensity":0.0,
    "Naso Small/Large":0.0,
    "Freckles":-0.81999999284744,
    "Root Color":0.10000000149012,
    "Eye Socket Dark/Light":0.0,
    "Eyeliner Light/Dark":0.0,
    "Tip Color":0.10000000149012,
    "Eylids Light/Dark":0.0,
    "Naso Labial Lines Light/Dark":0.0,
    "Skin Tint Orange/Blue":0.0,
    "Eye Sockets Bruised/Bright":0.0,
    "Tip Redness":0.5,
    "Age":0.0
  },
  "Sex":0,
  "FaceMorphValuesMap":{
    "Hair Length":0.0,
    "Vampire":0.0,
    "Nose Sellion Down / Up":0.25719600915909,
    "Forehead Back / Forward":-0.2434159964323,
    "Mouth Deflated / Inflated":0.0,
    "Chin Backward / Forward":0.0,
    "Eyes Apart / Together":0.0,
    "Nose Tilt Down / Up":-0.10000000149012,
    "Mouth Sad / Happy":0.0,
    "Brow Ridge Outer Down / Up":0.22278000414371,
    "Nose Sellion Thin / Wide":0.34000000357628,
    "Nose Short / Long":0.0,
    "Nose Sellion Shallow / Deep":0.0,
    "Brow / Nose / Chin Ratio":-0.46412500739098,
    "Chin Small / Large":0.26251798868179,
    "Nose Flat / Pointed":0.52989202737808,
    "Jaw Thin / Wide":-0.34962001442909,
    "Nose Nostrils Tilt Down / Up":-0.27879700064659,
    "Eyes Inward / Outward":-0.27020427584648,
    "Cheekbones Shallow / Pronounced":-0.2631728053093,
    "Nose Nostrils Thin / Wide":0.18605199456215,
    "Chin Shallow / Deep":-0.02797750942409,
    "Nose Down / Up":-0.74000000953674,
    "Nose Bridge Short / Long":0.021472999826074,
    "Mouth Tilt Down / Up":0.0,
    "Chin Thin / Wide":0.22623799741268,
    "Face Light / Heavy":0.40763196349144,
    "Mouth Chin Short / Long":0.038814999163151,
    "Jaw Concave / Convex":0.21007299423218,
    "Brow Ridge Low / High":-0.46000000834465,
    "Chin Recessed / Pronounced":0.46329900622368,
    "Cheeks Gaunt / Round":0.17995800077915,
    "Face Thin / Wide":0.21997199952602,
    "Eyes Down / Up":-0.74695199728012,
    "Jaw Retracted / Jutting":-0.31209900975227,
    "Chin Short / Tall":0.0,
    "Jaw Neck Slope Low / High":-0.076213575899601,
    "Nose Bridge Shallow / Deep":0.62000000476837,
    "Mouth Retracted / Protruding":0.0,
    "Cheekbones Thin / Wide":0.14447399973869,
    "Mouth Low / High":-0.46000000834465,
    "Mouth Retracted / Puckered":0.0,
    "Mouth Small / Large":0.47999998927116,
    "Forehead Short / Tall":-0.23386999964714,
    "Nose Nostrils Small / Large":-0.38717201352119,
    "Chin Retracted / Jutting":-0.49941200017929,
    "Forehead Small / Large":-0.13844899833202,
    "Cheekbones Low / High":-0.27235999703407,
    "Eyes Small / Large":0.62000000476837,
    "Cheeks Concave / Convex":0.23999999463558,
    "Brow Ridge Inner Down / Up":-0.20664399862289,
    "Nose Sellion Lower Shallow / Deep":0.0,
    "Face Gaunt / Round":0.4325749874115,
    "Mouth Underbite / Overbite":0.0,
    "Nose Region Concave / Convex":0.37999999523163,
    "Forehead / Sellion / Nose Ratio":-0.52047902345657,
    "Mouth Drawn / Pursed":0.0
  },
  "Author":"Bethesda",
  "SkinColorsMapL":{
    "Lipstick Color":{
      "B":0.0,
      "G":0.0,
      "R":0.34895798563957,
      "A":1.0
    },
    "Tip DyeColor":{
      "B":0.012286487966776,
      "G":0.21952620148659,
      "R":0.99110209941864,
      "A":1.0
    },
    "Root DyeColor":{
      "B":1.0,
      "G":1.0,
      "R":1.0,
      "A":1.0
    },
    "Eyeliner Tone":{
      "B":1.0,
      "G":1.0,
      "R":1.0,
      "A":1.0
    },
    "Skin Tone":{
      "B":0.828125,
      "G":0.95953798294067,
      "R":1.0,
      "A":1.0
    }
  },
  "ModVersion":"1.1.0",
  "EyeMaterial":"/Game/Art/Character/Modular/Eyes_Human/MIC_Human_Eyes_Brown2.MIC_Human_Eyes_Brown2",
  "Body":"SkeletalMesh /Game/Art/Character/Imperial/SK_Imperial_Body_m.SK_Imperial_Body_m",
  "Description":"saved from in-game",
  "SenescenceLevel":2,
  "APIVersion":"v2",
  "ModCreator":"animandan",
  "ModName":"RaceMenuUtilities",
  "Hair":"/Game/Dev/Phenotypes/Hair/HP_Breton_HR_Tonsure.HP_Breton_HR_Tonsure",
  "Name":"BP_BrotherPiner_C"
}