{
  "APIVersion":"v2",
  "SkinParametersMap":{
    "Tip Color":0.10000000149012,
    "Ombre Constrast":0.0,
    "Complexion":0.43999999761581,
    "Ombre Amount":0.0,
    "Lipstick Amount":0.029999999329448,
    "Salt And Pepper":0.0,
    "Skin Dark/Light":0.20000000298023,
    "Root Redness":0.5,
    "Eye socket Bruised/Bright":-0.31999999284744,
    "Freckles":0.75999999046326,
    "Eyeliner Light/Dark":0.0,
    "Eyebrows Redness Intensity":0.0,
    "Eye Socket Dark/Light":0.31999999284744,
    "Eyebrows Color Intensity":0.0,
    "Root Color":0.10000000149012,
    "Cheek Blush Light/Red":0.49999898672104,
    "Eylids Light/Dark":0.0,
    "Skin Tint Orange/Blue":0.0,
    "Tip Redness":0.5,
    "Cheekbones Flushed/Pale":0.37999999523163,
    "Eyelids Pale/Red":0.0,
    "Skin Tint Purple/Yellow":0.0
  },
  "Author":"Bethesda",
  "Race":"TESRace /Game/Forms/actors/race/Breton.Breton",
  "HairColorsL":{
    "0":{
      "R":1.0,
      "G":1.0,
      "B":1.0,
      "A":1.0
    }
  },
  "Body":"SkeletalMesh /Game/Art/Character/Imperial/SK_Imperial_Body_m.SK_Imperial_Body_m",
  "Date":"2025-06-04 19:28:18",
  "SkinColorsMapL":{
    "Root DyeColor":{
      "R":0.0,
      "G":0.0,
      "B":0.0,
      "A":1.0
    },
    "Eyeliner Tone":{
      "R":1.0,
      "G":1.0,
      "B":1.0,
      "A":1.0
    },
    "Lipstick Color":{
      "R":0.50888097286224,
      "G":0.024522000923753,
      "B":0.0,
      "A":1.0
    },
    "Skin Tone":{
      "R":1.0,
      "G":1.0,
      "B":1.0,
      "A":1.0
    },
    "Tip DyeColor":{
      "R":0.0,
      "G":0.0,
      "B":0.0,
      "A":1.0
    }
  },
  "ModCreator":"animandan",
  "Sex":0,
  "ModName":"RaceMenuUtilities",
  "EyeMaterial":"/Game/Art/Character/Modular/Eyes_Human/MIC_Human_Eyes_Brown2.MIC_Human_Eyes_Brown2",
  "ModVersion":"1.1.0",
  "FaceBaseMesh":"/Game/Art/Character/Breton/SK_Breton_Head_m.SK_Breton_Head_m",
  "Hair":"/Game/Dev/Phenotypes/Hair/HP_HR_Cropped.HP_HR_Cropped",
  "Description":"saved from in-game",
  "SenescenceLevel":2,
  "FaceMorphValuesMap":{
    "Face Gaunt / Round":0.0,
    "Nose Short / Long":0.0,
    "Nose Tilt Down / Up":0.0,
    "Mouth Sad / Happy":0.0,
    "Mouth Retracted / Protruding":-0.36000001430511,
    "Chin Short / Tall":0.34000000357628,
    "Cheekbones Low / High":0.0,
    "Nose Nostrils Tilt Down / Up":0.0,
    "Mouth Deflated / Inflated":0.47999998927116,
    "Hair Length":0.0,
    "Nose Sellion Shallow / Deep":0.75999999046326,
    "Chin Shallow / Deep":0.0,
    "Jaw Concave / Convex":0.27999898791313,
    "Brow Ridge Low / High":-0.43999999761581,
    "Chin Recessed / Pronounced":0.0,
    "Mouth Tilt Down / Up":-0.72000002861023,
    "Nose Sellion Thin / Wide":0.0,
    "Cheeks Gaunt / Round":0.34000000357628,
    "Nose Sellion Lower Shallow / Deep":0.0,
    "Nose Sellion Down / Up":0.30000001192093,
    "Cheeks Concave / Convex":0.40000000596046,
    "Nose Region Concave / Convex":0.0,
    "Eyes Inward / Outward":0.0,
    "Nose Nostrils Thin / Wide":0.66000002622604,
    "Brow Ridge Inner Down / Up":-0.5,
    "Eyes Apart / Together":-0.11999999731779,
    "Mouth Underbite / Overbite":-0.40000000596046,
    "Chin Retracted / Jutting":0.0,
    "Brow / Nose / Chin Ratio":0.0,
    "Nose Bridge Short / Long":0.0,
    "Mouth Low / High":0.11999999731779,
    "Forehead Small / Large":-0.36000001430511,
    "Nose Bridge Shallow / Deep":0.0,
    "Eyes Small / Large":0.25999999046326,
    "Forehead / Sellion / Nose Ratio":-0.72000002861023,
    "Mouth Chin Short / Long":0.0,
    "Forehead Short / Tall":-0.5,
    "Eyes Down / Up":-0.03999999910593,
    "Vampire":0.0,
    "Mouth Retracted / Puckered":-0.079999998211861,
    "Jaw Retracted / Jutting":0.0,
    "Mouth Drawn / Pursed":-0.41999998688698,
    "Cheekbones Thin / Wide":0.11999999731779,
    "Nose Down / Up":0.0,
    "Jaw Neck Slope Low / High":0.40000000596046,
    "Chin Thin / Wide":0.0,
    "Cheekbones Shallow / Pronounced":0.0,
    "Nose Nostrils Small / Large":0.41999998688698,
    "Nose Flat / Pointed":0.0,
    "Face Thin / Wide":0.079999998211861,
    "Chin Backward / Forward":-0.47999998927116,
    "Face Light / Heavy":0.0,
    "Mouth Small / Large":0.60000002384186,
    "Forehead Back / Forward":-0.019999999552965,
    "Jaw Thin / Wide":0.15999999642372,
    "Brow Ridge Outer Down / Up":0.5,
    "Chin Small / Large":0.28000000119209
  },
  "Name":"BP_Blade4_C"
}