{
  "ModName":"RaceMenuUtilities",
  "FaceBaseMesh":"/Game/Art/Character/Argonian/SK_Argonian_Head_f.SK_Argonian_Head_f",
  "Author":"Bethesda",
  "Date":"2025-06-04 20:30:49",
  "SkinColorsMapL":{
    "Color 1":{
      "A":1.0,
      "B":0.40620800852776,
      "G":0.28272101283073,
      "R":0.46527698636055
    },
    "Eyeliner Tone":{
      "A":1.0,
      "B":1.0,
      "G":1.0,
      "R":1.0
    },
    "Color 3":{
      "A":1.0,
      "B":0.28125,
      "G":0.2962110042572,
      "R":1.0
    },
    "Color 2":{
      "A":1.0,
      "B":0.54166698455811,
      "G":1.0,
      "R":0.92480701208115
    }
  },
  "APIVersion":"v2",
  "FaceMorphValuesMap":{
    "Eyes Small / Large":0.71121400594711,
    "Jaw Thin / Wide":0.29338398575783,
    "Brow Ridge Low / High":0.44488298892975,
    "Chin Retracted / Jutting":-0.26010870933533,
    "Face Thin / Wide":-0.20322704315186,
    "Hair Length":0.0,
    "Chin Backward / Forward":0.13248990476131,
    "Vampire":0.0,
    "Mouth Underbite / Overbite":-0.12531022727489,
    "Eyes Inward / Outward":-0.20566700398922,
    "Mouth Sad / Happy":0.46612900495529,
    "Jaw Retracted / Jutting":0.22434850037098,
    "Nose Flat / Pointed":-0.086832337081432,
    "Chin Recessed / Pronounced":0.072910942137241,
    "Cheeks Gaunt / Round":-0.24698852002621,
    "Forehead Back / Forward":0.13389749825001,
    "Nose Sellion Down / Up":-0.017170429229736,
    "Mouth Deflated / Inflated":-0.21735811233521,
    "Mouth Small / Large":-0.14231777191162,
    "Nose Tilt Down / Up":0.0,
    "Nose Short / Long":0.0,
    "Mouth Drawn / Pursed":0.16878862679005,
    "Chin Short / Tall":0.43076211214066,
    "Nose Sellion Thin / Wide":0.0,
    "Jaw Neck Slope Low / High":0.026026820763946,
    "Cheekbones Shallow / Pronounced":-0.24364177882671,
    "Nose Sellion Shallow / Deep":0.0,
    "Mouth Tilt Down / Up":-0.18724861741066,
    "Brow / Nose / Chin Ratio":0.041986998170614,
    "Brow Ridge Outer Down / Up":0.012236000038683,
    "Chin Small / Large":0.051311086863279,
    "Mouth Retracted / Puckered":0.35710099339485,
    "Chin Thin / Wide":-0.1162681132555,
    "Nose Nostrils Tilt Down / Up":0.05970611795783,
    "Face Gaunt / Round":0.030092239379883,
    "Cheekbones Thin / Wide":0.27483937144279,
    "Forehead / Sellion / Nose Ratio":0.7095440030098,
    "Cheekbones Low / High":-0.0033183693885803,
    "Nose Bridge Short / Long":-0.010704040527344,
    "Forehead Short / Tall":0.4176059961319,
    "Nose Bridge Shallow / Deep":-0.43459320068359,
    "Mouth Chin Short / Long":-0.047985982149839,
    "Face Light / Heavy":-0.018118882551789,
    "Nose Region Concave / Convex":-0.23792867362499,
    "Mouth Retracted / Protruding":0.0422682762146,
    "Cheeks Concave / Convex":0.042243767529726,
    "Nose Nostrils Small / Large":0.18927602469921,
    "Jaw Concave / Convex":-0.25318032503128,
    "Nose Down / Up":0.16972742974758,
    "Mouth Low / High":-0.19034568965435,
    "Eyes Down / Up":-0.047864437103271,
    "Chin Shallow / Deep":-0.1711211502552,
    "Eyes Apart / Together":0.11667957156897,
    "Brow Ridge Inner Down / Up":0.37782299518585,
    "Nose Sellion Lower Shallow / Deep":0.0,
    "Nose Nostrils Thin / Wide":-0.096273086965084,
    "Forehead Small / Large":0.35640200972557
  },
  "ModVersion":"1.1.0",
  "SkinParametersMap":{
    "Eye socket Bruised/Bright":-0.21999999880791,
    "Complexion":-0.37999999523163,
    "Eyeliner Light/Dark":0.0,
    "Hair Desaturation for Argonian":0.0,
    "Eyelids Pale/Red":0.0,
    "Eylids Light/Dark":0.079999998211861,
    "Eye Socket Dark/Light":0.30000001192093
  },
  "SenescenceLevel":0,
  "Sex":1,
  "Description":"saved from in-game",
  "ModCreator":"animandan",
  "Hair":"/Game/Dev/Phenotypes/Hair/HP_Argonian_HR_FinsJeweled.HP_Argonian_HR_FinsJeweled",
  "Name":"BP_Bejeen_C",
  "HairColorsL":{
    "0":{
      "A":1.0,
      "B":0.0,
      "G":0.0,
      "R":0.0
    }
  },
  "Race":"TESRace /Game/Forms/actors/race/Argonian.Argonian",
  "Body":"SkeletalMesh /Game/Art/Character/Imperial/SK_Imperial_Body_m.SK_Imperial_Body_m"
}