{
  "ModName":"RaceMenuUtilities",
  "FaceBaseMesh":"/Game/Art/Character/Imperial/SK_Imperial_Head_m.SK_Imperial_Head_m",
  "Author":"Bethesda",
  "Date":"2025-06-04 20:30:50",
  "SkinColorsMapL":{
    "Lipstick Color":{
      "A":1.0,
      "B":1.0,
      "G":1.0,
      "R":1.0
    },
    "Eyeliner Tone":{
      "A":1.0,
      "B":0.21223075687885,
      "G":0.21223075687885,
      "R":0.21223075687885
    },
    "Root DyeColor":{
      "A":1.0,
      "B":1.0,
      "G":1.0,
      "R":1.0
    },
    "Tip DyeColor":{
      "A":1.0,
      "B":0.0018211619462818,
      "G":0.015996292233467,
      "R":0.1746474057436
    },
    "Skin Tone":{
      "A":1.0,
      "B":0.21586050093174,
      "G":0.29613825678825,
      "R":0.37626212835312
    }
  },
  "APIVersion":"v2",
  "FaceMorphValuesMap":{
    "Eyes Small / Large":-0.57443302869797,
    "Jaw Thin / Wide":0.29099726676941,
    "Brow Ridge Low / High":-0.09863442927599,
    "Chin Retracted / Jutting":0.20430734753609,
    "Face Thin / Wide":-0.23561625182629,
    "Hair Length":0.0,
    "Chin Backward / Forward":-0.010646761395037,
    "Vampire":0.0,
    "Mouth Underbite / Overbite":-0.067694716155529,
    "Eyes Inward / Outward":0.011378793977201,
    "Mouth Sad / Happy":0.11023689806461,
    "Jaw Retracted / Jutting":-0.38289806246758,
    "Nose Flat / Pointed":0.089364722371101,
    "Chin Recessed / Pronounced":-0.079375125467777,
    "Cheeks Gaunt / Round":0.24848380684853,
    "Forehead Back / Forward":-0.3573069870472,
    "Nose Sellion Down / Up":-0.18581900000572,
    "Mouth Deflated / Inflated":0.25916987657547,
    "Mouth Small / Large":0.25020685791969,
    "Nose Tilt Down / Up":0.0,
    "Nose Short / Long":0.0,
    "Mouth Drawn / Pursed":-0.36153516173363,
    "Chin Short / Tall":0.070254996418953,
    "Nose Sellion Thin / Wide":0.0,
    "Jaw Neck Slope Low / High":0.30503258109093,
    "Cheekbones Shallow / Pronounced":-0.27809011936188,
    "Nose Sellion Shallow / Deep":0.0,
    "Mouth Tilt Down / Up":-0.39395418763161,
    "Brow / Nose / Chin Ratio":-0.1830393075943,
    "Brow Ridge Outer Down / Up":0.049872700124979,
    "Chin Small / Large":0.29523748159409,
    "Mouth Retracted / Puckered":-0.10981326550245,
    "Chin Thin / Wide":0.34476348757744,
    "Nose Nostrils Tilt Down / Up":-0.01170645467937,
    "Face Gaunt / Round":-0.10148703306913,
    "Cheekbones Thin / Wide":0.1853069961071,
    "Forehead / Sellion / Nose Ratio":-0.22858999669552,
    "Cheekbones Low / High":0.1917260736227,
    "Nose Bridge Short / Long":0.35910499095917,
    "Forehead Short / Tall":-0.66490602493286,
    "Nose Bridge Shallow / Deep":-0.12517300248146,
    "Mouth Chin Short / Long":-0.20803716778755,
    "Face Light / Heavy":-0.27590695023537,
    "Nose Region Concave / Convex":0.079999998211861,
    "Mouth Retracted / Protruding":-0.14626067876816,
    "Cheeks Concave / Convex":0.074170000851154,
    "Nose Nostrils Small / Large":-0.006662170868367,
    "Jaw Concave / Convex":0.35127714276314,
    "Nose Down / Up":0.019493905827403,
    "Mouth Low / High":0.074330002069473,
    "Eyes Down / Up":-0.15271459519863,
    "Chin Shallow / Deep":-0.21305480599403,
    "Eyes Apart / Together":0.13160699605942,
    "Brow Ridge Inner Down / Up":0.47146800160408,
    "Nose Sellion Lower Shallow / Deep":0.0,
    "Nose Nostrils Thin / Wide":0.25829100608826,
    "Forehead Small / Large":0.62142157554626
  },
  "HairColorsL":{
    "1":{
      "A":1.0,
      "B":0.061246052384377,
      "G":0.1046164855361,
      "R":0.16202937066555
    },
    "2":{
      "A":1.0,
      "B":0.061246052384377,
      "G":0.1046164855361,
      "R":0.16202937066555
    },
    "0":{
      "A":1.0,
      "B":1.0,
      "G":1.0,
      "R":1.0
    }
  },
  "SkinParametersMap":{
    "Eylids Light/Dark":0.0,
    "Ombre Amount":1.0,
    "Complexion":0.15999999642372,
    "Lipstick Dark Red/Light Blue":0.0,
    "Eyeshadow Light/Dark":0.0,
    "Root Color":0.10000000149012,
    "Skin Tint Orange/Blue":0.0,
    "Eyelids Light/Dark":0.0,
    "Naso Small/Large":0.0,
    "Tip Redness":0.5,
    "Skin Tint Purple/Yellow":0.0,
    "Lipstick Amount":0.0,
    "Cheek Blush Light/Red":0.14000000059605,
    "Root Redness":0.5,
    "Lips Flushed/Pale":0.0,
    "Ombre Constrast":1.0,
    "Tip Color":0.25999999046326,
    "Eye Sockets Bruised/Bright":0.0,
    "Freckles":-0.75999999046326,
    "Cheekbones Flushed/Pale":0.36000001430511,
    "Eyebrows Color Intensity":0.0,
    "Naso Labial Lines Light/Dark":0.0,
    "Lipstick Dark Blue/Light Red":0.0,
    "Eye Socket Dark/Light":0.23999999463558,
    "Eye socket Bruised/Bright":-0.37999999523163,
    "Salt And Pepper":0.0,
    "Eyebrows Redness Intensity":0.0,
    "Eyeliner Light/Dark":0.0,
    "Age":0.0,
    "Skin Dark/Light":0.0,
    "Eyelids Pale/Red":0.0,
    "Eye Sockets Dark/Light":0.0
  },
  "Mustache":"/Game/Dev/Phenotypes/Mustache/HP_Imperial_MS_Medium.HP_Imperial_MS_Medium",
  "SenescenceLevel":3,
  "Sex":0,
  "Description":"saved from in-game",
  "Beard":"/Game/Dev/Phenotypes/Beard/HP_Imperial_BD_Goatee.HP_Imperial_BD_Goatee",
  "ModCreator":"animandan",
  "ModVersion":"1.1.0",
  "Name":"BP_BrumaGuardCastlePostNight01_C",
  "Hair":"/Game/Dev/Phenotypes/Hair/HP_HR_Cropped.HP_HR_Cropped",
  "Race":"TESRace /Game/Forms/actors/race/Imperial.Imperial",
  "Body":"SkeletalMesh /Game/Art/Character/Imperial/SK_Imperial_Body_m.SK_Imperial_Body_m"
}