{
  "APIVersion":"v2",
  "SkinParametersMap":{
    "Tip Color":0.029999999329448,
    "Ombre Constrast":0.47999900579453,
    "Complexion":0.0,
    "Ombre Amount":1.0,
    "Lipstick Amount":0.0,
    "Salt And Pepper":0.0,
    "Skin Dark/Light":-0.40000000596046,
    "Root Redness":0.5,
    "Eye socket Bruised/Bright":0.059999998658895,
    "Freckles":0.54000002145767,
    "Eyeliner Light/Dark":0.62000000476837,
    "Eyebrows Redness Intensity":0.0,
    "Eye Socket Dark/Light":-0.75999999046326,
    "Eyebrows Color Intensity":0.69999998807907,
    "Root Color":1.0,
    "Cheek Blush Light/Red":0.0,
    "Eylids Light/Dark":0.75999999046326,
    "Skin Tint Orange/Blue":0.0,
    "Tip Redness":0.3999989926815,
    "Cheekbones Flushed/Pale":0.0,
    "Eyelids Pale/Red":0.41999998688698,
    "Skin Tint Purple/Yellow":0.30000001192093
  },
  "Author":"Bethesda",
  "Race":"TESRace /Game/Forms/actors/race/WoodElf.WoodElf",
  "HairColorsL":{
    "0":{
      "R":0.0,
      "G":0.0,
      "B":0.0,
      "A":1.0
    }
  },
  "Body":"SkeletalMesh /Game/Art/Character/Imperial/SK_Imperial_Body_m.SK_Imperial_Body_m",
  "Date":"2025-06-04 19:29:14",
  "SkinColorsMapL":{
    "Root DyeColor":{
      "R":1.0,
      "G":1.0,
      "B":1.0,
      "A":1.0
    },
    "Eyeliner Tone":{
      "R":0.55002200603485,
      "G":0.71354198455811,
      "B":0.65321898460388,
      "A":1.0
    },
    "Lipstick Color":{
      "R":1.0,
      "G":1.0,
      "B":1.0,
      "A":1.0
    },
    "Skin Tone":{
      "R":0.86979198455811,
      "G":0.86979198455811,
      "B":0.7474769949913,
      "A":1.0
    },
    "Tip DyeColor":{
      "R":1.0,
      "G":0.58083802461624,
      "B":0.1875,
      "A":1.0
    }
  },
  "ModCreator":"animandan",
  "Sex":1,
  "ModName":"RaceMenuUtilities",
  "EyeMaterial":"/Game/Art/Character/Modular/Eyes_WoodElf/MIC_WoodElf_Eyes_Green.MIC_WoodElf_Eyes_Green",
  "ModVersion":"1.1.0",
  "FaceBaseMesh":"/Game/Art/Character/WoodElf/SK_WoodElf_Head_f.SK_WoodElf_Head_f",
  "Hair":"/Game/Dev/Phenotypes/Hair/HP_WoodElf_HR_Fringes.HP_WoodElf_HR_Fringes",
  "Description":"saved from in-game",
  "SenescenceLevel":5,
  "FaceMorphValuesMap":{
    "Face Gaunt / Round":0.11999999731779,
    "Nose Short / Long":0.0,
    "Nose Tilt Down / Up":0.0,
    "Mouth Sad / Happy":-0.46000000834465,
    "Mouth Retracted / Protruding":0.0069399001076818,
    "Chin Short / Tall":-0.11075600236654,
    "Cheekbones Low / High":-0.074474468827248,
    "Nose Nostrils Tilt Down / Up":0.050441544502974,
    "Mouth Deflated / Inflated":0.0,
    "Hair Length":0.0,
    "Nose Sellion Shallow / Deep":0.0,
    "Chin Shallow / Deep":0.60000002384186,
    "Jaw Concave / Convex":0.66082501411438,
    "Brow Ridge Low / High":0.47999998927116,
    "Chin Recessed / Pronounced":0.089224100112915,
    "Mouth Tilt Down / Up":0.0,
    "Nose Sellion Thin / Wide":0.5799999833107,
    "Cheeks Gaunt / Round":0.0075927735306323,
    "Nose Sellion Lower Shallow / Deep":0.0,
    "Nose Sellion Down / Up":-0.090209148824215,
    "Cheeks Concave / Convex":0.56176799535751,
    "Nose Region Concave / Convex":0.19712795317173,
    "Eyes Inward / Outward":0.053256224840879,
    "Nose Nostrils Thin / Wide":-0.38627058267593,
    "Brow Ridge Inner Down / Up":0.29668799042702,
    "Eyes Apart / Together":0.86000001430511,
    "Mouth Underbite / Overbite":0.15335039794445,
    "Chin Retracted / Jutting":-0.13890326023102,
    "Brow / Nose / Chin Ratio":-0.83999997377396,
    "Nose Bridge Short / Long":-0.35583001375198,
    "Mouth Low / High":0.0,
    "Forehead Small / Large":0.87999999523163,
    "Nose Bridge Shallow / Deep":0.68398934602737,
    "Eyes Small / Large":-0.34000000357628,
    "Forehead / Sellion / Nose Ratio":0.15999999642372,
    "Mouth Chin Short / Long":-0.1106523796916,
    "Forehead Short / Tall":0.57025355100632,
    "Eyes Down / Up":-0.71128976345062,
    "Vampire":0.0,
    "Mouth Retracted / Puckered":0.47533741593361,
    "Jaw Retracted / Jutting":0.19833800196648,
    "Mouth Drawn / Pursed":0.89999997615814,
    "Cheekbones Thin / Wide":0.26912045478821,
    "Nose Down / Up":-0.89999997615814,
    "Jaw Neck Slope Low / High":0.1762640029192,
    "Chin Thin / Wide":0.23715899884701,
    "Cheekbones Shallow / Pronounced":0.43999999761581,
    "Nose Nostrils Small / Large":0.1047884747386,
    "Nose Flat / Pointed":0.0094390278682113,
    "Face Thin / Wide":-0.86000001430511,
    "Chin Backward / Forward":-0.18412144482136,
    "Face Light / Heavy":0.0,
    "Mouth Small / Large":0.35008603334427,
    "Forehead Back / Forward":0.095477417111397,
    "Jaw Thin / Wide":-0.059999998658895,
    "Brow Ridge Outer Down / Up":-0.38000100851059,
    "Chin Small / Large":0.16000099480152
  },
  "Name":"BP_BanditBlackBowFemale1_C"
}