{
  "Sex":0,
  "HairColorsL":{
    "0":{
      "A":1.0,
      "R":0.12477181851864,
      "G":0.09758734703064,
      "B":0.086500458419323
    }
  },
  "Author":"Bethesda",
  "Date":"2025-06-04 19:33:27",
  "Description":"saved from in-game",
  "Name":"BP_BazurgroGharz_C",
  "ModCreator":"animandan",
  "ModName":"RaceMenuUtilities",
  "FaceBaseMesh":"/Game/Art/Character/Orc/SK_Orc_Head_m.SK_Orc_Head_m",
  "Body":"SkeletalMesh /Game/Art/Character/Imperial/SK_Imperial_Body_m.SK_Imperial_Body_m",
  "Race":"TESRace /Game/Forms/actors/race/Orc.Orc",
  "FaceMorphValuesMap":{
    "Nose Nostrils Thin / Wide":-0.27808299660683,
    "Forehead / Sellion / Nose Ratio":-0.48089799284935,
    "Cheekbones Thin / Wide":-0.43759500980377,
    "Forehead Small / Large":0.1799989938736,
    "Chin Recessed / Pronounced":-0.023327654227614,
    "Brow / Nose / Chin Ratio":-0.55577498674393,
    "Jaw Thin / Wide":-0.15901799499989,
    "Cheeks Gaunt / Round":0.49455899000168,
    "Chin Backward / Forward":0.11483954638243,
    "Chin Thin / Wide":-0.078327886760235,
    "Forehead Short / Tall":0.65892601013184,
    "Face Thin / Wide":-0.83999997377396,
    "Brow Ridge Inner Down / Up":-0.087251000106335,
    "Mouth Underbite / Overbite":0.35451000928879,
    "Mouth Low / High":-0.39253601431847,
    "Vampire":0.0,
    "Face Gaunt / Round":-0.4668889939785,
    "Eyes Small / Large":-0.2998620569706,
    "Mouth Drawn / Pursed":-0.36000001430511,
    "Chin Retracted / Jutting":0.38295885920525,
    "Nose Tilt Down / Up":-0.059999998658895,
    "Mouth Small / Large":-0.37423801422119,
    "Nose Short / Long":0.0,
    "Nose Bridge Shallow / Deep":-0.10337846726179,
    "Nose Sellion Thin / Wide":0.86000001430511,
    "Mouth Retracted / Protruding":0.56000000238419,
    "Nose Sellion Shallow / Deep":-0.23999999463558,
    "Jaw Retracted / Jutting":0.11470077186823,
    "Nose Sellion Down / Up":0.77999997138977,
    "Eyes Inward / Outward":0.10148673504591,
    "Nose Region Concave / Convex":-0.60420602560043,
    "Brow Ridge Outer Down / Up":-0.4020220041275,
    "Nose Nostrils Small / Large":0.34876900911331,
    "Eyes Apart / Together":0.71944797039032,
    "Nose Nostrils Tilt Down / Up":-0.074341997504234,
    "Nose Flat / Pointed":0.082815997302532,
    "Mouth Tilt Down / Up":-0.16273500025272,
    "Jaw Concave / Convex":0.11036299914122,
    "Mouth Sad / Happy":0.62000000476837,
    "Cheekbones Shallow / Pronounced":-0.2001069933176,
    "Face Light / Heavy":-0.56000000238419,
    "Nose Down / Up":-0.68363100290298,
    "Chin Short / Tall":-0.34446701407433,
    "Eyes Down / Up":-0.1418240070343,
    "Cheeks Concave / Convex":-0.011711999773979,
    "Nose Bridge Short / Long":-0.15844134986401,
    "Mouth Chin Short / Long":0.29315701127052,
    "Nose Sellion Lower Shallow / Deep":-0.20000000298023,
    "Mouth Retracted / Puckered":0.24521300196648,
    "Hair Length":0.0,
    "Mouth Deflated / Inflated":-0.12164100259542,
    "Chin Shallow / Deep":0.023308999836445,
    "Jaw Neck Slope Low / High":-0.070468999445438,
    "Brow Ridge Low / High":-0.51552402973175,
    "Cheekbones Low / High":0.018997000530362,
    "Forehead Back / Forward":-0.3199990093708,
    "Chin Small / Large":-0.17375922203064
  },
  "Hair":"/Game/Dev/Phenotypes/Hair/HP_Orc_HR_TwoBraids.HP_Orc_HR_TwoBraids",
  "SkinParametersMap":{
    "Complexion":0.20973800122738,
    "Ombre Constrast":0.20000000298023,
    "Eye socket Bruised/Bright":-0.3199990093708,
    "Root Redness":0.5,
    "Khajiit Pattern Number":0.0,
    "Eyebrows Redness Intensity":0.0,
    "Root Color":0.10000000149012,
    "Eylids Light/Dark":0.25999900698662,
    "Cheek Blush Light/Red":0.34000000357628,
    "Eyebrows Color Intensity":0.60674202442169,
    "Cheekbones Flushed/Pale":0.10000000149012,
    "Lipstick Amount":0.029999999329448,
    "Skin Tint Orange/Blue":0.28000000119209,
    "Freckles":-0.43999999761581,
    "Ombre Amount":0.11999899893999,
    "Tip Redness":0.5,
    "Skin Tint Purple/Yellow":0.0,
    "Eyelids Pale/Red":0.56000000238419,
    "Tip Color":0.69999998807907,
    "Eyeliner Light/Dark":0.46000000834465,
    "Eye Socket Dark/Light":-0.20000000298023,
    "Salt And Pepper":-0.079999998211861,
    "Skin Dark/Light":-0.03999999910593
  },
  "APIVersion":"v2",
  "SenescenceLevel":2,
  "ModVersion":"1.1.0",
  "SkinColorsMapL":{
    "Root DyeColor":{
      "A":1.0,
      "R":1.0,
      "G":1.0,
      "B":1.0
    },
    "Eyeliner Tone":{
      "A":1.0,
      "R":1.0,
      "G":1.0,
      "B":1.0
    },
    "Tip DyeColor":{
      "A":1.0,
      "R":1.0,
      "G":1.0,
      "B":1.0
    },
    "Skin Tone":{
      "A":1.0,
      "R":0.69444501399994,
      "G":1.0,
      "B":0.97120398283005
    },
    "Lipstick Color":{
      "A":1.0,
      "R":0.7301390171051,
      "G":0.33476999402046,
      "B":0.74132001399994
    }
  }
}