{
  "Race":"TESRace /Game/Forms/actors/race/DarkElf.DarkElf",
  "FaceBaseMesh":"/Game/Art/Character/DarkElf/SK_DarkElf_Head_m.SK_DarkElf_Head_m",
  "Date":"2025-06-04 18:37:56",
  "HairColorsL":{
    "1":{
      "B":0.061027999967337,
      "G":0.10424599796534,
      "R":0.16145800054073,
      "A":1.0
    },
    "2":{
      "B":0.061027999967337,
      "G":0.10424599796534,
      "R":0.16145800054073,
      "A":1.0
    },
    "0":{
      "B":1.0,
      "G":1.0,
      "R":1.0,
      "A":1.0
    }
  },
  "SkinParametersMap":{
    "Cheekbones Flushed/Pale":0.0,
    "Eyelids Pale/Red":0.19999900460243,
    "Skin Tint Purple/Yellow":0.40000000596046,
    "Lipstick Amount":0.0,
    "Cheek Blush Light/Red":0.0,
    "Skin Dark/Light":0.31999999284744,
    "Complexion":0.0,
    "Salt And Pepper":0.0,
    "Eye Socket Dark/Light":0.0,
    "Eylids Light/Dark":0.0,
    "Ombre Amount":1.0,
    "Freckles":0.0,
    "Root Color":0.20973800122738,
    "Ombre Constrast":1.0,
    "Eyeliner Light/Dark":0.0,
    "Tip Color":0.019999999552965,
    "Eyebrows Redness Intensity":0.0,
    "Root Redness":0.0,
    "Skin Tint Orange/Blue":0.0,
    "Eye socket Bruised/Bright":0.0,
    "Tip Redness":0.0,
    "Eyebrows Color Intensity":0.5
  },
  "Sex":0,
  "FaceMorphValuesMap":{
    "Hair Length":0.0,
    "Vampire":0.0,
    "Nose Sellion Down / Up":0.0089931488037109,
    "Forehead Back / Forward":0.22625234723091,
    "Mouth Deflated / Inflated":0.56073898077011,
    "Chin Backward / Forward":0.11003389209509,
    "Eyes Apart / Together":0.64973098039627,
    "Nose Tilt Down / Up":0.0,
    "Mouth Sad / Happy":0.15940000116825,
    "Brow Ridge Outer Down / Up":0.019081294536591,
    "Nose Sellion Thin / Wide":0.0,
    "Nose Short / Long":0.0,
    "Nose Sellion Shallow / Deep":0.0,
    "Brow / Nose / Chin Ratio":-0.24836783111095,
    "Chin Small / Large":-0.20589093863964,
    "Nose Flat / Pointed":0.076884984970093,
    "Jaw Thin / Wide":-0.08619499951601,
    "Nose Nostrils Tilt Down / Up":-0.011838999576867,
    "Eyes Inward / Outward":0.062694072723389,
    "Cheekbones Shallow / Pronounced":-0.048094537109137,
    "Nose Nostrils Thin / Wide":0.020447826012969,
    "Chin Shallow / Deep":0.015706647187471,
    "Nose Down / Up":-0.26939100027084,
    "Nose Bridge Short / Long":0.16086600720882,
    "Mouth Tilt Down / Up":-0.30420100688934,
    "Chin Thin / Wide":0.1567540615797,
    "Face Light / Heavy":0.37996599078178,
    "Mouth Chin Short / Long":-0.53969365358353,
    "Jaw Concave / Convex":0.72814798355103,
    "Brow Ridge Low / High":-0.012782240286469,
    "Chin Recessed / Pronounced":-0.21910052001476,
    "Cheeks Gaunt / Round":0.44617030024529,
    "Face Thin / Wide":-0.50381600856781,
    "Eyes Down / Up":0.21631351113319,
    "Jaw Retracted / Jutting":-0.089925765991211,
    "Chin Short / Tall":-0.1513751745224,
    "Jaw Neck Slope Low / High":-0.2989716231823,
    "Nose Bridge Shallow / Deep":0.44870981574059,
    "Mouth Retracted / Protruding":0.026565242558718,
    "Cheekbones Thin / Wide":-0.056423000991344,
    "Mouth Low / High":0.0,
    "Mouth Retracted / Puckered":0.32624998688698,
    "Mouth Small / Large":0.0,
    "Forehead Short / Tall":-0.01336160954088,
    "Nose Nostrils Small / Large":-0.033703781664371,
    "Chin Retracted / Jutting":0.11659321933985,
    "Forehead Small / Large":0.70000898838043,
    "Cheekbones Low / High":0.13043595850468,
    "Eyes Small / Large":0.070264056324959,
    "Cheeks Concave / Convex":0.38921201229095,
    "Brow Ridge Inner Down / Up":0.52234834432602,
    "Nose Sellion Lower Shallow / Deep":0.0,
    "Face Gaunt / Round":-0.16684100031853,
    "Mouth Underbite / Overbite":-0.15916495025158,
    "Nose Region Concave / Convex":0.02853798866272,
    "Forehead / Sellion / Nose Ratio":-0.3928094804287,
    "Mouth Drawn / Pursed":0.064682997763157
  },
  "Mustache":"/Game/Dev/Phenotypes/Mustache/HP_DarkElf_MS_Medium.HP_DarkElf_MS_Medium",
  "ModCreator":"animandan",
  "SkinColorsMapL":{
    "Lipstick Color":{
      "B":1.0,
      "G":1.0,
      "R":1.0,
      "A":1.0
    },
    "Tip DyeColor":{
      "B":0.16666699945927,
      "G":0.45823401212692,
      "R":1.0,
      "A":1.0
    },
    "Root DyeColor":{
      "B":1.0,
      "G":1.0,
      "R":1.0,
      "A":1.0
    },
    "Eyeliner Tone":{
      "B":0.59375,
      "G":0.59375,
      "R":0.59375,
      "A":1.0
    },
    "Skin Tone":{
      "B":0.56336802244186,
      "G":0.75951099395752,
      "R":0.91666698455811,
      "A":1.0
    }
  },
  "ModVersion":"1.1.0",
  "EyeMaterial":"/Game/Art/Character/Modular/Eyes_DarkElf/MIC_DarkElf_Eyes_Red.MIC_DarkElf_Eyes_Red",
  "ModName":"RaceMenuUtilities",
  "Body":"SkeletalMesh /Game/Art/Character/Imperial/SK_Imperial_Body_m.SK_Imperial_Body_m",
  "Description":"saved from in-game",
  "SenescenceLevel":5,
  "APIVersion":"v2",
  "Author":"Bethesda",
  "Hair":"/Game/Dev/Phenotypes/Hair/HP_HR_Cropped.HP_HR_Cropped",
  "Beard":"/Game/Dev/Phenotypes/Beard/HP_DarkElf_BD_Goatee.HP_DarkElf_BD_Goatee",
  "Name":"BP_Bongond_C"
}