{
  "APIVersion":"v2",
  "SkinParametersMap":{
    "Eye Socket Dark/Light":1.0,
    "Eyelids Pale/Red":0.64000099897385,
    "Lipstick Amount":0.0,
    "Eyeliner Light/Dark":0.81999999284744,
    "Complexion":0.0,
    "Khajiit Pattern Number":1.0,
    "Hair Desaturation for Khajiit":0.0,
    "Eylids Light/Dark":0.47999900579453,
    "Eye socket Bruised/Bright":0.81999999284744
  },
  "Author":"Bethesda",
  "Race":"TESRace /Game/Forms/actors/race/Khajiit.Khajiit",
  "HairColorsL":{
    "0":{
      "R":0.6875,
      "G":0.31708601117134,
      "B":0.09969300031662,
      "A":1.0
    }
  },
  "Body":"SkeletalMesh /Game/Art/Character/Imperial/SK_Imperial_Body_m.SK_Imperial_Body_m",
  "Date":"2025-06-04 19:28:50",
  "SkinColorsMapL":{
    "Color 3":{
      "R":1.0,
      "G":1.0,
      "B":1.0,
      "A":1.0
    },
    "Eyeliner Tone":{
      "R":1.0,
      "G":1.0,
      "B":1.0,
      "A":1.0
    },
    "Color 2":{
      "R":0.201556250453,
      "G":0.023153366521001,
      "B":0.016807375475764,
      "A":1.0
    },
    "Color 1":{
      "R":0.72305500507355,
      "G":0.52506399154663,
      "B":0.13480100035667,
      "A":1.0
    }
  },
  "Sex":0,
  "ModCreator":"animandan",
  "ModVersion":"1.1.0",
  "ModName":"RaceMenuUtilities",
  "FaceBaseMesh":"/Game/Art/Character/Khajiit/SK_Khajiit_Head_m.SK_Khajiit_Head_m",
  "Hair":"/Game/Dev/Phenotypes/Hair/HP_Khajiit_HR_Mane.HP_Khajiit_HR_Mane",
  "Description":"saved from in-game",
  "SenescenceLevel":3,
  "FaceMorphValuesMap":{
    "Face Gaunt / Round":0.03999999910593,
    "Nose Short / Long":0.19999900460243,
    "Nose Tilt Down / Up":1.0,
    "Mouth Sad / Happy":-0.03999900072813,
    "Mouth Retracted / Protruding":-0.34000000357628,
    "Chin Short / Tall":0.0,
    "Cheekbones Low / High":0.80000001192093,
    "Nose Nostrils Tilt Down / Up":-0.63999998569489,
    "Mouth Deflated / Inflated":0.34000000357628,
    "Hair Length":0.0,
    "Nose Sellion Shallow / Deep":0.0,
    "Chin Shallow / Deep":0.0,
    "Jaw Concave / Convex":0.80000001192093,
    "Brow Ridge Low / High":-0.5,
    "Chin Recessed / Pronounced":0.0,
    "Mouth Tilt Down / Up":0.9200000166893,
    "Nose Sellion Thin / Wide":-0.14000000059605,
    "Cheeks Gaunt / Round":0.0,
    "Nose Sellion Lower Shallow / Deep":0.0,
    "Nose Sellion Down / Up":0.80000001192093,
    "Cheeks Concave / Convex":0.0,
    "Nose Region Concave / Convex":0.80000001192093,
    "Eyes Inward / Outward":0.80000001192093,
    "Nose Nostrils Thin / Wide":0.37999999523163,
    "Brow Ridge Inner Down / Up":-0.5199990272522,
    "Eyes Apart / Together":0.80000001192093,
    "Mouth Underbite / Overbite":0.93999999761581,
    "Chin Retracted / Jutting":0.0,
    "Brow / Nose / Chin Ratio":0.34000000357628,
    "Nose Bridge Short / Long":0.80000001192093,
    "Mouth Low / High":0.30000001192093,
    "Forehead Small / Large":0.80000001192093,
    "Nose Bridge Shallow / Deep":0.80000001192093,
    "Eyes Small / Large":0.0,
    "Forehead / Sellion / Nose Ratio":0.80000001192093,
    "Mouth Chin Short / Long":0.80000001192093,
    "Forehead Short / Tall":0.80000001192093,
    "Eyes Down / Up":0.0,
    "Vampire":0.0,
    "Mouth Retracted / Puckered":0.23999999463558,
    "Jaw Retracted / Jutting":0.80000001192093,
    "Mouth Drawn / Pursed":0.30000001192093,
    "Cheekbones Thin / Wide":0.80000001192093,
    "Nose Down / Up":0.0,
    "Jaw Neck Slope Low / High":0.80000001192093,
    "Chin Thin / Wide":0.18000000715256,
    "Cheekbones Shallow / Pronounced":0.80000001192093,
    "Nose Nostrils Small / Large":-0.27999898791313,
    "Nose Flat / Pointed":0.0,
    "Face Thin / Wide":-0.60000002384186,
    "Chin Backward / Forward":0.0,
    "Face Light / Heavy":-0.23999999463558,
    "Mouth Small / Large":0.019999999552965,
    "Forehead Back / Forward":0.80000001192093,
    "Jaw Thin / Wide":0.059999998658895,
    "Brow Ridge Outer Down / Up":0.54000002145767,
    "Chin Small / Large":0.079999998211861
  },
  "Name":"BP_BanditCampTEMPLATE_C"
}