{
  "APIVersion":"v2",
  "SkinParametersMap":{
    "Tip Color":0.47999998927116,
    "Ombre Constrast":1.0,
    "Complexion":0.0,
    "Ombre Amount":1.0,
    "Lipstick Amount":0.0,
    "Salt And Pepper":0.0,
    "Skin Dark/Light":0.14000000059605,
    "Root Redness":1.0,
    "Eye socket Bruised/Bright":0.0,
    "Freckles":0.34000000357628,
    "Eyeliner Light/Dark":0.0,
    "Eyebrows Redness Intensity":0.0,
    "Eye Socket Dark/Light":0.0,
    "Eyebrows Color Intensity":0.0,
    "Root Color":0.25999999046326,
    "Cheek Blush Light/Red":0.0,
    "Eylids Light/Dark":0.0,
    "Skin Tint Orange/Blue":-0.10000000149012,
    "Tip Redness":1.0,
    "Cheekbones Flushed/Pale":0.0,
    "Eyelids Pale/Red":0.0,
    "Skin Tint Purple/Yellow":0.0
  },
  "Author":"Bethesda",
  "Race":"TESRace /Game/Forms/actors/race/DarkElf.DarkElf",
  "HairColorsL":[],
  "Body":"SkeletalMesh /Game/Art/Character/Imperial/SK_Imperial_Body_m.SK_Imperial_Body_m",
  "Date":"2025-06-04 19:29:12",
  "SkinColorsMapL":{
    "Tip DyeColor":{
      "R":0.33716362714767,
      "G":0.14412847161293,
      "B":0.028426039963961,
      "A":1.0
    },
    "Lipstick Color":{
      "R":1.0,
      "G":1.0,
      "B":1.0,
      "A":1.0
    },
    "Root DyeColor":{
      "R":1.0,
      "G":1.0,
      "B":1.0,
      "A":1.0
    }
  },
  "ModCreator":"animandan",
  "Sex":1,
  "ModName":"RaceMenuUtilities",
  "EyeMaterial":"/Game/Art/Character/Modular/MIC_ME_DarkElf.MIC_ME_DarkElf",
  "ModVersion":"1.1.0",
  "FaceBaseMesh":"/Game/Art/Character/DarkElf/SK_DarkElf_Head_f.SK_DarkElf_Head_f",
  "Hair":"/Game/Dev/Phenotypes/Hair/HP_HR_Ponytail.HP_HR_Ponytail",
  "Description":"saved from in-game",
  "SenescenceLevel":2,
  "FaceMorphValuesMap":{
    "Face Gaunt / Round":-0.065564930438995,
    "Nose Short / Long":0.0,
    "Nose Tilt Down / Up":0.0,
    "Mouth Sad / Happy":-0.22315593063831,
    "Mouth Retracted / Protruding":-0.32742941379547,
    "Chin Short / Tall":-0.070321395993233,
    "Cheekbones Low / High":-0.081776537001133,
    "Nose Nostrils Tilt Down / Up":-0.019681990146637,
    "Mouth Deflated / Inflated":0.18195275962353,
    "Hair Length":0.0,
    "Nose Sellion Shallow / Deep":0.0,
    "Chin Shallow / Deep":0.37184664607048,
    "Jaw Concave / Convex":-0.13461820781231,
    "Brow Ridge Low / High":-0.081431366503239,
    "Chin Recessed / Pronounced":0.38085842132568,
    "Mouth Tilt Down / Up":0.30454757809639,
    "Nose Sellion Thin / Wide":0.0,
    "Cheeks Gaunt / Round":0.26799899339676,
    "Nose Sellion Lower Shallow / Deep":0.0,
    "Nose Sellion Down / Up":0.028431678190827,
    "Cheeks Concave / Convex":-0.010393000207841,
    "Nose Region Concave / Convex":0.27207493782043,
    "Eyes Inward / Outward":-0.063778214156628,
    "Nose Nostrils Thin / Wide":0.37839230895042,
    "Brow Ridge Inner Down / Up":0.057295132428408,
    "Eyes Apart / Together":-0.1442985534668,
    "Mouth Underbite / Overbite":-0.11844599992037,
    "Chin Retracted / Jutting":0.23218970000744,
    "Brow / Nose / Chin Ratio":-0.13898955285549,
    "Nose Bridge Short / Long":0.65484303236008,
    "Mouth Low / High":0.16968700289726,
    "Forehead Small / Large":0.1219609156251,
    "Nose Bridge Shallow / Deep":0.0081805232912302,
    "Eyes Small / Large":-0.093223623931408,
    "Forehead / Sellion / Nose Ratio":-0.051413774490356,
    "Mouth Chin Short / Long":-0.42339715361595,
    "Forehead Short / Tall":-0.37408486008644,
    "Eyes Down / Up":-0.32792529463768,
    "Vampire":0.0,
    "Mouth Retracted / Puckered":-0.094359777867794,
    "Jaw Retracted / Jutting":-0.1167694106698,
    "Mouth Drawn / Pursed":-0.46707707643509,
    "Cheekbones Thin / Wide":-0.33097198605537,
    "Nose Down / Up":0.6977590918541,
    "Jaw Neck Slope Low / High":-0.19700689613819,
    "Chin Thin / Wide":0.051409434527159,
    "Cheekbones Shallow / Pronounced":-0.20413635671139,
    "Nose Nostrils Small / Large":0.17908416688442,
    "Nose Flat / Pointed":0.074476979672909,
    "Face Thin / Wide":0.20700843632221,
    "Chin Backward / Forward":0.16065911948681,
    "Face Light / Heavy":0.56844002008438,
    "Mouth Small / Large":-0.25585174560547,
    "Forehead Back / Forward":-0.36810508370399,
    "Jaw Thin / Wide":0.46851199865341,
    "Brow Ridge Outer Down / Up":-0.14848248660564,
    "Chin Small / Large":-0.55219626426697
  },
  "Name":"BP_BanditBlackBowFemale4_C"
}