{
  "ModName":"RaceMenuUtilities",
  "FaceBaseMesh":"/Game/Art/Character/Breton/SK_Breton_Head_m.SK_Breton_Head_m",
  "Author":"Bethesda",
  "Date":"2025-06-04 20:30:49",
  "SkinColorsMapL":{
    "Lipstick Color":{
      "A":1.0,
      "B":1.0,
      "G":1.0,
      "R":1.0
    },
    "Eyeliner Tone":{
      "A":1.0,
      "B":1.0,
      "G":1.0,
      "R":1.0
    },
    "Root DyeColor":{
      "A":1.0,
      "B":1.0,
      "G":1.0,
      "R":1.0
    },
    "Tip DyeColor":{
      "A":1.0,
      "B":1.0,
      "G":1.0,
      "R":1.0
    },
    "Skin Tone":{
      "A":1.0,
      "B":0.9892550110817,
      "G":0.97916698455811,
      "R":1.0
    }
  },
  "Name":"BP_BarthelGernand_C",
  "FaceMorphValuesMap":{
    "Eyes Small / Large":0.0,
    "Jaw Thin / Wide":0.5,
    "Brow Ridge Low / High":0.46000000834465,
    "Chin Retracted / Jutting":0.0,
    "Face Thin / Wide":0.28000000119209,
    "Hair Length":-0.41947600245476,
    "Chin Backward / Forward":0.0,
    "Vampire":0.0,
    "Mouth Underbite / Overbite":0.0,
    "Eyes Inward / Outward":0.0,
    "Mouth Sad / Happy":0.66000002622604,
    "Jaw Retracted / Jutting":0.0,
    "Nose Flat / Pointed":0.0,
    "Chin Recessed / Pronounced":0.0,
    "Cheeks Gaunt / Round":0.34000000357628,
    "Forehead Back / Forward":0.0,
    "Nose Sellion Down / Up":0.0,
    "Mouth Deflated / Inflated":0.0,
    "Mouth Small / Large":0.43999999761581,
    "Nose Tilt Down / Up":0.0,
    "Nose Short / Long":0.0,
    "Mouth Drawn / Pursed":0.0,
    "Chin Short / Tall":0.0,
    "Nose Sellion Thin / Wide":0.0,
    "Jaw Neck Slope Low / High":0.0,
    "Cheekbones Shallow / Pronounced":0.0,
    "Nose Sellion Shallow / Deep":0.0,
    "Mouth Tilt Down / Up":-0.40000000596046,
    "Brow / Nose / Chin Ratio":0.31999999284744,
    "Brow Ridge Outer Down / Up":0.0,
    "Chin Small / Large":0.0,
    "Mouth Retracted / Puckered":0.0,
    "Chin Thin / Wide":0.0,
    "Nose Nostrils Tilt Down / Up":0.63999998569489,
    "Face Gaunt / Round":0.0,
    "Cheekbones Thin / Wide":0.0,
    "Forehead / Sellion / Nose Ratio":0.0,
    "Cheekbones Low / High":0.0,
    "Nose Bridge Short / Long":0.0,
    "Forehead Short / Tall":0.0,
    "Nose Bridge Shallow / Deep":0.0,
    "Mouth Chin Short / Long":0.0,
    "Face Light / Heavy":0.0,
    "Nose Region Concave / Convex":0.0,
    "Mouth Retracted / Protruding":0.0,
    "Cheeks Concave / Convex":0.37999999523163,
    "Nose Nostrils Small / Large":0.41999998688698,
    "Jaw Concave / Convex":0.0,
    "Nose Down / Up":0.0,
    "Mouth Low / High":0.0,
    "Eyes Down / Up":0.0,
    "Chin Shallow / Deep":0.0,
    "Eyes Apart / Together":0.0,
    "Brow Ridge Inner Down / Up":0.0,
    "Nose Sellion Lower Shallow / Deep":0.0,
    "Nose Nostrils Thin / Wide":0.83999997377396,
    "Forehead Small / Large":0.0
  },
  "EyeMaterial":"/Game/Art/Character/Modular/Eyes_Human/MIC_Human_Eyes_Brown2.MIC_Human_Eyes_Brown2",
  "HairColorsL":{
    "1":{
      "A":1.0,
      "B":0.061027999967337,
      "G":0.10424599796534,
      "R":0.16145800054073
    },
    "2":{
      "A":1.0,
      "B":0.061027999967337,
      "G":0.10424599796534,
      "R":0.16145800054073
    },
    "0":{
      "A":1.0,
      "B":0.0018210000125691,
      "G":0.0018210000125691,
      "R":0.0051819998770952
    }
  },
  "SkinParametersMap":{
    "Complexion":0.49955099821091,
    "Freckles":0.0,
    "Ombre Amount":1.0,
    "Root Redness":0.0,
    "Cheek Blush Light/Red":0.0,
    "Ombre Constrast":0.0,
    "Tip Color":0.074905999004841,
    "Eye socket Bruised/Bright":0.0,
    "Eyebrows Color Intensity":0.73408198356628,
    "Tip Redness":0.0,
    "Salt And Pepper":0.0,
    "Eyebrows Redness Intensity":0.0,
    "Khajiit Pattern Number":0.0,
    "Root Color":0.0,
    "Cheekbones Flushed/Pale":0.0,
    "Eyelids Pale/Red":0.0,
    "Lipstick Amount":0.0
  },
  "Mustache":"/Game/Dev/Phenotypes/Mustache/HP_New_MS_Curly.HP_New_MS_Curly",
  "SenescenceLevel":6,
  "Sex":0,
  "Description":"saved from in-game",
  "Beard":"/Game/Dev/Phenotypes/Beard/HP_New_Curly.HP_New_Curly",
  "ModCreator":"animandan",
  "ModVersion":"1.1.0",
  "APIVersion":"v2",
  "Hair":"/Game/Dev/Phenotypes/Hair/HP_New_HR_Long.HP_New_HR_Long",
  "Race":"TESRace /Game/Forms/actors/race/Breton.Breton",
  "Body":"SkeletalMesh /Game/Art/Character/Imperial/SK_Imperial_Body_m.SK_Imperial_Body_m"
}