{
  "ModName":"RaceMenuUtilities",
  "FaceBaseMesh":"/Game/Art/Character/Imperial/SK_Imperial_Head_m.SK_Imperial_Head_m",
  "Author":"Bethesda",
  "Date":"2025-06-04 20:30:51",
  "SkinColorsMapL":{
    "Lipstick Color":{
      "A":1.0,
      "B":1.0,
      "G":1.0,
      "R":1.0
    },
    "Eyeliner Tone":{
      "A":1.0,
      "B":1.0,
      "G":1.0,
      "R":1.0
    },
    "Root DyeColor":{
      "A":1.0,
      "B":1.0,
      "G":1.0,
      "R":1.0
    },
    "Tip DyeColor":{
      "A":1.0,
      "B":0.0036765071563423,
      "G":0.076185382902622,
      "R":0.72305512428284
    },
    "Skin Tone":{
      "A":1.0,
      "B":0.65885400772095,
      "G":0.91666698455811,
      "R":0.88902997970581
    }
  },
  "Name":"BP_BrumaGuardCityPatrolDay02_C",
  "FaceMorphValuesMap":{
    "Eyes Small / Large":-0.58730202913284,
    "Jaw Thin / Wide":-0.40000000596046,
    "Brow Ridge Low / High":0.0,
    "Chin Retracted / Jutting":0.0,
    "Face Thin / Wide":0.0,
    "Hair Length":0.0,
    "Chin Backward / Forward":0.0,
    "Vampire":0.0,
    "Mouth Underbite / Overbite":-0.81999999284744,
    "Eyes Inward / Outward":0.11911199986935,
    "Mouth Sad / Happy":0.30232098698616,
    "Jaw Retracted / Jutting":-0.0033849999308586,
    "Nose Flat / Pointed":0.0,
    "Chin Recessed / Pronounced":0.0,
    "Cheeks Gaunt / Round":0.31157699227333,
    "Forehead Back / Forward":0.0028593095485121,
    "Nose Sellion Down / Up":0.0,
    "Mouth Deflated / Inflated":0.0,
    "Mouth Small / Large":0.0,
    "Nose Tilt Down / Up":0.0,
    "Nose Short / Long":0.21999999880791,
    "Mouth Drawn / Pursed":0.0,
    "Chin Short / Tall":0.0,
    "Nose Sellion Thin / Wide":0.0,
    "Jaw Neck Slope Low / High":0.019999999552965,
    "Cheekbones Shallow / Pronounced":0.0,
    "Nose Sellion Shallow / Deep":0.43999999761581,
    "Mouth Tilt Down / Up":-0.20000000298023,
    "Brow / Nose / Chin Ratio":0.091916523873806,
    "Brow Ridge Outer Down / Up":0.31999999284744,
    "Chin Small / Large":0.0,
    "Mouth Retracted / Puckered":0.0,
    "Chin Thin / Wide":0.0,
    "Nose Nostrils Tilt Down / Up":0.0,
    "Face Gaunt / Round":0.0,
    "Cheekbones Thin / Wide":0.0,
    "Forehead / Sellion / Nose Ratio":0.27002799510956,
    "Cheekbones Low / High":0.0,
    "Nose Bridge Short / Long":0.0,
    "Forehead Short / Tall":0.0,
    "Nose Bridge Shallow / Deep":0.0,
    "Mouth Chin Short / Long":0.0,
    "Face Light / Heavy":0.0,
    "Nose Region Concave / Convex":0.0,
    "Mouth Retracted / Protruding":0.0,
    "Cheeks Concave / Convex":0.0,
    "Nose Nostrils Small / Large":0.0,
    "Jaw Concave / Convex":0.13663700222969,
    "Nose Down / Up":0.0,
    "Mouth Low / High":0.0,
    "Eyes Down / Up":-0.34575593471527,
    "Chin Shallow / Deep":0.0,
    "Eyes Apart / Together":0.7872239947319,
    "Brow Ridge Inner Down / Up":0.0,
    "Nose Sellion Lower Shallow / Deep":0.0,
    "Nose Nostrils Thin / Wide":0.0,
    "Forehead Small / Large":0.0
  },
  "EyeMaterial":"/Game/Art/Character/Modular/Eyes_Human/MIC_Human_Eyes_Red2.MIC_Human_Eyes_Red2",
  "HairColorsL":{
    "1":{
      "A":1.0,
      "B":0.084376208484173,
      "G":0.14412847161293,
      "R":0.22322796285152
    },
    "2":{
      "A":1.0,
      "B":0.0037769998889416,
      "G":0.0072949999012053,
      "R":0.012152999639511
    },
    "0":{
      "A":1.0,
      "B":0.0060488330200315,
      "G":0.01032982300967,
      "R":0.021219009533525
    }
  },
  "SkinParametersMap":{
    "Eylids Light/Dark":0.0,
    "Ombre Amount":1.0,
    "Complexion":0.54000002145767,
    "Lipstick Dark Red/Light Blue":0.0,
    "Eyeshadow Light/Dark":0.0,
    "Root Color":0.10000000149012,
    "Skin Tint Orange/Blue":0.0,
    "Eyelids Light/Dark":0.0,
    "Naso Small/Large":0.0,
    "Tip Redness":0.5,
    "Skin Tint Purple/Yellow":0.0,
    "Lipstick Amount":0.0,
    "Cheek Blush Light/Red":0.28000000119209,
    "Root Redness":0.5,
    "Lips Flushed/Pale":0.0,
    "Ombre Constrast":1.0,
    "Tip Color":0.47999998927116,
    "Eye Sockets Bruised/Bright":0.0,
    "Freckles":0.0,
    "Cheekbones Flushed/Pale":0.28000000119209,
    "Eyebrows Color Intensity":0.5,
    "Naso Labial Lines Light/Dark":0.0,
    "Lipstick Dark Blue/Light Red":0.0,
    "Eye Socket Dark/Light":0.18000000715256,
    "Eye socket Bruised/Bright":-0.25999999046326,
    "Salt And Pepper":0.0,
    "Eyebrows Redness Intensity":0.0,
    "Eyeliner Light/Dark":0.0,
    "Age":0.0,
    "Skin Dark/Light":0.0,
    "Eyelids Pale/Red":0.0,
    "Eye Sockets Dark/Light":0.0
  },
  "Mustache":"/Game/Dev/Phenotypes/Mustache/HP_Imperial_MS_Medium.HP_Imperial_MS_Medium",
  "SenescenceLevel":6,
  "Sex":0,
  "Description":"saved from in-game",
  "Beard":"/Game/Dev/Phenotypes/Beard/HP_Imperial_BD_Scruffy.HP_Imperial_BD_Scruffy",
  "ModCreator":"animandan",
  "ModVersion":"1.1.0",
  "APIVersion":"v2",
  "Hair":"/Game/Dev/Phenotypes/Hair/HP_HR_Ponytail.HP_HR_Ponytail",
  "Race":"TESRace /Game/Forms/actors/race/Imperial.Imperial",
  "Body":"SkeletalMesh /Game/Art/Character/Imperial/SK_Imperial_Body_m.SK_Imperial_Body_m"
}