{
  "ModName":"RaceMenuUtilities",
  "FaceBaseMesh":"/Game/Art/Character/Khajiit/SK_Khajiit_Head_f.SK_Khajiit_Head_f",
  "Author":"Bethesda",
  "Date":"2025-06-04 20:30:47",
  "SkinColorsMapL":{
    "Color 1":{
      "A":1.0,
      "B":0.12975999712944,
      "G":0.41496300697327,
      "R":0.72305500507355
    },
    "Eyeliner Tone":{
      "A":1.0,
      "B":1.0,
      "G":1.0,
      "R":1.0
    },
    "Color 3":{
      "A":1.0,
      "B":1.0,
      "G":1.0,
      "R":1.0
    },
    "Color 2":{
      "A":1.0,
      "B":0.03688944876194,
      "G":0.03310476616025,
      "R":0.201556250453
    }
  },
  "APIVersion":"v2",
  "FaceMorphValuesMap":{
    "Eyes Small / Large":-0.53999900817871,
    "Jaw Thin / Wide":0.30000099539757,
    "Brow Ridge Low / High":-0.45999899506569,
    "Chin Retracted / Jutting":0.019999999552965,
    "Face Thin / Wide":-0.6799989938736,
    "Hair Length":0.0,
    "Chin Backward / Forward":0.80000001192093,
    "Vampire":0.0,
    "Mouth Underbite / Overbite":0.80000001192093,
    "Eyes Inward / Outward":0.80000001192093,
    "Mouth Sad / Happy":-0.3199990093708,
    "Jaw Retracted / Jutting":0.80000001192093,
    "Nose Flat / Pointed":0.80000001192093,
    "Chin Recessed / Pronounced":0.31999999284744,
    "Cheeks Gaunt / Round":0.019999999552965,
    "Forehead Back / Forward":0.80000001192093,
    "Nose Sellion Down / Up":0.80000001192093,
    "Mouth Deflated / Inflated":0.74000000953674,
    "Mouth Small / Large":0.18000000715256,
    "Nose Tilt Down / Up":-0.63999998569489,
    "Nose Short / Long":0.60000002384186,
    "Mouth Drawn / Pursed":0.28000000119209,
    "Chin Short / Tall":-0.77999997138977,
    "Nose Sellion Thin / Wide":-0.15999899804592,
    "Jaw Neck Slope Low / High":0.80000001192093,
    "Cheekbones Shallow / Pronounced":0.80000001192093,
    "Nose Sellion Shallow / Deep":0.0,
    "Mouth Tilt Down / Up":0.80000001192093,
    "Brow / Nose / Chin Ratio":0.36000001430511,
    "Brow Ridge Outer Down / Up":0.40000000596046,
    "Chin Small / Large":0.14000000059605,
    "Mouth Retracted / Puckered":0.28000000119209,
    "Chin Thin / Wide":0.059999000281096,
    "Nose Nostrils Tilt Down / Up":-0.3199990093708,
    "Face Gaunt / Round":-0.3999989926815,
    "Cheekbones Thin / Wide":0.40000000596046,
    "Forehead / Sellion / Nose Ratio":0.80000001192093,
    "Cheekbones Low / High":0.80000001192093,
    "Nose Bridge Short / Long":0.80000001192093,
    "Forehead Short / Tall":0.80000001192093,
    "Nose Bridge Shallow / Deep":0.72000002861023,
    "Mouth Chin Short / Long":0.80000001192093,
    "Face Light / Heavy":-0.5,
    "Nose Region Concave / Convex":0.34000000357628,
    "Mouth Retracted / Protruding":0.0,
    "Cheeks Concave / Convex":-0.079999998211861,
    "Nose Nostrils Small / Large":-0.21999999880791,
    "Jaw Concave / Convex":-0.18000000715256,
    "Nose Down / Up":0.11999999731779,
    "Mouth Low / High":-0.21999999880791,
    "Eyes Down / Up":0.31999999284744,
    "Chin Shallow / Deep":0.69999998807907,
    "Eyes Apart / Together":0.74000000953674,
    "Brow Ridge Inner Down / Up":-0.31999999284744,
    "Nose Sellion Lower Shallow / Deep":0.0,
    "Nose Nostrils Thin / Wide":0.98000001907349,
    "Forehead Small / Large":0.15999999642372
  },
  "EyeMaterial":"/Game/Art/Character/Modular/MIC_ME_Khajiit.MIC_ME_Khajiit",
  "HairColorsL":{
    "0":{
      "A":1.0,
      "B":0.42998600006104,
      "G":0.51758801937103,
      "R":0.63020801544189
    }
  },
  "SkinParametersMap":{
    "Khajiit Pattern Number":1.0,
    "Eye socket Bruised/Bright":0.81999999284744,
    "Complexion":0.019999999552965,
    "Lipstick Amount":0.019999999552965,
    "Eylids Light/Dark":-0.22000099718571,
    "Eye Socket Dark/Light":0.81999999284744,
    "Eyeliner Light/Dark":0.5799999833107,
    "Eyelids Pale/Red":0.63999998569489,
    "Hair Desaturation for Khajiit":0.0
  },
  "SenescenceLevel":2,
  "Sex":1,
  "Description":"saved from in-game",
  "ModCreator":"animandan",
  "ModVersion":"1.1.0",
  "Hair":"/Game/Dev/Phenotypes/Hair/HP_Khajiit_HR_Feathers.HP_Khajiit_HR_Feathers",
  "Name":"BP_BanditMeleeFemale4A_C",
  "Race":"TESRace /Game/Forms/actors/race/Khajiit.Khajiit",
  "Body":"SkeletalMesh /Game/Art/Character/Imperial/SK_Imperial_Body_m.SK_Imperial_Body_m"
}