{
  "APIVersion":"v2",
  "SkinParametersMap":{
    "Tip Color":0.10000000149012,
    "Ombre Constrast":0.0,
    "Complexion":0.0,
    "Ombre Amount":0.0,
    "Lipstick Amount":0.0,
    "Salt And Pepper":0.0,
    "Skin Dark/Light":0.0,
    "Root Redness":0.5,
    "Eye socket Bruised/Bright":0.0,
    "Freckles":0.0,
    "Eyeliner Light/Dark":0.0,
    "Eyebrows Redness Intensity":0.0,
    "Eye Socket Dark/Light":0.0,
    "Eyebrows Color Intensity":0.0,
    "Root Color":0.10000000149012,
    "Cheek Blush Light/Red":0.0,
    "Eylids Light/Dark":0.0,
    "Skin Tint Orange/Blue":0.0,
    "Tip Redness":0.5,
    "Cheekbones Flushed/Pale":0.0,
    "Eyelids Pale/Red":0.0,
    "Skin Tint Purple/Yellow":0.0
  },
  "Author":"Bethesda",
  "Race":"TESRace /Game/Forms/actors/race/DarkElf.DarkElf",
  "HairColorsL":{
    "1":{
      "R":0.16145800054073,
      "G":0.10424599796534,
      "B":0.061027999967337,
      "A":1.0
    },
    "2":{
      "R":0.22395800054073,
      "G":0.1452250033617,
      "B":0.08398400247097,
      "A":1.0
    },
    "0":{
      "R":0.0,
      "G":0.0,
      "B":0.0,
      "A":1.0
    }
  },
  "Body":"SkeletalMesh /Game/Art/Character/Imperial/SK_Imperial_Body_m.SK_Imperial_Body_m",
  "Date":"2025-06-04 19:28:06",
  "ModCreator":"animandan",
  "ModName":"RaceMenuUtilities",
  "SkinColorsMapL":{
    "Root DyeColor":{
      "R":0.0,
      "G":0.0,
      "B":0.0,
      "A":1.0
    },
    "Eyeliner Tone":{
      "R":1.0,
      "G":1.0,
      "B":1.0,
      "A":1.0
    },
    "Lipstick Color":{
      "R":1.0,
      "G":1.0,
      "B":1.0,
      "A":1.0
    },
    "Skin Tone":{
      "R":1.0,
      "G":1.0,
      "B":1.0,
      "A":1.0
    },
    "Tip DyeColor":{
      "R":0.055555000901222,
      "G":0.023855000734329,
      "B":0.0065139997750521,
      "A":1.0
    }
  },
  "Beard":"/Game/Dev/Phenotypes/Beard/HP_New_ChinGoatee.HP_New_ChinGoatee",
  "Sex":0,
  "ModVersion":"1.1.0",
  "EyeMaterial":"/Game/Art/Character/Modular/MIC_ME_DarkElf.MIC_ME_DarkElf",
  "Description":"saved from in-game",
  "FaceBaseMesh":"/Game/Art/Character/DarkElf/SK_DarkElf_Head_m.SK_DarkElf_Head_m",
  "FaceMorphValuesMap":{
    "Face Gaunt / Round":0.12218933552504,
    "Nose Short / Long":0.0,
    "Nose Tilt Down / Up":0.0,
    "Mouth Sad / Happy":-0.22788099944592,
    "Mouth Retracted / Protruding":0.24364002048969,
    "Chin Short / Tall":-0.17072509229183,
    "Cheekbones Low / High":-0.16924969851971,
    "Nose Nostrils Tilt Down / Up":0.020928228273988,
    "Mouth Deflated / Inflated":0.12008509784937,
    "Hair Length":0.0,
    "Nose Sellion Shallow / Deep":0.0,
    "Chin Shallow / Deep":-0.036153580993414,
    "Jaw Concave / Convex":-0.0021642209030688,
    "Brow Ridge Low / High":-0.023756075650454,
    "Chin Recessed / Pronounced":-0.1902621537447,
    "Mouth Tilt Down / Up":0.14639249444008,
    "Nose Sellion Thin / Wide":0.0,
    "Cheeks Gaunt / Round":0.41458401083946,
    "Nose Sellion Lower Shallow / Deep":0.0,
    "Nose Sellion Down / Up":0.0676594004035,
    "Cheeks Concave / Convex":-0.32645386457443,
    "Nose Region Concave / Convex":0.20037288963795,
    "Eyes Inward / Outward":0.25125449895859,
    "Nose Nostrils Thin / Wide":0.28528374433517,
    "Brow Ridge Inner Down / Up":0.31251028180122,
    "Eyes Apart / Together":-0.0029169560875744,
    "Mouth Underbite / Overbite":0.1990387737751,
    "Chin Retracted / Jutting":-0.15860405564308,
    "Brow / Nose / Chin Ratio":-0.12428440898657,
    "Nose Bridge Short / Long":0.24258653819561,
    "Mouth Low / High":0.085123017430305,
    "Forehead Small / Large":0.2581752538681,
    "Nose Bridge Shallow / Deep":0.19472000002861,
    "Eyes Small / Large":0.20083336532116,
    "Forehead / Sellion / Nose Ratio":0.10352044552565,
    "Mouth Chin Short / Long":-0.065250352025032,
    "Forehead Short / Tall":-0.015373647212982,
    "Eyes Down / Up":-0.084040500223637,
    "Vampire":0.0,
    "Mouth Retracted / Puckered":-0.081898584961891,
    "Jaw Retracted / Jutting":0.085997395217419,
    "Mouth Drawn / Pursed":-0.056302513927221,
    "Cheekbones Thin / Wide":-0.55832594633102,
    "Nose Down / Up":-0.29102313518524,
    "Jaw Neck Slope Low / High":-0.25568163394928,
    "Chin Thin / Wide":0.52216899394989,
    "Cheekbones Shallow / Pronounced":0.18239477276802,
    "Nose Nostrils Small / Large":-0.071793936192989,
    "Nose Flat / Pointed":-0.21283073723316,
    "Face Thin / Wide":-0.085114531219006,
    "Chin Backward / Forward":-0.26137238740921,
    "Face Light / Heavy":0.24492748081684,
    "Mouth Small / Large":-0.23019497096539,
    "Forehead Back / Forward":0.071724236011505,
    "Jaw Thin / Wide":-0.035943675786257,
    "Brow Ridge Outer Down / Up":-0.20504999160767,
    "Chin Small / Large":0.085462331771851
  },
  "Hair":"/Game/Dev/Phenotypes/Hair/HP_Imperial_HR_Headband.HP_Imperial_HR_Headband",
  "Mustache":"/Game/Dev/Phenotypes/Mustache/HP_New_MS_Twisted.HP_New_MS_Twisted",
  "SenescenceLevel":3,
  "Name":"BP_BlackRockPirate03_C"
}