{
  "APIVersion":"v2",
  "SkinParametersMap":{
    "Tip Color":0.029962999746203,
    "Ombre Constrast":1.0,
    "Complexion":0.28000000119209,
    "Ombre Amount":1.0,
    "Khajiit Pattern Number":0.0,
    "Lipstick Amount":0.019999999552965,
    "Salt And Pepper":0.0,
    "Skin Dark/Light":0.0,
    "Eyeliner Light/Dark":0.23999999463558,
    "Eye socket Bruised/Bright":0.0,
    "Freckles":0.0,
    "Eylids Light/Dark":0.5,
    "Eyebrows Redness Intensity":0.0,
    "Eye Socket Dark/Light":0.77999997138977,
    "Eyebrows Color Intensity":0.60000002384186,
    "Root Color":0.014980999752879,
    "Cheek Blush Light/Red":0.0,
    "Root Redness":1.0,
    "Skin Tint Orange/Blue":0.0,
    "Tip Redness":1.0,
    "Cheekbones Flushed/Pale":0.0,
    "Eyelids Pale/Red":0.36000001430511,
    "Skin Tint Purple/Yellow":0.0
  },
  "Author":"Bethesda",
  "Race":"TESRace /Game/Forms/actors/race/Breton.Breton",
  "HairColorsL":{
    "0":{
      "R":0.093058958649635,
      "G":0.03688944876194,
      "B":0.0080231931060553,
      "A":1.0
    }
  },
  "Body":"SkeletalMesh /Game/Art/Character/Imperial/SK_Imperial_Body_m.SK_Imperial_Body_m",
  "Date":"2025-06-04 19:28:14",
  "SkinColorsMapL":{
    "Root DyeColor":{
      "R":1.0,
      "G":1.0,
      "B":1.0,
      "A":1.0
    },
    "Eyeliner Tone":{
      "R":1.0,
      "G":1.0,
      "B":1.0,
      "A":1.0
    },
    "Lipstick Color":{
      "R":1.0,
      "G":1.0,
      "B":1.0,
      "A":1.0
    },
    "Skin Tone":{
      "R":1.0,
      "G":1.0,
      "B":1.0,
      "A":1.0
    },
    "Tip DyeColor":{
      "R":0.17464700341225,
      "G":0.05222700163722,
      "B":0.0,
      "A":1.0
    }
  },
  "ModCreator":"animandan",
  "Sex":1,
  "ModName":"RaceMenuUtilities",
  "EyeMaterial":"/Game/Art/Character/Modular/Eyes_Human/MIC_Human_Eyes_Red1.MIC_Human_Eyes_Red1",
  "ModVersion":"1.1.0",
  "FaceBaseMesh":"/Game/Art/Character/Breton/SK_Breton_Head_f.SK_Breton_Head_f",
  "Hair":"/Game/Dev/Phenotypes/Hair/HP_HR_Ponytail.HP_HR_Ponytail",
  "Description":"saved from in-game",
  "SenescenceLevel":6,
  "FaceMorphValuesMap":{
    "Face Gaunt / Round":0.0,
    "Nose Short / Long":0.0,
    "Nose Tilt Down / Up":0.0,
    "Mouth Sad / Happy":0.0,
    "Mouth Retracted / Protruding":0.0,
    "Chin Short / Tall":0.0,
    "Cheekbones Low / High":0.0,
    "Nose Nostrils Tilt Down / Up":0.0,
    "Mouth Deflated / Inflated":-0.46000000834465,
    "Hair Length":0.0,
    "Nose Sellion Shallow / Deep":0.0,
    "Chin Shallow / Deep":0.0,
    "Jaw Concave / Convex":0.80000001192093,
    "Brow Ridge Low / High":-0.43999999761581,
    "Chin Recessed / Pronounced":0.0,
    "Mouth Tilt Down / Up":0.0,
    "Nose Sellion Thin / Wide":0.0,
    "Cheeks Gaunt / Round":0.40000000596046,
    "Nose Sellion Lower Shallow / Deep":0.0,
    "Nose Sellion Down / Up":0.0,
    "Cheeks Concave / Convex":0.30000001192093,
    "Nose Region Concave / Convex":0.0,
    "Eyes Inward / Outward":0.0,
    "Nose Nostrils Thin / Wide":0.0,
    "Brow Ridge Inner Down / Up":0.0,
    "Eyes Apart / Together":0.54000002145767,
    "Mouth Underbite / Overbite":0.0,
    "Chin Retracted / Jutting":0.0,
    "Brow / Nose / Chin Ratio":0.0,
    "Nose Bridge Short / Long":0.0,
    "Mouth Low / High":0.0,
    "Forehead Small / Large":0.0,
    "Nose Bridge Shallow / Deep":0.0,
    "Eyes Small / Large":0.0,
    "Forehead / Sellion / Nose Ratio":0.0,
    "Mouth Chin Short / Long":0.0,
    "Forehead Short / Tall":-0.47999998927116,
    "Eyes Down / Up":0.0,
    "Vampire":0.0,
    "Mouth Retracted / Puckered":0.0,
    "Jaw Retracted / Jutting":0.0,
    "Mouth Drawn / Pursed":0.46000000834465,
    "Cheekbones Thin / Wide":0.0,
    "Nose Down / Up":0.0,
    "Jaw Neck Slope Low / High":1.0,
    "Chin Thin / Wide":0.47999998927116,
    "Cheekbones Shallow / Pronounced":0.0,
    "Nose Nostrils Small / Large":0.0,
    "Nose Flat / Pointed":0.0,
    "Face Thin / Wide":0.20000000298023,
    "Chin Backward / Forward":-0.46000000834465,
    "Face Light / Heavy":0.65917599201202,
    "Mouth Small / Large":0.68000000715256,
    "Forehead Back / Forward":0.0,
    "Jaw Thin / Wide":0.62000000476837,
    "Brow Ridge Outer Down / Up":0.0,
    "Chin Small / Large":0.60000002384186
  },
  "Name":"BP_BlancheMastien_C"
}