{
  "APIVersion":"v2",
  "SkinParametersMap":{
    "Eyebrows Redness Intensity":0.0,
    "Naso Small/Large":0.0,
    "Ombre Amount":1.0,
    "Tip Color":0.089887998998165,
    "Root Redness":0.0,
    "Tip Redness":0.0,
    "Ombre Constrast":1.0,
    "Root Color":0.20973800122738,
    "Eyelids Light/Dark":0.0,
    "Eyeshadow Light/Dark":0.0,
    "Complexion":0.5,
    "Eye Sockets Bruised/Bright":0.0,
    "Freckles":0.0,
    "Cheekbones Flushed/Pale":0.25999999046326,
    "Cheek Blush Light/Red":0.43999999761581,
    "Salt And Pepper":0.0,
    "Skin Dark/Light":0.0,
    "Eyebrows Color Intensity":0.69999998807907,
    "Eye socket Bruised/Bright":0.0,
    "Eye Socket Dark/Light":0.0,
    "Lipstick Dark Blue/Light Red":0.0,
    "Eyelids Pale/Red":0.0,
    "Age":0.0,
    "Skin Tint Orange/Blue":0.0,
    "Lipstick Amount":0.0,
    "Eyeliner Light/Dark":0.0,
    "Eylids Light/Dark":0.0,
    "Eye Sockets Dark/Light":0.0,
    "Lipstick Dark Red/Light Blue":0.0,
    "Naso Labial Lines Light/Dark":0.0,
    "Lips Flushed/Pale":0.0,
    "Skin Tint Purple/Yellow":0.0
  },
  "Author":"Bethesda",
  "Race":"TESRace /Game/Forms/actors/race/Imperial.Imperial",
  "HairColorsL":{
    "1":{
      "R":0.22322796285152,
      "G":0.14412847161293,
      "B":0.084376208484173,
      "A":1.0
    },
    "2":{
      "R":0.22322796285152,
      "G":0.14412847161293,
      "B":0.084376208484173,
      "A":1.0
    },
    "0":{
      "R":0.021219009533525,
      "G":0.01032982300967,
      "B":0.0060488330200315,
      "A":1.0
    }
  },
  "Body":"SkeletalMesh /Game/Art/Character/Imperial/SK_Imperial_Body_m.SK_Imperial_Body_m",
  "Date":"2025-06-04 19:28:08",
  "ModCreator":"animandan",
  "ModName":"RaceMenuUtilities",
  "SkinColorsMapL":{
    "Root DyeColor":{
      "R":1.0,
      "G":1.0,
      "B":1.0,
      "A":1.0
    },
    "Eyeliner Tone":{
      "R":1.0,
      "G":1.0,
      "B":1.0,
      "A":1.0
    },
    "Lipstick Color":{
      "R":1.0,
      "G":1.0,
      "B":1.0,
      "A":1.0
    },
    "Skin Tone":{
      "R":0.921875,
      "G":0.89619600772858,
      "B":0.82104498147964,
      "A":1.0
    },
    "Tip DyeColor":{
      "R":0.99110198020935,
      "G":0.31156799197197,
      "B":0.12905000150204,
      "A":1.0
    }
  },
  "Beard":"/Game/Dev/Phenotypes/Beard/HP_Imperial_BD_Short.HP_Imperial_BD_Short",
  "Sex":0,
  "ModVersion":"1.1.0",
  "EyeMaterial":"/Game/Art/Character/Modular/Eyes_Human/MIC_Human_Eyes_Green5.MIC_Human_Eyes_Green5",
  "Description":"saved from in-game",
  "FaceBaseMesh":"/Game/Art/Character/Imperial/SK_Imperial_Head_m.SK_Imperial_Head_m",
  "FaceMorphValuesMap":{
    "Face Gaunt / Round":-0.21238327026367,
    "Nose Short / Long":0.23999999463558,
    "Nose Tilt Down / Up":0.0,
    "Mouth Sad / Happy":0.0,
    "Mouth Retracted / Protruding":0.0,
    "Chin Short / Tall":0.0,
    "Cheekbones Low / High":-0.046797681599855,
    "Nose Nostrils Tilt Down / Up":-0.24634473025799,
    "Mouth Deflated / Inflated":0.0,
    "Hair Length":0.0,
    "Nose Sellion Shallow / Deep":0.0,
    "Chin Shallow / Deep":0.0,
    "Jaw Concave / Convex":0.45520600676537,
    "Brow Ridge Low / High":-0.41891607642174,
    "Chin Recessed / Pronounced":0.0,
    "Mouth Tilt Down / Up":0.0,
    "Nose Sellion Thin / Wide":0.0,
    "Cheeks Gaunt / Round":-0.15139900147915,
    "Nose Sellion Lower Shallow / Deep":0.23999999463558,
    "Nose Sellion Down / Up":-0.069959998130798,
    "Cheeks Concave / Convex":0.25704100728035,
    "Nose Region Concave / Convex":0.095792077481747,
    "Eyes Inward / Outward":0.42273950576782,
    "Nose Nostrils Thin / Wide":0.090707488358021,
    "Brow Ridge Inner Down / Up":0.45338320732117,
    "Eyes Apart / Together":0.68819397687912,
    "Mouth Underbite / Overbite":0.0,
    "Chin Retracted / Jutting":0.0,
    "Brow / Nose / Chin Ratio":-0.2370535582304,
    "Nose Bridge Short / Long":-0.29827806353569,
    "Mouth Low / High":0.0,
    "Forehead Small / Large":-0.011169386096299,
    "Nose Bridge Shallow / Deep":0.48807498812675,
    "Eyes Small / Large":-0.66000002622604,
    "Forehead / Sellion / Nose Ratio":0.24722480773926,
    "Mouth Chin Short / Long":0.0,
    "Forehead Short / Tall":-0.025367824360728,
    "Eyes Down / Up":0.12715594470501,
    "Vampire":0.0,
    "Mouth Retracted / Puckered":0.0,
    "Jaw Retracted / Jutting":0.046444393694401,
    "Mouth Drawn / Pursed":0.0,
    "Cheekbones Thin / Wide":0.0068709999322891,
    "Nose Down / Up":0.081935428082943,
    "Jaw Neck Slope Low / High":-0.21841411292553,
    "Chin Thin / Wide":0.0,
    "Cheekbones Shallow / Pronounced":-0.039596762508154,
    "Nose Nostrils Small / Large":-0.18571723997593,
    "Nose Flat / Pointed":0.091238997876644,
    "Face Thin / Wide":0.27467501163483,
    "Chin Backward / Forward":0.0,
    "Face Light / Heavy":-0.21473971009254,
    "Mouth Small / Large":0.0,
    "Forehead Back / Forward":-0.056734133511782,
    "Jaw Thin / Wide":-0.78153300285339,
    "Brow Ridge Outer Down / Up":-0.072717241942883,
    "Chin Small / Large":0.0
  },
  "Hair":"/Game/Dev/Phenotypes/Hair/HP_HR_Loose.HP_HR_Loose",
  "Mustache":"/Game/Dev/Phenotypes/Mustache/HP_Imperial_MS_Short.HP_Imperial_MS_Short",
  "SenescenceLevel":3,
  "Name":"BP_BrumaGuardCityPostDay03_C"
}