{
  "ModName":"RaceMenuUtilities",
  "FaceBaseMesh":"/Game/Art/Character/Khajiit/SK_Khajiit_Head_m.SK_Khajiit_Head_m",
  "Author":"Bethesda",
  "Date":"2025-06-04 20:30:47",
  "SkinColorsMapL":{
    "Color 1":{
      "A":1.0,
      "B":0.1384319961071,
      "G":0.34670400619507,
      "R":0.72305500507355
    },
    "Eyeliner Tone":{
      "A":1.0,
      "B":1.0,
      "G":1.0,
      "R":1.0
    },
    "Color 3":{
      "A":1.0,
      "B":1.0,
      "G":1.0,
      "R":1.0
    },
    "Color 2":{
      "A":1.0,
      "B":0.078186996281147,
      "G":0.078186996281147,
      "R":0.1384319961071
    }
  },
  "APIVersion":"v2",
  "FaceMorphValuesMap":{
    "Eyes Small / Large":-0.23999999463558,
    "Jaw Thin / Wide":-0.15999999642372,
    "Brow Ridge Low / High":-0.47999998927116,
    "Chin Retracted / Jutting":0.20000000298023,
    "Face Thin / Wide":0.21999999880791,
    "Hair Length":0.0,
    "Chin Backward / Forward":0.80000001192093,
    "Vampire":0.0,
    "Mouth Underbite / Overbite":0.72000002861023,
    "Eyes Inward / Outward":0.80000001192093,
    "Mouth Sad / Happy":0.10000000149012,
    "Jaw Retracted / Jutting":0.80000001192093,
    "Nose Flat / Pointed":0.80000001192093,
    "Chin Recessed / Pronounced":0.80000001192093,
    "Cheeks Gaunt / Round":0.34000000357628,
    "Forehead Back / Forward":0.80000001192093,
    "Nose Sellion Down / Up":0.80000001192093,
    "Mouth Deflated / Inflated":0.69999998807907,
    "Mouth Small / Large":0.019999999552965,
    "Nose Tilt Down / Up":-0.73999899625778,
    "Nose Short / Long":0.0,
    "Mouth Drawn / Pursed":0.47999998927116,
    "Chin Short / Tall":0.23999999463558,
    "Nose Sellion Thin / Wide":0.0,
    "Jaw Neck Slope Low / High":0.80000001192093,
    "Cheekbones Shallow / Pronounced":0.80000001192093,
    "Nose Sellion Shallow / Deep":0.0,
    "Mouth Tilt Down / Up":0.5,
    "Brow / Nose / Chin Ratio":0.46000000834465,
    "Brow Ridge Outer Down / Up":0.47999998927116,
    "Chin Small / Large":0.63999998569489,
    "Mouth Retracted / Puckered":0.25999999046326,
    "Chin Thin / Wide":-0.29999899864197,
    "Nose Nostrils Tilt Down / Up":-0.28000000119209,
    "Face Gaunt / Round":0.079999998211861,
    "Cheekbones Thin / Wide":0.80000001192093,
    "Forehead / Sellion / Nose Ratio":-0.80000001192093,
    "Cheekbones Low / High":0.80000001192093,
    "Nose Bridge Short / Long":0.80000001192093,
    "Forehead Short / Tall":0.80000001192093,
    "Nose Bridge Shallow / Deep":0.80000001192093,
    "Mouth Chin Short / Long":0.80000001192093,
    "Face Light / Heavy":-0.25999999046326,
    "Nose Region Concave / Convex":0.80000001192093,
    "Mouth Retracted / Protruding":0.31999999284744,
    "Cheeks Concave / Convex":0.21999999880791,
    "Nose Nostrils Small / Large":0.46000000834465,
    "Jaw Concave / Convex":0.80000001192093,
    "Nose Down / Up":0.80000001192093,
    "Mouth Low / High":0.36000001430511,
    "Eyes Down / Up":0.80000001192093,
    "Chin Shallow / Deep":0.80000001192093,
    "Eyes Apart / Together":0.37999999523163,
    "Brow Ridge Inner Down / Up":-0.46000000834465,
    "Nose Sellion Lower Shallow / Deep":0.0,
    "Nose Nostrils Thin / Wide":0.25999999046326,
    "Forehead Small / Large":0.80000001192093
  },
  "ModVersion":"1.1.0",
  "SkinParametersMap":{
    "Khajiit Pattern Number":1.0,
    "Eye socket Bruised/Bright":-0.54000002145767,
    "Complexion":0.0,
    "Lipstick Amount":0.0,
    "Eylids Light/Dark":0.9800009727478,
    "Eye Socket Dark/Light":0.63999998569489,
    "Eyeliner Light/Dark":0.77999997138977,
    "Eyelids Pale/Red":0.77999997138977,
    "Hair Desaturation for Khajiit":0.0
  },
  "SenescenceLevel":0,
  "Sex":0,
  "Description":"saved from in-game",
  "ModCreator":"animandan",
  "Hair":"/Game/Dev/Phenotypes/Hair/HP_Khajiit_HR_HeadBand.HP_Khajiit_HR_HeadBand",
  "Name":"BP_BanditMeleeMale4A_C",
  "HairColorsL":{
    "0":{
      "A":1.0,
      "B":0.09969300031662,
      "G":0.31708601117134,
      "R":0.6875
    }
  },
  "Race":"TESRace /Game/Forms/actors/race/Khajiit.Khajiit",
  "Body":"SkeletalMesh /Game/Art/Character/Imperial/SK_Imperial_Body_m.SK_Imperial_Body_m"
}