{
  "ModName":"RaceMenuUtilities",
  "FaceBaseMesh":"/Game/Art/Character/Imperial/SK_Imperial_Head_m.SK_Imperial_Head_m",
  "Author":"Bethesda",
  "Date":"2025-06-04 20:30:46",
  "SkinColorsMapL":{
    "Lipstick Color":{
      "A":1.0,
      "B":1.0,
      "G":1.0,
      "R":1.0
    },
    "Eyeliner Tone":{
      "A":1.0,
      "B":1.0,
      "G":1.0,
      "R":1.0
    },
    "Root DyeColor":{
      "A":1.0,
      "B":1.0,
      "G":1.0,
      "R":1.0
    },
    "Tip DyeColor":{
      "A":1.0,
      "B":1.0,
      "G":1.0,
      "R":1.0
    },
    "Skin Tone":{
      "A":1.0,
      "B":0.91145801544189,
      "G":1.0,
      "R":0.95289599895477
    }
  },
  "Name":"BP_BWCGuard1_C",
  "FaceMorphValuesMap":{
    "Eyes Small / Large":-0.77299201488495,
    "Jaw Thin / Wide":0.34542700648308,
    "Brow Ridge Low / High":-0.37999999523163,
    "Chin Retracted / Jutting":0.0,
    "Face Thin / Wide":-0.59052497148514,
    "Hair Length":0.0,
    "Chin Backward / Forward":0.37999999523163,
    "Vampire":0.0,
    "Mouth Underbite / Overbite":0.028455000370741,
    "Eyes Inward / Outward":0.40419998764992,
    "Mouth Sad / Happy":-0.56000000238419,
    "Jaw Retracted / Jutting":-0.47760000824928,
    "Nose Flat / Pointed":0.0,
    "Chin Recessed / Pronounced":0.0,
    "Cheeks Gaunt / Round":0.47404599189758,
    "Forehead Back / Forward":-0.4176450073719,
    "Nose Sellion Down / Up":0.0,
    "Mouth Deflated / Inflated":0.03855299949646,
    "Mouth Small / Large":0.052958000451326,
    "Nose Tilt Down / Up":0.0,
    "Nose Short / Long":0.21999999880791,
    "Mouth Drawn / Pursed":0.14650499820709,
    "Chin Short / Tall":0.0,
    "Nose Sellion Thin / Wide":0.0,
    "Jaw Neck Slope Low / High":0.36651700735092,
    "Cheekbones Shallow / Pronounced":0.1467627286911,
    "Nose Sellion Shallow / Deep":0.5,
    "Mouth Tilt Down / Up":0.36230200529099,
    "Brow / Nose / Chin Ratio":0.9200000166893,
    "Brow Ridge Outer Down / Up":0.45414298772812,
    "Chin Small / Large":0.0,
    "Mouth Retracted / Puckered":-0.11957699805498,
    "Chin Thin / Wide":0.0,
    "Nose Nostrils Tilt Down / Up":0.0,
    "Face Gaunt / Round":0.086970999836922,
    "Cheekbones Thin / Wide":0.32769399881363,
    "Forehead / Sellion / Nose Ratio":0.17183199524879,
    "Cheekbones Low / High":0.02757865190506,
    "Nose Bridge Short / Long":0.0,
    "Forehead Short / Tall":0.052760001271963,
    "Nose Bridge Shallow / Deep":0.0,
    "Mouth Chin Short / Long":0.28182488679886,
    "Face Light / Heavy":0.21470999717712,
    "Nose Region Concave / Convex":0.37999999523163,
    "Mouth Retracted / Protruding":-0.38960099220276,
    "Cheeks Concave / Convex":0.073660999536514,
    "Nose Nostrils Small / Large":0.0,
    "Jaw Concave / Convex":0.46551901102066,
    "Nose Down / Up":-0.80000001192093,
    "Mouth Low / High":-0.63606601953506,
    "Eyes Down / Up":0.19890899956226,
    "Chin Shallow / Deep":0.059999998658895,
    "Eyes Apart / Together":0.72599202394485,
    "Brow Ridge Inner Down / Up":-0.44949400424957,
    "Nose Sellion Lower Shallow / Deep":-0.019999999552965,
    "Nose Nostrils Thin / Wide":0.0,
    "Forehead Small / Large":0.65909802913666
  },
  "EyeMaterial":"/Game/Art/Character/Modular/Eyes_Human/MIC_Human_Eyes_Brown4.MIC_Human_Eyes_Brown4",
  "HairColorsL":{
    "1":{
      "A":1.0,
      "B":0.084376208484173,
      "G":0.14412847161293,
      "R":0.22322796285152
    },
    "2":{
      "A":1.0,
      "B":0.061246052384377,
      "G":0.1046164855361,
      "R":0.16202937066555
    },
    "0":{
      "A":1.0,
      "B":0.0060488330200315,
      "G":0.01032982300967,
      "R":0.021219009533525
    }
  },
  "SkinParametersMap":{
    "Eylids Light/Dark":0.0,
    "Ombre Amount":1.0,
    "Complexion":0.62000000476837,
    "Lipstick Dark Red/Light Blue":0.0,
    "Eyeshadow Light/Dark":0.0,
    "Root Color":0.10000000149012,
    "Skin Tint Orange/Blue":0.059999998658895,
    "Eyelids Light/Dark":0.0,
    "Naso Small/Large":0.0,
    "Tip Redness":0.5,
    "Skin Tint Purple/Yellow":0.20000000298023,
    "Lipstick Amount":0.0,
    "Cheek Blush Light/Red":0.23999999463558,
    "Root Redness":0.5,
    "Lips Flushed/Pale":0.0,
    "Ombre Constrast":1.0,
    "Tip Color":0.60000002384186,
    "Eye Sockets Bruised/Bright":0.0,
    "Freckles":0.0,
    "Cheekbones Flushed/Pale":0.23999999463558,
    "Eyebrows Color Intensity":0.5,
    "Naso Labial Lines Light/Dark":0.0,
    "Lipstick Dark Blue/Light Red":0.0,
    "Eye Socket Dark/Light":0.0,
    "Eye socket Bruised/Bright":0.0,
    "Salt And Pepper":0.0,
    "Eyebrows Redness Intensity":0.0,
    "Eyeliner Light/Dark":0.0,
    "Age":0.0,
    "Skin Dark/Light":0.0,
    "Eyelids Pale/Red":0.0,
    "Eye Sockets Dark/Light":0.0
  },
  "Mustache":"/Game/Dev/Phenotypes/Mustache/HP_Imperial_MS_Short.HP_Imperial_MS_Short",
  "SenescenceLevel":5,
  "Sex":0,
  "Description":"saved from in-game",
  "Beard":"/Game/Dev/Phenotypes/Beard/HP_Imperial_BD_Scruffy.HP_Imperial_BD_Scruffy",
  "ModCreator":"animandan",
  "ModVersion":"1.1.0",
  "APIVersion":"v2",
  "Hair":"/Game/Dev/Phenotypes/Hair/HP_HR_Cropped.HP_HR_Cropped",
  "Race":"TESRace /Game/Forms/actors/race/Imperial.Imperial",
  "Body":"SkeletalMesh /Game/Art/Character/Imperial/SK_Imperial_Body_m.SK_Imperial_Body_m"
}