{
  "ModName":"RaceMenuUtilities",
  "FaceBaseMesh":"/Game/Art/Character/Breton/SK_Breton_Head_f.SK_Breton_Head_f",
  "Author":"Bethesda",
  "Date":"2025-06-04 20:30:49",
  "SkinColorsMapL":{
    "Lipstick Color":{
      "A":1.0,
      "B":1.0,
      "G":1.0,
      "R":1.0
    },
    "Eyeliner Tone":{
      "A":1.0,
      "B":0.53125,
      "G":0.53125,
      "R":0.53125
    },
    "Root DyeColor":{
      "A":1.0,
      "B":0.0,
      "G":0.0,
      "R":0.0
    },
    "Tip DyeColor":{
      "A":1.0,
      "B":0.0,
      "G":0.0,
      "R":0.0
    },
    "Skin Tone":{
      "A":1.0,
      "B":1.0,
      "G":1.0,
      "R":1.0
    }
  },
  "APIVersion":"v2",
  "FaceMorphValuesMap":{
    "Eyes Small / Large":0.0,
    "Jaw Thin / Wide":0.14884300529957,
    "Brow Ridge Low / High":0.13778875768185,
    "Chin Retracted / Jutting":0.039216000586748,
    "Face Thin / Wide":-0.88060402870178,
    "Hair Length":0.0,
    "Chin Backward / Forward":-0.41999998688698,
    "Vampire":0.0,
    "Mouth Underbite / Overbite":0.0,
    "Eyes Inward / Outward":0.10911799967289,
    "Mouth Sad / Happy":0.60000002384186,
    "Jaw Retracted / Jutting":0.41154676675797,
    "Nose Flat / Pointed":0.0,
    "Chin Recessed / Pronounced":0.059999998658895,
    "Cheeks Gaunt / Round":0.4677030146122,
    "Forehead Back / Forward":-0.020226618275046,
    "Nose Sellion Down / Up":0.0,
    "Mouth Deflated / Inflated":0.0,
    "Mouth Small / Large":0.56000000238419,
    "Nose Tilt Down / Up":0.15999999642372,
    "Nose Short / Long":0.0,
    "Mouth Drawn / Pursed":0.0,
    "Chin Short / Tall":-0.22349588572979,
    "Nose Sellion Thin / Wide":0.0,
    "Jaw Neck Slope Low / High":0.071055002510548,
    "Cheekbones Shallow / Pronounced":-0.37020000815392,
    "Nose Sellion Shallow / Deep":0.0,
    "Mouth Tilt Down / Up":0.0,
    "Brow / Nose / Chin Ratio":-0.021788386628032,
    "Brow Ridge Outer Down / Up":0.034927662461996,
    "Chin Small / Large":0.072624996304512,
    "Mouth Retracted / Puckered":0.0,
    "Chin Thin / Wide":-0.054069109261036,
    "Nose Nostrils Tilt Down / Up":0.0,
    "Face Gaunt / Round":0.0022189998999238,
    "Cheekbones Thin / Wide":-0.1005819812417,
    "Forehead / Sellion / Nose Ratio":0.11207876354456,
    "Cheekbones Low / High":0.16162100434303,
    "Nose Bridge Short / Long":0.0,
    "Forehead Short / Tall":-0.057143170386553,
    "Nose Bridge Shallow / Deep":0.0,
    "Mouth Chin Short / Long":0.0,
    "Face Light / Heavy":0.38410300016403,
    "Nose Region Concave / Convex":0.0,
    "Mouth Retracted / Protruding":0.0,
    "Cheeks Concave / Convex":0.059298999607563,
    "Nose Nostrils Small / Large":0.0,
    "Jaw Concave / Convex":0.37164899706841,
    "Nose Down / Up":0.0,
    "Mouth Low / High":0.0,
    "Eyes Down / Up":0.0,
    "Chin Shallow / Deep":0.15151000022888,
    "Eyes Apart / Together":0.53851497173309,
    "Brow Ridge Inner Down / Up":-0.11474400013685,
    "Nose Sellion Lower Shallow / Deep":0.0,
    "Nose Nostrils Thin / Wide":0.0,
    "Forehead Small / Large":0.33132201433182
  },
  "EyeMaterial":"/Game/Art/Character/Modular/Eyes_Human/MIC_Human_Eyes_Brown2.MIC_Human_Eyes_Brown2",
  "HairColorsL":{
    "0":{
      "A":1.0,
      "B":0.0018210000125691,
      "G":0.0018210000125691,
      "R":0.0051819998770952
    }
  },
  "SkinParametersMap":{
    "Complexion":0.41999998688698,
    "Freckles":0.31999999284744,
    "Ombre Amount":0.0,
    "Eylids Light/Dark":0.15999999642372,
    "Skin Tint Purple/Yellow":0.18000000715256,
    "Cheek Blush Light/Red":0.0,
    "Ombre Constrast":0.0,
    "Tip Color":0.10000000149012,
    "Eye socket Bruised/Bright":0.0,
    "Khajiit Pattern Number":0.0,
    "Skin Tint Orange/Blue":0.0,
    "Eyebrows Color Intensity":0.0,
    "Tip Redness":0.5,
    "Root Redness":0.5,
    "Root Color":0.10000000149012,
    "Skin Dark/Light":0.0,
    "Salt And Pepper":0.0,
    "Eyebrows Redness Intensity":0.0,
    "Eyeliner Light/Dark":0.0,
    "Eyelids Pale/Red":0.21999999880791,
    "Cheekbones Flushed/Pale":0.0,
    "Eye Socket Dark/Light":0.0,
    "Lipstick Amount":0.0
  },
  "SenescenceLevel":2,
  "Sex":1,
  "Description":"saved from in-game",
  "ModCreator":"animandan",
  "ModVersion":"1.1.0",
  "Hair":"/Game/Dev/Phenotypes/Hair/HP_HR_Loose.HP_HR_Loose",
  "Name":"BP_BanditWizardFemale3A_C",
  "Race":"TESRace /Game/Forms/actors/race/Breton.Breton",
  "Body":"SkeletalMesh /Game/Art/Character/Imperial/SK_Imperial_Body_m.SK_Imperial_Body_m"
}