{
  "FaceMorphValuesMap":{
    "Nose Bridge Short / Long":0.20574636757374,
    "Mouth Tilt Down / Up":-0.80000001192093,
    "Forehead Back / Forward":-0.23503457009792,
    "Eyes Small / Large":0.9200000166893,
    "Chin Recessed / Pronounced":0.64751356840134,
    "Cheekbones Thin / Wide":0.18557800352573,
    "Jaw Neck Slope Low / High":0.74000000953674,
    "Chin Retracted / Jutting":0.2472270578146,
    "Jaw Retracted / Jutting":-0.49536868929863,
    "Mouth Low / High":-0.22849500179291,
    "Mouth Sad / Happy":0.0,
    "Forehead / Sellion / Nose Ratio":0.19019049406052,
    "Hair Length":0.0,
    "Vampire":0.0,
    "Forehead Short / Tall":0.0,
    "Jaw Concave / Convex":0.60000002384186,
    "Nose Nostrils Small / Large":-0.19022598862648,
    "Cheeks Gaunt / Round":-0.74000000953674,
    "Nose Tilt Down / Up":0.0,
    "Mouth Drawn / Pursed":0.72000002861023,
    "Nose Short / Long":0.0,
    "Cheekbones Shallow / Pronounced":0.51115125417709,
    "Jaw Thin / Wide":0.57999902963638,
    "Eyes Apart / Together":0.40000000596046,
    "Chin Backward / Forward":-0.096428230404854,
    "Nose Sellion Thin / Wide":0.0,
    "Nose Sellion Lower Shallow / Deep":0.0,
    "Nose Sellion Shallow / Deep":0.0,
    "Mouth Retracted / Protruding":-0.36000001430511,
    "Eyes Down / Up":-0.62236279249191,
    "Nose Region Concave / Convex":0.39998713135719,
    "Nose Down / Up":-0.83819597959518,
    "Chin Shallow / Deep":0.41307699680328,
    "Nose Nostrils Tilt Down / Up":0.085890173912048,
    "Nose Flat / Pointed":0.2442127764225,
    "Eyes Inward / Outward":0.0,
    "Brow / Nose / Chin Ratio":-0.60000002384186,
    "Chin Short / Tall":0.0058769998140633,
    "Brow Ridge Outer Down / Up":-0.18423399329185,
    "Nose Nostrils Thin / Wide":-0.14183421432972,
    "Face Thin / Wide":0.55370599031448,
    "Chin Thin / Wide":-0.10000099986792,
    "Nose Bridge Shallow / Deep":0.17629566788673,
    "Mouth Underbite / Overbite":-0.18231458961964,
    "Mouth Chin Short / Long":-0.57489436864853,
    "Cheekbones Low / High":0.0,
    "Brow Ridge Inner Down / Up":0.28918600082397,
    "Mouth Small / Large":0.80000001192093,
    "Mouth Deflated / Inflated":0.0,
    "Nose Sellion Down / Up":-0.095391511917114,
    "Brow Ridge Low / High":0.39520001411438,
    "Chin Small / Large":0.35752901434898,
    "Forehead Small / Large":-0.5,
    "Face Light / Heavy":-0.059999000281096,
    "Cheeks Concave / Convex":-0.53999900817871,
    "Mouth Retracted / Puckered":-0.47999998927116,
    "Face Gaunt / Round":0.58709400892258
  },
  "Sex":1,
  "SkinParametersMap":{
    "Eyebrows Redness Intensity":0.0,
    "Freckles":0.0,
    "Eyelids Pale/Red":0.0,
    "Root Redness":0.5,
    "Complexion":0.0,
    "Salt And Pepper":0.059999000281096,
    "Eye Socket Dark/Light":0.0,
    "Eye socket Bruised/Bright":0.0,
    "Eyebrows Color Intensity":0.0,
    "Ombre Constrast":0.0,
    "Tip Redness":0.5,
    "Eylids Light/Dark":0.0,
    "Root Color":0.10000000149012,
    "Eyeliner Light/Dark":0.0,
    "Skin Dark/Light":0.0,
    "Cheekbones Flushed/Pale":0.0,
    "Skin Tint Orange/Blue":0.0,
    "Skin Tint Purple/Yellow":0.0,
    "Cheek Blush Light/Red":0.0,
    "Ombre Amount":1.0,
    "Lipstick Amount":0.0,
    "Tip Color":0.10000000149012
  },
  "Description":"saved from in-game",
  "FaceBaseMesh":"/Game/Art/Character/WoodElf/SK_WoodElf_Head_f.SK_WoodElf_Head_f",
  "Hair":"/Game/Dev/Phenotypes/Hair/HP_HR_Ponytail.HP_HR_Ponytail",
  "ModVersion":"1.1.0",
  "Date":"2025-06-04 19:16:14",
  "SenescenceLevel":3,
  "ModCreator":"animandan",
  "EyeMaterial":"/Game/Art/Character/Modular/Eyes_WoodElf/MIC_WoodElf_Eyes_Gold.MIC_WoodElf_Eyes_Gold",
  "Name":"BP_BanditMissileFemale4B_C",
  "ModName":"RaceMenuUtilities",
  "Body":"SkeletalMesh /Game/Art/Character/Imperial/SK_Imperial_Body_m.SK_Imperial_Body_m",
  "APIVersion":"v2",
  "HairColorsL":{
    "0":{
      "B":0.061027999967337,
      "G":0.10424599796534,
      "R":0.16145800054073,
      "A":1.0
    }
  },
  "Race":"TESRace /Game/Forms/actors/race/WoodElf.WoodElf",
  "SkinColorsMapL":{
    "Lipstick Color":{
      "B":1.0,
      "G":1.0,
      "R":1.0,
      "A":1.0
    },
    "Tip DyeColor":{
      "B":0.025186859071255,
      "G":0.070360094308853,
      "R":0.10946170985699,
      "A":1.0
    },
    "Skin Tone":{
      "B":1.0,
      "G":1.0,
      "R":1.0,
      "A":1.0
    },
    "Eyeliner Tone":{
      "B":1.0,
      "G":1.0,
      "R":1.0,
      "A":1.0
    },
    "Root DyeColor":{
      "B":1.0,
      "G":1.0,
      "R":1.0,
      "A":1.0
    }
  },
  "Author":"Bethesda"
}