{
  "Sex":0,
  "HairColorsL":{
    "0":{
      "A":1.0,
      "R":0.021219009533525,
      "G":0.01032982300967,
      "B":0.0060488330200315
    }
  },
  "Author":"Bethesda",
  "Date":"2025-06-04 19:33:41",
  "Description":"saved from in-game",
  "Name":"BP_BravilGuardCastlePostNight01_C",
  "ModCreator":"animandan",
  "ModName":"RaceMenuUtilities",
  "FaceBaseMesh":"/Game/Art/Character/Imperial/SK_Imperial_Head_m.SK_Imperial_Head_m",
  "Body":"SkeletalMesh /Game/Art/Character/Imperial/SK_Imperial_Body_m.SK_Imperial_Body_m",
  "Race":"TESRace /Game/Forms/actors/race/Imperial.Imperial",
  "FaceMorphValuesMap":{
    "Nose Nostrils Thin / Wide":0.28928518295288,
    "Forehead / Sellion / Nose Ratio":-0.16835789382458,
    "Cheekbones Thin / Wide":0.077229000627995,
    "Forehead Small / Large":0.2087633907795,
    "Chin Recessed / Pronounced":0.13253137469292,
    "Brow / Nose / Chin Ratio":-0.084174908697605,
    "Jaw Thin / Wide":-0.21486400067806,
    "Cheeks Gaunt / Round":0.22085428237915,
    "Chin Backward / Forward":0.18351149559021,
    "Chin Thin / Wide":-0.059139050543308,
    "Forehead Short / Tall":0.16251374781132,
    "Face Thin / Wide":0.12102814018726,
    "Brow Ridge Inner Down / Up":-0.31602546572685,
    "Mouth Underbite / Overbite":-0.19677700102329,
    "Mouth Low / High":-0.32702061533928,
    "Vampire":0.0,
    "Face Gaunt / Round":-0.5042000412941,
    "Eyes Small / Large":-0.75727701187134,
    "Mouth Drawn / Pursed":0.017209000885487,
    "Chin Retracted / Jutting":-0.0092034935951233,
    "Nose Tilt Down / Up":0.0,
    "Mouth Small / Large":-0.074837535619736,
    "Nose Short / Long":0.0,
    "Nose Bridge Shallow / Deep":0.28272399306297,
    "Nose Sellion Thin / Wide":0.0,
    "Mouth Retracted / Protruding":0.027376437559724,
    "Nose Sellion Shallow / Deep":0.0,
    "Jaw Retracted / Jutting":-0.14305999875069,
    "Nose Sellion Down / Up":0.057084999978542,
    "Eyes Inward / Outward":0.27973851561546,
    "Nose Region Concave / Convex":0.3809739947319,
    "Brow Ridge Outer Down / Up":0.2959468960762,
    "Nose Nostrils Small / Large":-0.15607400238514,
    "Eyes Apart / Together":0.52882599830627,
    "Nose Nostrils Tilt Down / Up":0.19590799510479,
    "Nose Flat / Pointed":-0.024975886568427,
    "Mouth Tilt Down / Up":0.17954348027706,
    "Jaw Concave / Convex":0.6976979970932,
    "Mouth Sad / Happy":-0.1517418473959,
    "Cheekbones Shallow / Pronounced":-0.17273803055286,
    "Face Light / Heavy":-0.12360992282629,
    "Nose Down / Up":-0.012496000155807,
    "Chin Short / Tall":-0.14587591588497,
    "Eyes Down / Up":-0.38869500160217,
    "Cheeks Concave / Convex":0.30962699651718,
    "Nose Bridge Short / Long":0.22879365086555,
    "Mouth Chin Short / Long":0.031408961862326,
    "Nose Sellion Lower Shallow / Deep":0.0,
    "Mouth Retracted / Puckered":-0.21598234772682,
    "Hair Length":0.0,
    "Mouth Deflated / Inflated":0.05490330979228,
    "Chin Shallow / Deep":-0.26171976327896,
    "Jaw Neck Slope Low / High":0.56244999170303,
    "Brow Ridge Low / High":-0.062458001077175,
    "Cheekbones Low / High":0.069481313228607,
    "Forehead Back / Forward":-0.057874999940395,
    "Chin Small / Large":-0.014220982789993
  },
  "Hair":"/Game/Dev/Phenotypes/Hair/HP_HR_Loose.HP_HR_Loose",
  "SkinParametersMap":{
    "Complexion":-0.10000000149012,
    "Eye Sockets Bruised/Bright":0.0,
    "Ombre Constrast":1.0,
    "Skin Tint Purple/Yellow":0.23999999463558,
    "Eye Sockets Dark/Light":0.0,
    "Root Redness":0.5,
    "Naso Small/Large":0.0,
    "Ombre Amount":1.0,
    "Eyebrows Redness Intensity":0.0,
    "Root Color":0.10000000149012,
    "Age":0.0,
    "Lipstick Dark Blue/Light Red":0.0,
    "Lipstick Dark Red/Light Blue":0.0,
    "Eye socket Bruised/Bright":-0.18000000715256,
    "Freckles":-0.36000001430511,
    "Eylids Light/Dark":0.0,
    "Eye Socket Dark/Light":-0.10000000149012,
    "Cheek Blush Light/Red":0.30000001192093,
    "Eyebrows Color Intensity":0.0,
    "Cheekbones Flushed/Pale":0.37999999523163,
    "Lipstick Amount":0.0,
    "Skin Tint Orange/Blue":0.0,
    "Eyelids Light/Dark":0.0,
    "Naso Labial Lines Light/Dark":0.0,
    "Tip Redness":1.0,
    "Eyeshadow Light/Dark":0.0,
    "Eyelids Pale/Red":0.0,
    "Tip Color":0.68000000715256,
    "Lips Flushed/Pale":0.5,
    "Eyeliner Light/Dark":0.0,
    "Salt And Pepper":0.0,
    "Skin Dark/Light":0.0
  },
  "APIVersion":"v2",
  "SenescenceLevel":2,
  "ModVersion":"1.1.0",
  "SkinColorsMapL":{
    "Root DyeColor":{
      "A":1.0,
      "R":1.0,
      "G":1.0,
      "B":1.0
    },
    "Eyeliner Tone":{
      "A":1.0,
      "R":0.2086368650198,
      "G":0.2086368650198,
      "B":0.2086368650198
    },
    "Tip DyeColor":{
      "A":1.0,
      "R":0.1746474057436,
      "G":0.015996292233467,
      "B":0.0018211619462818
    },
    "Skin Tone":{
      "A":1.0,
      "R":0.30946892499924,
      "G":0.2307400405407,
      "B":0.14702726900578
    },
    "Lipstick Color":{
      "A":1.0,
      "R":1.0,
      "G":1.0,
      "B":1.0
    }
  }
}