{
  "ModName":"RaceMenuUtilities",
  "FaceBaseMesh":"/Game/Art/Character/Khajiit/SK_Khajiit_Head_f.SK_Khajiit_Head_f",
  "Author":"Bethesda",
  "Date":"2025-06-04 20:30:47",
  "SkinColorsMapL":{
    "Color 1":{
      "A":1.0,
      "B":0.1384319961071,
      "G":0.34670400619507,
      "R":0.72305500507355
    },
    "Eyeliner Tone":{
      "A":1.0,
      "B":1.0,
      "G":1.0,
      "R":1.0
    },
    "Color 3":{
      "A":1.0,
      "B":1.0,
      "G":1.0,
      "R":1.0
    },
    "Color 2":{
      "A":1.0,
      "B":0.11697066575289,
      "G":0.11697066575289,
      "R":0.201556250453
    }
  },
  "APIVersion":"v2",
  "FaceMorphValuesMap":{
    "Eyes Small / Large":-0.81999999284744,
    "Jaw Thin / Wide":-0.11999999731779,
    "Brow Ridge Low / High":-0.37999999523163,
    "Chin Retracted / Jutting":0.21999999880791,
    "Face Thin / Wide":-0.69999897480011,
    "Hair Length":0.0,
    "Chin Backward / Forward":-0.080000996589661,
    "Vampire":0.0,
    "Mouth Underbite / Overbite":0.80000001192093,
    "Eyes Inward / Outward":0.80000001192093,
    "Mouth Sad / Happy":0.27999898791313,
    "Jaw Retracted / Jutting":0.80000001192093,
    "Nose Flat / Pointed":0.77999997138977,
    "Chin Recessed / Pronounced":0.20000000298023,
    "Cheeks Gaunt / Round":0.059999998658895,
    "Forehead Back / Forward":0.80000001192093,
    "Nose Sellion Down / Up":0.80000001192093,
    "Mouth Deflated / Inflated":0.63999998569489,
    "Mouth Small / Large":-0.33999899029732,
    "Nose Tilt Down / Up":-0.11999999731779,
    "Nose Short / Long":1.0,
    "Mouth Drawn / Pursed":0.03999999910593,
    "Chin Short / Tall":-0.080000996589661,
    "Nose Sellion Thin / Wide":-0.5999990105629,
    "Jaw Neck Slope Low / High":0.23999999463558,
    "Cheekbones Shallow / Pronounced":0.80000001192093,
    "Nose Sellion Shallow / Deep":0.0,
    "Mouth Tilt Down / Up":0.62000000476837,
    "Brow / Nose / Chin Ratio":-0.28000000119209,
    "Brow Ridge Outer Down / Up":0.41999998688698,
    "Chin Small / Large":-0.10000000149012,
    "Mouth Retracted / Puckered":-0.36000099778175,
    "Chin Thin / Wide":-0.079999998211861,
    "Nose Nostrils Tilt Down / Up":-0.57999902963638,
    "Face Gaunt / Round":-0.54000002145767,
    "Cheekbones Thin / Wide":0.56000000238419,
    "Forehead / Sellion / Nose Ratio":0.18000000715256,
    "Cheekbones Low / High":0.80000001192093,
    "Nose Bridge Short / Long":0.80000001192093,
    "Forehead Short / Tall":0.80000001192093,
    "Nose Bridge Shallow / Deep":0.80000001192093,
    "Mouth Chin Short / Long":0.80000001192093,
    "Face Light / Heavy":-0.7599989771843,
    "Nose Region Concave / Convex":-0.46000000834465,
    "Mouth Retracted / Protruding":0.80000001192093,
    "Cheeks Concave / Convex":-0.14000000059605,
    "Nose Nostrils Small / Large":-0.10000000149012,
    "Jaw Concave / Convex":0.73999899625778,
    "Nose Down / Up":0.0,
    "Mouth Low / High":-0.28000000119209,
    "Eyes Down / Up":-0.53999900817871,
    "Chin Shallow / Deep":0.10000000149012,
    "Eyes Apart / Together":0.89999997615814,
    "Brow Ridge Inner Down / Up":-0.31999999284744,
    "Nose Sellion Lower Shallow / Deep":0.0,
    "Nose Nostrils Thin / Wide":0.63999998569489,
    "Forehead Small / Large":0.80000001192093
  },
  "EyeMaterial":"/Game/Art/Character/Modular/MIC_ME_Khajiit.MIC_ME_Khajiit",
  "HairColorsL":{
    "0":{
      "A":1.0,
      "B":0.22605599462986,
      "G":0.34206798672676,
      "R":0.52083301544189
    }
  },
  "SkinParametersMap":{
    "Khajiit Pattern Number":1.0,
    "Eye socket Bruised/Bright":0.87999999523163,
    "Complexion":0.37999999523163,
    "Lipstick Amount":0.0,
    "Eylids Light/Dark":-0.65999901294708,
    "Eye Socket Dark/Light":1.0,
    "Eyeliner Light/Dark":0.98000001907349,
    "Eyelids Pale/Red":-0.65999901294708,
    "Hair Desaturation for Khajiit":0.0
  },
  "SenescenceLevel":3,
  "Sex":1,
  "Description":"saved from in-game",
  "ModCreator":"animandan",
  "ModVersion":"1.1.0",
  "Hair":"/Game/Dev/Phenotypes/Hair/HP_Khajiit_HR_Wisps.HP_Khajiit_HR_Wisps",
  "Name":"BP_BanditMeleeFemale2_C",
  "Race":"TESRace /Game/Forms/actors/race/Khajiit.Khajiit",
  "Body":"SkeletalMesh /Game/Art/Character/Imperial/SK_Imperial_Body_m.SK_Imperial_Body_m"
}