{
  "Sex":0,
  "HairColorsL":{
    "1":{
      "A":1.0,
      "R":0.16202937066555,
      "G":0.1046164855361,
      "B":0.061246052384377
    },
    "2":{
      "A":1.0,
      "R":0.16202937066555,
      "G":0.1046164855361,
      "B":0.061246052384377
    },
    "0":{
      "A":1.0,
      "R":1.0,
      "G":1.0,
      "B":1.0
    }
  },
  "EyeMaterial":"/Game/Art/Character/Modular/Eyes_Human/MIC_Human_Eyes_Red2.MIC_Human_Eyes_Red2",
  "SkinColorsMapL":{
    "Root DyeColor":{
      "A":1.0,
      "R":1.0,
      "G":1.0,
      "B":1.0
    },
    "Eyeliner Tone":{
      "A":1.0,
      "R":1.0,
      "G":1.0,
      "B":1.0
    },
    "Tip DyeColor":{
      "A":1.0,
      "R":1.0,
      "G":1.0,
      "B":1.0
    },
    "Skin Tone":{
      "A":1.0,
      "R":0.9375,
      "G":0.83184397220612,
      "B":0.79589802026749
    },
    "Lipstick Color":{
      "A":1.0,
      "R":1.0,
      "G":1.0,
      "B":1.0
    }
  },
  "Date":"2025-06-04 19:33:42",
  "Description":"saved from in-game",
  "Name":"BP_BravilGuardCityPatrolDay01_C",
  "ModCreator":"animandan",
  "ModName":"RaceMenuUtilities",
  "ModVersion":"1.1.0",
  "Mustache":"/Game/Dev/Phenotypes/Mustache/HP_Imperial_MS_Short.HP_Imperial_MS_Short",
  "Author":"Bethesda",
  "APIVersion":"v2",
  "Body":"SkeletalMesh /Game/Art/Character/Imperial/SK_Imperial_Body_m.SK_Imperial_Body_m",
  "FaceMorphValuesMap":{
    "Nose Nostrils Thin / Wide":0.38391599059105,
    "Forehead / Sellion / Nose Ratio":-0.026445394381881,
    "Cheekbones Thin / Wide":-0.13788759708405,
    "Forehead Small / Large":0.1671978533268,
    "Chin Recessed / Pronounced":-0.08789899200201,
    "Brow / Nose / Chin Ratio":-0.13244900107384,
    "Jaw Thin / Wide":-0.35882088541985,
    "Cheeks Gaunt / Round":0.29600378870964,
    "Chin Backward / Forward":-0.055021282285452,
    "Chin Thin / Wide":0.19387196004391,
    "Forehead Short / Tall":-0.56667983531952,
    "Face Thin / Wide":-0.16703902184963,
    "Brow Ridge Inner Down / Up":0.40335866808891,
    "Mouth Underbite / Overbite":0.6419489979744,
    "Mouth Low / High":0.032687000930309,
    "Vampire":0.0,
    "Face Gaunt / Round":0.080638647079468,
    "Eyes Small / Large":-0.58744198083878,
    "Mouth Drawn / Pursed":-0.28000000119209,
    "Chin Retracted / Jutting":0.31110119819641,
    "Nose Tilt Down / Up":0.0,
    "Mouth Small / Large":0.059999998658895,
    "Nose Short / Long":0.0,
    "Nose Bridge Shallow / Deep":0.68002700805664,
    "Nose Sellion Thin / Wide":0.0,
    "Mouth Retracted / Protruding":-0.033121142536402,
    "Nose Sellion Shallow / Deep":0.0,
    "Jaw Retracted / Jutting":-0.50514006614685,
    "Nose Sellion Down / Up":-0.31282734870911,
    "Eyes Inward / Outward":0.43899366259575,
    "Nose Region Concave / Convex":-0.15514199435711,
    "Brow Ridge Outer Down / Up":-0.29846361279488,
    "Nose Nostrils Small / Large":0.13937300443649,
    "Eyes Apart / Together":0.762600004673,
    "Nose Nostrils Tilt Down / Up":0.13153499364853,
    "Nose Flat / Pointed":0.090456001460552,
    "Mouth Tilt Down / Up":-0.069154001772404,
    "Jaw Concave / Convex":0.15175466239452,
    "Mouth Sad / Happy":-0.28036162257195,
    "Cheekbones Shallow / Pronounced":-0.22036600112915,
    "Face Light / Heavy":0.062201917171478,
    "Nose Down / Up":-0.23733043670654,
    "Chin Short / Tall":-0.48975512385368,
    "Eyes Down / Up":0.053908836096525,
    "Cheeks Concave / Convex":0.027695069089532,
    "Nose Bridge Short / Long":0.13815639913082,
    "Mouth Chin Short / Long":-0.19216799736023,
    "Nose Sellion Lower Shallow / Deep":0.0,
    "Mouth Retracted / Puckered":-0.59450101852417,
    "Hair Length":0.0,
    "Mouth Deflated / Inflated":0.39001500606537,
    "Chin Shallow / Deep":0.14435711503029,
    "Jaw Neck Slope Low / High":-0.21090753376484,
    "Brow Ridge Low / High":-0.32959198951721,
    "Cheekbones Low / High":0.1046089977026,
    "Forehead Back / Forward":0.13575653731823,
    "Chin Small / Large":-0.32828596234322
  },
  "Hair":"/Game/Dev/Phenotypes/Hair/HP_HR_Cropped.HP_HR_Cropped",
  "Beard":"/Game/Dev/Phenotypes/Beard/HP_Imperial_BD_Short.HP_Imperial_BD_Short",
  "SkinParametersMap":{
    "Complexion":0.37999999523163,
    "Eye Sockets Bruised/Bright":0.0,
    "Ombre Constrast":1.0,
    "Skin Tint Purple/Yellow":0.0,
    "Eye Sockets Dark/Light":0.0,
    "Root Redness":0.5,
    "Naso Small/Large":0.0,
    "Ombre Amount":1.0,
    "Eyebrows Redness Intensity":0.0,
    "Root Color":0.10000000149012,
    "Age":0.0,
    "Lipstick Dark Blue/Light Red":0.0,
    "Lipstick Dark Red/Light Blue":0.0,
    "Eye socket Bruised/Bright":0.0,
    "Freckles":0.87999999523163,
    "Eylids Light/Dark":0.0,
    "Eye Socket Dark/Light":0.0,
    "Cheek Blush Light/Red":0.40000000596046,
    "Eyebrows Color Intensity":0.5,
    "Cheekbones Flushed/Pale":0.0,
    "Lipstick Amount":0.0,
    "Skin Tint Orange/Blue":0.0,
    "Eyelids Light/Dark":0.0,
    "Naso Labial Lines Light/Dark":0.0,
    "Tip Redness":1.0,
    "Eyeshadow Light/Dark":0.0,
    "Eyelids Pale/Red":0.0,
    "Tip Color":0.43999999761581,
    "Lips Flushed/Pale":0.0,
    "Eyeliner Light/Dark":0.0,
    "Salt And Pepper":0.0,
    "Skin Dark/Light":0.0
  },
  "FaceBaseMesh":"/Game/Art/Character/Imperial/SK_Imperial_Head_m.SK_Imperial_Head_m",
  "Race":"TESRace /Game/Forms/actors/race/Imperial.Imperial",
  "SenescenceLevel":3
}