{
  "ModName":"RaceMenuUtilities",
  "FaceBaseMesh":"/Game/Art/Character/DarkElf/SK_DarkElf_Head_m.SK_DarkElf_Head_m",
  "Author":"Bethesda",
  "Date":"2025-06-04 20:30:48",
  "SkinColorsMapL":{
    "Lipstick Color":{
      "A":1.0,
      "B":1.0,
      "G":1.0,
      "R":1.0
    },
    "Eyeliner Tone":{
      "A":1.0,
      "B":1.0,
      "G":1.0,
      "R":1.0
    },
    "Root DyeColor":{
      "A":1.0,
      "B":1.0,
      "G":1.0,
      "R":1.0
    },
    "Tip DyeColor":{
      "A":1.0,
      "B":1.0,
      "G":1.0,
      "R":1.0
    },
    "Skin Tone":{
      "A":1.0,
      "B":0.43093499541283,
      "G":0.57039797306061,
      "R":0.88020801544189
    }
  },
  "Name":"BP_BanditMissileMale3A_C",
  "FaceMorphValuesMap":{
    "Eyes Small / Large":0.78366601467133,
    "Jaw Thin / Wide":-0.3655661046505,
    "Brow Ridge Low / High":0.008409715257585,
    "Chin Retracted / Jutting":-0.056686975061893,
    "Face Thin / Wide":0.19623665511608,
    "Hair Length":0.0,
    "Chin Backward / Forward":0.29833623766899,
    "Vampire":0.0,
    "Mouth Underbite / Overbite":-0.017828201875091,
    "Eyes Inward / Outward":0.36434310674667,
    "Mouth Sad / Happy":-0.032181035727262,
    "Jaw Retracted / Jutting":0.31636619567871,
    "Nose Flat / Pointed":0.068997003138065,
    "Chin Recessed / Pronounced":0.11662001907825,
    "Cheeks Gaunt / Round":0.082710430026054,
    "Forehead Back / Forward":-0.23235297203064,
    "Nose Sellion Down / Up":-0.48315879702568,
    "Mouth Deflated / Inflated":0.0042516230605543,
    "Mouth Small / Large":-0.6382799744606,
    "Nose Tilt Down / Up":0.0,
    "Nose Short / Long":0.0,
    "Mouth Drawn / Pursed":-0.091762341558933,
    "Chin Short / Tall":-0.0099560003727674,
    "Nose Sellion Thin / Wide":0.30000001192093,
    "Jaw Neck Slope Low / High":0.063189350068569,
    "Cheekbones Shallow / Pronounced":0.12816943228245,
    "Nose Sellion Shallow / Deep":0.0,
    "Mouth Tilt Down / Up":0.14585514366627,
    "Brow / Nose / Chin Ratio":-0.2739090025425,
    "Brow Ridge Outer Down / Up":-0.12292870134115,
    "Chin Small / Large":0.22550936043262,
    "Mouth Retracted / Puckered":0.55434501171112,
    "Chin Thin / Wide":0.12447399646044,
    "Nose Nostrils Tilt Down / Up":0.46136900782585,
    "Face Gaunt / Round":-0.14124366641045,
    "Cheekbones Thin / Wide":-0.21344451606274,
    "Forehead / Sellion / Nose Ratio":0.075651936233044,
    "Cheekbones Low / High":-0.24386869370937,
    "Nose Bridge Short / Long":0.26732501387596,
    "Forehead Short / Tall":0.072507001459599,
    "Nose Bridge Shallow / Deep":0.46685457229614,
    "Mouth Chin Short / Long":-0.054830756038427,
    "Face Light / Heavy":0.13710999488831,
    "Nose Region Concave / Convex":0.049803998321295,
    "Mouth Retracted / Protruding":0.50298303365707,
    "Cheeks Concave / Convex":0.011089635081589,
    "Nose Nostrils Small / Large":-0.56973898410797,
    "Jaw Concave / Convex":-0.067315757274628,
    "Nose Down / Up":-0.74724501371384,
    "Mouth Low / High":-0.59312301874161,
    "Eyes Down / Up":-0.41389098763466,
    "Chin Shallow / Deep":0.020211780443788,
    "Eyes Apart / Together":0.10206200182438,
    "Brow Ridge Inner Down / Up":0.0062010767869651,
    "Nose Sellion Lower Shallow / Deep":0.0,
    "Nose Nostrils Thin / Wide":-0.022456999868155,
    "Forehead Small / Large":0.49951401352882
  },
  "EyeMaterial":"/Game/Art/Character/Modular/Eyes_DarkElf/MIC_DarkElf_Eyes_Red.MIC_DarkElf_Eyes_Red",
  "HairColorsL":{
    "1":{
      "A":1.0,
      "B":0.061246052384377,
      "G":0.1046164855361,
      "R":0.16202937066555
    },
    "2":{
      "A":1.0,
      "B":0.061246052384377,
      "G":0.1046164855361,
      "R":0.16202937066555
    },
    "0":{
      "A":1.0,
      "B":0.084376208484173,
      "G":0.14412847161293,
      "R":0.22322796285152
    }
  },
  "SkinParametersMap":{
    "Complexion":0.0,
    "Freckles":-0.47999998927116,
    "Ombre Amount":0.0,
    "Eylids Light/Dark":0.0,
    "Skin Tint Purple/Yellow":0.0,
    "Cheek Blush Light/Red":0.21999999880791,
    "Ombre Constrast":0.0,
    "Tip Color":0.47940099239349,
    "Eye socket Bruised/Bright":0.0,
    "Khajiit Pattern Number":0.0,
    "Skin Tint Orange/Blue":-0.5,
    "Eyebrows Color Intensity":0.47940099239349,
    "Tip Redness":1.0,
    "Root Redness":1.0,
    "Root Color":1.0,
    "Skin Dark/Light":-0.47999998927116,
    "Salt And Pepper":0.34494400024414,
    "Eyebrows Redness Intensity":0.0,
    "Eyeliner Light/Dark":0.0,
    "Eyelids Pale/Red":0.0,
    "Cheekbones Flushed/Pale":0.5,
    "Eye Socket Dark/Light":0.0,
    "Lipstick Amount":0.0
  },
  "Mustache":"/Game/Dev/Phenotypes/Mustache/HP_DarkElf_MS_Scruffy.HP_DarkElf_MS_Scruffy",
  "SenescenceLevel":0,
  "Sex":0,
  "Description":"saved from in-game",
  "Beard":"/Game/Dev/Phenotypes/Beard/HP_Breton_BD_Scruffy.HP_Breton_BD_Scruffy",
  "ModCreator":"animandan",
  "ModVersion":"1.1.0",
  "APIVersion":"v2",
  "Hair":"/Game/Dev/Phenotypes/Hair/HP_Breton_HR_Tonsure.HP_Breton_HR_Tonsure",
  "Race":"TESRace /Game/Forms/actors/race/DarkElf.DarkElf",
  "Body":"SkeletalMesh /Game/Art/Character/Imperial/SK_Imperial_Body_m.SK_Imperial_Body_m"
}