{
  "APIVersion":"v2",
  "SkinParametersMap":{
    "Tip Color":0.5,
    "Ombre Constrast":1.0,
    "Complexion":0.0,
    "Ombre Amount":1.0,
    "Lipstick Amount":0.0,
    "Salt And Pepper":0.0,
    "Skin Dark/Light":0.37999999523163,
    "Root Redness":1.0,
    "Eye socket Bruised/Bright":0.0,
    "Freckles":0.0,
    "Eyeliner Light/Dark":0.0,
    "Eyebrows Redness Intensity":0.0,
    "Eye Socket Dark/Light":0.0,
    "Eyebrows Color Intensity":0.0,
    "Root Color":0.10000000149012,
    "Cheek Blush Light/Red":0.0,
    "Eylids Light/Dark":0.0,
    "Skin Tint Orange/Blue":0.0,
    "Tip Redness":1.0,
    "Cheekbones Flushed/Pale":0.0,
    "Eyelids Pale/Red":0.0,
    "Skin Tint Purple/Yellow":0.30000001192093
  },
  "Author":"Bethesda",
  "Race":"TESRace /Game/Forms/actors/race/DarkElf.DarkElf",
  "HairColorsL":[],
  "Body":"SkeletalMesh /Game/Art/Character/Imperial/SK_Imperial_Body_m.SK_Imperial_Body_m",
  "Date":"2025-06-04 19:29:07",
  "SkinColorsMapL":{
    "Tip DyeColor":{
      "R":0.0,
      "G":0.0,
      "B":0.0,
      "A":1.0
    },
    "Lipstick Color":{
      "R":1.0,
      "G":1.0,
      "B":1.0,
      "A":1.0
    },
    "Root DyeColor":{
      "R":0.0,
      "G":0.0,
      "B":0.0,
      "A":1.0
    }
  },
  "ModCreator":"animandan",
  "Sex":0,
  "ModName":"RaceMenuUtilities",
  "EyeMaterial":"/Game/Art/Character/Modular/MIC_ME_DarkElf.MIC_ME_DarkElf",
  "ModVersion":"1.1.0",
  "FaceBaseMesh":"/Game/Art/Character/DarkElf/SK_DarkElf_Head_m.SK_DarkElf_Head_m",
  "Hair":"/Game/Dev/Phenotypes/Hair/HP_DarkElf_HR_Mohawk.HP_DarkElf_HR_Mohawk",
  "Description":"saved from in-game",
  "SenescenceLevel":5,
  "FaceMorphValuesMap":{
    "Face Gaunt / Round":0.3203831911087,
    "Nose Short / Long":0.0,
    "Nose Tilt Down / Up":0.0,
    "Mouth Sad / Happy":-0.03332282230258,
    "Mouth Retracted / Protruding":-0.10715100169182,
    "Chin Short / Tall":0.11460299789906,
    "Cheekbones Low / High":-0.27332019805908,
    "Nose Nostrils Tilt Down / Up":-0.2624320089817,
    "Mouth Deflated / Inflated":-0.051316998898983,
    "Hair Length":0.0,
    "Nose Sellion Shallow / Deep":0.0,
    "Chin Shallow / Deep":0.20833826065063,
    "Jaw Concave / Convex":0.25526675581932,
    "Brow Ridge Low / High":-0.19183200597763,
    "Chin Recessed / Pronounced":-0.039434220641851,
    "Mouth Tilt Down / Up":-0.42086601257324,
    "Nose Sellion Thin / Wide":0.0,
    "Cheeks Gaunt / Round":0.094919234514236,
    "Nose Sellion Lower Shallow / Deep":0.0,
    "Nose Sellion Down / Up":-0.41003370285034,
    "Cheeks Concave / Convex":-0.066754817962646,
    "Nose Region Concave / Convex":0.19641581177711,
    "Eyes Inward / Outward":-0.14308665692806,
    "Nose Nostrils Thin / Wide":-0.38385388255119,
    "Brow Ridge Inner Down / Up":0.030775999650359,
    "Eyes Apart / Together":0.63528501987457,
    "Mouth Underbite / Overbite":-0.12434600293636,
    "Chin Retracted / Jutting":0.039643239229918,
    "Brow / Nose / Chin Ratio":-0.046426009386778,
    "Nose Bridge Short / Long":0.1632404178381,
    "Mouth Low / High":0.42543399333954,
    "Forehead Small / Large":0.1001582890749,
    "Nose Bridge Shallow / Deep":-0.062675528228283,
    "Eyes Small / Large":-0.088948868215084,
    "Forehead / Sellion / Nose Ratio":-0.026384020224214,
    "Mouth Chin Short / Long":-0.0076860697008669,
    "Forehead Short / Tall":-0.31867542862892,
    "Eyes Down / Up":0.53303897380829,
    "Vampire":0.0,
    "Mouth Retracted / Puckered":0.041146039962769,
    "Jaw Retracted / Jutting":-0.36189672350883,
    "Mouth Drawn / Pursed":-0.080997191369534,
    "Cheekbones Thin / Wide":-0.093614801764488,
    "Nose Down / Up":0.35579201579094,
    "Jaw Neck Slope Low / High":-0.3659071624279,
    "Chin Thin / Wide":0.4327799975872,
    "Cheekbones Shallow / Pronounced":-0.081027001142502,
    "Nose Nostrils Small / Large":0.069103054702282,
    "Nose Flat / Pointed":-0.056558728218079,
    "Face Thin / Wide":-0.67252999544144,
    "Chin Backward / Forward":-0.07691116631031,
    "Face Light / Heavy":0.60370498895645,
    "Mouth Small / Large":-0.052593000233173,
    "Forehead Back / Forward":-0.13410346210003,
    "Jaw Thin / Wide":0.32069000601768,
    "Brow Ridge Outer Down / Up":0.3423897922039,
    "Chin Small / Large":0.24932700395584
  },
  "Name":"BP_BanditBlackBowBoss4Male3_C"
}