{
  "FaceMorphValuesMap":{
    "Nose Bridge Short / Long":0.0,
    "Mouth Tilt Down / Up":-0.48122400045395,
    "Forehead Back / Forward":-0.36775198578835,
    "Eyes Small / Large":-0.65829002857208,
    "Chin Recessed / Pronounced":0.068090811371803,
    "Cheekbones Thin / Wide":0.46000000834465,
    "Jaw Neck Slope Low / High":0.26931598782539,
    "Chin Retracted / Jutting":-0.30807301402092,
    "Jaw Retracted / Jutting":0.085695996880531,
    "Mouth Low / High":0.15355199575424,
    "Mouth Sad / Happy":0.18433563411236,
    "Forehead / Sellion / Nose Ratio":-0.2970769405365,
    "Hair Length":0.0,
    "Vampire":0.0,
    "Forehead Short / Tall":-0.15579999983311,
    "Jaw Concave / Convex":0.025213999673724,
    "Nose Nostrils Small / Large":0.0,
    "Cheeks Gaunt / Round":0.39848199486732,
    "Nose Tilt Down / Up":0.0,
    "Mouth Drawn / Pursed":-0.11051912605762,
    "Nose Short / Long":0.0,
    "Cheekbones Shallow / Pronounced":-0.36653199791908,
    "Jaw Thin / Wide":-0.25999999046326,
    "Eyes Apart / Together":0.34584099054337,
    "Chin Backward / Forward":-0.44131401181221,
    "Nose Sellion Thin / Wide":0.34000000357628,
    "Nose Sellion Lower Shallow / Deep":0.0,
    "Nose Sellion Shallow / Deep":0.0,
    "Mouth Retracted / Protruding":-0.068845570087433,
    "Eyes Down / Up":0.30000001192093,
    "Nose Region Concave / Convex":0.0,
    "Nose Down / Up":0.0,
    "Chin Shallow / Deep":0.50974780321121,
    "Nose Nostrils Tilt Down / Up":0.0,
    "Nose Flat / Pointed":0.0,
    "Eyes Inward / Outward":0.28828117251396,
    "Brow / Nose / Chin Ratio":0.10085061937571,
    "Chin Short / Tall":-0.16957099735737,
    "Brow Ridge Outer Down / Up":0.054983999580145,
    "Nose Nostrils Thin / Wide":0.0,
    "Face Thin / Wide":-0.15772800147533,
    "Chin Thin / Wide":0.0,
    "Nose Bridge Shallow / Deep":0.31999999284744,
    "Mouth Underbite / Overbite":-0.12036611884832,
    "Mouth Chin Short / Long":-0.45959457755089,
    "Cheekbones Low / High":0.56383502483368,
    "Brow Ridge Inner Down / Up":0.023804999887943,
    "Mouth Small / Large":0.3728129863739,
    "Mouth Deflated / Inflated":-0.36309298872948,
    "Nose Sellion Down / Up":0.0,
    "Brow Ridge Low / High":-0.46000099182129,
    "Chin Small / Large":0.42034301161766,
    "Forehead Small / Large":0.56460201740265,
    "Face Light / Heavy":0.0,
    "Cheeks Concave / Convex":-0.040001001209021,
    "Mouth Retracted / Puckered":-0.1125618442893,
    "Face Gaunt / Round":0.0
  },
  "Sex":0,
  "SkinParametersMap":{
    "Lipstick Amount":0.0,
    "Ombre Constrast":0.0,
    "Salt And Pepper":0.0,
    "Freckles":0.74906402826309,
    "Tip Color":0.0,
    "Eye socket Bruised/Bright":0.0,
    "Root Color":0.16479399800301,
    "Eyebrows Color Intensity":0.64419502019882,
    "Eyelids Pale/Red":0.0,
    "Cheekbones Flushed/Pale":0.0,
    "Root Redness":0.0,
    "Eyebrows Redness Intensity":0.0,
    "Cheek Blush Light/Red":0.0,
    "Ombre Amount":0.0,
    "Complexion":0.29962599277496,
    "Tip Redness":0.0
  },
  "Description":"saved from in-game",
  "FaceBaseMesh":"/Game/Art/Character/Imperial/SK_Imperial_Head_m.SK_Imperial_Head_m",
  "Hair":"/Game/Dev/Phenotypes/Hair/HP_Elf_HR_PonyTail.HP_Elf_HR_PonyTail",
  "ModVersion":"1.1.0",
  "Date":"2025-06-04 19:16:22",
  "SenescenceLevel":3,
  "ModCreator":"animandan",
  "Mustache":"/Game/Dev/Phenotypes/Mustache/HP_Imperial_MS_Medium.HP_Imperial_MS_Medium",
  "EyeMaterial":"/Game/Art/Character/Modular/Eyes_Human/MIC_Human_Eyes_Brown3.MIC_Human_Eyes_Brown3",
  "ModName":"RaceMenuUtilities",
  "Name":"BP_BrielusGawey_C",
  "SkinColorsMapL":{
    "Lipstick Color":{
      "B":1.0,
      "G":1.0,
      "R":1.0,
      "A":1.0
    },
    "Tip DyeColor":{
      "B":0.051619999110699,
      "G":0.2975859940052,
      "R":0.99110198020935,
      "A":1.0
    },
    "Skin Tone":{
      "B":0.89328402280807,
      "G":0.96354198455811,
      "R":0.95576202869415,
      "A":1.0
    },
    "Eyeliner Tone":{
      "B":1.0,
      "G":1.0,
      "R":1.0,
      "A":1.0
    },
    "Root DyeColor":{
      "B":0.99110198020935,
      "G":0.99110198020935,
      "R":0.99110198020935,
      "A":1.0
    }
  },
  "Body":"SkeletalMesh /Game/Art/Character/Imperial/SK_Imperial_Body_m.SK_Imperial_Body_m",
  "APIVersion":"v2",
  "Beard":"/Game/Dev/Phenotypes/Beard/HP_Imperial_BD_Goatee.HP_Imperial_BD_Goatee",
  "HairColorsL":{
    "1":{
      "B":0.061246052384377,
      "G":0.1046164855361,
      "R":0.16202937066555,
      "A":1.0
    },
    "2":{
      "B":0.061246052384377,
      "G":0.1046164855361,
      "R":0.16202937066555,
      "A":1.0
    },
    "0":{
      "B":0.0060488330200315,
      "G":0.01032982300967,
      "R":0.021219009533525,
      "A":1.0
    }
  },
  "Race":"TESRace /Game/Forms/actors/race/Imperial.Imperial",
  "Author":"Bethesda"
}