{
  "Race":"TESRace /Game/Forms/actors/race/DarkElf.DarkElf",
  "FaceBaseMesh":"/Game/Art/Character/DarkElf/SK_DarkElf_Head_m.SK_DarkElf_Head_m",
  "Date":"2025-06-04 18:33:24",
  "HairColorsL":{
    "0":{
      "B":0.08398400247097,
      "G":0.1452250033617,
      "R":0.22395800054073,
      "A":1.0
    }
  },
  "SkinParametersMap":{
    "Cheekbones Flushed/Pale":0.0,
    "Eyelids Pale/Red":0.0,
    "Freckles":0.0,
    "Eyebrows Redness Intensity":0.0,
    "Lipstick Amount":0.0,
    "Ombre Amount":0.0,
    "Root Color":0.0,
    "Cheek Blush Light/Red":0.0,
    "Root Redness":0.0,
    "Tip Color":0.0,
    "Eye socket Bruised/Bright":0.0,
    "Complexion":0.0,
    "Salt And Pepper":0.0,
    "Eyebrows Color Intensity":0.0,
    "Tip Redness":0.0,
    "Ombre Constrast":0.0
  },
  "Sex":0,
  "FaceMorphValuesMap":{
    "Hair Length":0.0,
    "Vampire":0.0,
    "Nose Sellion Down / Up":-0.22084574401379,
    "Forehead Back / Forward":-0.47773414850235,
    "Mouth Deflated / Inflated":-0.084703996777534,
    "Chin Backward / Forward":-0.14930453896523,
    "Eyes Apart / Together":0.05136775970459,
    "Nose Tilt Down / Up":0.0,
    "Mouth Sad / Happy":-0.065599851310253,
    "Brow Ridge Outer Down / Up":-0.021291149780154,
    "Nose Sellion Thin / Wide":0.0,
    "Nose Short / Long":0.0,
    "Nose Sellion Shallow / Deep":0.0,
    "Brow / Nose / Chin Ratio":0.0,
    "Chin Small / Large":0.12719158828259,
    "Nose Flat / Pointed":-0.49496346712112,
    "Jaw Thin / Wide":0.082485899329185,
    "Nose Nostrils Tilt Down / Up":0.15842425823212,
    "Eyes Inward / Outward":0.17362916469574,
    "Cheekbones Shallow / Pronounced":0.0,
    "Nose Nostrils Thin / Wide":0.073843479156494,
    "Chin Shallow / Deep":0.5644239783287,
    "Nose Down / Up":-0.80035102367401,
    "Nose Bridge Short / Long":0.012768960557878,
    "Mouth Tilt Down / Up":0.36892908811569,
    "Chin Thin / Wide":0.24569964408875,
    "Face Light / Heavy":0.40035998821259,
    "Mouth Chin Short / Long":-0.24836795032024,
    "Jaw Concave / Convex":0.80000001192093,
    "Brow Ridge Low / High":-0.26958307623863,
    "Chin Recessed / Pronounced":0.049298096448183,
    "Cheeks Gaunt / Round":0.40000000596046,
    "Face Thin / Wide":0.0,
    "Eyes Down / Up":-0.38574501872063,
    "Jaw Retracted / Jutting":0.61601477861404,
    "Chin Short / Tall":-0.45634698867798,
    "Jaw Neck Slope Low / High":0.094573229551315,
    "Nose Bridge Shallow / Deep":0.30771893262863,
    "Mouth Retracted / Protruding":0.37397387623787,
    "Cheekbones Thin / Wide":-0.36000001430511,
    "Mouth Low / High":-0.62572401762009,
    "Mouth Retracted / Puckered":0.035366892814636,
    "Mouth Small / Large":-0.45933899283409,
    "Forehead Short / Tall":0.17900285124779,
    "Nose Nostrils Small / Large":0.28225442767143,
    "Chin Retracted / Jutting":0.13797163963318,
    "Forehead Small / Large":0.28546899557114,
    "Cheekbones Low / High":0.0084918383508921,
    "Eyes Small / Large":0.80591702461243,
    "Cheeks Concave / Convex":0.36000001430511,
    "Brow Ridge Inner Down / Up":0.30971151590347,
    "Nose Sellion Lower Shallow / Deep":0.0,
    "Face Gaunt / Round":0.1699690669775,
    "Mouth Underbite / Overbite":0.18456315994263,
    "Nose Region Concave / Convex":-0.28308773040771,
    "Forehead / Sellion / Nose Ratio":-0.11600118130445,
    "Mouth Drawn / Pursed":-0.31573238968849
  },
  "Author":"Bethesda",
  "SkinColorsMapL":{
    "Lipstick Color":{
      "B":0.83675700426102,
      "G":0.83051198720932,
      "R":0.89583301544189,
      "A":1.0
    },
    "Skin Tone":{
      "B":0.40991899371147,
      "G":0.51263600587845,
      "R":0.546875,
      "A":1.0
    },
    "Root DyeColor":{
      "B":0.0,
      "G":0.0012140000471845,
      "R":0.0047769998200238,
      "A":1.0
    },
    "Tip DyeColor":{
      "B":0.00086500000907108,
      "G":0.0018589999526739,
      "R":0.0047769998200238,
      "A":1.0
    },
    "Eyeliner Tone":{
      "B":1.0,
      "G":1.0,
      "R":1.0,
      "A":1.0
    }
  },
  "ModVersion":"1.1.0",
  "Body":"SkeletalMesh /Game/Art/Character/Imperial/SK_Imperial_Body_m.SK_Imperial_Body_m",
  "Description":"saved from in-game",
  "SenescenceLevel":0,
  "APIVersion":"v2",
  "ModCreator":"animandan",
  "ModName":"RaceMenuUtilities",
  "Hair":"/Game/Dev/Phenotypes/Hair/HP_DarkElf_HR_Mohawk.HP_DarkElf_HR_Mohawk",
  "Name":"BP_BleakMineGuardCaptain_C"
}