{
  "ModName":"RaceMenuUtilities",
  "FaceBaseMesh":"/Game/Art/Character/Imperial/SK_Imperial_Head_m.SK_Imperial_Head_m",
  "Author":"Bethesda",
  "Date":"2025-06-04 20:30:50",
  "SkinColorsMapL":{
    "Lipstick Color":{
      "A":1.0,
      "B":1.0,
      "G":1.0,
      "R":1.0
    },
    "Eyeliner Tone":{
      "A":1.0,
      "B":1.0,
      "G":1.0,
      "R":1.0
    },
    "Root DyeColor":{
      "A":1.0,
      "B":1.0,
      "G":1.0,
      "R":1.0
    },
    "Tip DyeColor":{
      "A":1.0,
      "B":0.013702082447708,
      "G":0.21952620148659,
      "R":0.98225057125092
    },
    "Skin Tone":{
      "A":1.0,
      "B":0.85270202159882,
      "G":0.89686501026154,
      "R":0.96875
    }
  },
  "APIVersion":"v2",
  "FaceMorphValuesMap":{
    "Eyes Small / Large":-0.57073402404785,
    "Jaw Thin / Wide":-0.30230575799942,
    "Brow Ridge Low / High":-0.46000000834465,
    "Chin Retracted / Jutting":0.20624886453152,
    "Face Thin / Wide":-0.090958632528782,
    "Hair Length":0.0,
    "Chin Backward / Forward":0.050875216722488,
    "Vampire":0.0,
    "Mouth Underbite / Overbite":0.20234358310699,
    "Eyes Inward / Outward":0.58381700515747,
    "Mouth Sad / Happy":0.12296696007252,
    "Jaw Retracted / Jutting":-0.27798849344254,
    "Nose Flat / Pointed":0.021315721794963,
    "Chin Recessed / Pronounced":0.061185013502836,
    "Cheeks Gaunt / Round":0.34790500998497,
    "Forehead Back / Forward":-0.2362399995327,
    "Nose Sellion Down / Up":-0.11094468832016,
    "Mouth Deflated / Inflated":0.54235500097275,
    "Mouth Small / Large":0.23999999463558,
    "Nose Tilt Down / Up":0.0,
    "Nose Short / Long":0.0,
    "Mouth Drawn / Pursed":-0.010581760667264,
    "Chin Short / Tall":0.38673400878906,
    "Nose Sellion Thin / Wide":0.40000000596046,
    "Jaw Neck Slope Low / High":0.066716000437737,
    "Cheekbones Shallow / Pronounced":-0.5093640089035,
    "Nose Sellion Shallow / Deep":0.0,
    "Mouth Tilt Down / Up":-0.026051098480821,
    "Brow / Nose / Chin Ratio":-0.24639800190926,
    "Brow Ridge Outer Down / Up":0.28828600049019,
    "Chin Small / Large":0.17432400584221,
    "Mouth Retracted / Puckered":0.37957701086998,
    "Chin Thin / Wide":0.010805999860168,
    "Nose Nostrils Tilt Down / Up":-0.077447645366192,
    "Face Gaunt / Round":-0.32112440466881,
    "Cheekbones Thin / Wide":-0.066050000488758,
    "Forehead / Sellion / Nose Ratio":-0.04112633690238,
    "Cheekbones Low / High":0.41219100356102,
    "Nose Bridge Short / Long":-0.014880508184433,
    "Forehead Short / Tall":-0.051130916923285,
    "Nose Bridge Shallow / Deep":0.017483349889517,
    "Mouth Chin Short / Long":-0.060474645346403,
    "Face Light / Heavy":-0.18417078256607,
    "Nose Region Concave / Convex":0.091025002300739,
    "Mouth Retracted / Protruding":-0.039347138255835,
    "Cheeks Concave / Convex":0.11950399726629,
    "Nose Nostrils Small / Large":0.41867324709892,
    "Jaw Concave / Convex":0.15404300391674,
    "Nose Down / Up":-0.065531484782696,
    "Mouth Low / High":0.26303645968437,
    "Eyes Down / Up":-0.3150329887867,
    "Chin Shallow / Deep":0.32119089365005,
    "Eyes Apart / Together":0.92555099725723,
    "Brow Ridge Inner Down / Up":-0.060596998780966,
    "Nose Sellion Lower Shallow / Deep":0.0,
    "Nose Nostrils Thin / Wide":-0.063743762671947,
    "Forehead Small / Large":0.47373801469803
  },
  "ModVersion":"1.1.0",
  "SkinParametersMap":{
    "Eylids Light/Dark":0.0,
    "Ombre Amount":1.0,
    "Complexion":0.66000002622604,
    "Lipstick Dark Red/Light Blue":0.0,
    "Eyeshadow Light/Dark":0.0,
    "Root Color":0.10000000149012,
    "Skin Tint Orange/Blue":0.0,
    "Eyelids Light/Dark":0.0,
    "Naso Small/Large":0.0,
    "Tip Redness":0.5,
    "Skin Tint Purple/Yellow":0.15999999642372,
    "Lipstick Amount":0.0049999998882413,
    "Cheek Blush Light/Red":0.40000000596046,
    "Root Redness":0.5,
    "Lips Flushed/Pale":0.0,
    "Ombre Constrast":1.0,
    "Tip Color":0.51999998092651,
    "Eye Sockets Bruised/Bright":0.0,
    "Freckles":-0.87999999523163,
    "Cheekbones Flushed/Pale":0.46000000834465,
    "Eyebrows Color Intensity":0.5,
    "Naso Labial Lines Light/Dark":0.0,
    "Lipstick Dark Blue/Light Red":0.0,
    "Eye Socket Dark/Light":0.0,
    "Eye socket Bruised/Bright":0.0,
    "Salt And Pepper":0.0,
    "Eyebrows Redness Intensity":0.0,
    "Eyeliner Light/Dark":0.0,
    "Age":0.0,
    "Skin Dark/Light":0.0,
    "Eyelids Pale/Red":0.0,
    "Eye Sockets Dark/Light":0.0
  },
  "SenescenceLevel":3,
  "Sex":0,
  "Description":"saved from in-game",
  "ModCreator":"animandan",
  "Hair":"/Game/Dev/Phenotypes/Hair/HP_HR_Loose.HP_HR_Loose",
  "Name":"BP_BravilGuardCastlePostNight03_C",
  "HairColorsL":{
    "0":{
      "A":1.0,
      "B":0.0060488330200315,
      "G":0.01032982300967,
      "R":0.021219009533525
    }
  },
  "Race":"TESRace /Game/Forms/actors/race/Imperial.Imperial",
  "Body":"SkeletalMesh /Game/Art/Character/Imperial/SK_Imperial_Body_m.SK_Imperial_Body_m"
}