{
  "ModName":"RaceMenuUtilities",
  "FaceBaseMesh":"/Game/Art/Character/Redguard/SK_Redguard_Head_m.SK_Redguard_Head_m",
  "Author":"Bethesda",
  "Date":"2025-06-04 20:30:47",
  "SkinColorsMapL":{
    "Tip DyeColor":{
      "A":1.0,
      "B":0.0,
      "G":0.0,
      "R":0.0
    },
    "Lipstick Color":{
      "A":1.0,
      "B":1.0,
      "G":1.0,
      "R":1.0
    },
    "Root DyeColor":{
      "A":1.0,
      "B":0.0,
      "G":0.0,
      "R":0.0
    }
  },
  "APIVersion":"v2",
  "FaceMorphValuesMap":{
    "Eyes Small / Large":0.36659082770348,
    "Jaw Thin / Wide":-0.31972852349281,
    "Brow Ridge Low / High":-0.16598556935787,
    "Chin Retracted / Jutting":-0.43549427390099,
    "Face Thin / Wide":-0.29237079620361,
    "Hair Length":0.0,
    "Chin Backward / Forward":0.081210002303123,
    "Vampire":0.0,
    "Mouth Underbite / Overbite":0.22885420918465,
    "Eyes Inward / Outward":-0.4766149520874,
    "Mouth Sad / Happy":0.49065953493118,
    "Jaw Retracted / Jutting":-0.026882981881499,
    "Nose Flat / Pointed":-0.071103416383266,
    "Chin Recessed / Pronounced":0.48464640974998,
    "Cheeks Gaunt / Round":-0.00026999998954125,
    "Forehead Back / Forward":-0.190130636096,
    "Nose Sellion Down / Up":0.23162937164307,
    "Mouth Deflated / Inflated":0.52238231897354,
    "Mouth Small / Large":-0.12405188381672,
    "Nose Tilt Down / Up":0.0,
    "Nose Short / Long":0.0,
    "Mouth Drawn / Pursed":-0.28951600193977,
    "Chin Short / Tall":-0.24650231003761,
    "Nose Sellion Thin / Wide":0.0,
    "Jaw Neck Slope Low / High":0.32238674163818,
    "Cheekbones Shallow / Pronounced":0.032782651484013,
    "Nose Sellion Shallow / Deep":0.0,
    "Mouth Tilt Down / Up":0.01728711090982,
    "Brow / Nose / Chin Ratio":-0.013721597380936,
    "Brow Ridge Outer Down / Up":0.063872322440147,
    "Chin Small / Large":0.80000001192093,
    "Mouth Retracted / Puckered":-0.090646587312222,
    "Chin Thin / Wide":0.17950811982155,
    "Nose Nostrils Tilt Down / Up":-0.37039852142334,
    "Face Gaunt / Round":0.10222035646439,
    "Cheekbones Thin / Wide":-0.039080999791622,
    "Forehead / Sellion / Nose Ratio":0.35772657394409,
    "Cheekbones Low / High":-0.04615955427289,
    "Nose Bridge Short / Long":-0.13346347212791,
    "Forehead Short / Tall":-0.04865001514554,
    "Nose Bridge Shallow / Deep":-0.12656192481518,
    "Mouth Chin Short / Long":-0.0060451510362327,
    "Face Light / Heavy":-0.44090649485588,
    "Nose Region Concave / Convex":-0.04624504968524,
    "Mouth Retracted / Protruding":0.041111804544926,
    "Cheeks Concave / Convex":0.54832500219345,
    "Nose Nostrils Small / Large":-0.32216656208038,
    "Jaw Concave / Convex":0.66728687286377,
    "Nose Down / Up":-0.42607256770134,
    "Mouth Low / High":0.030152080580592,
    "Eyes Down / Up":-0.38491225242615,
    "Chin Shallow / Deep":-0.093892574310303,
    "Eyes Apart / Together":-0.30807048082352,
    "Brow Ridge Inner Down / Up":0.45174869894981,
    "Nose Sellion Lower Shallow / Deep":0.0,
    "Nose Nostrils Thin / Wide":-0.20608852803707,
    "Forehead Small / Large":-0.13770858943462
  },
  "EyeMaterial":"/Game/Art/Character/Modular/Eyes_Human/MIC_Human_Eyes_Green2.MIC_Human_Eyes_Green2",
  "HairColorsL":[],
  "SkinParametersMap":{
    "Complexion":-0.34000000357628,
    "Freckles":0.80000001192093,
    "Ombre Amount":0.0,
    "Eylids Light/Dark":-0.63999897241592,
    "None":0.0,
    "Skin Tint Purple/Yellow":-0.10000000149012,
    "Cheek Blush Light/Red":-0.5,
    "Ombre Constrast":0.0,
    "Tip Color":0.10000000149012,
    "Eye socket Bruised/Bright":0.23999999463558,
    "Lipstick Amount":0.0,
    "Eyebrows Color Intensity":-0.83999902009964,
    "Skin Dark/Light":0.11999999731779,
    "Tip Redness":0.5,
    "Root Color":0.10000000149012,
    "Root Redness":0.5,
    "Salt And Pepper":0.0,
    "Eyebrows Redness Intensity":-0.019999999552965,
    "Eyeliner Light/Dark":-0.20000000298023,
    "Skin Tint Orange/Blue":0.11999999731779,
    "Cheekbones Flushed/Pale":0.74000000953674,
    "Eyelids Pale/Red":0.0,
    "Eye Socket Dark/Light":0.86000001430511
  },
  "SenescenceLevel":0,
  "Sex":0,
  "Description":"saved from in-game",
  "ModCreator":"animandan",
  "ModVersion":"1.1.0",
  "Hair":"/Game/Dev/Phenotypes/Hair/HP_Imperial_HR_Headband.HP_Imperial_HR_Headband",
  "Name":"BP_BanditBossMale2_C",
  "Race":"TESRace /Game/Forms/actors/race/Redguard.Redguard",
  "Body":"SkeletalMesh /Game/Art/Character/Imperial/SK_Imperial_Body_m.SK_Imperial_Body_m"
}