{
  "ModName":"RaceMenuUtilities",
  "FaceBaseMesh":"/Game/Art/Character/Redguard/SK_Redguard_Head_f.SK_Redguard_Head_f",
  "Author":"Bethesda",
  "Date":"2025-06-04 20:30:47",
  "SkinColorsMapL":{
    "Tip DyeColor":{
      "A":1.0,
      "B":0.0,
      "G":0.0,
      "R":0.0
    },
    "Lipstick Color":{
      "A":1.0,
      "B":1.0,
      "G":1.0,
      "R":1.0
    },
    "Root DyeColor":{
      "A":1.0,
      "B":1.0,
      "G":1.0,
      "R":1.0
    }
  },
  "APIVersion":"v2",
  "FaceMorphValuesMap":{
    "Eyes Small / Large":0.34476262331009,
    "Jaw Thin / Wide":0.044177833944559,
    "Brow Ridge Low / High":-0.11501540243626,
    "Chin Retracted / Jutting":0.028039216995239,
    "Face Thin / Wide":0.2957229912281,
    "Hair Length":0.0,
    "Chin Backward / Forward":0.63999897241592,
    "Vampire":0.0,
    "Mouth Underbite / Overbite":-0.2555855512619,
    "Eyes Inward / Outward":-0.51257479190826,
    "Mouth Sad / Happy":-0.31999999284744,
    "Jaw Retracted / Jutting":-0.30010828375816,
    "Nose Flat / Pointed":-0.18000000715256,
    "Chin Recessed / Pronounced":0.12578324973583,
    "Cheeks Gaunt / Round":0.019426999613643,
    "Forehead Back / Forward":-0.32843542098999,
    "Nose Sellion Down / Up":0.58180999755859,
    "Mouth Deflated / Inflated":0.66000002622604,
    "Mouth Small / Large":0.35949900746346,
    "Nose Tilt Down / Up":0.20000000298023,
    "Nose Short / Long":0.72000002861023,
    "Mouth Drawn / Pursed":0.75902497768402,
    "Chin Short / Tall":-0.086061887443066,
    "Nose Sellion Thin / Wide":0.0,
    "Jaw Neck Slope Low / High":0.80000001192093,
    "Cheekbones Shallow / Pronounced":0.29618901014328,
    "Nose Sellion Shallow / Deep":0.21999999880791,
    "Mouth Tilt Down / Up":-0.22404418885708,
    "Brow / Nose / Chin Ratio":0.28498691320419,
    "Brow Ridge Outer Down / Up":-0.58412396907806,
    "Chin Small / Large":-0.1129212602973,
    "Mouth Retracted / Puckered":0.033522345125675,
    "Chin Thin / Wide":0.1416532099247,
    "Nose Nostrils Tilt Down / Up":-0.093456000089645,
    "Face Gaunt / Round":-0.16000099480152,
    "Cheekbones Thin / Wide":0.21070300042629,
    "Forehead / Sellion / Nose Ratio":-0.43385100364685,
    "Cheekbones Low / High":-0.13623535633087,
    "Nose Bridge Short / Long":0.15657818317413,
    "Forehead Short / Tall":-0.012564999982715,
    "Nose Bridge Shallow / Deep":-0.57806158065796,
    "Mouth Chin Short / Long":0.32578393816948,
    "Face Light / Heavy":0.0053360001184046,
    "Nose Region Concave / Convex":-0.55032098293304,
    "Mouth Retracted / Protruding":-0.22090044617653,
    "Cheeks Concave / Convex":-0.074193000793457,
    "Nose Nostrils Small / Large":-0.43051037192345,
    "Jaw Concave / Convex":0.087149791419506,
    "Nose Down / Up":0.20137700438499,
    "Mouth Low / High":-0.066395998001099,
    "Eyes Down / Up":-0.2414164096117,
    "Chin Shallow / Deep":0.21343503892422,
    "Eyes Apart / Together":-0.76342010498047,
    "Brow Ridge Inner Down / Up":-0.23588292300701,
    "Nose Sellion Lower Shallow / Deep":0.56000000238419,
    "Nose Nostrils Thin / Wide":-0.58179497718811,
    "Forehead Small / Large":0.80832701921463
  },
  "EyeMaterial":"/Game/Art/Character/Modular/Eyes_Human/MIC_Human_Eyes_Brown2.MIC_Human_Eyes_Brown2",
  "HairColorsL":[],
  "SkinParametersMap":{
    "Complexion":-0.11999899893999,
    "Freckles":0.97999900579453,
    "Ombre Amount":0.0,
    "Eylids Light/Dark":-0.43999999761581,
    "Skin Tint Purple/Yellow":-0.10000000149012,
    "Cheek Blush Light/Red":0.0,
    "Ombre Constrast":-0.079999998211861,
    "Tip Color":0.019999999552965,
    "Eye socket Bruised/Bright":-0.41999998688698,
    "Skin Tint Orange/Blue":-0.18000000715256,
    "Eyebrows Color Intensity":-0.29999899864197,
    "Tip Redness":0.5,
    "Root Redness":0.5,
    "Root Color":0.63999998569489,
    "Skin Dark/Light":-0.47999998927116,
    "Salt And Pepper":0.0,
    "Eyebrows Redness Intensity":0.10000000149012,
    "Eyeliner Light/Dark":-0.5799999833107,
    "Eyelids Pale/Red":-0.25999999046326,
    "Cheekbones Flushed/Pale":0.9200000166893,
    "Eye Socket Dark/Light":-0.31999999284744,
    "Lipstick Amount":-0.029999999329448
  },
  "SenescenceLevel":0,
  "Sex":1,
  "Description":"saved from in-game",
  "ModCreator":"animandan",
  "ModVersion":"1.1.0",
  "Hair":"/Game/Dev/Phenotypes/Hair/HP_Imperial_HR_Headband.HP_Imperial_HR_Headband",
  "Name":"BP_BanditMeleeFemale3B_C",
  "Race":"TESRace /Game/Forms/actors/race/Redguard.Redguard",
  "Body":"SkeletalMesh /Game/Art/Character/Imperial/SK_Imperial_Body_m.SK_Imperial_Body_m"
}