{
  "APIVersion":"v2",
  "SkinParametersMap":{
    "Eye Socket Dark/Light":0.019999999552965,
    "Eyelids Pale/Red":-0.80000001192093,
    "Lipstick Amount":0.0,
    "Eyeliner Light/Dark":0.89999997615814,
    "Complexion":0.0,
    "Khajiit Pattern Number":1.0,
    "Hair Desaturation for Khajiit":0.0,
    "Eylids Light/Dark":-0.53999900817871,
    "Eye socket Bruised/Bright":0.62000000476837
  },
  "Author":"Bethesda",
  "Race":"TESRace /Game/Forms/actors/race/Khajiit.Khajiit",
  "HairColorsL":{
    "0":{
      "R":0.52083301544189,
      "G":0.34206798672676,
      "B":0.22605599462986,
      "A":1.0
    }
  },
  "Body":"SkeletalMesh /Game/Art/Character/Imperial/SK_Imperial_Body_m.SK_Imperial_Body_m",
  "Date":"2025-06-04 19:28:10",
  "SkinColorsMapL":{
    "Color 3":{
      "R":1.0,
      "G":1.0,
      "B":1.0,
      "A":1.0
    },
    "Eyeliner Tone":{
      "R":1.0,
      "G":1.0,
      "B":1.0,
      "A":1.0
    },
    "Color 2":{
      "R":0.201556250453,
      "G":0.11697066575289,
      "B":0.11697066575289,
      "A":1.0
    },
    "Color 1":{
      "R":0.76815098524094,
      "G":0.44551301002502,
      "B":0.13395400345325,
      "A":1.0
    }
  },
  "ModCreator":"animandan",
  "Sex":0,
  "ModName":"RaceMenuUtilities",
  "EyeMaterial":"/Game/Art/Character/Modular/MIC_ME_Khajiit.MIC_ME_Khajiit",
  "ModVersion":"1.1.0",
  "FaceBaseMesh":"/Game/Art/Character/Khajiit/SK_Khajiit_Head_m.SK_Khajiit_Head_m",
  "Hair":"/Game/Dev/Phenotypes/Hair/HP_Khajiit_HR_Dreds.HP_Khajiit_HR_Dreds",
  "Description":"saved from in-game",
  "SenescenceLevel":1,
  "FaceMorphValuesMap":{
    "Face Gaunt / Round":0.25999999046326,
    "Nose Short / Long":0.15999999642372,
    "Nose Tilt Down / Up":0.5999990105629,
    "Mouth Sad / Happy":-0.11999999731779,
    "Mouth Retracted / Protruding":0.20074899494648,
    "Chin Short / Tall":0.079999998211861,
    "Cheekbones Low / High":0.80000001192093,
    "Nose Nostrils Tilt Down / Up":0.019999999552965,
    "Mouth Deflated / Inflated":-0.17370800673962,
    "Hair Length":0.0,
    "Nose Sellion Shallow / Deep":0.0,
    "Chin Shallow / Deep":0.77999997138977,
    "Jaw Concave / Convex":0.76000100374222,
    "Brow Ridge Low / High":0.31999999284744,
    "Chin Recessed / Pronounced":0.20000000298023,
    "Mouth Tilt Down / Up":0.075805000960827,
    "Nose Sellion Thin / Wide":0.0,
    "Cheeks Gaunt / Round":0.37048700451851,
    "Nose Sellion Lower Shallow / Deep":0.0,
    "Nose Sellion Down / Up":0.80000001192093,
    "Cheeks Concave / Convex":0.31999999284744,
    "Nose Region Concave / Convex":0.80000001192093,
    "Eyes Inward / Outward":0.050935998558998,
    "Nose Nostrils Thin / Wide":0.6202250123024,
    "Brow Ridge Inner Down / Up":-0.36000001430511,
    "Eyes Apart / Together":0.30000001192093,
    "Mouth Underbite / Overbite":0.60000002384186,
    "Chin Retracted / Jutting":0.74000000953674,
    "Brow / Nose / Chin Ratio":0.72000002861023,
    "Nose Bridge Short / Long":0.80000001192093,
    "Mouth Low / High":0.93999999761581,
    "Forehead Small / Large":0.80000001192093,
    "Nose Bridge Shallow / Deep":0.47999998927116,
    "Eyes Small / Large":0.15999899804592,
    "Forehead / Sellion / Nose Ratio":-0.18876400589943,
    "Mouth Chin Short / Long":0.80000001192093,
    "Forehead Short / Tall":0.36000001430511,
    "Eyes Down / Up":-0.019999999552965,
    "Vampire":0.0,
    "Mouth Retracted / Puckered":0.37999999523163,
    "Jaw Retracted / Jutting":0.43999999761581,
    "Mouth Drawn / Pursed":0.47999998927116,
    "Cheekbones Thin / Wide":0.17078599333763,
    "Nose Down / Up":0.3005990087986,
    "Jaw Neck Slope Low / High":0.25093600153923,
    "Chin Thin / Wide":0.62000000476837,
    "Cheekbones Shallow / Pronounced":0.80000001192093,
    "Nose Nostrils Small / Large":0.080899000167847,
    "Nose Flat / Pointed":0.035955000668764,
    "Face Thin / Wide":-0.26000100374222,
    "Chin Backward / Forward":0.3955050110817,
    "Face Light / Heavy":0.11999999731779,
    "Mouth Small / Large":0.5799999833107,
    "Forehead Back / Forward":0.81999897956848,
    "Jaw Thin / Wide":-0.059999998658895,
    "Brow Ridge Outer Down / Up":-0.15999999642372,
    "Chin Small / Large":0.56000000238419
  },
  "Name":"BP_BanditHighwayman04_C"
}