{
  "Sex":0,
  "HairColorsL":{
    "0":{
      "A":1.0,
      "R":0.021219009533525,
      "G":0.01032982300967,
      "B":0.0060488330200315
    }
  },
  "EyeMaterial":"/Game/Art/Character/Modular/Eyes_Human/MIC_Human_Eyes_Yellow1.MIC_Human_Eyes_Yellow1",
  "Author":"Bethesda",
  "Date":"2025-06-04 19:33:44",
  "Description":"saved from in-game",
  "Name":"BP_BravilGuardJailorNight_C",
  "ModCreator":"animandan",
  "ModName":"RaceMenuUtilities",
  "FaceBaseMesh":"/Game/Art/Character/Imperial/SK_Imperial_Head_m.SK_Imperial_Head_m",
  "ModVersion":"1.1.0",
  "Body":"SkeletalMesh /Game/Art/Character/Imperial/SK_Imperial_Body_m.SK_Imperial_Body_m",
  "FaceMorphValuesMap":{
    "Nose Nostrils Thin / Wide":0.63019549846649,
    "Forehead / Sellion / Nose Ratio":-0.24059164524078,
    "Cheekbones Thin / Wide":0.15999999642372,
    "Forehead Small / Large":0.68665498495102,
    "Chin Recessed / Pronounced":0.0,
    "Brow / Nose / Chin Ratio":0.40000000596046,
    "Jaw Thin / Wide":-0.15481199324131,
    "Cheeks Gaunt / Round":0.43999999761581,
    "Chin Backward / Forward":0.0,
    "Chin Thin / Wide":-0.18000000715256,
    "Forehead Short / Tall":0.17457009851933,
    "Face Thin / Wide":0.0,
    "Brow Ridge Inner Down / Up":-0.093640998005867,
    "Mouth Underbite / Overbite":0.0,
    "Mouth Low / High":0.0,
    "Vampire":0.0,
    "Face Gaunt / Round":0.0,
    "Eyes Small / Large":-0.69125998020172,
    "Mouth Drawn / Pursed":0.0,
    "Chin Retracted / Jutting":0.0,
    "Nose Tilt Down / Up":0.0,
    "Mouth Small / Large":0.0,
    "Nose Short / Long":0.0,
    "Nose Bridge Shallow / Deep":0.20000000298023,
    "Nose Sellion Thin / Wide":0.0,
    "Mouth Retracted / Protruding":0.0,
    "Nose Sellion Shallow / Deep":0.46000000834465,
    "Jaw Retracted / Jutting":-0.10611993074417,
    "Nose Sellion Down / Up":-0.033611118793488,
    "Eyes Inward / Outward":0.4898367524147,
    "Nose Region Concave / Convex":0.18045933544636,
    "Brow Ridge Outer Down / Up":0.0065939999185503,
    "Nose Nostrils Small / Large":0.0,
    "Eyes Apart / Together":0.62668198347092,
    "Nose Nostrils Tilt Down / Up":0.0,
    "Nose Flat / Pointed":0.5,
    "Mouth Tilt Down / Up":0.0,
    "Jaw Concave / Convex":-0.073742806911469,
    "Mouth Sad / Happy":0.0,
    "Cheekbones Shallow / Pronounced":0.0,
    "Face Light / Heavy":0.30182400345802,
    "Nose Down / Up":0.0,
    "Chin Short / Tall":0.0,
    "Eyes Down / Up":0.024704411625862,
    "Cheeks Concave / Convex":0.24444900453091,
    "Nose Bridge Short / Long":0.0,
    "Mouth Chin Short / Long":0.0,
    "Nose Sellion Lower Shallow / Deep":0.0,
    "Mouth Retracted / Puckered":0.0,
    "Hair Length":0.0,
    "Mouth Deflated / Inflated":0.0,
    "Chin Shallow / Deep":0.0,
    "Jaw Neck Slope Low / High":-0.031786300241947,
    "Brow Ridge Low / High":-0.40400698781013,
    "Cheekbones Low / High":-0.097600996494293,
    "Forehead Back / Forward":-0.48572167754173,
    "Chin Small / Large":0.0
  },
  "Hair":"/Game/Dev/Phenotypes/Hair/HP_New_HR_Casual.HP_New_HR_Casual",
  "SenescenceLevel":6,
  "APIVersion":"v2",
  "SkinParametersMap":{
    "Complexion":0.37999999523163,
    "Ombre Constrast":0.0,
    "Age":0.0,
    "Eye Sockets Dark/Light":0.0,
    "Root Redness":0.5,
    "Naso Small/Large":0.0,
    "Eyebrows Redness Intensity":0.0,
    "Root Color":0.10000000149012,
    "Lipstick Dark Blue/Light Red":0.0,
    "Lipstick Dark Red/Light Blue":0.0,
    "Freckles":0.0,
    "Eye socket Bruised/Bright":0.0,
    "Eye Socket Dark/Light":0.0,
    "Cheek Blush Light/Red":0.0,
    "Eyebrows Color Intensity":0.60000002384186,
    "Cheekbones Flushed/Pale":1.0,
    "Lipstick Amount":0.0,
    "Eye Sockets Bruised/Bright":0.0,
    "Ombre Amount":0.0,
    "Lips Flushed/Pale":0.34000000357628,
    "Tip Redness":0.5,
    "Naso Labial Lines Light/Dark":0.0,
    "Eyelids Pale/Red":0.0,
    "Tip Color":0.10000000149012,
    "Eyeshadow Light/Dark":0.34000000357628,
    "Eyeliner Light/Dark":0.0,
    "Salt And Pepper":0.0,
    "Eyelids Light/Dark":0.0
  },
  "Race":"TESRace /Game/Forms/actors/race/Imperial.Imperial",
  "SkinColorsMapL":{
    "Root DyeColor":{
      "A":1.0,
      "R":1.0,
      "G":1.0,
      "B":1.0
    },
    "Eyeliner Tone":{
      "A":1.0,
      "R":1.0,
      "G":1.0,
      "B":1.0
    },
    "Tip DyeColor":{
      "A":1.0,
      "R":1.0,
      "G":1.0,
      "B":1.0
    },
    "Skin Tone":{
      "A":1.0,
      "R":0.99479198455811,
      "G":0.90822100639343,
      "B":0.77718102931976
    },
    "Lipstick Color":{
      "A":1.0,
      "R":1.0,
      "G":1.0,
      "B":1.0
    }
  }
}