{
  "ModName":"RaceMenuUtilities",
  "FaceBaseMesh":"/Game/Art/Character/Imperial/SK_Imperial_Head_m.SK_Imperial_Head_m",
  "Author":"Bethesda",
  "Date":"2025-06-04 20:30:50",
  "SkinColorsMapL":{
    "Lipstick Color":{
      "A":1.0,
      "B":1.0,
      "G":1.0,
      "R":1.0
    },
    "Eyeliner Tone":{
      "A":1.0,
      "B":1.0,
      "G":1.0,
      "R":1.0
    },
    "Root DyeColor":{
      "A":1.0,
      "B":1.0,
      "G":1.0,
      "R":1.0
    },
    "Tip DyeColor":{
      "A":1.0,
      "B":1.0,
      "G":1.0,
      "R":1.0
    },
    "Skin Tone":{
      "A":1.0,
      "B":0.57749599218369,
      "G":0.71736598014832,
      "R":0.91145801544189
    }
  },
  "APIVersion":"v2",
  "FaceMorphValuesMap":{
    "Eyes Small / Large":-0.66188997030258,
    "Jaw Thin / Wide":-0.18000000715256,
    "Brow Ridge Low / High":-0.46077999472618,
    "Chin Retracted / Jutting":0.37603822350502,
    "Face Thin / Wide":-0.32932230830193,
    "Hair Length":0.0,
    "Chin Backward / Forward":-0.057789999991655,
    "Vampire":0.0,
    "Mouth Underbite / Overbite":0.0,
    "Eyes Inward / Outward":-0.032856911420822,
    "Mouth Sad / Happy":0.0,
    "Jaw Retracted / Jutting":-0.23235900700092,
    "Nose Flat / Pointed":-0.22156700491905,
    "Chin Recessed / Pronounced":-0.014987000264227,
    "Cheeks Gaunt / Round":0.079071000218391,
    "Forehead Back / Forward":0.11205969005823,
    "Nose Sellion Down / Up":-0.15067400038242,
    "Mouth Deflated / Inflated":0.0,
    "Mouth Small / Large":0.34000000357628,
    "Nose Tilt Down / Up":0.0,
    "Nose Short / Long":0.0,
    "Mouth Drawn / Pursed":0.0,
    "Chin Short / Tall":-0.23313310742378,
    "Nose Sellion Thin / Wide":0.0,
    "Jaw Neck Slope Low / High":0.30000001192093,
    "Cheekbones Shallow / Pronounced":-0.24801342189312,
    "Nose Sellion Shallow / Deep":0.0,
    "Mouth Tilt Down / Up":0.0,
    "Brow / Nose / Chin Ratio":-0.24603949487209,
    "Brow Ridge Outer Down / Up":-0.0687635242939,
    "Chin Small / Large":0.46807280182838,
    "Mouth Retracted / Puckered":0.0,
    "Chin Thin / Wide":-0.065376833081245,
    "Nose Nostrils Tilt Down / Up":-0.21393974125385,
    "Face Gaunt / Round":-0.34218123555183,
    "Cheekbones Thin / Wide":0.2524000108242,
    "Forehead / Sellion / Nose Ratio":0.46845179796219,
    "Cheekbones Low / High":0.061378479003906,
    "Nose Bridge Short / Long":0.56347697973251,
    "Forehead Short / Tall":-0.066209986805916,
    "Nose Bridge Shallow / Deep":0.69999998807907,
    "Mouth Chin Short / Long":0.0,
    "Face Light / Heavy":-0.37506899237633,
    "Nose Region Concave / Convex":0.30680868029594,
    "Mouth Retracted / Protruding":0.0,
    "Cheeks Concave / Convex":0.34757599234581,
    "Nose Nostrils Small / Large":-0.21338400244713,
    "Jaw Concave / Convex":0.30000001192093,
    "Nose Down / Up":0.35999900102615,
    "Mouth Low / High":0.0,
    "Eyes Down / Up":-0.049806118011475,
    "Chin Shallow / Deep":-0.14027510583401,
    "Eyes Apart / Together":0.67821401357651,
    "Brow Ridge Inner Down / Up":0.49102199077606,
    "Nose Sellion Lower Shallow / Deep":0.0,
    "Nose Nostrils Thin / Wide":-0.12251999974251,
    "Forehead Small / Large":-0.42820626497269
  },
  "EyeMaterial":"/Game/Art/Character/Modular/Eyes_Human/MIC_Human_Eyes_Brown1.MIC_Human_Eyes_Brown1",
  "HairColorsL":{
    "0":{
      "A":1.0,
      "B":0.0060488330200315,
      "G":0.01032982300967,
      "R":0.021219009533525
    }
  },
  "SkinParametersMap":{
    "Eylids Light/Dark":0.0,
    "Ombre Amount":1.0,
    "Complexion":0.34000000357628,
    "Lipstick Dark Red/Light Blue":0.0,
    "Eyeshadow Light/Dark":0.0,
    "Root Color":0.10000000149012,
    "Skin Tint Orange/Blue":0.0,
    "Eyelids Light/Dark":0.0,
    "Naso Small/Large":0.0,
    "Tip Redness":0.5,
    "Skin Tint Purple/Yellow":0.10000000149012,
    "Lipstick Amount":0.0,
    "Cheek Blush Light/Red":0.25999999046326,
    "Root Redness":0.5,
    "Lips Flushed/Pale":0.0,
    "Ombre Constrast":1.0,
    "Tip Color":0.47999998927116,
    "Eye Sockets Bruised/Bright":0.0,
    "Freckles":0.0,
    "Cheekbones Flushed/Pale":0.37999999523163,
    "Eyebrows Color Intensity":0.40000000596046,
    "Naso Labial Lines Light/Dark":0.0,
    "Lipstick Dark Blue/Light Red":0.0,
    "Eye Socket Dark/Light":0.0,
    "Eye socket Bruised/Bright":0.0,
    "Salt And Pepper":0.0,
    "Eyebrows Redness Intensity":0.0,
    "Eyeliner Light/Dark":0.0,
    "Age":0.0,
    "Skin Dark/Light":0.0,
    "Eyelids Pale/Red":0.0,
    "Eye Sockets Dark/Light":0.0
  },
  "SenescenceLevel":2,
  "Sex":0,
  "Description":"saved from in-game",
  "ModCreator":"animandan",
  "ModVersion":"1.1.0",
  "Hair":"/Game/Dev/Phenotypes/Hair/HP_HR_Loose.HP_HR_Loose",
  "Name":"BP_BrumaGuardCityPatrolDay01_C",
  "Race":"TESRace /Game/Forms/actors/race/Imperial.Imperial",
  "Body":"SkeletalMesh /Game/Art/Character/Imperial/SK_Imperial_Body_m.SK_Imperial_Body_m"
}