{
  "Sex":0,
  "HairColorsL":{
    "0":{
      "A":1.0,
      "R":1.0,
      "G":1.0,
      "B":1.0
    }
  },
  "EyeMaterial":"/Game/Art/Character/Modular/Eyes_Human/MIC_Human_Eyes_Blue4.MIC_Human_Eyes_Blue4",
  "Author":"Bethesda",
  "Date":"2025-06-04 19:33:38",
  "Description":"saved from in-game",
  "Name":"BP_BravilGuardCityPostStablesNight_C",
  "ModCreator":"animandan",
  "ModName":"RaceMenuUtilities",
  "FaceBaseMesh":"/Game/Art/Character/Imperial/SK_Imperial_Head_m.SK_Imperial_Head_m",
  "ModVersion":"1.1.0",
  "Body":"SkeletalMesh /Game/Art/Character/Imperial/SK_Imperial_Body_m.SK_Imperial_Body_m",
  "FaceMorphValuesMap":{
    "Nose Nostrils Thin / Wide":0.3277305662632,
    "Forehead / Sellion / Nose Ratio":0.027119636535645,
    "Cheekbones Thin / Wide":0.38951900601387,
    "Forehead Small / Large":-0.41331377625465,
    "Chin Recessed / Pronounced":0.086350999772549,
    "Brow / Nose / Chin Ratio":-0.019840920343995,
    "Jaw Thin / Wide":-0.34460315108299,
    "Cheeks Gaunt / Round":-0.07183899730444,
    "Chin Backward / Forward":0.10573200136423,
    "Chin Thin / Wide":-0.13796800374985,
    "Forehead Short / Tall":0.082479596138,
    "Face Thin / Wide":-0.14388187229633,
    "Brow Ridge Inner Down / Up":-0.23011499643326,
    "Mouth Underbite / Overbite":0.0,
    "Mouth Low / High":0.0,
    "Vampire":0.0,
    "Face Gaunt / Round":0.0289960000664,
    "Eyes Small / Large":-0.36000001430511,
    "Mouth Drawn / Pursed":0.0,
    "Chin Retracted / Jutting":0.079598002135754,
    "Nose Tilt Down / Up":0.0,
    "Mouth Small / Large":0.0,
    "Nose Short / Long":0.0,
    "Nose Bridge Shallow / Deep":0.14192393422127,
    "Nose Sellion Thin / Wide":0.40000000596046,
    "Mouth Retracted / Protruding":0.0,
    "Nose Sellion Shallow / Deep":0.0,
    "Jaw Retracted / Jutting":-0.40084409713745,
    "Nose Sellion Down / Up":0.28223863244057,
    "Eyes Inward / Outward":-0.20279657840729,
    "Nose Region Concave / Convex":-0.17567600309849,
    "Brow Ridge Outer Down / Up":-0.44306999444962,
    "Nose Nostrils Small / Large":0.14160317182541,
    "Eyes Apart / Together":0.26742500066757,
    "Nose Nostrils Tilt Down / Up":-0.11762465536594,
    "Nose Flat / Pointed":-0.44858685135841,
    "Mouth Tilt Down / Up":0.0,
    "Jaw Concave / Convex":-0.34591099619865,
    "Mouth Sad / Happy":0.0,
    "Cheekbones Shallow / Pronounced":0.20759800076485,
    "Face Light / Heavy":0.07818266004324,
    "Nose Down / Up":0.037273999303579,
    "Chin Short / Tall":-0.36788699030876,
    "Eyes Down / Up":-0.37702998518944,
    "Cheeks Concave / Convex":-0.30421987175941,
    "Nose Bridge Short / Long":-0.19495443999767,
    "Mouth Chin Short / Long":0.0,
    "Nose Sellion Lower Shallow / Deep":0.0,
    "Mouth Retracted / Puckered":0.0,
    "Hair Length":0.0,
    "Mouth Deflated / Inflated":0.0,
    "Chin Shallow / Deep":0.20072600245476,
    "Jaw Neck Slope Low / High":0.086558222770691,
    "Brow Ridge Low / High":-0.45525801181793,
    "Cheekbones Low / High":-0.3439539372921,
    "Forehead Back / Forward":0.21821804344654,
    "Chin Small / Large":0.031394001096487
  },
  "Hair":"/Game/Dev/Phenotypes/Hair/HP_HR_Cropped.HP_HR_Cropped",
  "SenescenceLevel":3,
  "APIVersion":"v2",
  "SkinParametersMap":{
    "Complexion":0.21999999880791,
    "Eye Sockets Bruised/Bright":0.0,
    "Ombre Constrast":-0.11999999731779,
    "Skin Tint Purple/Yellow":0.0,
    "Eye Sockets Dark/Light":0.0,
    "Root Redness":0.51999998092651,
    "Naso Small/Large":0.0,
    "Ombre Amount":0.03999999910593,
    "Eyebrows Redness Intensity":0.0,
    "Root Color":1.0,
    "Age":0.0,
    "Lipstick Dark Blue/Light Red":0.0,
    "Lipstick Dark Red/Light Blue":0.0,
    "Eye socket Bruised/Bright":0.0,
    "Freckles":0.0,
    "Eylids Light/Dark":0.0,
    "Eye Socket Dark/Light":0.0,
    "Cheek Blush Light/Red":0.28000000119209,
    "Eyebrows Color Intensity":0.5,
    "Cheekbones Flushed/Pale":0.14000000059605,
    "Lipstick Amount":0.0,
    "Skin Tint Orange/Blue":0.079999998211861,
    "Eyelids Light/Dark":0.0,
    "Naso Labial Lines Light/Dark":0.0,
    "Tip Redness":9.9999999747524e-07,
    "Eyeshadow Light/Dark":0.0,
    "Eyelids Pale/Red":0.0,
    "Tip Color":0.23999899625778,
    "Lips Flushed/Pale":0.0,
    "Eyeliner Light/Dark":0.0,
    "Salt And Pepper":0.0,
    "Skin Dark/Light":0.11999999731779
  },
  "Race":"TESRace /Game/Forms/actors/race/Imperial.Imperial",
  "SkinColorsMapL":{
    "Root DyeColor":{
      "A":1.0,
      "R":0.23839800059795,
      "G":0.012285999953747,
      "B":0.0047769998200238
    },
    "Eyeliner Tone":{
      "A":1.0,
      "R":1.0,
      "G":1.0,
      "B":1.0
    },
    "Tip DyeColor":{
      "A":1.0,
      "R":0.23839800059795,
      "G":0.012285999953747,
      "B":0.0047769998200238
    },
    "Skin Tone":{
      "A":1.0,
      "R":0.95833301544189,
      "G":0.87251198291779,
      "B":0.74869799613953
    },
    "Lipstick Color":{
      "A":1.0,
      "R":1.0,
      "G":1.0,
      "B":1.0
    }
  }
}