{
  "ModName":"RaceMenuUtilities",
  "FaceBaseMesh":"/Game/Art/Character/Imperial/SK_Imperial_Head_m.SK_Imperial_Head_m",
  "Author":"Bethesda",
  "Date":"2025-06-04 20:30:50",
  "SkinColorsMapL":{
    "Lipstick Color":{
      "A":1.0,
      "B":1.0,
      "G":1.0,
      "R":1.0
    },
    "Eyeliner Tone":{
      "A":1.0,
      "B":1.0,
      "G":1.0,
      "R":1.0
    },
    "Root DyeColor":{
      "A":1.0,
      "B":1.0,
      "G":1.0,
      "R":1.0
    },
    "Tip DyeColor":{
      "A":1.0,
      "B":1.0,
      "G":1.0,
      "R":1.0
    },
    "Skin Tone":{
      "A":1.0,
      "B":0.75269800424576,
      "G":0.88796699047089,
      "R":0.97916698455811
    }
  },
  "APIVersion":"v2",
  "FaceMorphValuesMap":{
    "Eyes Small / Large":-0.70976901054382,
    "Jaw Thin / Wide":0.16992901265621,
    "Brow Ridge Low / High":-0.48263201117516,
    "Chin Retracted / Jutting":0.19985817372799,
    "Face Thin / Wide":0.1652933806181,
    "Hair Length":0.0,
    "Chin Backward / Forward":-0.21053400635719,
    "Vampire":0.0,
    "Mouth Underbite / Overbite":0.19305619597435,
    "Eyes Inward / Outward":0.046733345836401,
    "Mouth Sad / Happy":-0.091610513627529,
    "Jaw Retracted / Jutting":0.0045423810370266,
    "Nose Flat / Pointed":0.12295373529196,
    "Chin Recessed / Pronounced":0.34981799125671,
    "Cheeks Gaunt / Round":0.11636377871037,
    "Forehead Back / Forward":-0.12808392941952,
    "Nose Sellion Down / Up":0.66000002622604,
    "Mouth Deflated / Inflated":-0.18497259914875,
    "Mouth Small / Large":0.594093978405,
    "Nose Tilt Down / Up":0.0,
    "Nose Short / Long":0.30000001192093,
    "Mouth Drawn / Pursed":0.47415998578072,
    "Chin Short / Tall":-0.14287100732327,
    "Nose Sellion Thin / Wide":0.51999998092651,
    "Jaw Neck Slope Low / High":0.0,
    "Cheekbones Shallow / Pronounced":-0.053314000368118,
    "Nose Sellion Shallow / Deep":0.0,
    "Mouth Tilt Down / Up":-0.26742419600487,
    "Brow / Nose / Chin Ratio":0.039699804037809,
    "Brow Ridge Outer Down / Up":-0.058910608291626,
    "Chin Small / Large":0.08629797399044,
    "Mouth Retracted / Puckered":-0.0047344407066703,
    "Chin Thin / Wide":-0.63999998569489,
    "Nose Nostrils Tilt Down / Up":-0.10416286438704,
    "Face Gaunt / Round":0.012294296175241,
    "Cheekbones Thin / Wide":-0.17986963689327,
    "Forehead / Sellion / Nose Ratio":-0.049587205052376,
    "Cheekbones Low / High":-0.21260799467564,
    "Nose Bridge Short / Long":0.10205868631601,
    "Forehead Short / Tall":-0.19411067664623,
    "Nose Bridge Shallow / Deep":-0.29561012983322,
    "Mouth Chin Short / Long":0.11013220995665,
    "Face Light / Heavy":0.25999999046326,
    "Nose Region Concave / Convex":-0.037843998521566,
    "Mouth Retracted / Protruding":-0.25587674975395,
    "Cheeks Concave / Convex":-0.0984718054533,
    "Nose Nostrils Small / Large":0.19979302585125,
    "Jaw Concave / Convex":-0.097091756761074,
    "Nose Down / Up":-0.058271564543247,
    "Mouth Low / High":-0.22044146060944,
    "Eyes Down / Up":-0.037748191505671,
    "Chin Shallow / Deep":0.061450999230146,
    "Eyes Apart / Together":0.72462499141693,
    "Brow Ridge Inner Down / Up":-0.031399000436068,
    "Nose Sellion Lower Shallow / Deep":0.3999989926815,
    "Nose Nostrils Thin / Wide":0.24737238883972,
    "Forehead Small / Large":-0.26703414320946
  },
  "EyeMaterial":"/Game/Art/Character/Modular/Eyes_Human/MIC_Human_Eyes_Green7.MIC_Human_Eyes_Green7",
  "HairColorsL":{
    "0":{
      "A":1.0,
      "B":1.0,
      "G":1.0,
      "R":1.0
    }
  },
  "SkinParametersMap":{
    "Eylids Light/Dark":0.21999999880791,
    "Ombre Amount":0.0,
    "Complexion":0.54000002145767,
    "Lipstick Dark Red/Light Blue":0.0,
    "Eyeshadow Light/Dark":0.0,
    "Root Color":0.10000000149012,
    "Skin Tint Orange/Blue":-0.03999999910593,
    "Eyelids Light/Dark":0.0,
    "Naso Small/Large":0.0,
    "Tip Redness":0.5,
    "Skin Tint Purple/Yellow":-0.10000000149012,
    "Lipstick Amount":0.0,
    "Cheek Blush Light/Red":0.18000000715256,
    "Root Redness":0.5,
    "Lips Flushed/Pale":0.0,
    "Ombre Constrast":0.0,
    "Tip Color":0.10000000149012,
    "Eye Sockets Bruised/Bright":0.0,
    "Freckles":0.68000000715256,
    "Cheekbones Flushed/Pale":-0.0,
    "Eyebrows Color Intensity":0.60000002384186,
    "Naso Labial Lines Light/Dark":0.0,
    "Lipstick Dark Blue/Light Red":0.0,
    "Eye Socket Dark/Light":0.059999998658895,
    "Eye socket Bruised/Bright":-0.37999999523163,
    "Salt And Pepper":0.0,
    "Eyebrows Redness Intensity":0.0,
    "Eyeliner Light/Dark":0.0,
    "Age":0.0,
    "Skin Dark/Light":0.10000000149012,
    "Eyelids Pale/Red":0.0,
    "Eye Sockets Dark/Light":0.0
  },
  "SenescenceLevel":4,
  "Sex":0,
  "Description":"saved from in-game",
  "ModCreator":"animandan",
  "ModVersion":"1.1.0",
  "Hair":"/Game/Dev/Phenotypes/Hair/HP_HR_Cropped.HP_HR_Cropped",
  "Name":"BP_BravilGuardCastlePostDay03_C",
  "Race":"TESRace /Game/Forms/actors/race/Imperial.Imperial",
  "Body":"SkeletalMesh /Game/Art/Character/Imperial/SK_Imperial_Body_m.SK_Imperial_Body_m"
}