{
  "APIVersion":"v2",
  "SkinParametersMap":{
    "Eyebrows Redness Intensity":0.0,
    "Naso Small/Large":0.0,
    "Ombre Amount":1.0,
    "Tip Color":0.37999999523163,
    "Root Redness":0.81999999284744,
    "Tip Redness":0.69999998807907,
    "Ombre Constrast":1.0,
    "Root Color":0.20000000298023,
    "Eyelids Light/Dark":0.0,
    "Eyeshadow Light/Dark":0.0,
    "Complexion":0.69999998807907,
    "Eye Sockets Bruised/Bright":0.0,
    "Freckles":0.0,
    "Cheekbones Flushed/Pale":0.0,
    "Cheek Blush Light/Red":0.23999999463558,
    "Salt And Pepper":0.0,
    "Skin Dark/Light":0.0,
    "Eyebrows Color Intensity":0.0,
    "Eye socket Bruised/Bright":0.0,
    "Eye Socket Dark/Light":0.03999999910593,
    "Lipstick Dark Blue/Light Red":0.0,
    "Eyelids Pale/Red":0.0,
    "Age":0.0,
    "Skin Tint Orange/Blue":0.059999998658895,
    "Lipstick Amount":0.0,
    "Eyeliner Light/Dark":0.0,
    "Eylids Light/Dark":0.0,
    "Eye Sockets Dark/Light":0.0,
    "Lipstick Dark Red/Light Blue":0.0,
    "Naso Labial Lines Light/Dark":0.0,
    "Lips Flushed/Pale":0.0,
    "Skin Tint Purple/Yellow":0.30000001192093
  },
  "Author":"Bethesda",
  "Race":"TESRace /Game/Forms/actors/race/Imperial.Imperial",
  "HairColorsL":{
    "0":{
      "R":0.021219009533525,
      "G":0.01032982300967,
      "B":0.0060488330200315,
      "A":1.0
    }
  },
  "Body":"SkeletalMesh /Game/Art/Character/Imperial/SK_Imperial_Body_m.SK_Imperial_Body_m",
  "Date":"2025-06-04 19:28:08",
  "SkinColorsMapL":{
    "Root DyeColor":{
      "R":1.0,
      "G":1.0,
      "B":1.0,
      "A":1.0
    },
    "Eyeliner Tone":{
      "R":1.0,
      "G":1.0,
      "B":1.0,
      "A":1.0
    },
    "Lipstick Color":{
      "R":1.0,
      "G":1.0,
      "B":1.0,
      "A":1.0
    },
    "Skin Tone":{
      "R":1.0,
      "G":0.99152100086212,
      "B":0.875,
      "A":1.0
    },
    "Tip DyeColor":{
      "R":1.0,
      "G":0.31398871541023,
      "B":0.01161224488169,
      "A":1.0
    }
  },
  "ModCreator":"animandan",
  "Sex":0,
  "ModName":"RaceMenuUtilities",
  "EyeMaterial":"/Game/Art/Character/Modular/Eyes_Human/MIC_Human_Eyes_Brown4.MIC_Human_Eyes_Brown4",
  "ModVersion":"1.1.0",
  "FaceBaseMesh":"/Game/Art/Character/Imperial/SK_Imperial_Head_m.SK_Imperial_Head_m",
  "Hair":"/Game/Dev/Phenotypes/Hair/HP_HR_Cropped.HP_HR_Cropped",
  "Description":"saved from in-game",
  "SenescenceLevel":2,
  "FaceMorphValuesMap":{
    "Face Gaunt / Round":-0.21238327026367,
    "Nose Short / Long":0.0,
    "Nose Tilt Down / Up":0.0,
    "Mouth Sad / Happy":0.36886557936668,
    "Mouth Retracted / Protruding":0.282844632864,
    "Chin Short / Tall":0.0014600000577047,
    "Cheekbones Low / High":-0.046797681599855,
    "Nose Nostrils Tilt Down / Up":-0.24634473025799,
    "Mouth Deflated / Inflated":0.72365498542786,
    "Hair Length":0.0,
    "Nose Sellion Shallow / Deep":0.0,
    "Chin Shallow / Deep":-0.15048612654209,
    "Jaw Concave / Convex":0.31520599126816,
    "Brow Ridge Low / High":-0.49891600012779,
    "Chin Recessed / Pronounced":-0.099711999297142,
    "Mouth Tilt Down / Up":0.061666190624237,
    "Nose Sellion Thin / Wide":0.54000002145767,
    "Cheeks Gaunt / Round":-0.25139936804771,
    "Nose Sellion Lower Shallow / Deep":0.0,
    "Nose Sellion Down / Up":-0.069960460066795,
    "Cheeks Concave / Convex":0.037040665745735,
    "Nose Region Concave / Convex":0.095792077481747,
    "Eyes Inward / Outward":0.34273999929428,
    "Nose Nostrils Thin / Wide":0.090707488358021,
    "Brow Ridge Inner Down / Up":-0.24661700427532,
    "Eyes Apart / Together":0.56819301843643,
    "Mouth Underbite / Overbite":0.12041600048542,
    "Chin Retracted / Jutting":0.076925687491894,
    "Brow / Nose / Chin Ratio":-0.2370535582304,
    "Nose Bridge Short / Long":0.30172100663185,
    "Mouth Low / High":-0.2288696616888,
    "Forehead Small / Large":-0.011169386096299,
    "Nose Bridge Shallow / Deep":0.5280749797821,
    "Eyes Small / Large":-0.52419900894165,
    "Forehead / Sellion / Nose Ratio":0.24722480773926,
    "Mouth Chin Short / Long":0.18641597032547,
    "Forehead Short / Tall":-0.78536701202393,
    "Eyes Down / Up":0.12715594470501,
    "Vampire":0.0,
    "Mouth Retracted / Puckered":-0.036537531763315,
    "Jaw Retracted / Jutting":0.046444393694401,
    "Mouth Drawn / Pursed":-0.17807124555111,
    "Cheekbones Thin / Wide":0.38687101006508,
    "Nose Down / Up":-0.2780649960041,
    "Jaw Neck Slope Low / High":-0.21841411292553,
    "Chin Thin / Wide":0.24331399798393,
    "Cheekbones Shallow / Pronounced":-0.039596762508154,
    "Nose Nostrils Small / Large":-0.045717000961304,
    "Nose Flat / Pointed":-0.028759999200702,
    "Face Thin / Wide":-0.20532475411892,
    "Chin Backward / Forward":0.13894699513912,
    "Face Light / Heavy":0.42526000738144,
    "Mouth Small / Large":-0.56581997871399,
    "Forehead Back / Forward":0.10326600074768,
    "Jaw Thin / Wide":-0.44153299927711,
    "Brow Ridge Outer Down / Up":0.44728198647499,
    "Chin Small / Large":0.060133811086416
  },
  "Name":"BP_BrumaGuardCityPostDay04_C"
}