{
  "APIVersion":"v2",
  "SkinParametersMap":{
    "Tip Color":0.079999998211861,
    "Ombre Constrast":1.0,
    "Complexion":0.0,
    "Ombre Amount":1.0,
    "Lipstick Amount":0.0,
    "Salt And Pepper":0.0,
    "Skin Dark/Light":0.079999998211861,
    "Root Redness":0.0,
    "Eye socket Bruised/Bright":0.0,
    "Freckles":0.0,
    "Eyeliner Light/Dark":0.0,
    "Eyebrows Redness Intensity":0.0,
    "Eye Socket Dark/Light":0.0,
    "Eyebrows Color Intensity":0.0,
    "Root Color":0.20000000298023,
    "Cheek Blush Light/Red":0.0,
    "Eylids Light/Dark":0.0,
    "Skin Tint Orange/Blue":0.0,
    "Tip Redness":0.0,
    "Cheekbones Flushed/Pale":0.0,
    "Eyelids Pale/Red":0.0,
    "Skin Tint Purple/Yellow":0.11999999731779
  },
  "Author":"Bethesda",
  "Race":"TESRace /Game/Forms/actors/race/DarkElf.DarkElf",
  "HairColorsL":[],
  "Body":"SkeletalMesh /Game/Art/Character/Imperial/SK_Imperial_Body_m.SK_Imperial_Body_m",
  "Date":"2025-06-04 19:29:10",
  "SkinColorsMapL":{
    "Tip DyeColor":{
      "R":0.99110209941864,
      "G":0.22322796285152,
      "B":0.014443843625486,
      "A":1.0
    },
    "Lipstick Color":{
      "R":1.0,
      "G":1.0,
      "B":1.0,
      "A":1.0
    },
    "Root DyeColor":{
      "R":1.0,
      "G":1.0,
      "B":1.0,
      "A":1.0
    }
  },
  "Sex":0,
  "ModCreator":"animandan",
  "ModVersion":"1.1.0",
  "ModName":"RaceMenuUtilities",
  "FaceBaseMesh":"/Game/Art/Character/DarkElf/SK_DarkElf_Head_m.SK_DarkElf_Head_m",
  "Hair":"/Game/Dev/Phenotypes/Hair/HP_DarkElf_HR_Mane.HP_DarkElf_HR_Mane",
  "Description":"saved from in-game",
  "SenescenceLevel":5,
  "FaceMorphValuesMap":{
    "Face Gaunt / Round":-0.075087450444698,
    "Nose Short / Long":0.0,
    "Nose Tilt Down / Up":0.0,
    "Mouth Sad / Happy":0.2614905834198,
    "Mouth Retracted / Protruding":0.26583537459373,
    "Chin Short / Tall":-0.2212723493576,
    "Cheekbones Low / High":-0.45980164408684,
    "Nose Nostrils Tilt Down / Up":-0.23554638028145,
    "Mouth Deflated / Inflated":-0.01142337359488,
    "Hair Length":0.0,
    "Nose Sellion Shallow / Deep":0.0,
    "Chin Shallow / Deep":0.057045824825764,
    "Jaw Concave / Convex":0.14641666412354,
    "Brow Ridge Low / High":-0.21338927745819,
    "Chin Recessed / Pronounced":0.068443968892097,
    "Mouth Tilt Down / Up":-0.4315710067749,
    "Nose Sellion Thin / Wide":0.0,
    "Cheeks Gaunt / Round":-0.27587068080902,
    "Nose Sellion Lower Shallow / Deep":0.0,
    "Nose Sellion Down / Up":0.240593791008,
    "Cheeks Concave / Convex":-0.016947532072663,
    "Nose Region Concave / Convex":-0.20389440655708,
    "Eyes Inward / Outward":0.26111814379692,
    "Nose Nostrils Thin / Wide":0.051092531532049,
    "Brow Ridge Inner Down / Up":-0.23688744008541,
    "Eyes Apart / Together":-0.054048348218203,
    "Mouth Underbite / Overbite":0.026891646906734,
    "Chin Retracted / Jutting":0.2339141368866,
    "Brow / Nose / Chin Ratio":-0.0089193824678659,
    "Nose Bridge Short / Long":-0.052667882293463,
    "Mouth Low / High":-0.12008886784315,
    "Forehead Small / Large":-0.0023367644753307,
    "Nose Bridge Shallow / Deep":0.34076973795891,
    "Eyes Small / Large":-0.23417864739895,
    "Forehead / Sellion / Nose Ratio":-0.02328290976584,
    "Mouth Chin Short / Long":-0.17702002823353,
    "Forehead Short / Tall":0.40195918083191,
    "Eyes Down / Up":-0.46198984980583,
    "Vampire":0.0,
    "Mouth Retracted / Puckered":0.002035761019215,
    "Jaw Retracted / Jutting":-0.18644733726978,
    "Mouth Drawn / Pursed":0.42941889166832,
    "Cheekbones Thin / Wide":-0.18321926891804,
    "Nose Down / Up":0.077317461371422,
    "Jaw Neck Slope Low / High":-0.16034398972988,
    "Chin Thin / Wide":-0.19297075271606,
    "Cheekbones Shallow / Pronounced":0.24400067329407,
    "Nose Nostrils Small / Large":-0.021280838176608,
    "Nose Flat / Pointed":-0.2153012752533,
    "Face Thin / Wide":0.19503648579121,
    "Chin Backward / Forward":0.025806475430727,
    "Face Light / Heavy":0.10107057541609,
    "Mouth Small / Large":0.38759845495224,
    "Forehead Back / Forward":-0.022547293454409,
    "Jaw Thin / Wide":0.1699108928442,
    "Brow Ridge Outer Down / Up":-0.59057468175888,
    "Chin Small / Large":0.25341048836708
  },
  "Name":"BP_BanditBlackBowMale3_C"
}