{
  "Race":"TESRace /Game/Forms/actors/race/Redguard.Redguard",
  "FaceBaseMesh":"/Game/Art/Character/Redguard/SK_Redguard_Head_m.SK_Redguard_Head_m",
  "Date":"2025-06-04 18:55:12",
  "HairColorsL":{
    "0":{
      "B":1.0,
      "G":1.0,
      "R":1.0,
      "A":1.0
    }
  },
  "SkinParametersMap":{
    "Cheekbones Flushed/Pale":0.0,
    "Eyelids Pale/Red":0.0,
    "Eyebrows Redness Intensity":0.0,
    "Lipstick Amount":0.0,
    "Cheek Blush Light/Red":0.0,
    "Khajiit Pattern Number":0.0,
    "Complexion":0.0,
    "Salt And Pepper":0.29962500929832,
    "Eye socket Bruised/Bright":0.0,
    "Freckles":0.0,
    "Root Color":1.0,
    "Root Redness":0.0,
    "Tip Color":1.0,
    "Ombre Constrast":0.0,
    "Ombre Amount":0.0,
    "Tip Redness":0.0,
    "Eyebrows Color Intensity":0.0
  },
  "Sex":0,
  "FaceMorphValuesMap":{
    "Hair Length":0.0,
    "Vampire":0.0,
    "Nose Sellion Down / Up":0.0,
    "Forehead Back / Forward":-0.019999999552965,
    "Mouth Deflated / Inflated":0.0,
    "Chin Backward / Forward":-0.13999900221825,
    "Eyes Apart / Together":0.41999998688698,
    "Nose Tilt Down / Up":-0.23999999463558,
    "Mouth Sad / Happy":0.0,
    "Brow Ridge Outer Down / Up":0.0,
    "Nose Sellion Thin / Wide":0.28554299473763,
    "Nose Short / Long":0.31999999284744,
    "Nose Sellion Shallow / Deep":0.0,
    "Brow / Nose / Chin Ratio":-0.18000000715256,
    "Chin Small / Large":0.36044898629189,
    "Nose Flat / Pointed":0.0,
    "Jaw Thin / Wide":-0.059999000281096,
    "Nose Nostrils Tilt Down / Up":0.34000000357628,
    "Eyes Inward / Outward":-0.30000001192093,
    "Cheekbones Shallow / Pronounced":0.34000000357628,
    "Nose Nostrils Thin / Wide":0.019999999552965,
    "Chin Shallow / Deep":0.21999999880791,
    "Nose Down / Up":0.0,
    "Nose Bridge Short / Long":0.20000000298023,
    "Mouth Tilt Down / Up":0.0,
    "Chin Thin / Wide":0.21999999880791,
    "Face Light / Heavy":-0.14000000059605,
    "Mouth Chin Short / Long":0.0,
    "Jaw Concave / Convex":0.40000000596046,
    "Brow Ridge Low / High":0.0,
    "Chin Recessed / Pronounced":-0.01999899931252,
    "Cheeks Gaunt / Round":0.75999999046326,
    "Face Thin / Wide":-0.47999998927116,
    "Eyes Down / Up":-0.41999998688698,
    "Jaw Retracted / Jutting":0.0,
    "Chin Short / Tall":-0.035431001335382,
    "Jaw Neck Slope Low / High":0.61895102262497,
    "Nose Bridge Shallow / Deep":0.21999999880791,
    "Mouth Retracted / Protruding":0.0,
    "Cheekbones Thin / Wide":0.019999999552965,
    "Mouth Low / High":0.0,
    "Mouth Retracted / Puckered":0.0,
    "Mouth Small / Large":0.0,
    "Forehead Short / Tall":-0.43999999761581,
    "Nose Nostrils Small / Large":0.23999999463558,
    "Chin Retracted / Jutting":-0.10000000149012,
    "Forehead Small / Large":-0.61999899148941,
    "Cheekbones Low / High":0.079999998211861,
    "Eyes Small / Large":0.0,
    "Cheeks Concave / Convex":0.11999999731779,
    "Brow Ridge Inner Down / Up":0.0,
    "Nose Sellion Lower Shallow / Deep":-0.079999998211861,
    "Face Gaunt / Round":-0.20000000298023,
    "Mouth Underbite / Overbite":0.0,
    "Nose Region Concave / Convex":0.03999999910593,
    "Forehead / Sellion / Nose Ratio":-0.059999998658895,
    "Mouth Drawn / Pursed":0.0
  },
  "Author":"Bethesda",
  "SkinColorsMapL":{
    "Lipstick Color":{
      "B":0.0,
      "G":0.0,
      "R":1.0,
      "A":1.0
    },
    "Tip DyeColor":{
      "B":1.0,
      "G":1.0,
      "R":1.0,
      "A":1.0
    },
    "Root DyeColor":{
      "B":1.0,
      "G":1.0,
      "R":1.0,
      "A":1.0
    },
    "Eyeliner Tone":{
      "B":1.0,
      "G":1.0,
      "R":1.0,
      "A":1.0
    },
    "Skin Tone":{
      "B":1.0,
      "G":1.0,
      "R":1.0,
      "A":1.0
    }
  },
  "ModVersion":"1.1.0",
  "EyeMaterial":"/Game/Art/Character/Modular/Eyes_Human/MIC_Human_Eyes_Brown2.MIC_Human_Eyes_Brown2",
  "Body":"SkeletalMesh /Game/Art/Character/Imperial/SK_Imperial_Body_m.SK_Imperial_Body_m",
  "Description":"saved from in-game",
  "SenescenceLevel":6,
  "APIVersion":"v2",
  "ModCreator":"animandan",
  "ModName":"RaceMenuUtilities",
  "Hair":"/Game/Dev/Phenotypes/Hair/HP_HR_Cropped.HP_HR_Cropped",
  "Name":"BP_Boldon_C"
}