{
  "ModName":"RaceMenuUtilities",
  "FaceBaseMesh":"/Game/Art/Character/Imperial/SK_Imperial_Head_m.SK_Imperial_Head_m",
  "Author":"Bethesda",
  "Date":"2025-06-04 20:30:51",
  "SkinColorsMapL":{
    "Lipstick Color":{
      "A":1.0,
      "B":1.0,
      "G":1.0,
      "R":1.0
    },
    "Eyeliner Tone":{
      "A":1.0,
      "B":1.0,
      "G":1.0,
      "R":1.0
    },
    "Root DyeColor":{
      "A":1.0,
      "B":1.0,
      "G":1.0,
      "R":1.0
    },
    "Tip DyeColor":{
      "A":1.0,
      "B":1.0,
      "G":1.0,
      "R":1.0
    },
    "Skin Tone":{
      "A":1.0,
      "B":0.67382800579071,
      "G":0.83303397893906,
      "R":0.95833301544189
    }
  },
  "APIVersion":"v2",
  "FaceMorphValuesMap":{
    "Eyes Small / Large":-0.47847598791122,
    "Jaw Thin / Wide":-0.34823599457741,
    "Brow Ridge Low / High":-0.31331899762154,
    "Chin Retracted / Jutting":0.43999999761581,
    "Face Thin / Wide":0.31226000189781,
    "Hair Length":0.0,
    "Chin Backward / Forward":0.5799999833107,
    "Vampire":0.0,
    "Mouth Underbite / Overbite":-0.32753154635429,
    "Eyes Inward / Outward":-0.076016180217266,
    "Mouth Sad / Happy":-0.25722578167915,
    "Jaw Retracted / Jutting":-0.36968764662743,
    "Nose Flat / Pointed":0.37999999523163,
    "Chin Recessed / Pronounced":0.34000000357628,
    "Cheeks Gaunt / Round":0.22390499711037,
    "Forehead Back / Forward":0.1550557911396,
    "Nose Sellion Down / Up":0.0,
    "Mouth Deflated / Inflated":0.029116999357939,
    "Mouth Small / Large":0.35881701111794,
    "Nose Tilt Down / Up":0.0,
    "Nose Short / Long":0.21999999880791,
    "Mouth Drawn / Pursed":-0.072455383837223,
    "Chin Short / Tall":0.0,
    "Nose Sellion Thin / Wide":0.0,
    "Jaw Neck Slope Low / High":0.42875200510025,
    "Cheekbones Shallow / Pronounced":0.18879291415215,
    "Nose Sellion Shallow / Deep":0.15999999642372,
    "Mouth Tilt Down / Up":0.21025323867798,
    "Brow / Nose / Chin Ratio":0.0,
    "Brow Ridge Outer Down / Up":0.21391800045967,
    "Chin Small / Large":0.0,
    "Mouth Retracted / Puckered":0.0011336043244228,
    "Chin Thin / Wide":0.0,
    "Nose Nostrils Tilt Down / Up":0.0,
    "Face Gaunt / Round":0.042745195329189,
    "Cheekbones Thin / Wide":0.37489500641823,
    "Forehead / Sellion / Nose Ratio":0.078859999775887,
    "Cheekbones Low / High":0.018005223944783,
    "Nose Bridge Short / Long":0.25999999046326,
    "Forehead Short / Tall":-0.14001975953579,
    "Nose Bridge Shallow / Deep":0.36000001430511,
    "Mouth Chin Short / Long":0.10751886665821,
    "Face Light / Heavy":0.41535198688507,
    "Nose Region Concave / Convex":0.37999999523163,
    "Mouth Retracted / Protruding":0.51381438970566,
    "Cheeks Concave / Convex":0.31516999006271,
    "Nose Nostrils Small / Large":0.0,
    "Jaw Concave / Convex":0.28948283195496,
    "Nose Down / Up":0.0,
    "Mouth Low / High":-0.0781259983778,
    "Eyes Down / Up":0.10858225077391,
    "Chin Shallow / Deep":0.0,
    "Eyes Apart / Together":0.24456399679184,
    "Brow Ridge Inner Down / Up":0.027160000056028,
    "Nose Sellion Lower Shallow / Deep":0.23999999463558,
    "Nose Nostrils Thin / Wide":0.0,
    "Forehead Small / Large":0.12431003153324
  },
  "EyeMaterial":"/Game/Art/Character/Modular/Eyes_Human/MIC_Human_Eyes_Red1.MIC_Human_Eyes_Red1",
  "HairColorsL":{
    "0":{
      "A":1.0,
      "B":0.084376208484173,
      "G":0.14412847161293,
      "R":0.22322796285152
    }
  },
  "SkinParametersMap":{
    "Eylids Light/Dark":0.0,
    "Ombre Amount":0.0,
    "Complexion":0.54000002145767,
    "Lipstick Dark Red/Light Blue":0.0,
    "Eyeshadow Light/Dark":0.0,
    "Root Color":0.10000000149012,
    "Skin Tint Orange/Blue":0.0,
    "Eyelids Light/Dark":0.0,
    "Naso Small/Large":0.0,
    "Tip Redness":0.5,
    "Skin Tint Purple/Yellow":0.20000000298023,
    "Lipstick Amount":0.0049999998882413,
    "Cheek Blush Light/Red":0.079999998211861,
    "Root Redness":0.5,
    "Lips Flushed/Pale":0.0,
    "Ombre Constrast":0.0,
    "Tip Color":0.10000000149012,
    "Eye Sockets Bruised/Bright":0.0,
    "Freckles":-0.81999999284744,
    "Cheekbones Flushed/Pale":0.37999999523163,
    "Eyebrows Color Intensity":0.60000002384186,
    "Naso Labial Lines Light/Dark":0.0,
    "Lipstick Dark Blue/Light Red":0.0,
    "Eye Socket Dark/Light":0.0,
    "Eye socket Bruised/Bright":0.0,
    "Salt And Pepper":0.0,
    "Eyebrows Redness Intensity":0.0,
    "Eyeliner Light/Dark":0.0,
    "Age":0.0,
    "Skin Dark/Light":0.0,
    "Eyelids Pale/Red":0.0,
    "Eye Sockets Dark/Light":0.0
  },
  "SenescenceLevel":3,
  "Sex":0,
  "Description":"saved from in-game",
  "ModCreator":"animandan",
  "ModVersion":"1.1.0",
  "Hair":"/Game/Dev/Phenotypes/Hair/HP_Human_HR_MessyBalding.HP_Human_HR_MessyBalding",
  "Name":"BP_BrumaGuardJailorDay_C",
  "Race":"TESRace /Game/Forms/actors/race/Imperial.Imperial",
  "Body":"SkeletalMesh /Game/Art/Character/Imperial/SK_Imperial_Body_m.SK_Imperial_Body_m"
}