{
  "FaceMorphValuesMap":{
    "Nose Bridge Short / Long":0.049359999597073,
    "Mouth Tilt Down / Up":-0.52508097887039,
    "Forehead Back / Forward":0.18073600530624,
    "Eyes Small / Large":0.40782099962234,
    "Chin Recessed / Pronounced":0.024243000894785,
    "Cheekbones Thin / Wide":-0.014014000073075,
    "Jaw Neck Slope Low / High":-0.094653002917767,
    "Chin Retracted / Jutting":0.60083001852036,
    "Jaw Retracted / Jutting":0.26606199145317,
    "Mouth Low / High":0.23368015885353,
    "Mouth Sad / Happy":-0.098904997110367,
    "Forehead / Sellion / Nose Ratio":-0.05170588567853,
    "Hair Length":0.0,
    "Vampire":0.0,
    "Forehead Short / Tall":-0.034972000867128,
    "Jaw Concave / Convex":0.2554680109024,
    "Nose Nostrils Small / Large":0.25689199566841,
    "Cheeks Gaunt / Round":-0.17555099725723,
    "Nose Tilt Down / Up":0.11999999731779,
    "Mouth Drawn / Pursed":-0.17773401737213,
    "Nose Short / Long":0.18000000715256,
    "Cheekbones Shallow / Pronounced":0.22321400046349,
    "Jaw Thin / Wide":-0.63940399885178,
    "Eyes Apart / Together":0.21409399807453,
    "Chin Backward / Forward":0.094802998006344,
    "Nose Sellion Thin / Wide":0.81999999284744,
    "Nose Sellion Lower Shallow / Deep":0.60000002384186,
    "Nose Sellion Shallow / Deep":0.80000001192093,
    "Mouth Retracted / Protruding":-0.48125272989273,
    "Eyes Down / Up":-0.34505701065063,
    "Nose Region Concave / Convex":0.28633540868759,
    "Nose Down / Up":-0.17118400335312,
    "Chin Shallow / Deep":0.75932198762894,
    "Nose Nostrils Tilt Down / Up":-0.26413390040398,
    "Nose Flat / Pointed":-0.32025068998337,
    "Eyes Inward / Outward":-0.058873999863863,
    "Brow / Nose / Chin Ratio":0.16422399878502,
    "Chin Short / Tall":0.40274000167847,
    "Brow Ridge Outer Down / Up":0.18912300467491,
    "Nose Nostrils Thin / Wide":-0.18125905096531,
    "Face Thin / Wide":0.10978899896145,
    "Chin Thin / Wide":-0.091531999409199,
    "Nose Bridge Shallow / Deep":0.21946999430656,
    "Mouth Underbite / Overbite":-0.18739399313927,
    "Mouth Chin Short / Long":-0.093671001493931,
    "Cheekbones Low / High":0.15621829032898,
    "Brow Ridge Inner Down / Up":-0.53885698318481,
    "Mouth Small / Large":-0.0086695672944188,
    "Mouth Deflated / Inflated":0.39939767122269,
    "Nose Sellion Down / Up":-0.14622400701046,
    "Brow Ridge Low / High":-0.24638399481773,
    "Chin Small / Large":0.03413699939847,
    "Forehead Small / Large":0.17600299417973,
    "Face Light / Heavy":-0.15902599692345,
    "Cheeks Concave / Convex":0.32672199606895,
    "Mouth Retracted / Puckered":0.084953285753727,
    "Face Gaunt / Round":-0.1848050057888
  },
  "Sex":0,
  "SkinParametersMap":{
    "Eyebrows Redness Intensity":0.51999998092651,
    "Freckles":1.0,
    "Eyelids Pale/Red":0.15999999642372,
    "Root Redness":0.5,
    "Cheek Blush Light/Red":0.14000000059605,
    "Complexion":-0.63999998569489,
    "Salt And Pepper":0.0,
    "Eye Socket Dark/Light":0.9200000166893,
    "Eye socket Bruised/Bright":0.56000000238419,
    "Eyebrows Color Intensity":-0.6799989938736,
    "Ombre Constrast":0.0,
    "Tip Redness":0.5,
    "Eylids Light/Dark":0.21999999880791,
    "Root Color":0.10000000149012,
    "Eyeliner Light/Dark":-0.35999900102615,
    "Skin Dark/Light":-0.18000000715256,
    "Cheekbones Flushed/Pale":1.0,
    "Skin Tint Orange/Blue":0.0,
    "Skin Tint Purple/Yellow":0.11999999731779,
    "None":0.0,
    "Ombre Amount":0.0,
    "Lipstick Amount":0.0,
    "Tip Color":0.10000000149012
  },
  "Description":"saved from in-game",
  "FaceBaseMesh":"/Game/Art/Character/Redguard/SK_Redguard_Head_m.SK_Redguard_Head_m",
  "Hair":"/Game/Dev/Phenotypes/Hair/HP_HR_Cropped.HP_HR_Cropped",
  "ModVersion":"1.1.0",
  "Date":"2025-06-04 19:16:15",
  "SenescenceLevel":0,
  "ModCreator":"animandan",
  "EyeMaterial":"/Game/Art/Character/Modular/Eyes_Human/MIC_Human_Eyes_Green2.MIC_Human_Eyes_Green2",
  "Name":"BP_BanditMeleeMale4B_C",
  "ModName":"RaceMenuUtilities",
  "Body":"SkeletalMesh /Game/Art/Character/Imperial/SK_Imperial_Body_m.SK_Imperial_Body_m",
  "APIVersion":"v2",
  "HairColorsL":[],
  "Race":"TESRace /Game/Forms/actors/race/Redguard.Redguard",
  "SkinColorsMapL":{
    "Lipstick Color":{
      "B":1.0,
      "G":1.0,
      "R":1.0,
      "A":1.0
    },
    "Tip DyeColor":{
      "B":0.0,
      "G":0.0,
      "R":0.0,
      "A":1.0
    },
    "Root DyeColor":{
      "B":0.0,
      "G":0.0,
      "R":0.0,
      "A":1.0
    }
  },
  "Author":"Bethesda"
}