{
  "ModName":"RaceMenuUtilities",
  "FaceBaseMesh":"/Game/Art/Character/Imperial/SK_Imperial_Head_m.SK_Imperial_Head_m",
  "Author":"Bethesda",
  "Date":"2025-06-04 20:30:51",
  "SkinColorsMapL":{
    "Lipstick Color":{
      "A":1.0,
      "B":1.0,
      "G":1.0,
      "R":1.0
    },
    "Eyeliner Tone":{
      "A":1.0,
      "B":1.0,
      "G":1.0,
      "R":1.0
    },
    "Root DyeColor":{
      "A":1.0,
      "B":1.0,
      "G":1.0,
      "R":1.0
    },
    "Tip DyeColor":{
      "A":1.0,
      "B":1.0,
      "G":1.0,
      "R":1.0
    },
    "Skin Tone":{
      "A":1.0,
      "B":0.78442400693893,
      "G":0.87817400693893,
      "R":0.984375
    }
  },
  "Name":"BP_BrumaGuardJailorNight_C",
  "FaceMorphValuesMap":{
    "Eyes Small / Large":-0.49916699528694,
    "Jaw Thin / Wide":-0.18180699646473,
    "Brow Ridge Low / High":-0.15964756906033,
    "Chin Retracted / Jutting":0.052383590489626,
    "Face Thin / Wide":0.38397714495659,
    "Hair Length":0.0,
    "Chin Backward / Forward":0.079274997115135,
    "Vampire":0.0,
    "Mouth Underbite / Overbite":-0.028359914198518,
    "Eyes Inward / Outward":0.13806264102459,
    "Mouth Sad / Happy":0.30994245409966,
    "Jaw Retracted / Jutting":-0.36524200439453,
    "Nose Flat / Pointed":-0.021206079050899,
    "Chin Recessed / Pronounced":0.22002318501472,
    "Cheeks Gaunt / Round":0.10166972130537,
    "Forehead Back / Forward":0.00024946927442215,
    "Nose Sellion Down / Up":0.25279670953751,
    "Mouth Deflated / Inflated":-0.0089338766410947,
    "Mouth Small / Large":0.045017849653959,
    "Nose Tilt Down / Up":0.0,
    "Nose Short / Long":0.0,
    "Mouth Drawn / Pursed":0.40630182623863,
    "Chin Short / Tall":-0.39366799592972,
    "Nose Sellion Thin / Wide":0.0,
    "Jaw Neck Slope Low / High":-0.1530322432518,
    "Cheekbones Shallow / Pronounced":0.09723799675703,
    "Nose Sellion Shallow / Deep":0.0,
    "Mouth Tilt Down / Up":-0.093067921698093,
    "Brow / Nose / Chin Ratio":0.20467732846737,
    "Brow Ridge Outer Down / Up":-0.083722181618214,
    "Chin Small / Large":-0.20966243743896,
    "Mouth Retracted / Puckered":0.059815730899572,
    "Chin Thin / Wide":-0.089741036295891,
    "Nose Nostrils Tilt Down / Up":0.2825710773468,
    "Face Gaunt / Round":0.10919415205717,
    "Cheekbones Thin / Wide":0.15450400114059,
    "Forehead / Sellion / Nose Ratio":0.25159338116646,
    "Cheekbones Low / High":-0.131526440382,
    "Nose Bridge Short / Long":-0.17334151268005,
    "Forehead Short / Tall":-0.086958266794682,
    "Nose Bridge Shallow / Deep":0.19486074149609,
    "Mouth Chin Short / Long":-0.28411644697189,
    "Face Light / Heavy":-0.24017822742462,
    "Nose Region Concave / Convex":-0.28499016165733,
    "Mouth Retracted / Protruding":0.088205553591251,
    "Cheeks Concave / Convex":-0.055978000164032,
    "Nose Nostrils Small / Large":0.18101064860821,
    "Jaw Concave / Convex":0.7415519952774,
    "Nose Down / Up":0.085953369736671,
    "Mouth Low / High":0.23485615849495,
    "Eyes Down / Up":0.17449122667313,
    "Chin Shallow / Deep":-0.075747914612293,
    "Eyes Apart / Together":0.6117280125618,
    "Brow Ridge Inner Down / Up":-0.20961199700832,
    "Nose Sellion Lower Shallow / Deep":0.0,
    "Nose Nostrils Thin / Wide":-0.11238075792789,
    "Forehead Small / Large":-0.02049264125526
  },
  "EyeMaterial":"/Game/Art/Character/Modular/Eyes_Human/MIC_Human_Eyes_Brown3.MIC_Human_Eyes_Brown3",
  "HairColorsL":{
    "1":{
      "A":1.0,
      "B":0.061246052384377,
      "G":0.1046164855361,
      "R":0.16202937066555
    },
    "2":{
      "A":1.0,
      "B":0.061246052384377,
      "G":0.1046164855361,
      "R":0.16202937066555
    },
    "0":{
      "A":1.0,
      "B":0.0060488330200315,
      "G":0.01032982300967,
      "R":0.021219009533525
    }
  },
  "SkinParametersMap":{
    "Eylids Light/Dark":0.0,
    "Ombre Amount":1.0,
    "Complexion":0.51999998092651,
    "Lipstick Dark Red/Light Blue":0.0,
    "Eyeshadow Light/Dark":0.0,
    "Root Color":0.10000000149012,
    "Skin Tint Orange/Blue":0.0,
    "Eyelids Light/Dark":0.0,
    "Naso Small/Large":0.0,
    "Tip Redness":0.5,
    "Skin Tint Purple/Yellow":0.0,
    "Lipstick Amount":0.0,
    "Cheek Blush Light/Red":0.0,
    "Root Redness":0.5,
    "Lips Flushed/Pale":0.0,
    "Ombre Constrast":1.0,
    "Tip Color":0.66000002622604,
    "Eye Sockets Bruised/Bright":0.0,
    "Freckles":0.0,
    "Cheekbones Flushed/Pale":0.41999998688698,
    "Eyebrows Color Intensity":0.60000002384186,
    "Naso Labial Lines Light/Dark":0.0,
    "Lipstick Dark Blue/Light Red":0.0,
    "Eye Socket Dark/Light":0.0,
    "Eye socket Bruised/Bright":0.0,
    "Salt And Pepper":0.0,
    "Eyebrows Redness Intensity":0.0,
    "Eyeliner Light/Dark":0.0,
    "Age":0.0,
    "Skin Dark/Light":0.0,
    "Eyelids Pale/Red":0.0,
    "Eye Sockets Dark/Light":0.0
  },
  "Mustache":"/Game/Dev/Phenotypes/Mustache/HP_Imperial_MS_Short.HP_Imperial_MS_Short",
  "SenescenceLevel":2,
  "Sex":0,
  "Description":"saved from in-game",
  "Beard":"/Game/Dev/Phenotypes/Beard/HP_Imperial_BD_Short.HP_Imperial_BD_Short",
  "ModCreator":"animandan",
  "ModVersion":"1.1.0",
  "APIVersion":"v2",
  "Hair":"/Game/Dev/Phenotypes/Hair/HP_HR_MediumLength.HP_HR_MediumLength",
  "Race":"TESRace /Game/Forms/actors/race/Imperial.Imperial",
  "Body":"SkeletalMesh /Game/Art/Character/Imperial/SK_Imperial_Body_m.SK_Imperial_Body_m"
}