{
  "Sex":0,
  "HairColorsL":{
    "0":{
      "A":1.0,
      "R":0.22395800054073,
      "G":0.1452250033617,
      "B":0.08398400247097
    }
  },
  "EyeMaterial":"/Game/Art/Character/Modular/Eyes_Human/MIC_Human_Eyes_Brown2.MIC_Human_Eyes_Brown2",
  "Author":"Bethesda",
  "Date":"2025-06-04 19:35:24",
  "Description":"saved from in-game",
  "Name":"BP_BeranSintav_C",
  "ModCreator":"animandan",
  "ModName":"RaceMenuUtilities",
  "FaceBaseMesh":"/Game/Art/Character/Breton/SK_Breton_Head_m.SK_Breton_Head_m",
  "ModVersion":"1.1.0",
  "Body":"SkeletalMesh /Game/Art/Character/Imperial/SK_Imperial_Body_m.SK_Imperial_Body_m",
  "FaceMorphValuesMap":{
    "Nose Nostrils Thin / Wide":0.25999999046326,
    "Forehead / Sellion / Nose Ratio":-0.44000101089478,
    "Cheekbones Thin / Wide":0.4283390045166,
    "Forehead Small / Large":0.0,
    "Chin Recessed / Pronounced":-0.12293100357056,
    "Brow / Nose / Chin Ratio":0.0,
    "Jaw Thin / Wide":-0.087370000779629,
    "Cheeks Gaunt / Round":0.31840100884438,
    "Chin Backward / Forward":-0.31411701440811,
    "Chin Thin / Wide":0.60000002384186,
    "Forehead Short / Tall":-0.093754000961781,
    "Face Thin / Wide":-0.0022589999716729,
    "Brow Ridge Inner Down / Up":-0.22569499909878,
    "Mouth Underbite / Overbite":-0.10256399959326,
    "Mouth Low / High":0.0,
    "Vampire":0.0,
    "Face Gaunt / Round":-0.12314999848604,
    "Eyes Small / Large":0.28777900338173,
    "Mouth Drawn / Pursed":0.0,
    "Chin Retracted / Jutting":-0.038697000592947,
    "Nose Tilt Down / Up":0.0,
    "Mouth Small / Large":0.0,
    "Nose Short / Long":0.0,
    "Nose Bridge Shallow / Deep":0.0,
    "Nose Sellion Thin / Wide":0.0,
    "Mouth Retracted / Protruding":0.0,
    "Nose Sellion Shallow / Deep":0.68000000715256,
    "Jaw Retracted / Jutting":-0.11261899769306,
    "Nose Sellion Down / Up":0.0,
    "Eyes Inward / Outward":0.028908999636769,
    "Nose Region Concave / Convex":0.0,
    "Brow Ridge Outer Down / Up":-0.26624700427055,
    "Nose Nostrils Small / Large":0.31999999284744,
    "Eyes Apart / Together":-0.16591499745846,
    "Nose Nostrils Tilt Down / Up":0.0,
    "Nose Flat / Pointed":0.25999999046326,
    "Mouth Tilt Down / Up":-0.80000001192093,
    "Jaw Concave / Convex":0.0,
    "Mouth Sad / Happy":0.0,
    "Cheekbones Shallow / Pronounced":0.090600997209549,
    "Face Light / Heavy":0.15999999642372,
    "Nose Down / Up":0.31999999284744,
    "Chin Short / Tall":-0.56000000238419,
    "Eyes Down / Up":-0.25999999046326,
    "Cheeks Concave / Convex":0.21913400292397,
    "Nose Bridge Short / Long":0.0,
    "Mouth Chin Short / Long":0.027967000380158,
    "Nose Sellion Lower Shallow / Deep":0.0,
    "Mouth Retracted / Puckered":0.0,
    "Hair Length":0.0,
    "Mouth Deflated / Inflated":0.0,
    "Chin Shallow / Deep":0.27325201034546,
    "Jaw Neck Slope Low / High":0.0,
    "Brow Ridge Low / High":0.481968998909,
    "Cheekbones Low / High":-0.0037549999542534,
    "Forehead Back / Forward":0.020375000312924,
    "Chin Small / Large":-0.055938001722097
  },
  "Hair":"/Game/Dev/Phenotypes/Hair/HP_HR_Ponytail.HP_HR_Ponytail",
  "SenescenceLevel":3,
  "APIVersion":"v2",
  "SkinParametersMap":{
    "Complexion":0.36000001430511,
    "Ombre Constrast":1.0,
    "Eye socket Bruised/Bright":0.0,
    "Root Redness":1.0,
    "Khajiit Pattern Number":0.0,
    "Eyebrows Redness Intensity":0.0,
    "Root Color":0.014980999752879,
    "Eylids Light/Dark":0.0,
    "Cheek Blush Light/Red":0.40000000596046,
    "Eyebrows Color Intensity":0.0,
    "Cheekbones Flushed/Pale":0.0,
    "Lipstick Amount":0.019999999552965,
    "Skin Tint Orange/Blue":0.0,
    "Freckles":0.31999999284744,
    "Ombre Amount":1.0,
    "Tip Redness":1.0,
    "Skin Tint Purple/Yellow":0.0,
    "Eyelids Pale/Red":0.0,
    "Tip Color":0.029962999746203,
    "Eyeliner Light/Dark":0.0,
    "Eye Socket Dark/Light":0.20000000298023,
    "Salt And Pepper":0.0,
    "Skin Dark/Light":0.0
  },
  "Race":"TESRace /Game/Forms/actors/race/Breton.Breton",
  "SkinColorsMapL":{
    "Root DyeColor":{
      "A":1.0,
      "R":1.0,
      "G":1.0,
      "B":1.0
    },
    "Eyeliner Tone":{
      "A":1.0,
      "R":1.0,
      "G":1.0,
      "B":1.0
    },
    "Tip DyeColor":{
      "A":1.0,
      "R":0.97344499826431,
      "G":0.23594099283218,
      "B":0.018589999526739
    },
    "Skin Tone":{
      "A":1.0,
      "R":1.0,
      "G":0.94270801544189,
      "B":0.94270801544189
    },
    "Lipstick Color":{
      "A":1.0,
      "R":1.0,
      "G":1.0,
      "B":1.0
    }
  }
}