{
  "APIVersion":"v2",
  "SkinParametersMap":{
    "Tip Color":0.10000000149012,
    "Ombre Constrast":0.0,
    "Complexion":0.47940099239349,
    "Ombre Amount":0.0,
    "Khajiit Pattern Number":0.0,
    "Lipstick Amount":0.0,
    "Salt And Pepper":0.0,
    "Skin Dark/Light":0.0,
    "Root Redness":0.5,
    "Eye socket Bruised/Bright":0.0,
    "Freckles":0.0,
    "Eyeliner Light/Dark":0.0,
    "Eyebrows Redness Intensity":0.0,
    "Eye Socket Dark/Light":0.0,
    "Eyebrows Color Intensity":0.64999997615814,
    "Root Color":0.10000000149012,
    "Cheek Blush Light/Red":0.0,
    "Eylids Light/Dark":0.0,
    "Skin Tint Orange/Blue":0.0,
    "Tip Redness":0.5,
    "Cheekbones Flushed/Pale":0.0,
    "Eyelids Pale/Red":0.0,
    "Skin Tint Purple/Yellow":0.0
  },
  "Author":"Bethesda",
  "Race":"TESRace /Game/Forms/actors/race/DarkElf.DarkElf",
  "HairColorsL":{
    "1":{
      "R":0.012152999639511,
      "G":0.0072949999012053,
      "B":0.0037769998889416,
      "A":1.0
    },
    "2":{
      "R":0.16145800054073,
      "G":0.10424599796534,
      "B":0.061027999967337,
      "A":1.0
    },
    "0":{
      "R":0.0,
      "G":0.0,
      "B":0.0,
      "A":1.0
    }
  },
  "Body":"SkeletalMesh /Game/Art/Character/Imperial/SK_Imperial_Body_m.SK_Imperial_Body_m",
  "Date":"2025-06-04 19:28:05",
  "ModCreator":"animandan",
  "ModName":"RaceMenuUtilities",
  "SkinColorsMapL":{
    "Root DyeColor":{
      "R":1.0,
      "G":1.0,
      "B":1.0,
      "A":1.0
    },
    "Eyeliner Tone":{
      "R":1.0,
      "G":1.0,
      "B":1.0,
      "A":1.0
    },
    "Lipstick Color":{
      "R":1.0,
      "G":1.0,
      "B":1.0,
      "A":1.0
    },
    "Skin Tone":{
      "R":1.0,
      "G":1.0,
      "B":1.0,
      "A":1.0
    },
    "Tip DyeColor":{
      "R":1.0,
      "G":1.0,
      "B":1.0,
      "A":1.0
    }
  },
  "Beard":"/Game/Dev/Phenotypes/Beard/HP_DarkElf_BD_Goatee.HP_DarkElf_BD_Goatee",
  "Sex":0,
  "ModVersion":"1.1.0",
  "EyeMaterial":"/Game/Art/Character/Modular/Eyes_DarkElf/MIC_DarkElf_Eyes_Red.MIC_DarkElf_Eyes_Red",
  "Description":"saved from in-game",
  "FaceBaseMesh":"/Game/Art/Character/DarkElf/SK_DarkElf_Head_m.SK_DarkElf_Head_m",
  "FaceMorphValuesMap":{
    "Face Gaunt / Round":0.0,
    "Nose Short / Long":0.83999997377396,
    "Nose Tilt Down / Up":0.0,
    "Mouth Sad / Happy":-0.042968153953552,
    "Mouth Retracted / Protruding":0.50822776556015,
    "Chin Short / Tall":-0.14752000570297,
    "Cheekbones Low / High":-0.39926043152809,
    "Nose Nostrils Tilt Down / Up":0.19391299784184,
    "Mouth Deflated / Inflated":-0.0027202130295336,
    "Hair Length":0.0,
    "Nose Sellion Shallow / Deep":0.0,
    "Chin Shallow / Deep":0.0028376698028296,
    "Jaw Concave / Convex":-0.056207943707705,
    "Brow Ridge Low / High":0.041278075426817,
    "Chin Recessed / Pronounced":-0.44214800000191,
    "Mouth Tilt Down / Up":0.14585022628307,
    "Nose Sellion Thin / Wide":0.0,
    "Cheeks Gaunt / Round":0.2338540405035,
    "Nose Sellion Lower Shallow / Deep":0.0,
    "Nose Sellion Down / Up":-0.50300866365433,
    "Cheeks Concave / Convex":0.04635713249445,
    "Nose Region Concave / Convex":0.36459803581238,
    "Eyes Inward / Outward":0.41909703612328,
    "Nose Nostrils Thin / Wide":-0.0633499994874,
    "Brow Ridge Inner Down / Up":0.2161121815443,
    "Eyes Apart / Together":0.52206701040268,
    "Mouth Underbite / Overbite":1.102387886931e-05,
    "Chin Retracted / Jutting":-0.063261032104492,
    "Brow / Nose / Chin Ratio":0.3472863137722,
    "Nose Bridge Short / Long":0.071947649121284,
    "Mouth Low / High":-0.65543502569199,
    "Forehead Small / Large":0.31514790654182,
    "Nose Bridge Shallow / Deep":0.46163675189018,
    "Eyes Small / Large":0.056381989270449,
    "Forehead / Sellion / Nose Ratio":0.055610608309507,
    "Mouth Chin Short / Long":-0.095161586999893,
    "Forehead Short / Tall":-0.33544701337814,
    "Eyes Down / Up":0.0039781094528735,
    "Vampire":0.0,
    "Mouth Retracted / Puckered":-0.17438714206219,
    "Jaw Retracted / Jutting":0.30964538455009,
    "Mouth Drawn / Pursed":-0.1382689923048,
    "Cheekbones Thin / Wide":0.0,
    "Nose Down / Up":-0.51076698303223,
    "Jaw Neck Slope Low / High":-0.33383899927139,
    "Chin Thin / Wide":0.40619000792503,
    "Cheekbones Shallow / Pronounced":0.0,
    "Nose Nostrils Small / Large":-0.069649912416935,
    "Nose Flat / Pointed":-0.42552590370178,
    "Face Thin / Wide":0.0,
    "Chin Backward / Forward":0.23873329162598,
    "Face Light / Heavy":0.21732300519943,
    "Mouth Small / Large":0.058811582624912,
    "Forehead Back / Forward":-0.24126553535461,
    "Jaw Thin / Wide":-0.35277351737022,
    "Brow Ridge Outer Down / Up":-0.10124199837446,
    "Chin Small / Large":-0.038394998759031
  },
  "Hair":"/Game/Dev/Phenotypes/Hair/HP_Imperial_HR_Headband.HP_Imperial_HR_Headband",
  "Mustache":"/Game/Dev/Phenotypes/Mustache/HP_DarkElf_MS_Scruffy.HP_DarkElf_MS_Scruffy",
  "SenescenceLevel":0,
  "Name":"BP_BlackRockPirate01_C"
}