{
  "ModName":"RaceMenuUtilities",
  "FaceBaseMesh":"/Game/Art/Character/Argonian/SK_Argonian_Head_m.SK_Argonian_Head_m",
  "Author":"Bethesda",
  "Date":"2025-06-04 20:30:46",
  "SkinColorsMapL":{
    "Color 1":{
      "A":1.0,
      "B":0.23684999346733,
      "G":0.25172400474548,
      "R":0.4072400033474
    },
    "Eyeliner Tone":{
      "A":1.0,
      "B":1.0,
      "G":1.0,
      "R":1.0
    },
    "Color 3":{
      "A":1.0,
      "B":0.35898301005363,
      "G":0.37437701225281,
      "R":0.69387197494507
    },
    "Color 2":{
      "A":1.0,
      "B":1.0,
      "G":1.0,
      "R":1.0
    }
  },
  "APIVersion":"v2",
  "FaceMorphValuesMap":{
    "Eyes Small / Large":0.63505798578262,
    "Jaw Thin / Wide":0.26396799087524,
    "Brow Ridge Low / High":-0.34413900971413,
    "Chin Retracted / Jutting":-0.15912544727325,
    "Face Thin / Wide":-0.11985643953085,
    "Hair Length":-1.0,
    "Chin Backward / Forward":0.11233454197645,
    "Vampire":0.0,
    "Mouth Underbite / Overbite":0.24987559020519,
    "Eyes Inward / Outward":-0.061955001205206,
    "Mouth Sad / Happy":0.11098738014698,
    "Jaw Retracted / Jutting":0.22459602355957,
    "Nose Flat / Pointed":-0.11133851855993,
    "Chin Recessed / Pronounced":-0.21023134887218,
    "Cheeks Gaunt / Round":0.12935009598732,
    "Forehead Back / Forward":0.081953816115856,
    "Nose Sellion Down / Up":-0.29371538758278,
    "Mouth Deflated / Inflated":0.088507987558842,
    "Mouth Small / Large":0.10914631187916,
    "Nose Tilt Down / Up":0.0,
    "Nose Short / Long":0.0,
    "Mouth Drawn / Pursed":-0.12893126904964,
    "Chin Short / Tall":0.023430824279785,
    "Nose Sellion Thin / Wide":0.0,
    "Jaw Neck Slope Low / High":0.28259399533272,
    "Cheekbones Shallow / Pronounced":-0.25352099537849,
    "Nose Sellion Shallow / Deep":0.0,
    "Mouth Tilt Down / Up":0.080693244934082,
    "Brow / Nose / Chin Ratio":-0.46000000834465,
    "Brow Ridge Outer Down / Up":-0.381796002388,
    "Chin Small / Large":0.028734672814608,
    "Mouth Retracted / Puckered":-0.093979738652706,
    "Chin Thin / Wide":-0.23607364296913,
    "Nose Nostrils Tilt Down / Up":0.10717482864857,
    "Face Gaunt / Round":0.11789240688086,
    "Cheekbones Thin / Wide":-0.68928998708725,
    "Forehead / Sellion / Nose Ratio":-0.57999902963638,
    "Cheekbones Low / High":-0.12125881016254,
    "Nose Bridge Short / Long":0.024960136041045,
    "Forehead Short / Tall":0.67359900474548,
    "Nose Bridge Shallow / Deep":-0.050342749804258,
    "Mouth Chin Short / Long":0.22436955571175,
    "Face Light / Heavy":-0.08610600233078,
    "Nose Region Concave / Convex":0.058399677276611,
    "Mouth Retracted / Protruding":-0.31367269158363,
    "Cheeks Concave / Convex":0.083861351013184,
    "Nose Nostrils Small / Large":-0.10524582862854,
    "Jaw Concave / Convex":-0.16807328164577,
    "Nose Down / Up":0.0048308372497559,
    "Mouth Low / High":-0.11359033733606,
    "Eyes Down / Up":0.15394888818264,
    "Chin Shallow / Deep":-0.38262370228767,
    "Eyes Apart / Together":-0.52037298679352,
    "Brow Ridge Inner Down / Up":0.19716100394726,
    "Nose Sellion Lower Shallow / Deep":0.0,
    "Nose Nostrils Thin / Wide":0.081261776387691,
    "Forehead Small / Large":-0.79528099298477
  },
  "ModVersion":"1.1.0",
  "SkinParametersMap":{
    "Eye socket Bruised/Bright":0.0,
    "Complexion":0.0,
    "Eyeliner Light/Dark":0.0,
    "Hair Desaturation for Argonian":0.0,
    "Eyelids Pale/Red":0.0,
    "Eylids Light/Dark":0.0,
    "Eye Socket Dark/Light":0.0
  },
  "SenescenceLevel":0,
  "Sex":0,
  "Description":"saved from in-game",
  "ModCreator":"animandan",
  "Hair":"/Game/Dev/Phenotypes/Hair/HP_Argonian_HR_WebbedSpikeCrest.HP_Argonian_HR_WebbedSpikeCrest",
  "Name":"BP_BWCGuard2_C",
  "HairColorsL":{
    "0":{
      "A":1.0,
      "B":0.0,
      "G":0.0,
      "R":0.0
    }
  },
  "Race":"TESRace /Game/Forms/actors/race/Argonian.Argonian",
  "Body":"SkeletalMesh /Game/Art/Character/Imperial/SK_Imperial_Body_m.SK_Imperial_Body_m"
}