{
  "Race":"TESRace /Game/Forms/actors/race/WoodElf.WoodElf",
  "FaceBaseMesh":"/Game/Art/Character/WoodElf/SK_WoodElf_Head_m.SK_WoodElf_Head_m",
  "Date":"2025-06-04 18:38:52",
  "HairColorsL":{
    "0":{
      "B":0.0060488330200315,
      "G":0.01032982300967,
      "R":0.021219009533525,
      "A":1.0
    }
  },
  "SkinParametersMap":{
    "Cheekbones Flushed/Pale":0.0,
    "Eyelids Pale/Red":0.0,
    "Eyebrows Redness Intensity":0.0,
    "Lipstick Amount":0.0,
    "Cheek Blush Light/Red":0.0,
    "Khajiit Pattern Number":0.0,
    "Complexion":0.0,
    "Salt And Pepper":0.0,
    "Eye socket Bruised/Bright":0.0,
    "Freckles":0.0,
    "Root Color":0.0,
    "Root Redness":0.0,
    "Tip Color":0.074905999004841,
    "Ombre Constrast":0.0,
    "Ombre Amount":1.0,
    "Tip Redness":0.0,
    "Eyebrows Color Intensity":0.92509400844574
  },
  "Sex":0,
  "FaceMorphValuesMap":{
    "Hair Length":0.0,
    "Vampire":0.0,
    "Nose Sellion Down / Up":0.0,
    "Forehead Back / Forward":0.060263466089964,
    "Mouth Deflated / Inflated":-0.80000001192093,
    "Chin Backward / Forward":0.53401201963425,
    "Eyes Apart / Together":0.36838400363922,
    "Nose Tilt Down / Up":0.0,
    "Mouth Sad / Happy":0.98000001907349,
    "Brow Ridge Outer Down / Up":-0.062524609267712,
    "Nose Sellion Thin / Wide":0.0,
    "Nose Short / Long":0.0,
    "Nose Sellion Shallow / Deep":0.0,
    "Brow / Nose / Chin Ratio":0.49893701076508,
    "Chin Small / Large":-0.059999998658895,
    "Nose Flat / Pointed":-0.23430800437927,
    "Jaw Thin / Wide":-0.10000000149012,
    "Nose Nostrils Tilt Down / Up":-0.80000001192093,
    "Eyes Inward / Outward":-0.57670396566391,
    "Cheekbones Shallow / Pronounced":-0.89999997615814,
    "Nose Nostrils Thin / Wide":-0.36389499902725,
    "Chin Shallow / Deep":-0.95999997854233,
    "Nose Down / Up":-0.43227300047874,
    "Nose Bridge Short / Long":0.0,
    "Mouth Tilt Down / Up":-0.80000001192093,
    "Chin Thin / Wide":0.33999800682068,
    "Face Light / Heavy":-0.74000000953674,
    "Mouth Chin Short / Long":-0.56768834590912,
    "Jaw Concave / Convex":0.89999997615814,
    "Brow Ridge Low / High":0.49000000953674,
    "Chin Recessed / Pronounced":-0.18000000715256,
    "Cheeks Gaunt / Round":0.15999999642372,
    "Face Thin / Wide":0.57183301448822,
    "Eyes Down / Up":-0.17420701682568,
    "Jaw Retracted / Jutting":0.35222333669662,
    "Chin Short / Tall":-0.80000001192093,
    "Jaw Neck Slope Low / High":-0.38000100851059,
    "Nose Bridge Shallow / Deep":0.0,
    "Mouth Retracted / Protruding":-0.10720869153738,
    "Cheekbones Thin / Wide":0.61091697216034,
    "Mouth Low / High":-0.32327699661255,
    "Mouth Retracted / Puckered":-0.80000001192093,
    "Mouth Small / Large":-0.27379322052002,
    "Forehead Short / Tall":0.35740593075752,
    "Nose Nostrils Small / Large":0.80000001192093,
    "Chin Retracted / Jutting":-0.32097396254539,
    "Forehead Small / Large":0.091648668050766,
    "Cheekbones Low / High":0.36000001430511,
    "Eyes Small / Large":0.6852599978447,
    "Cheeks Concave / Convex":0.81924897432327,
    "Brow Ridge Inner Down / Up":0.44999998807907,
    "Nose Sellion Lower Shallow / Deep":0.0,
    "Face Gaunt / Round":0.14406187832355,
    "Mouth Underbite / Overbite":0.57577937841415,
    "Nose Region Concave / Convex":0.0,
    "Forehead / Sellion / Nose Ratio":-0.16036224365234,
    "Mouth Drawn / Pursed":-0.62681740522385
  },
  "Author":"Bethesda",
  "SkinColorsMapL":{
    "Lipstick Color":{
      "B":0.0,
      "G":0.0,
      "R":0.93868571519852,
      "A":1.0
    },
    "Tip DyeColor":{
      "B":1.0,
      "G":1.0,
      "R":1.0,
      "A":1.0
    },
    "Root DyeColor":{
      "B":1.0,
      "G":1.0,
      "R":1.0,
      "A":1.0
    },
    "Eyeliner Tone":{
      "B":1.0,
      "G":1.0,
      "R":1.0,
      "A":1.0
    },
    "Skin Tone":{
      "B":0.80729198455811,
      "G":0.85898798704147,
      "R":0.96875,
      "A":1.0
    }
  },
  "ModVersion":"1.1.0",
  "EyeMaterial":"/Game/Art/Character/Modular/Eyes_WoodElf/MIC_WoodElf_Eyes_Black.MIC_WoodElf_Eyes_Black",
  "Body":"SkeletalMesh /Game/Art/Character/Imperial/SK_Imperial_Body_m.SK_Imperial_Body_m",
  "Description":"saved from in-game",
  "SenescenceLevel":7,
  "APIVersion":"v2",
  "ModCreator":"animandan",
  "ModName":"RaceMenuUtilities",
  "Hair":"/Game/Dev/Phenotypes/Hair/HP_HR_MediumLength.HP_HR_MediumLength",
  "Name":"BP_Baenlin_C"
}