{
  "APIVersion":"v2",
  "SkinParametersMap":{
    "Tip Color":0.41572999954224,
    "Ombre Constrast":0.0,
    "Eyebrows Color Intensity":0.47940000891685,
    "Ombre Amount":1.0,
    "Salt And Pepper":0.0,
    "Freckles":0.0,
    "Eyebrows Redness Intensity":0.0,
    "Root Color":0.5730339884758,
    "Complexion":0.31460699439049,
    "Lipstick Amount":0.0,
    "Cheek Blush Light/Red":0.0,
    "Root Redness":0.0,
    "Khajiit Pattern Number":0.0,
    "Tip Redness":0.0,
    "Cheekbones Flushed/Pale":0.0,
    "Eyelids Pale/Red":0.34456899762154,
    "Eye socket Bruised/Bright":-0.2846440076828
  },
  "Author":"Bethesda",
  "Race":"TESRace /Game/Forms/actors/race/Orc.Orc",
  "HairColorsL":{
    "0":{
      "R":0.125,
      "G":0.096546001732349,
      "B":0.0859379991889,
      "A":1.0
    }
  },
  "Body":"SkeletalMesh /Game/Art/Character/Imperial/SK_Imperial_Body_m.SK_Imperial_Body_m",
  "Date":"2025-06-04 19:29:41",
  "SkinColorsMapL":{
    "Root DyeColor":{
      "R":1.0,
      "G":1.0,
      "B":1.0,
      "A":1.0
    },
    "Eyeliner Tone":{
      "R":1.0,
      "G":1.0,
      "B":1.0,
      "A":1.0
    },
    "Lipstick Color":{
      "R":1.0,
      "G":1.0,
      "B":1.0,
      "A":1.0
    },
    "Skin Tone":{
      "R":1.0,
      "G":1.0,
      "B":1.0,
      "A":1.0
    },
    "Tip DyeColor":{
      "R":1.0,
      "G":1.0,
      "B":1.0,
      "A":1.0
    }
  },
  "Sex":0,
  "ModCreator":"animandan",
  "ModVersion":"1.1.0",
  "ModName":"RaceMenuUtilities",
  "FaceBaseMesh":"/Game/Art/Character/Orc/SK_Orc_Head_m.SK_Orc_Head_m",
  "Hair":"/Game/Dev/Phenotypes/Hair/HP_Orc_HR_Topknot.HP_Orc_HR_Topknot",
  "Description":"saved from in-game",
  "SenescenceLevel":0,
  "FaceMorphValuesMap":{
    "Face Gaunt / Round":-0.13029250502586,
    "Nose Short / Long":0.0,
    "Nose Tilt Down / Up":0.0,
    "Mouth Sad / Happy":-0.19352959096432,
    "Mouth Retracted / Protruding":0.26954552531242,
    "Chin Short / Tall":0.24966326355934,
    "Cheekbones Low / High":-0.004401283338666,
    "Nose Nostrils Tilt Down / Up":0.018948912620544,
    "Mouth Deflated / Inflated":-1.0,
    "Hair Length":0.0,
    "Nose Sellion Shallow / Deep":0.0,
    "Chin Shallow / Deep":0.29934164881706,
    "Jaw Concave / Convex":0.68873566389084,
    "Brow Ridge Low / High":-0.19198980927467,
    "Chin Recessed / Pronounced":0.12478345632553,
    "Mouth Tilt Down / Up":0.086244247853756,
    "Nose Sellion Thin / Wide":0.0,
    "Cheeks Gaunt / Round":0.46141996979713,
    "Nose Sellion Lower Shallow / Deep":0.0,
    "Nose Sellion Down / Up":0.1008987352252,
    "Cheeks Concave / Convex":-0.19921174645424,
    "Nose Region Concave / Convex":-0.19622632861137,
    "Eyes Inward / Outward":-0.089558772742748,
    "Nose Nostrils Thin / Wide":0.008150415495038,
    "Brow Ridge Inner Down / Up":-0.21898199617863,
    "Eyes Apart / Together":0.067502789199352,
    "Mouth Underbite / Overbite":-0.0043989424593747,
    "Chin Retracted / Jutting":0.33547469973564,
    "Brow / Nose / Chin Ratio":-0.044113948941231,
    "Nose Bridge Short / Long":-0.29081150889397,
    "Mouth Low / High":-0.21344827115536,
    "Forehead Small / Large":0.45620307326317,
    "Nose Bridge Shallow / Deep":0.29557833075523,
    "Eyes Small / Large":-0.1656329780817,
    "Forehead / Sellion / Nose Ratio":0.23420588672161,
    "Mouth Chin Short / Long":-0.51733893156052,
    "Forehead Short / Tall":0.10125163942575,
    "Eyes Down / Up":-0.92229998111725,
    "Vampire":0.0,
    "Mouth Retracted / Puckered":-0.14115624129772,
    "Jaw Retracted / Jutting":0.064579024910927,
    "Mouth Drawn / Pursed":-0.43423300981522,
    "Cheekbones Thin / Wide":-0.45157781243324,
    "Nose Down / Up":0.20082855224609,
    "Jaw Neck Slope Low / High":0.093966133892536,
    "Chin Thin / Wide":0.013791412115097,
    "Cheekbones Shallow / Pronounced":0.19837509095669,
    "Nose Nostrils Small / Large":-0.51331800222397,
    "Nose Flat / Pointed":-0.34841388463974,
    "Face Thin / Wide":0.22503340244293,
    "Chin Backward / Forward":0.27059400081635,
    "Face Light / Heavy":0.023967999964952,
    "Mouth Small / Large":0.17852368950844,
    "Forehead Back / Forward":0.36881172657013,
    "Jaw Thin / Wide":-0.094573974609375,
    "Brow Ridge Outer Down / Up":-0.27877908945084,
    "Chin Small / Large":0.4677030146122
  },
  "Name":"BP_BlackBrugo_C"
}