{
  "ModName":"RaceMenuUtilities",
  "FaceBaseMesh":"/Game/Art/Character/Breton/SK_Breton_Head_f.SK_Breton_Head_f",
  "Author":"Bethesda",
  "Date":"2025-06-04 20:30:49",
  "SkinColorsMapL":{
    "Lipstick Color":{
      "A":1.0,
      "B":1.0,
      "G":1.0,
      "R":1.0
    },
    "Eyeliner Tone":{
      "A":1.0,
      "B":0.4375,
      "G":0.4375,
      "R":0.4375
    },
    "Root DyeColor":{
      "A":1.0,
      "B":0.0,
      "G":0.0,
      "R":0.0
    },
    "Tip DyeColor":{
      "A":1.0,
      "B":0.0,
      "G":0.0,
      "R":0.0
    },
    "Skin Tone":{
      "A":1.0,
      "B":1.0,
      "G":1.0,
      "R":1.0
    }
  },
  "APIVersion":"v2",
  "FaceMorphValuesMap":{
    "Eyes Small / Large":0.011090556159616,
    "Jaw Thin / Wide":0.83999997377396,
    "Brow Ridge Low / High":-0.014851939864457,
    "Chin Retracted / Jutting":0.25241795182228,
    "Face Thin / Wide":-0.44950300455093,
    "Hair Length":0.0,
    "Chin Backward / Forward":-0.65384602546692,
    "Vampire":0.0,
    "Mouth Underbite / Overbite":0.07531064003706,
    "Eyes Inward / Outward":-0.10073061287403,
    "Mouth Sad / Happy":0.01238652318716,
    "Jaw Retracted / Jutting":0.051786042749882,
    "Nose Flat / Pointed":-0.073869399726391,
    "Chin Recessed / Pronounced":0.24059419333935,
    "Cheeks Gaunt / Round":0.20767214894295,
    "Forehead Back / Forward":-0.43582999706268,
    "Nose Sellion Down / Up":0.029964445158839,
    "Mouth Deflated / Inflated":-0.13422439992428,
    "Mouth Small / Large":0.63621598482132,
    "Nose Tilt Down / Up":0.0,
    "Nose Short / Long":0.0,
    "Mouth Drawn / Pursed":0.15592797100544,
    "Chin Short / Tall":-0.4186820089817,
    "Nose Sellion Thin / Wide":0.0,
    "Jaw Neck Slope Low / High":-0.013038820587099,
    "Cheekbones Shallow / Pronounced":0.089899152517319,
    "Nose Sellion Shallow / Deep":0.47999998927116,
    "Mouth Tilt Down / Up":-0.019545534625649,
    "Brow / Nose / Chin Ratio":0.28972125053406,
    "Brow Ridge Outer Down / Up":-0.060414250940084,
    "Chin Small / Large":0.40883898735046,
    "Mouth Retracted / Puckered":0.072722695767879,
    "Chin Thin / Wide":0.63710802793503,
    "Nose Nostrils Tilt Down / Up":0.1640270203352,
    "Face Gaunt / Round":0.3404369354248,
    "Cheekbones Thin / Wide":-0.10402100533247,
    "Forehead / Sellion / Nose Ratio":-0.097038045525551,
    "Cheekbones Low / High":0.42294239997864,
    "Nose Bridge Short / Long":0.11225318908691,
    "Forehead Short / Tall":-0.52263897657394,
    "Nose Bridge Shallow / Deep":0.01541097741574,
    "Mouth Chin Short / Long":-0.019419839605689,
    "Face Light / Heavy":0.046744763851166,
    "Nose Region Concave / Convex":0.062516614794731,
    "Mouth Retracted / Protruding":0.034555278718472,
    "Cheeks Concave / Convex":-0.059463053941727,
    "Nose Nostrils Small / Large":0.1684754639864,
    "Jaw Concave / Convex":0.37165001034737,
    "Nose Down / Up":0.24979400634766,
    "Mouth Low / High":0.057747613638639,
    "Eyes Down / Up":-0.30203124880791,
    "Chin Shallow / Deep":0.10618565231562,
    "Eyes Apart / Together":-0.030061651021242,
    "Brow Ridge Inner Down / Up":0.062576003372669,
    "Nose Sellion Lower Shallow / Deep":0.0,
    "Nose Nostrils Thin / Wide":-0.11751914024353,
    "Forehead Small / Large":-0.0023400634527206
  },
  "EyeMaterial":"/Game/Art/Character/Modular/Eyes_Human/MIC_Human_Eyes_Green2.MIC_Human_Eyes_Green2",
  "HairColorsL":{
    "0":{
      "A":1.0,
      "B":0.08398400247097,
      "G":0.1452250033617,
      "R":0.22395800054073
    }
  },
  "SkinParametersMap":{
    "Complexion":0.47999998927116,
    "Freckles":0.60000002384186,
    "Ombre Amount":0.0,
    "Eylids Light/Dark":0.0,
    "Skin Tint Purple/Yellow":0.14000000059605,
    "Cheek Blush Light/Red":0.18000000715256,
    "Ombre Constrast":0.0,
    "Tip Color":0.10000000149012,
    "Eye socket Bruised/Bright":0.0,
    "Skin Tint Orange/Blue":0.0,
    "Eyebrows Color Intensity":0.0,
    "Tip Redness":0.5,
    "Root Redness":0.5,
    "Root Color":0.10000000149012,
    "Skin Dark/Light":0.0,
    "Salt And Pepper":0.0,
    "Eyebrows Redness Intensity":0.0,
    "Eyeliner Light/Dark":0.0,
    "Eyelids Pale/Red":0.36000001430511,
    "Cheekbones Flushed/Pale":0.37999999523163,
    "Eye Socket Dark/Light":0.0,
    "Lipstick Amount":0.0
  },
  "SenescenceLevel":1,
  "Sex":1,
  "Description":"saved from in-game",
  "ModCreator":"animandan",
  "ModVersion":"1.1.0",
  "Hair":"/Game/Dev/Phenotypes/Hair/HP_HR_Ponytail.HP_HR_Ponytail",
  "Name":"BP_BanditWizardFemale4A_C",
  "Race":"TESRace /Game/Forms/actors/race/Breton.Breton",
  "Body":"SkeletalMesh /Game/Art/Character/Imperial/SK_Imperial_Body_m.SK_Imperial_Body_m"
}