{
  "APIVersion":"v2",
  "SkinParametersMap":{
    "Tip Color":0.5,
    "Ombre Constrast":1.0,
    "Complexion":0.0,
    "Ombre Amount":1.0,
    "Lipstick Amount":0.0,
    "Salt And Pepper":0.0,
    "Skin Dark/Light":0.0,
    "Root Redness":0.5,
    "Eye socket Bruised/Bright":0.0,
    "Freckles":0.0,
    "Eyeliner Light/Dark":0.0,
    "Eyebrows Redness Intensity":0.0,
    "Eye Socket Dark/Light":0.0,
    "Eyebrows Color Intensity":0.0,
    "Root Color":0.10000000149012,
    "Cheek Blush Light/Red":0.0,
    "Eylids Light/Dark":0.0,
    "Skin Tint Orange/Blue":0.10000000149012,
    "Tip Redness":0.5,
    "Cheekbones Flushed/Pale":0.0,
    "Eyelids Pale/Red":0.0,
    "Skin Tint Purple/Yellow":0.15999999642372
  },
  "Author":"Bethesda",
  "Race":"TESRace /Game/Forms/actors/race/DarkElf.DarkElf",
  "HairColorsL":[],
  "Body":"SkeletalMesh /Game/Art/Character/Imperial/SK_Imperial_Body_m.SK_Imperial_Body_m",
  "Date":"2025-06-04 19:28:05",
  "ModCreator":"animandan",
  "ModName":"RaceMenuUtilities",
  "SkinColorsMapL":{
    "Tip DyeColor":{
      "R":0.36130678653717,
      "G":0.16202937066555,
      "B":0.016807375475764,
      "A":1.0
    },
    "Lipstick Color":{
      "R":1.0,
      "G":1.0,
      "B":1.0,
      "A":1.0
    },
    "Root DyeColor":{
      "R":1.0,
      "G":1.0,
      "B":1.0,
      "A":1.0
    }
  },
  "Beard":"/Game/Dev/Phenotypes/Beard/HP_DarkElf_BD_Scruffy.HP_DarkElf_BD_Scruffy",
  "Sex":0,
  "ModVersion":"1.1.0",
  "EyeMaterial":"/Game/Art/Character/Modular/MIC_ME_DarkElf.MIC_ME_DarkElf",
  "Description":"saved from in-game",
  "FaceBaseMesh":"/Game/Art/Character/DarkElf/SK_DarkElf_Head_m.SK_DarkElf_Head_m",
  "FaceMorphValuesMap":{
    "Face Gaunt / Round":0.34656867384911,
    "Nose Short / Long":0.0,
    "Nose Tilt Down / Up":0.0,
    "Mouth Sad / Happy":-0.26408776640892,
    "Mouth Retracted / Protruding":0.0045719998888671,
    "Chin Short / Tall":-0.15873734652996,
    "Cheekbones Low / High":0.0,
    "Nose Nostrils Tilt Down / Up":0.028893768787384,
    "Mouth Deflated / Inflated":0.31559029221535,
    "Hair Length":0.0,
    "Nose Sellion Shallow / Deep":0.0,
    "Chin Shallow / Deep":0.12750504910946,
    "Jaw Concave / Convex":-0.16648732125759,
    "Brow Ridge Low / High":-0.22171385586262,
    "Chin Recessed / Pronounced":0.45768401026726,
    "Mouth Tilt Down / Up":-0.28332385420799,
    "Nose Sellion Thin / Wide":0.0,
    "Cheeks Gaunt / Round":0.27408900856972,
    "Nose Sellion Lower Shallow / Deep":0.0,
    "Nose Sellion Down / Up":0.016361141577363,
    "Cheeks Concave / Convex":0.20264899730682,
    "Nose Region Concave / Convex":0.39777341485023,
    "Eyes Inward / Outward":-0.013191414065659,
    "Nose Nostrils Thin / Wide":-0.38187798857689,
    "Brow Ridge Inner Down / Up":0.72585999965668,
    "Eyes Apart / Together":0.29115998744965,
    "Mouth Underbite / Overbite":-0.054411001503468,
    "Chin Retracted / Jutting":0.11639227718115,
    "Brow / Nose / Chin Ratio":0.49917131662369,
    "Nose Bridge Short / Long":0.085755996406078,
    "Mouth Low / High":-0.70593082904816,
    "Forehead Small / Large":0.020479682832956,
    "Nose Bridge Shallow / Deep":0.43144100904465,
    "Eyes Small / Large":0.023264074698091,
    "Forehead / Sellion / Nose Ratio":-0.15832796692848,
    "Mouth Chin Short / Long":-0.52038031816483,
    "Forehead Short / Tall":0.73974031209946,
    "Eyes Down / Up":-0.41108438372612,
    "Vampire":0.0,
    "Mouth Retracted / Puckered":0.085090659558773,
    "Jaw Retracted / Jutting":-0.29884216189384,
    "Mouth Drawn / Pursed":0.015206361189485,
    "Cheekbones Thin / Wide":-0.45684599876404,
    "Nose Down / Up":-0.39414501190186,
    "Jaw Neck Slope Low / High":-0.45748242735863,
    "Chin Thin / Wide":0.06831331551075,
    "Cheekbones Shallow / Pronounced":-0.083374001085758,
    "Nose Nostrils Small / Large":-0.29074600338936,
    "Nose Flat / Pointed":0.31727400422096,
    "Face Thin / Wide":-0.4266420006752,
    "Chin Backward / Forward":-0.4154506623745,
    "Face Light / Heavy":0.35941025614738,
    "Mouth Small / Large":0.15546761453152,
    "Forehead Back / Forward":0.36770793795586,
    "Jaw Thin / Wide":0.32710111141205,
    "Brow Ridge Outer Down / Up":-0.072834841907024,
    "Chin Small / Large":-0.026755476370454
  },
  "Hair":"/Game/Dev/Phenotypes/Hair/HP_Imperial_HR_Headband.HP_Imperial_HR_Headband",
  "Mustache":"/Game/Dev/Phenotypes/Mustache/HP_DarkElf_MS_Scruffy.HP_DarkElf_MS_Scruffy",
  "SenescenceLevel":0,
  "Name":"BP_BlackRockPirate02_C"
}