{
  "ModName":"RaceMenuUtilities",
  "FaceBaseMesh":"/Game/Art/Character/Imperial/SK_Imperial_Head_m.SK_Imperial_Head_m",
  "Author":"Bethesda",
  "Date":"2025-06-04 20:30:51",
  "SkinColorsMapL":{
    "Lipstick Color":{
      "A":1.0,
      "B":1.0,
      "G":1.0,
      "R":1.0
    },
    "Eyeliner Tone":{
      "A":1.0,
      "B":1.0,
      "G":1.0,
      "R":1.0
    },
    "Root DyeColor":{
      "A":1.0,
      "B":1.0,
      "G":1.0,
      "R":1.0
    },
    "Tip DyeColor":{
      "A":1.0,
      "B":1.0,
      "G":1.0,
      "R":1.0
    },
    "Skin Tone":{
      "A":1.0,
      "B":0.72032302618027,
      "G":0.89641100168228,
      "R":0.97395801544189
    }
  },
  "Name":"BP_BrumaGuardCityPatrolNight01_C",
  "FaceMorphValuesMap":{
    "Eyes Small / Large":-0.42929801344872,
    "Jaw Thin / Wide":-0.59920001029968,
    "Brow Ridge Low / High":-0.40415599942207,
    "Chin Retracted / Jutting":0.0,
    "Face Thin / Wide":0.61668914556503,
    "Hair Length":0.0,
    "Chin Backward / Forward":0.0,
    "Vampire":0.0,
    "Mouth Underbite / Overbite":0.40957701206207,
    "Eyes Inward / Outward":0.5832239985466,
    "Mouth Sad / Happy":-0.15099999308586,
    "Jaw Retracted / Jutting":0.36154299974442,
    "Nose Flat / Pointed":0.0,
    "Chin Recessed / Pronounced":0.0,
    "Cheeks Gaunt / Round":0.41303715109825,
    "Forehead Back / Forward":0.029140187427402,
    "Nose Sellion Down / Up":-0.079999998211861,
    "Mouth Deflated / Inflated":0.23692165315151,
    "Mouth Small / Large":0.34619700908661,
    "Nose Tilt Down / Up":0.0,
    "Nose Short / Long":0.21999999880791,
    "Mouth Drawn / Pursed":0.0,
    "Chin Short / Tall":0.0,
    "Nose Sellion Thin / Wide":0.0,
    "Jaw Neck Slope Low / High":0.37352800369263,
    "Cheekbones Shallow / Pronounced":-0.71309399604797,
    "Nose Sellion Shallow / Deep":0.37999999523163,
    "Mouth Tilt Down / Up":-0.031493000686169,
    "Brow / Nose / Chin Ratio":0.89292061328888,
    "Brow Ridge Outer Down / Up":-0.27054798603058,
    "Chin Small / Large":0.0,
    "Mouth Retracted / Puckered":0.14252325892448,
    "Chin Thin / Wide":0.58577030897141,
    "Nose Nostrils Tilt Down / Up":0.0,
    "Face Gaunt / Round":-0.56577879190445,
    "Cheekbones Thin / Wide":0.11999999731779,
    "Forehead / Sellion / Nose Ratio":0.53690946102142,
    "Cheekbones Low / High":-0.38967660069466,
    "Nose Bridge Short / Long":0.0,
    "Forehead Short / Tall":0.31769600510597,
    "Nose Bridge Shallow / Deep":0.0,
    "Mouth Chin Short / Long":-0.06403411924839,
    "Face Light / Heavy":-0.23049299418926,
    "Nose Region Concave / Convex":0.0,
    "Mouth Retracted / Protruding":0.26874300837517,
    "Cheeks Concave / Convex":0.11676613241434,
    "Nose Nostrils Small / Large":0.0,
    "Jaw Concave / Convex":-0.34071600437164,
    "Nose Down / Up":0.0,
    "Mouth Low / High":-0.41527676582336,
    "Eyes Down / Up":0.29389223456383,
    "Chin Shallow / Deep":0.0,
    "Eyes Apart / Together":0.65144801139832,
    "Brow Ridge Inner Down / Up":0.049747001379728,
    "Nose Sellion Lower Shallow / Deep":0.0,
    "Nose Nostrils Thin / Wide":0.0,
    "Forehead Small / Large":0.16384334862232
  },
  "EyeMaterial":"/Game/Art/Character/Modular/Eyes_Human/MIC_Human_Eyes_Brown2.MIC_Human_Eyes_Brown2",
  "HairColorsL":{
    "1":{
      "A":1.0,
      "B":0.0036765071563423,
      "G":0.0074990317225456,
      "R":0.012286487966776
    },
    "2":{
      "A":1.0,
      "B":0.061246052384377,
      "G":0.1046164855361,
      "R":0.16202937066555
    },
    "0":{
      "A":1.0,
      "B":1.0,
      "G":1.0,
      "R":1.0
    }
  },
  "SkinParametersMap":{
    "Eylids Light/Dark":0.0,
    "Ombre Amount":1.0,
    "Complexion":0.63999998569489,
    "Lipstick Dark Red/Light Blue":0.0,
    "Eyeshadow Light/Dark":0.0,
    "Root Color":0.10000000149012,
    "Skin Tint Orange/Blue":0.059999998658895,
    "Eyelids Light/Dark":0.0,
    "Naso Small/Large":0.0,
    "Tip Redness":0.5,
    "Skin Tint Purple/Yellow":0.21999999880791,
    "Lipstick Amount":0.0049999998882413,
    "Cheek Blush Light/Red":0.0,
    "Root Redness":0.5,
    "Lips Flushed/Pale":0.0,
    "Ombre Constrast":1.0,
    "Tip Color":0.5799999833107,
    "Eye Sockets Bruised/Bright":0.0,
    "Freckles":1.0,
    "Cheekbones Flushed/Pale":0.63999998569489,
    "Eyebrows Color Intensity":0.0,
    "Naso Labial Lines Light/Dark":0.0,
    "Lipstick Dark Blue/Light Red":0.0,
    "Eye Socket Dark/Light":0.0,
    "Eye socket Bruised/Bright":0.0,
    "Salt And Pepper":0.0,
    "Eyebrows Redness Intensity":0.0,
    "Eyeliner Light/Dark":0.0,
    "Age":0.0,
    "Skin Dark/Light":0.0,
    "Eyelids Pale/Red":0.0,
    "Eye Sockets Dark/Light":0.0
  },
  "Mustache":"/Game/Dev/Phenotypes/Mustache/HP_Imperial_MS_Medium.HP_Imperial_MS_Medium",
  "SenescenceLevel":4,
  "Sex":0,
  "Description":"saved from in-game",
  "Beard":"/Game/Dev/Phenotypes/Beard/HP_New_Curly.HP_New_Curly",
  "ModCreator":"animandan",
  "ModVersion":"1.1.0",
  "APIVersion":"v2",
  "Hair":"/Game/Dev/Phenotypes/Hair/HP_HR_Cropped.HP_HR_Cropped",
  "Race":"TESRace /Game/Forms/actors/race/Imperial.Imperial",
  "Body":"SkeletalMesh /Game/Art/Character/Imperial/SK_Imperial_Body_m.SK_Imperial_Body_m"
}