{
  "ModName":"RaceMenuUtilities",
  "FaceBaseMesh":"/Game/Art/Character/DarkElf/SK_DarkElf_Head_f.SK_DarkElf_Head_f",
  "Author":"Bethesda",
  "Date":"2025-06-04 20:30:47",
  "SkinColorsMapL":{
    "Tip DyeColor":{
      "A":1.0,
      "B":1.0,
      "G":1.0,
      "R":1.0
    },
    "Lipstick Color":{
      "A":1.0,
      "B":1.0,
      "G":1.0,
      "R":1.0
    },
    "Root DyeColor":{
      "A":1.0,
      "B":1.0,
      "G":1.0,
      "R":1.0
    }
  },
  "APIVersion":"v2",
  "FaceMorphValuesMap":{
    "Eyes Small / Large":-0.064941838383675,
    "Jaw Thin / Wide":0.4518084526062,
    "Brow Ridge Low / High":0.083906315267086,
    "Chin Retracted / Jutting":0.27087616920471,
    "Face Thin / Wide":-0.027816999703646,
    "Hair Length":0.0,
    "Chin Backward / Forward":-0.0097443107515574,
    "Vampire":0.0,
    "Mouth Underbite / Overbite":-0.30135622620583,
    "Eyes Inward / Outward":-0.095769181847572,
    "Mouth Sad / Happy":0.35226422548294,
    "Jaw Retracted / Jutting":0.12251339107752,
    "Nose Flat / Pointed":0.28439798951149,
    "Chin Recessed / Pronounced":-0.17433600127697,
    "Cheeks Gaunt / Round":-0.29239338636398,
    "Forehead Back / Forward":-0.37482371926308,
    "Nose Sellion Down / Up":0.30288243293762,
    "Mouth Deflated / Inflated":0.048273611813784,
    "Mouth Small / Large":-0.17574222385883,
    "Nose Tilt Down / Up":0.0,
    "Nose Short / Long":0.0,
    "Mouth Drawn / Pursed":0.11266261339188,
    "Chin Short / Tall":0.078578524291515,
    "Nose Sellion Thin / Wide":0.0,
    "Jaw Neck Slope Low / High":-0.11338334530592,
    "Cheekbones Shallow / Pronounced":-0.051437821239233,
    "Nose Sellion Shallow / Deep":0.0,
    "Mouth Tilt Down / Up":-0.081307411193848,
    "Brow / Nose / Chin Ratio":-0.0078005790710449,
    "Brow Ridge Outer Down / Up":0.12372884899378,
    "Chin Small / Large":0.13422980904579,
    "Mouth Retracted / Puckered":-0.041721701622009,
    "Chin Thin / Wide":0.18405628204346,
    "Nose Nostrils Tilt Down / Up":0.15782959759235,
    "Face Gaunt / Round":0.29157847166061,
    "Cheekbones Thin / Wide":-0.05010399967432,
    "Forehead / Sellion / Nose Ratio":-0.24918250739574,
    "Cheekbones Low / High":0.47171288728714,
    "Nose Bridge Short / Long":-0.17820163071156,
    "Forehead Short / Tall":-0.12977224588394,
    "Nose Bridge Shallow / Deep":-0.041846610605717,
    "Mouth Chin Short / Long":0.099556513130665,
    "Face Light / Heavy":0.44079500436783,
    "Nose Region Concave / Convex":0.12458419799805,
    "Mouth Retracted / Protruding":0.0036046623717993,
    "Cheeks Concave / Convex":-0.025299310684204,
    "Nose Nostrils Small / Large":0.058711767196655,
    "Jaw Concave / Convex":0.067727543413639,
    "Nose Down / Up":-0.082135133445263,
    "Mouth Low / High":-0.3165391087532,
    "Eyes Down / Up":0.28242701292038,
    "Chin Shallow / Deep":-0.22906509041786,
    "Eyes Apart / Together":-0.0065864087082446,
    "Brow Ridge Inner Down / Up":-0.16112615168095,
    "Nose Sellion Lower Shallow / Deep":0.0,
    "Nose Nostrils Thin / Wide":0.097560696303844,
    "Forehead Small / Large":-0.30042293667793
  },
  "EyeMaterial":"/Game/Art/Character/Modular/MIC_ME_DarkElf.MIC_ME_DarkElf",
  "HairColorsL":[],
  "SkinParametersMap":{
    "Complexion":0.0,
    "Freckles":0.0,
    "Ombre Amount":1.0,
    "Eylids Light/Dark":0.0,
    "Skin Tint Purple/Yellow":0.0,
    "Cheek Blush Light/Red":0.0,
    "Ombre Constrast":1.0,
    "Tip Color":0.28000000119209,
    "Eye socket Bruised/Bright":0.0,
    "Skin Tint Orange/Blue":0.0,
    "Eyebrows Color Intensity":0.0,
    "Tip Redness":0.5,
    "Root Redness":0.5,
    "Root Color":0.10000000149012,
    "Skin Dark/Light":0.0,
    "Salt And Pepper":0.0,
    "Eyebrows Redness Intensity":0.0,
    "Eyeliner Light/Dark":0.0,
    "Eyelids Pale/Red":0.0,
    "Cheekbones Flushed/Pale":0.0,
    "Eye Socket Dark/Light":0.0,
    "Lipstick Amount":0.0
  },
  "SenescenceLevel":4,
  "Sex":1,
  "Description":"saved from in-game",
  "ModCreator":"animandan",
  "ModVersion":"1.1.0",
  "Hair":"/Game/Dev/Phenotypes/Hair/HP_Elf_HR_PonyTail.HP_Elf_HR_PonyTail",
  "Name":"BP_BanditBossFemale3_C",
  "Race":"TESRace /Game/Forms/actors/race/DarkElf.DarkElf",
  "Body":"SkeletalMesh /Game/Art/Character/Imperial/SK_Imperial_Body_m.SK_Imperial_Body_m"
}