{
  "ModName":"RaceMenuUtilities",
  "FaceBaseMesh":"/Game/Art/Character/WoodElf/SK_WoodElf_Head_m.SK_WoodElf_Head_m",
  "Author":"Bethesda",
  "Date":"2025-06-04 20:30:50",
  "SkinColorsMapL":{
    "Lipstick Color":{
      "A":1.0,
      "B":0.0085681257769465,
      "G":0.0085681257769465,
      "R":0.1499597877264
    },
    "Eyeliner Tone":{
      "A":1.0,
      "B":1.0,
      "G":1.0,
      "R":1.0
    },
    "Root DyeColor":{
      "A":1.0,
      "B":1.0,
      "G":1.0,
      "R":1.0
    },
    "Tip DyeColor":{
      "A":1.0,
      "B":1.0,
      "G":1.0,
      "R":1.0
    },
    "Skin Tone":{
      "A":1.0,
      "B":1.0,
      "G":1.0,
      "R":1.0
    }
  },
  "Name":"BP_Brodras_C",
  "FaceMorphValuesMap":{
    "Eyes Small / Large":-0.80000001192093,
    "Jaw Thin / Wide":0.34000000357628,
    "Brow Ridge Low / High":0.019999999552965,
    "Chin Retracted / Jutting":0.0,
    "Face Thin / Wide":-0.47999998927116,
    "Hair Length":0.0,
    "Chin Backward / Forward":0.0,
    "Vampire":0.0,
    "Mouth Underbite / Overbite":0.0,
    "Eyes Inward / Outward":0.0,
    "Mouth Sad / Happy":0.89999997615814,
    "Jaw Retracted / Jutting":0.21999999880791,
    "Nose Flat / Pointed":0.0,
    "Chin Recessed / Pronounced":0.0,
    "Cheeks Gaunt / Round":0.56000000238419,
    "Forehead Back / Forward":0.0,
    "Nose Sellion Down / Up":0.0,
    "Mouth Deflated / Inflated":-0.10000000149012,
    "Mouth Small / Large":0.31999999284744,
    "Nose Tilt Down / Up":0.0,
    "Nose Short / Long":0.0,
    "Mouth Drawn / Pursed":0.43999999761581,
    "Chin Short / Tall":-0.85999900102615,
    "Nose Sellion Thin / Wide":0.0,
    "Jaw Neck Slope Low / High":0.18000000715256,
    "Cheekbones Shallow / Pronounced":0.0,
    "Nose Sellion Shallow / Deep":0.0,
    "Mouth Tilt Down / Up":-0.72000098228455,
    "Brow / Nose / Chin Ratio":0.0,
    "Brow Ridge Outer Down / Up":-0.43999999761581,
    "Chin Small / Large":-0.60000002384186,
    "Mouth Retracted / Puckered":0.0,
    "Chin Thin / Wide":0.34000000357628,
    "Nose Nostrils Tilt Down / Up":0.0,
    "Face Gaunt / Round":0.0,
    "Cheekbones Thin / Wide":-0.019999999552965,
    "Forehead / Sellion / Nose Ratio":0.0,
    "Cheekbones Low / High":0.81999999284744,
    "Nose Bridge Short / Long":0.0,
    "Forehead Short / Tall":-0.53999900817871,
    "Nose Bridge Shallow / Deep":0.0,
    "Mouth Chin Short / Long":0.0,
    "Face Light / Heavy":0.46000000834465,
    "Nose Region Concave / Convex":0.0,
    "Mouth Retracted / Protruding":-0.14000000059605,
    "Cheeks Concave / Convex":0.30000001192093,
    "Nose Nostrils Small / Large":0.0,
    "Jaw Concave / Convex":0.93999999761581,
    "Nose Down / Up":0.37999999523163,
    "Mouth Low / High":0.0,
    "Eyes Down / Up":-0.54000002145767,
    "Chin Shallow / Deep":0.0,
    "Eyes Apart / Together":0.36000001430511,
    "Brow Ridge Inner Down / Up":0.5,
    "Nose Sellion Lower Shallow / Deep":0.0,
    "Nose Nostrils Thin / Wide":0.0,
    "Forehead Small / Large":0.89999997615814
  },
  "EyeMaterial":"/Game/Art/Character/Modular/Eyes_WoodElf/MIC_WoodElf_Eyes_Black.MIC_WoodElf_Eyes_Black",
  "HairColorsL":{
    "1":{
      "A":1.0,
      "B":0.061246052384377,
      "G":0.1046164855361,
      "R":0.16202937066555
    },
    "2":{
      "A":1.0,
      "B":0.061246052384377,
      "G":0.1046164855361,
      "R":0.16202937066555
    },
    "0":{
      "A":1.0,
      "B":0.0060488330200315,
      "G":0.01032982300967,
      "R":0.021219009533525
    }
  },
  "SkinParametersMap":{
    "Complexion":0.0,
    "Freckles":-0.68000000715256,
    "Ombre Amount":0.0,
    "Eylids Light/Dark":-0.43999999761581,
    "Skin Tint Purple/Yellow":0.18000000715256,
    "Cheek Blush Light/Red":0.25999900698662,
    "Ombre Constrast":0.0,
    "Tip Color":0.47940099239349,
    "Eye socket Bruised/Bright":-0.20000000298023,
    "Skin Tint Orange/Blue":0.0,
    "Eyebrows Color Intensity":0.5,
    "Tip Redness":1.0,
    "Root Redness":1.0,
    "Root Color":1.0,
    "Skin Dark/Light":0.0,
    "Salt And Pepper":0.18494400382042,
    "Eyebrows Redness Intensity":0.0,
    "Eyeliner Light/Dark":-0.5,
    "Eyelids Pale/Red":0.0,
    "Cheekbones Flushed/Pale":0.28000000119209,
    "Eye Socket Dark/Light":0.0,
    "Lipstick Amount":0.019999999552965
  },
  "Mustache":"/Game/Dev/Phenotypes/Mustache/HP_WoodElf_MS_Medium.HP_WoodElf_MS_Medium",
  "SenescenceLevel":2,
  "Sex":0,
  "Description":"saved from in-game",
  "Beard":"/Game/Dev/Phenotypes/Beard/HP_WoodElf_BD_Goatee.HP_WoodElf_BD_Goatee",
  "ModCreator":"animandan",
  "ModVersion":"1.1.0",
  "APIVersion":"v2",
  "Hair":"/Game/Dev/Phenotypes/Hair/HP_HighElf_HR_Classic.HP_HighElf_HR_Classic",
  "Race":"TESRace /Game/Forms/actors/race/WoodElf.WoodElf",
  "Body":"SkeletalMesh /Game/Art/Character/Imperial/SK_Imperial_Body_m.SK_Imperial_Body_m"
}