{
  "Race":"TESRace /Game/Forms/actors/race/Nord.Nord",
  "FaceBaseMesh":"/Game/Art/Character/Nord/SK_Nord_Head_m.SK_Nord_Head_m",
  "Date":"2025-06-04 18:33:57",
  "HairColorsL":{
    "0":{
      "B":1.0,
      "G":1.0,
      "R":1.0,
      "A":1.0
    }
  },
  "SkinParametersMap":{
    "Cheekbones Flushed/Pale":0.27999898791313,
    "Eyelids Pale/Red":0.20000000298023,
    "Skin Tint Purple/Yellow":0.30000001192093,
    "Lipstick Amount":0.0099999997764826,
    "Cheek Blush Light/Red":-0.47999998927116,
    "Skin Dark/Light":0.40000000596046,
    "Complexion":0.18000000715256,
    "Salt And Pepper":0.38951298594475,
    "Eye Socket Dark/Light":-0.18000000715256,
    "Eylids Light/Dark":0.30000001192093,
    "Khajiit Pattern Number":0.0,
    "Ombre Amount":1.0,
    "Freckles":0.54000002145767,
    "Root Color":0.20973800122738,
    "Ombre Constrast":1.0,
    "Eyeliner Light/Dark":0.46000000834465,
    "Tip Color":0.089887998998165,
    "Eyebrows Redness Intensity":-0.25999999046326,
    "Root Redness":0.0,
    "Skin Tint Orange/Blue":0.019999999552965,
    "Eye socket Bruised/Bright":0.20000000298023,
    "Tip Redness":0.0,
    "Eyebrows Color Intensity":0.6795499920845
  },
  "Sex":0,
  "FaceMorphValuesMap":{
    "Hair Length":0.0,
    "Vampire":0.0,
    "Nose Sellion Down / Up":0.23999999463558,
    "Forehead Back / Forward":0.0,
    "Mouth Deflated / Inflated":0.20000000298023,
    "Chin Backward / Forward":0.31999999284744,
    "Eyes Apart / Together":0.66000002622604,
    "Nose Tilt Down / Up":0.0,
    "Mouth Sad / Happy":0.5,
    "Brow Ridge Outer Down / Up":-0.03999999910593,
    "Nose Sellion Thin / Wide":-0.16000099480152,
    "Nose Short / Long":0.0,
    "Nose Sellion Shallow / Deep":0.47999998927116,
    "Brow / Nose / Chin Ratio":-0.43999999761581,
    "Chin Small / Large":-0.30000001192093,
    "Nose Flat / Pointed":-0.10547400265932,
    "Jaw Thin / Wide":-0.45407500863075,
    "Nose Nostrils Tilt Down / Up":-0.46000000834465,
    "Eyes Inward / Outward":0.0,
    "Cheekbones Shallow / Pronounced":0.66000002622604,
    "Nose Nostrils Thin / Wide":0.5799999833107,
    "Chin Shallow / Deep":0.28844499588013,
    "Nose Down / Up":-0.6610170006752,
    "Nose Bridge Short / Long":-0.18000100553036,
    "Mouth Tilt Down / Up":-0.079999998211861,
    "Chin Thin / Wide":0.19432899355888,
    "Face Light / Heavy":-0.058655001223087,
    "Mouth Chin Short / Long":0.0,
    "Jaw Concave / Convex":0.41999998688698,
    "Brow Ridge Low / High":0.0,
    "Chin Recessed / Pronounced":0.059999998658895,
    "Cheeks Gaunt / Round":0.25000101327896,
    "Face Thin / Wide":-0.83999997377396,
    "Eyes Down / Up":-0.68000000715256,
    "Jaw Retracted / Jutting":-0.66000002622604,
    "Chin Short / Tall":-0.15999999642372,
    "Jaw Neck Slope Low / High":0.054836001247168,
    "Nose Bridge Shallow / Deep":-0.10327400267124,
    "Mouth Retracted / Protruding":0.0,
    "Cheekbones Thin / Wide":0.051242001354694,
    "Mouth Low / High":-0.62000000476837,
    "Mouth Retracted / Puckered":0.0,
    "Mouth Small / Large":-0.60000002384186,
    "Forehead Short / Tall":-0.16409499943256,
    "Nose Nostrils Small / Large":-0.16000099480152,
    "Chin Retracted / Jutting":0.25,
    "Forehead Small / Large":-0.77999997138977,
    "Cheekbones Low / High":0.47999900579453,
    "Eyes Small / Large":0.0,
    "Cheeks Concave / Convex":0.40826299786568,
    "Brow Ridge Inner Down / Up":-0.5,
    "Nose Sellion Lower Shallow / Deep":0.62000000476837,
    "Face Gaunt / Round":-0.46000000834465,
    "Mouth Underbite / Overbite":0.36000001430511,
    "Nose Region Concave / Convex":-0.15240700542927,
    "Forehead / Sellion / Nose Ratio":-0.51999998092651,
    "Mouth Drawn / Pursed":0.0
  },
  "Author":"Bethesda",
  "SkinColorsMapL":{
    "Lipstick Color":{
      "B":1.0,
      "G":1.0,
      "R":1.0,
      "A":1.0
    },
    "Tip DyeColor":{
      "B":0.01161224488169,
      "G":0.21586050093174,
      "R":1.0,
      "A":1.0
    },
    "Root DyeColor":{
      "B":1.0,
      "G":1.0,
      "R":1.0,
      "A":1.0
    },
    "Eyeliner Tone":{
      "B":1.0,
      "G":1.0,
      "R":1.0,
      "A":1.0
    },
    "Skin Tone":{
      "B":1.0,
      "G":1.0,
      "R":1.0,
      "A":1.0
    }
  },
  "ModVersion":"1.1.0",
  "EyeMaterial":"/Game/Art/Character/Nord/MIC_Nord_Eye.MIC_Nord_Eye",
  "Body":"SkeletalMesh /Game/Art/Character/Imperial/SK_Imperial_Body_m.SK_Imperial_Body_m",
  "Description":"saved from in-game",
  "SenescenceLevel":6,
  "APIVersion":"v2",
  "ModCreator":"animandan",
  "ModName":"RaceMenuUtilities",
  "Hair":"/Game/Dev/Phenotypes/Hair/HP_Nord_HR_BaldPony.HP_Nord_HR_BaldPony",
  "Name":"BP_Beirir_C"
}