{
  "Sex":0,
  "HairColorsL":{
    "0":{
      "A":1.0,
      "R":0.22395800054073,
      "G":0.1452250033617,
      "B":0.08398400247097
    }
  },
  "Author":"Bethesda",
  "Date":"2025-06-04 19:34:56",
  "Description":"saved from in-game",
  "Name":"BP_BeggarCheydinhalBrucciusTheOrphan_C",
  "ModCreator":"animandan",
  "ModName":"RaceMenuUtilities",
  "FaceBaseMesh":"/Game/Art/Character/Imperial/SK_Imperial_Head_m.SK_Imperial_Head_m",
  "Body":"SkeletalMesh /Game/Art/Character/Imperial/SK_Imperial_Body_m.SK_Imperial_Body_m",
  "Race":"TESRace /Game/Forms/actors/race/Imperial.Imperial",
  "FaceMorphValuesMap":{
    "Nose Nostrils Thin / Wide":-0.38651299476624,
    "Forehead / Sellion / Nose Ratio":-0.099968425929546,
    "Cheekbones Thin / Wide":0.11145400255919,
    "Forehead Small / Large":0.10348600149155,
    "Chin Recessed / Pronounced":0.016527308151126,
    "Brow / Nose / Chin Ratio":0.1776714771986,
    "Jaw Thin / Wide":-0.93999999761581,
    "Cheeks Gaunt / Round":0.37929600477219,
    "Chin Backward / Forward":-0.13512444496155,
    "Chin Thin / Wide":-0.2599790096283,
    "Forehead Short / Tall":0.28442001342773,
    "Face Thin / Wide":-0.62266600131989,
    "Brow Ridge Inner Down / Up":-0.67546999454498,
    "Mouth Underbite / Overbite":-0.36821401119232,
    "Mouth Low / High":0.26226699352264,
    "Vampire":0.0,
    "Face Gaunt / Round":-0.46000000834465,
    "Eyes Small / Large":-0.86495101451874,
    "Mouth Drawn / Pursed":0.30554151535034,
    "Chin Retracted / Jutting":0.021324941888452,
    "Nose Tilt Down / Up":0.0,
    "Mouth Small / Large":0.0,
    "Nose Short / Long":0.0,
    "Nose Bridge Shallow / Deep":-0.34038177132607,
    "Nose Sellion Thin / Wide":0.62000000476837,
    "Mouth Retracted / Protruding":-0.20261779427528,
    "Nose Sellion Shallow / Deep":0.0,
    "Jaw Retracted / Jutting":-0.054517146199942,
    "Nose Sellion Down / Up":-0.27557599544525,
    "Eyes Inward / Outward":0.12275302410126,
    "Nose Region Concave / Convex":0.091608390212059,
    "Brow Ridge Outer Down / Up":0.42433801293373,
    "Nose Nostrils Small / Large":0.29750582575798,
    "Eyes Apart / Together":0.88920801877975,
    "Nose Nostrils Tilt Down / Up":-0.30939400196075,
    "Nose Flat / Pointed":0.10639180988073,
    "Mouth Tilt Down / Up":-0.40705099701881,
    "Jaw Concave / Convex":0.50348699092865,
    "Mouth Sad / Happy":0.26542988419533,
    "Cheekbones Shallow / Pronounced":-0.47999900579453,
    "Face Light / Heavy":0.54896700382233,
    "Nose Down / Up":0.061062000691891,
    "Chin Short / Tall":0.75999999046326,
    "Eyes Down / Up":-0.17708517611027,
    "Cheeks Concave / Convex":0.35962998867035,
    "Nose Bridge Short / Long":0.23591478168964,
    "Mouth Chin Short / Long":-0.16185039281845,
    "Nose Sellion Lower Shallow / Deep":0.0,
    "Mouth Retracted / Puckered":-0.096828900277615,
    "Hair Length":0.0,
    "Mouth Deflated / Inflated":0.47859698534012,
    "Chin Shallow / Deep":-0.38214701414108,
    "Jaw Neck Slope Low / High":-0.022951999679208,
    "Brow Ridge Low / High":-0.63999998569489,
    "Cheekbones Low / High":0.2017520070076,
    "Forehead Back / Forward":-0.41705700755119,
    "Chin Small / Large":-0.081264950335026
  },
  "Hair":"/Game/Dev/Phenotypes/Hair/HP_Human_HR_MessyBalding.HP_Human_HR_MessyBalding",
  "SkinParametersMap":{
    "Complexion":0.0,
    "Cheek Blush Light/Red":0.0,
    "Eyebrows Color Intensity":0.32584300637245,
    "Eye socket Bruised/Bright":0.0,
    "Lipstick Amount":0.0,
    "Root Redness":0.0,
    "Freckles":0.0,
    "Cheekbones Flushed/Pale":0.0,
    "Eyebrows Redness Intensity":1.0,
    "Root Color":0.0,
    "Eyelids Pale/Red":0.0,
    "Tip Color":0.0,
    "Tip Redness":0.0,
    "Ombre Amount":0.0,
    "Salt And Pepper":0.50936299562454,
    "Ombre Constrast":0.0
  },
  "APIVersion":"v2",
  "SenescenceLevel":4,
  "ModVersion":"1.1.0",
  "SkinColorsMapL":{
    "Root DyeColor":{
      "A":1.0,
      "R":0.0047769998200238,
      "G":0.0012140000471845,
      "B":0.0
    },
    "Eyeliner Tone":{
      "A":1.0,
      "R":1.0,
      "G":1.0,
      "B":1.0
    },
    "Tip DyeColor":{
      "A":1.0,
      "R":0.10702300071716,
      "G":0.034340001642704,
      "B":0.0056050000712276
    },
    "Skin Tone":{
      "A":1.0,
      "R":1.0,
      "G":1.0,
      "B":1.0
    },
    "Lipstick Color":{
      "A":1.0,
      "R":0.093058958649635,
      "G":0.0009105809731409,
      "B":0.0097212167456746
    }
  }
}