{
  "Sex":0,
  "HairColorsL":{
    "0":{
      "A":1.0,
      "R":0.021219009533525,
      "G":0.01032982300967,
      "B":0.0060488330200315
    }
  },
  "Author":"Bethesda",
  "Date":"2025-06-04 19:33:43",
  "Description":"saved from in-game",
  "Name":"BP_BravilGuardCityPatrolNight01_C",
  "ModCreator":"animandan",
  "ModName":"RaceMenuUtilities",
  "FaceBaseMesh":"/Game/Art/Character/Imperial/SK_Imperial_Head_m.SK_Imperial_Head_m",
  "Body":"SkeletalMesh /Game/Art/Character/Imperial/SK_Imperial_Body_m.SK_Imperial_Body_m",
  "Race":"TESRace /Game/Forms/actors/race/Imperial.Imperial",
  "FaceMorphValuesMap":{
    "Nose Nostrils Thin / Wide":0.42361679673195,
    "Forehead / Sellion / Nose Ratio":0.10485297441483,
    "Cheekbones Thin / Wide":0.01385703869164,
    "Forehead Small / Large":0.32253161072731,
    "Chin Recessed / Pronounced":0.04959112778306,
    "Brow / Nose / Chin Ratio":0.46823236346245,
    "Jaw Thin / Wide":-0.11629861593246,
    "Cheeks Gaunt / Round":0.49986410140991,
    "Chin Backward / Forward":-0.45457273721695,
    "Chin Thin / Wide":0.34881457686424,
    "Forehead Short / Tall":-0.52307599782944,
    "Face Thin / Wide":0.011646923609078,
    "Brow Ridge Inner Down / Up":0.64103579521179,
    "Mouth Underbite / Overbite":-0.097930893301964,
    "Mouth Low / High":-0.10712669044733,
    "Vampire":0.0,
    "Face Gaunt / Round":-0.23640623688698,
    "Eyes Small / Large":-0.49817499518394,
    "Mouth Drawn / Pursed":0.08099128305912,
    "Chin Retracted / Jutting":0.22727410495281,
    "Nose Tilt Down / Up":0.0,
    "Mouth Small / Large":-0.021244814619422,
    "Nose Short / Long":0.0,
    "Nose Bridge Shallow / Deep":0.33486571907997,
    "Nose Sellion Thin / Wide":0.0,
    "Mouth Retracted / Protruding":-0.12550550699234,
    "Nose Sellion Shallow / Deep":0.0,
    "Jaw Retracted / Jutting":-0.098052002489567,
    "Nose Sellion Down / Up":0.041934706270695,
    "Eyes Inward / Outward":0.058349132537842,
    "Nose Region Concave / Convex":0.17786751687527,
    "Brow Ridge Outer Down / Up":-0.02234660461545,
    "Nose Nostrils Small / Large":0.25401422381401,
    "Eyes Apart / Together":0.49124199151993,
    "Nose Nostrils Tilt Down / Up":0.23096834123135,
    "Nose Flat / Pointed":0.05609030649066,
    "Mouth Tilt Down / Up":0.2731354534626,
    "Jaw Concave / Convex":0.52278572320938,
    "Mouth Sad / Happy":0.034480303525925,
    "Cheekbones Shallow / Pronounced":0.0023261539172381,
    "Face Light / Heavy":-0.038180004805326,
    "Nose Down / Up":-0.018823735415936,
    "Chin Short / Tall":-0.20519402623177,
    "Eyes Down / Up":0.088418997824192,
    "Cheeks Concave / Convex":0.019498812034726,
    "Nose Bridge Short / Long":0.026738489046693,
    "Mouth Chin Short / Long":0.055125396698713,
    "Nose Sellion Lower Shallow / Deep":0.0,
    "Mouth Retracted / Puckered":0.035589303821325,
    "Hair Length":0.0,
    "Mouth Deflated / Inflated":0.15468876063824,
    "Chin Shallow / Deep":0.38989448547363,
    "Jaw Neck Slope Low / High":0.53498864173889,
    "Brow Ridge Low / High":0.27831128239632,
    "Cheekbones Low / High":-0.21439574658871,
    "Forehead Back / Forward":0.030523911118507,
    "Chin Small / Large":0.2172297090292
  },
  "Hair":"/Game/Dev/Phenotypes/Hair/HP_HR_Loose.HP_HR_Loose",
  "SkinParametersMap":{
    "Complexion":0.0,
    "Eye Sockets Bruised/Bright":0.0,
    "Ombre Constrast":0.0,
    "Skin Tint Purple/Yellow":0.0,
    "Eye Sockets Dark/Light":0.0,
    "Root Redness":0.0,
    "Naso Small/Large":0.0,
    "Ombre Amount":0.0,
    "Eyebrows Redness Intensity":0.0,
    "Root Color":0.0,
    "Age":0.0,
    "Lipstick Dark Blue/Light Red":0.0,
    "Lipstick Dark Red/Light Blue":0.0,
    "Eye socket Bruised/Bright":-0.30000001192093,
    "Freckles":0.49363300204277,
    "Eylids Light/Dark":0.0,
    "Eye Socket Dark/Light":0.0,
    "Cheek Blush Light/Red":0.62000000476837,
    "Eyebrows Color Intensity":0.0,
    "Cheekbones Flushed/Pale":-0.0,
    "Lipstick Amount":0.0,
    "Skin Tint Orange/Blue":-0.15999999642372,
    "Eyelids Light/Dark":0.0,
    "Naso Labial Lines Light/Dark":0.0,
    "Tip Redness":0.0,
    "Eyeshadow Light/Dark":0.0,
    "Eyelids Pale/Red":0.0,
    "Tip Color":0.0,
    "Lips Flushed/Pale":0.0,
    "Eyeliner Light/Dark":0.0,
    "Salt And Pepper":0.0,
    "Skin Dark/Light":0.0
  },
  "APIVersion":"v2",
  "SenescenceLevel":4,
  "ModVersion":"1.1.0",
  "SkinColorsMapL":{
    "Root DyeColor":{
      "A":1.0,
      "R":0.0047769998200238,
      "G":0.0012140000471845,
      "B":0.0
    },
    "Eyeliner Tone":{
      "A":1.0,
      "R":1.0,
      "G":1.0,
      "B":1.0
    },
    "Tip DyeColor":{
      "A":1.0,
      "R":0.10702300071716,
      "G":0.034340001642704,
      "B":0.0056050000712276
    },
    "Skin Tone":{
      "A":1.0,
      "R":1.0,
      "G":1.0,
      "B":1.0
    },
    "Lipstick Color":{
      "A":1.0,
      "R":0.093058958649635,
      "G":0.0009105809731409,
      "B":0.0097212167456746
    }
  }
}