{
  "APIVersion":"v2",
  "SkinParametersMap":{
    "Lipstick Amount":0.0,
    "Freckles":0.0,
    "Eye socket Bruised/Bright":0.0,
    "Tip Color":0.0,
    "Root Redness":0.0,
    "Eyebrows Redness Intensity":0.0,
    "Ombre Constrast":0.0,
    "Eyelids Pale/Red":0.0,
    "Root Color":0.0,
    "Cheek Blush Light/Red":0.0,
    "Eyebrows Color Intensity":0.0,
    "Ombre Amount":0.0,
    "Tip Redness":0.0,
    "Cheekbones Flushed/Pale":0.0,
    "Complexion":0.2846440076828,
    "Salt And Pepper":0.0
  },
  "Author":"Bethesda",
  "Race":"TESRace /Game/Forms/actors/race/Imperial.Imperial",
  "HairColorsL":{
    "1":{
      "R":0.16202937066555,
      "G":0.1046164855361,
      "B":0.061246052384377,
      "A":1.0
    },
    "2":{
      "R":0.012286487966776,
      "G":0.0074990317225456,
      "B":0.0036765071563423,
      "A":1.0
    },
    "0":{
      "R":0.021219009533525,
      "G":0.01032982300967,
      "B":0.0060488330200315,
      "A":1.0
    }
  },
  "Body":"SkeletalMesh /Game/Art/Character/Imperial/SK_Imperial_Body_m.SK_Imperial_Body_m",
  "Date":"2025-06-04 19:28:08",
  "SkinColorsMapL":{
    "Root DyeColor":{
      "R":1.0,
      "G":1.0,
      "B":1.0,
      "A":1.0
    },
    "Eyeliner Tone":{
      "R":1.0,
      "G":1.0,
      "B":1.0,
      "A":1.0
    },
    "Lipstick Color":{
      "R":1.0,
      "G":1.0,
      "B":1.0,
      "A":1.0
    },
    "Skin Tone":{
      "R":0.96875,
      "G":0.94456201791763,
      "B":0.87792998552322,
      "A":1.0
    },
    "Tip DyeColor":{
      "R":0.63759702444077,
      "G":0.080219998955727,
      "B":0.0,
      "A":1.0
    }
  },
  "ModCreator":"animandan",
  "Sex":0,
  "ModName":"RaceMenuUtilities",
  "EyeMaterial":"/Game/Art/Character/Modular/Eyes_Human/MIC_Human_Eyes_Green2.MIC_Human_Eyes_Green2",
  "ModVersion":"1.1.0",
  "FaceBaseMesh":"/Game/Art/Character/Imperial/SK_Imperial_Head_m.SK_Imperial_Head_m",
  "Hair":"/Game/Dev/Phenotypes/Hair/HP_Imperial_HR_Headband.HP_Imperial_HR_Headband",
  "Description":"saved from in-game",
  "SenescenceLevel":0,
  "FaceMorphValuesMap":{
    "Face Gaunt / Round":-0.070375204086304,
    "Nose Short / Long":0.0,
    "Nose Tilt Down / Up":0.0,
    "Mouth Sad / Happy":-0.391427308321,
    "Mouth Retracted / Protruding":0.33238488435745,
    "Chin Short / Tall":-0.26136800646782,
    "Cheekbones Low / High":-0.023761427029967,
    "Nose Nostrils Tilt Down / Up":0.31144738197327,
    "Mouth Deflated / Inflated":-0.016310058534145,
    "Hair Length":0.0,
    "Nose Sellion Shallow / Deep":0.0,
    "Chin Shallow / Deep":0.08391397446394,
    "Jaw Concave / Convex":0.35584113001823,
    "Brow Ridge Low / High":-0.18202608823776,
    "Chin Recessed / Pronounced":-0.22300474345684,
    "Mouth Tilt Down / Up":0.25872346758842,
    "Nose Sellion Thin / Wide":0.0,
    "Cheeks Gaunt / Round":0.1118485480547,
    "Nose Sellion Lower Shallow / Deep":0.0,
    "Nose Sellion Down / Up":0.23510375618935,
    "Cheeks Concave / Convex":-0.097041390836239,
    "Nose Region Concave / Convex":-0.19108337163925,
    "Eyes Inward / Outward":0.3213614821434,
    "Nose Nostrils Thin / Wide":-0.095285207033157,
    "Brow Ridge Inner Down / Up":0.61537951231003,
    "Eyes Apart / Together":-0.23905026912689,
    "Mouth Underbite / Overbite":-0.22327823936939,
    "Chin Retracted / Jutting":-0.049339335411787,
    "Brow / Nose / Chin Ratio":0.008397588506341,
    "Nose Bridge Short / Long":0.031344376504421,
    "Mouth Low / High":0.098568849265575,
    "Forehead Small / Large":0.13920775055885,
    "Nose Bridge Shallow / Deep":0.081399448215961,
    "Eyes Small / Large":0.061152257025242,
    "Forehead / Sellion / Nose Ratio":0.073498643934727,
    "Mouth Chin Short / Long":-0.45173197984695,
    "Forehead Short / Tall":-0.057056613266468,
    "Eyes Down / Up":-0.11000546067953,
    "Vampire":0.0,
    "Mouth Retracted / Puckered":-0.25877711176872,
    "Jaw Retracted / Jutting":-0.17925551533699,
    "Mouth Drawn / Pursed":-0.20066864788532,
    "Cheekbones Thin / Wide":-0.22663931548595,
    "Nose Down / Up":0.23981733620167,
    "Jaw Neck Slope Low / High":0.38617712259293,
    "Chin Thin / Wide":0.092571459710598,
    "Cheekbones Shallow / Pronounced":0.13237634301186,
    "Nose Nostrils Small / Large":0.16551207005978,
    "Nose Flat / Pointed":0.17132742702961,
    "Face Thin / Wide":-0.03788748010993,
    "Chin Backward / Forward":0.2271159440279,
    "Face Light / Heavy":0.20283813774586,
    "Mouth Small / Large":-0.10987781733274,
    "Forehead Back / Forward":0.41716542840004,
    "Jaw Thin / Wide":0.40108427405357,
    "Brow Ridge Outer Down / Up":-0.070124827325344,
    "Chin Small / Large":-0.1272584348917
  },
  "Name":"BP_BrumaGuardCityPostNight03_C"
}