{
  "FaceMorphValuesMap":{
    "Nose Bridge Short / Long":0.0,
    "Mouth Tilt Down / Up":0.0,
    "Forehead Back / Forward":0.0,
    "Eyes Small / Large":0.0,
    "Chin Recessed / Pronounced":0.0,
    "Cheekbones Thin / Wide":-0.31999999284744,
    "Jaw Neck Slope Low / High":0.059999998658895,
    "Chin Retracted / Jutting":0.0,
    "Jaw Retracted / Jutting":0.0,
    "Mouth Low / High":0.0,
    "Mouth Sad / Happy":0.5799999833107,
    "Forehead / Sellion / Nose Ratio":0.0,
    "Hair Length":0.0,
    "Vampire":0.0,
    "Forehead Short / Tall":0.0,
    "Jaw Concave / Convex":0.46000000834465,
    "Nose Nostrils Small / Large":0.0,
    "Cheeks Gaunt / Round":0.5,
    "Nose Tilt Down / Up":0.0,
    "Mouth Drawn / Pursed":0.0,
    "Nose Short / Long":0.0,
    "Cheekbones Shallow / Pronounced":-0.34000000357628,
    "Jaw Thin / Wide":0.19999900460243,
    "Eyes Apart / Together":0.31999999284744,
    "Chin Backward / Forward":0.0,
    "Nose Sellion Thin / Wide":0.0,
    "Nose Sellion Lower Shallow / Deep":0.0,
    "Nose Sellion Shallow / Deep":0.0,
    "Mouth Retracted / Protruding":0.0,
    "Eyes Down / Up":0.0,
    "Nose Region Concave / Convex":0.0,
    "Nose Down / Up":0.0,
    "Chin Shallow / Deep":0.0,
    "Nose Nostrils Tilt Down / Up":0.0,
    "Nose Flat / Pointed":0.0,
    "Eyes Inward / Outward":0.0,
    "Brow / Nose / Chin Ratio":0.0,
    "Chin Short / Tall":0.0,
    "Brow Ridge Outer Down / Up":-0.43999999761581,
    "Nose Nostrils Thin / Wide":0.0,
    "Face Thin / Wide":0.0,
    "Chin Thin / Wide":0.0,
    "Nose Bridge Shallow / Deep":0.0,
    "Mouth Underbite / Overbite":0.0,
    "Mouth Chin Short / Long":0.0,
    "Cheekbones Low / High":0.0,
    "Brow Ridge Inner Down / Up":0.41999998688698,
    "Mouth Small / Large":0.0,
    "Mouth Deflated / Inflated":0.0,
    "Nose Sellion Down / Up":0.0,
    "Brow Ridge Low / High":0.37999999523163,
    "Chin Small / Large":0.0,
    "Forehead Small / Large":0.0,
    "Face Light / Heavy":0.15999999642372,
    "Cheeks Concave / Convex":0.34000000357628,
    "Mouth Retracted / Puckered":0.0,
    "Face Gaunt / Round":0.14000000059605
  },
  "Sex":0,
  "SkinParametersMap":{
    "Eyebrows Redness Intensity":0.0,
    "Freckles":0.31999999284744,
    "Eyelids Pale/Red":0.0,
    "Root Redness":0.5,
    "Complexion":0.0,
    "Salt And Pepper":0.0,
    "Eye Socket Dark/Light":0.0,
    "Eye socket Bruised/Bright":0.0,
    "Eyebrows Color Intensity":0.0,
    "Ombre Constrast":1.0,
    "Tip Redness":1.0,
    "Eylids Light/Dark":0.0,
    "Root Color":0.10000000149012,
    "Eyeliner Light/Dark":0.059999998658895,
    "Skin Dark/Light":0.11999999731779,
    "Cheekbones Flushed/Pale":0.0,
    "Skin Tint Orange/Blue":0.059999998658895,
    "Skin Tint Purple/Yellow":0.0,
    "Cheek Blush Light/Red":0.25999999046326,
    "Ombre Amount":1.0,
    "Lipstick Amount":0.0,
    "Tip Color":0.36000001430511
  },
  "Description":"saved from in-game",
  "FaceBaseMesh":"/Game/Art/Character/DarkElf/SK_DarkElf_Head_m.SK_DarkElf_Head_m",
  "Hair":"/Game/Dev/Phenotypes/Hair/HP_WoodElf_HR_Spiky.HP_WoodElf_HR_Spiky",
  "ModVersion":"1.1.0",
  "Date":"2025-06-04 19:16:13",
  "SenescenceLevel":0,
  "ModCreator":"animandan",
  "EyeMaterial":"/Game/Art/Character/Modular/Eyes_DarkElf/MIC_DarkElf_Eyes_Red.MIC_DarkElf_Eyes_Red",
  "Name":"BP_BanditMissileMale4B_C",
  "ModName":"RaceMenuUtilities",
  "Body":"SkeletalMesh /Game/Art/Character/Imperial/SK_Imperial_Body_m.SK_Imperial_Body_m",
  "APIVersion":"v2",
  "HairColorsL":{
    "0":{
      "B":0.0,
      "G":0.0,
      "R":0.0,
      "A":1.0
    }
  },
  "Race":"TESRace /Game/Forms/actors/race/DarkElf.DarkElf",
  "SkinColorsMapL":{
    "Lipstick Color":{
      "B":1.0,
      "G":1.0,
      "R":1.0,
      "A":1.0
    },
    "Tip DyeColor":{
      "B":0.0085681257769465,
      "G":0.054480277001858,
      "R":0.16202937066555,
      "A":1.0
    },
    "Skin Tone":{
      "B":1.0,
      "G":1.0,
      "R":1.0,
      "A":1.0
    },
    "Eyeliner Tone":{
      "B":1.0,
      "G":1.0,
      "R":1.0,
      "A":1.0
    },
    "Root DyeColor":{
      "B":1.0,
      "G":1.0,
      "R":1.0,
      "A":1.0
    }
  },
  "Author":"Bethesda"
}