{
  "Sex":0,
  "HairColorsL":{
    "1":{
      "A":1.0,
      "R":0.16202937066555,
      "G":0.1046164855361,
      "B":0.061246052384377
    },
    "2":{
      "A":1.0,
      "R":0.16202937066555,
      "G":0.1046164855361,
      "B":0.061246052384377
    },
    "0":{
      "A":1.0,
      "R":0.22322796285152,
      "G":0.14412847161293,
      "B":0.084376208484173
    }
  },
  "EyeMaterial":"/Game/Art/Character/Modular/Eyes_Human/MIC_Human_Eyes_Brown2.MIC_Human_Eyes_Brown2",
  "Author":"Bethesda",
  "Date":"2025-06-04 19:33:44",
  "Description":"saved from in-game",
  "Name":"BP_BravilGuardEscortCount_C",
  "ModCreator":"animandan",
  "ModName":"RaceMenuUtilities",
  "FaceBaseMesh":"/Game/Art/Character/Imperial/SK_Imperial_Head_m.SK_Imperial_Head_m",
  "ModVersion":"1.1.0",
  "Body":"SkeletalMesh /Game/Art/Character/Imperial/SK_Imperial_Body_m.SK_Imperial_Body_m",
  "FaceMorphValuesMap":{
    "Nose Nostrils Thin / Wide":0.48905599117279,
    "Forehead / Sellion / Nose Ratio":-0.23001800477505,
    "Cheekbones Thin / Wide":0.65602797269821,
    "Forehead Small / Large":0.13863299787045,
    "Chin Recessed / Pronounced":0.11286100000143,
    "Brow / Nose / Chin Ratio":0.084181003272533,
    "Jaw Thin / Wide":-0.53166902065277,
    "Cheeks Gaunt / Round":0.12166800349951,
    "Chin Backward / Forward":0.038773000240326,
    "Chin Thin / Wide":-0.18432399630547,
    "Forehead Short / Tall":0.070804998278618,
    "Face Thin / Wide":-0.16646200418472,
    "Brow Ridge Inner Down / Up":-0.4417670071125,
    "Mouth Underbite / Overbite":0.004935999866575,
    "Mouth Low / High":0.18142999708652,
    "Vampire":0.0,
    "Face Gaunt / Round":-0.27344301342964,
    "Eyes Small / Large":0.15999999642372,
    "Mouth Drawn / Pursed":0.19910299777985,
    "Chin Retracted / Jutting":0.2487940043211,
    "Nose Tilt Down / Up":0.0,
    "Mouth Small / Large":0.24802699685097,
    "Nose Short / Long":0.0,
    "Nose Bridge Shallow / Deep":0.34545901417732,
    "Nose Sellion Thin / Wide":0.0,
    "Mouth Retracted / Protruding":0.17720299959183,
    "Nose Sellion Shallow / Deep":0.40000000596046,
    "Jaw Retracted / Jutting":0.0047780000604689,
    "Nose Sellion Down / Up":0.089529000222683,
    "Eyes Inward / Outward":0.0,
    "Nose Region Concave / Convex":-0.13036100566387,
    "Brow Ridge Outer Down / Up":-0.3989030122757,
    "Nose Nostrils Small / Large":-0.072898998856544,
    "Eyes Apart / Together":-0.10688299685717,
    "Nose Nostrils Tilt Down / Up":0.0080169998109341,
    "Nose Flat / Pointed":0.25380599498749,
    "Mouth Tilt Down / Up":-0.38786199688911,
    "Jaw Concave / Convex":0.048595998436213,
    "Mouth Sad / Happy":-0.28217801451683,
    "Cheekbones Shallow / Pronounced":-0.21222299337387,
    "Face Light / Heavy":0.5193510055542,
    "Nose Down / Up":-0.17177000641823,
    "Chin Short / Tall":-0.28000000119209,
    "Eyes Down / Up":0.3469859957695,
    "Cheeks Concave / Convex":-0.025202000513673,
    "Nose Bridge Short / Long":-0.083619996905327,
    "Mouth Chin Short / Long":-0.031129000708461,
    "Nose Sellion Lower Shallow / Deep":0.019999999552965,
    "Mouth Retracted / Puckered":0.45614099502563,
    "Hair Length":0.0,
    "Mouth Deflated / Inflated":0.7095360159874,
    "Chin Shallow / Deep":0.0,
    "Jaw Neck Slope Low / High":-0.74326801300049,
    "Brow Ridge Low / High":-0.41999998688698,
    "Cheekbones Low / High":-0.50388497114182,
    "Forehead Back / Forward":-0.11110399663448,
    "Chin Small / Large":0.14557400345802
  },
  "Hair":"/Game/Dev/Phenotypes/Hair/HP_Imperial_HR_Headband.HP_Imperial_HR_Headband",
  "SenescenceLevel":0,
  "APIVersion":"v2",
  "SkinParametersMap":{
    "Complexion":0.5692880153656,
    "Cheek Blush Light/Red":0.0,
    "Eyebrows Color Intensity":0.61423200368881,
    "Eye socket Bruised/Bright":0.0,
    "Lipstick Amount":0.0,
    "Root Redness":0.0,
    "Freckles":0.0,
    "Cheekbones Flushed/Pale":0.0,
    "Eyebrows Redness Intensity":0.0,
    "Root Color":0.34456899762154,
    "Eyelids Pale/Red":0.0,
    "Tip Color":0.0,
    "Tip Redness":0.0,
    "Ombre Amount":0.0,
    "Salt And Pepper":0.0,
    "Ombre Constrast":0.0
  },
  "Race":"TESRace /Game/Forms/actors/race/Imperial.Imperial",
  "SkinColorsMapL":{
    "Root DyeColor":{
      "A":1.0,
      "R":1.0,
      "G":1.0,
      "B":1.0
    },
    "Eyeliner Tone":{
      "A":1.0,
      "R":1.0,
      "G":1.0,
      "B":1.0
    },
    "Tip DyeColor":{
      "A":1.0,
      "R":0.98225098848343,
      "G":0.24902300536633,
      "B":0.051158998161554
    },
    "Skin Tone":{
      "A":1.0,
      "R":1.0,
      "G":1.0,
      "B":1.0
    },
    "Lipstick Color":{
      "A":1.0,
      "R":0.093058958649635,
      "G":0.0009105809731409,
      "B":0.0097212167456746
    }
  }
}