{
  "Sex":0,
  "HairColorsL":{
    "0":{
      "A":1.0,
      "R":0.021219009533525,
      "G":0.01032982300967,
      "B":0.0060488330200315
    }
  },
  "EyeMaterial":"/Game/Art/Character/Modular/Eyes_Human/MIC_Human_Eyes_Green2.MIC_Human_Eyes_Green2",
  "Author":"Bethesda",
  "Date":"2025-06-04 19:33:41",
  "Description":"saved from in-game",
  "Name":"BP_BravilGuardCastlePostDay02_C",
  "ModCreator":"animandan",
  "ModName":"RaceMenuUtilities",
  "FaceBaseMesh":"/Game/Art/Character/Imperial/SK_Imperial_Head_m.SK_Imperial_Head_m",
  "ModVersion":"1.1.0",
  "Body":"SkeletalMesh /Game/Art/Character/Imperial/SK_Imperial_Body_m.SK_Imperial_Body_m",
  "FaceMorphValuesMap":{
    "Nose Nostrils Thin / Wide":0.5,
    "Forehead / Sellion / Nose Ratio":0.0,
    "Cheekbones Thin / Wide":0.0,
    "Forehead Small / Large":-0.36000001430511,
    "Chin Recessed / Pronounced":0.0,
    "Brow / Nose / Chin Ratio":0.0,
    "Jaw Thin / Wide":-0.18000000715256,
    "Cheeks Gaunt / Round":0.21999999880791,
    "Chin Backward / Forward":0.0,
    "Chin Thin / Wide":0.0,
    "Forehead Short / Tall":0.0,
    "Face Thin / Wide":0.0,
    "Brow Ridge Inner Down / Up":0.0,
    "Mouth Underbite / Overbite":0.0,
    "Mouth Low / High":0.0,
    "Vampire":0.0,
    "Face Gaunt / Round":0.15999999642372,
    "Eyes Small / Large":-0.5799999833107,
    "Mouth Drawn / Pursed":0.0,
    "Chin Retracted / Jutting":0.0,
    "Nose Tilt Down / Up":0.0,
    "Mouth Small / Large":0.30000001192093,
    "Nose Short / Long":0.0,
    "Nose Bridge Shallow / Deep":0.0,
    "Nose Sellion Thin / Wide":0.0,
    "Mouth Retracted / Protruding":0.0,
    "Nose Sellion Shallow / Deep":0.0,
    "Jaw Retracted / Jutting":0.0,
    "Nose Sellion Down / Up":0.0,
    "Eyes Inward / Outward":0.0,
    "Nose Region Concave / Convex":0.0,
    "Brow Ridge Outer Down / Up":0.18000000715256,
    "Nose Nostrils Small / Large":0.5799999833107,
    "Eyes Apart / Together":0.23999999463558,
    "Nose Nostrils Tilt Down / Up":0.0,
    "Nose Flat / Pointed":0.0,
    "Mouth Tilt Down / Up":0.0,
    "Jaw Concave / Convex":0.0,
    "Mouth Sad / Happy":0.0,
    "Cheekbones Shallow / Pronounced":0.0,
    "Face Light / Heavy":0.21999999880791,
    "Nose Down / Up":0.0,
    "Chin Short / Tall":0.0,
    "Eyes Down / Up":0.0,
    "Cheeks Concave / Convex":0.0,
    "Nose Bridge Short / Long":0.0,
    "Mouth Chin Short / Long":0.0,
    "Nose Sellion Lower Shallow / Deep":0.0,
    "Mouth Retracted / Puckered":0.0,
    "Hair Length":0.0,
    "Mouth Deflated / Inflated":0.0,
    "Chin Shallow / Deep":0.0,
    "Jaw Neck Slope Low / High":0.0,
    "Brow Ridge Low / High":0.34000000357628,
    "Cheekbones Low / High":0.0,
    "Forehead Back / Forward":0.0,
    "Chin Small / Large":0.0
  },
  "Hair":"/Game/Dev/Phenotypes/Hair/HP_HR_Ponytail.HP_HR_Ponytail",
  "SenescenceLevel":0,
  "APIVersion":"v2",
  "SkinParametersMap":{
    "Complexion":0.20973800122738,
    "Cheek Blush Light/Red":0.0,
    "Eyebrows Color Intensity":0.53932601213455,
    "Eye socket Bruised/Bright":0.0,
    "Lipstick Amount":0.0,
    "Root Redness":0.29962599277496,
    "Freckles":0.68913900852203,
    "Cheekbones Flushed/Pale":0.0,
    "Eyebrows Redness Intensity":0.0,
    "Root Color":0.089887000620365,
    "Eyelids Pale/Red":0.0,
    "Tip Color":0.16479399800301,
    "Tip Redness":0.2247190028429,
    "Ombre Amount":0.0,
    "Salt And Pepper":0.0,
    "Ombre Constrast":0.0
  },
  "Race":"TESRace /Game/Forms/actors/race/Imperial.Imperial",
  "SkinColorsMapL":{
    "Root DyeColor":{
      "A":1.0,
      "R":1.0,
      "G":1.0,
      "B":1.0
    },
    "Eyeliner Tone":{
      "A":1.0,
      "R":1.0,
      "G":1.0,
      "B":1.0
    },
    "Tip DyeColor":{
      "A":1.0,
      "R":0.99110198020935,
      "G":0.31289601325989,
      "B":0.13421200215816
    },
    "Skin Tone":{
      "A":1.0,
      "R":0.98958301544189,
      "G":0.9360259771347,
      "B":0.91227197647095
    },
    "Lipstick Color":{
      "A":1.0,
      "R":1.0,
      "G":1.0,
      "B":1.0
    }
  }
}