{
  "APIVersion":"v2",
  "SkinParametersMap":{
    "Lipstick Amount":0.38951298594475,
    "Freckles":0.0,
    "Eye socket Bruised/Bright":0.0,
    "Tip Color":0.019999999552965,
    "Root Redness":0.0,
    "Eyebrows Redness Intensity":0.0,
    "Ombre Constrast":1.0,
    "Eyelids Pale/Red":0.30000001192093,
    "Root Color":0.20973800122738,
    "Cheek Blush Light/Red":0.0,
    "Eyebrows Color Intensity":0.76404500007629,
    "Ombre Amount":1.0,
    "Tip Redness":0.0,
    "Cheekbones Flushed/Pale":0.0,
    "Complexion":0.20000000298023,
    "Salt And Pepper":0.0
  },
  "Author":"Bethesda",
  "Race":"TESRace /Game/Forms/actors/race/Breton.Breton",
  "HairColorsL":{
    "0":{
      "R":1.0,
      "G":0.61049556732178,
      "B":0.11193242669106,
      "A":1.0
    }
  },
  "Body":"SkeletalMesh /Game/Art/Character/Imperial/SK_Imperial_Body_m.SK_Imperial_Body_m",
  "Date":"2025-06-04 19:28:18",
  "SkinColorsMapL":{
    "Root DyeColor":{
      "R":1.0,
      "G":1.0,
      "B":1.0,
      "A":1.0
    },
    "Lipstick Color":{
      "R":0.093059003353119,
      "G":0.00091100001009181,
      "B":0.0097209997475147,
      "A":1.0
    },
    "Tip DyeColor":{
      "R":0.99110198020935,
      "G":0.33245199918747,
      "B":0.074213996529579,
      "A":1.0
    },
    "Skin Tone":{
      "R":1.0,
      "G":1.0,
      "B":1.0,
      "A":1.0
    },
    "Eyeliner Tone":{
      "R":0.44520100951195,
      "G":0.44520100951195,
      "B":0.44520100951195,
      "A":1.0
    }
  },
  "ModCreator":"animandan",
  "Sex":1,
  "ModName":"RaceMenuUtilities",
  "EyeMaterial":"/Game/Art/Character/Modular/Eyes_Human/MIC_Human_Eyes_Yellow1.MIC_Human_Eyes_Yellow1",
  "ModVersion":"1.1.0",
  "FaceBaseMesh":"/Game/Art/Character/Breton/SK_Breton_Head_f.SK_Breton_Head_f",
  "Hair":"/Game/Dev/Phenotypes/Hair/HP_HR_Loose.HP_HR_Loose",
  "Description":"saved from in-game",
  "SenescenceLevel":0,
  "FaceMorphValuesMap":{
    "Face Gaunt / Round":0.0,
    "Nose Short / Long":0.0,
    "Nose Tilt Down / Up":0.0,
    "Mouth Sad / Happy":0.0,
    "Mouth Retracted / Protruding":0.0,
    "Chin Short / Tall":0.0,
    "Cheekbones Low / High":0.20000000298023,
    "Nose Nostrils Tilt Down / Up":0.0,
    "Mouth Deflated / Inflated":0.0,
    "Hair Length":0.0,
    "Nose Sellion Shallow / Deep":0.0,
    "Chin Shallow / Deep":0.0,
    "Jaw Concave / Convex":0.0,
    "Brow Ridge Low / High":0.0,
    "Chin Recessed / Pronounced":0.0,
    "Mouth Tilt Down / Up":0.0,
    "Nose Sellion Thin / Wide":0.0,
    "Cheeks Gaunt / Round":0.25999999046326,
    "Nose Sellion Lower Shallow / Deep":0.0,
    "Nose Sellion Down / Up":0.0,
    "Cheeks Concave / Convex":0.18000000715256,
    "Nose Region Concave / Convex":0.0,
    "Eyes Inward / Outward":0.0,
    "Nose Nostrils Thin / Wide":0.0,
    "Brow Ridge Inner Down / Up":0.0,
    "Eyes Apart / Together":0.47999998927116,
    "Mouth Underbite / Overbite":0.0,
    "Chin Retracted / Jutting":0.0,
    "Brow / Nose / Chin Ratio":0.0,
    "Nose Bridge Short / Long":0.0,
    "Mouth Low / High":0.0,
    "Forehead Small / Large":0.37999999523163,
    "Nose Bridge Shallow / Deep":0.0,
    "Eyes Small / Large":0.0,
    "Forehead / Sellion / Nose Ratio":0.0,
    "Mouth Chin Short / Long":0.0,
    "Forehead Short / Tall":0.0,
    "Eyes Down / Up":0.0,
    "Vampire":0.0,
    "Mouth Retracted / Puckered":0.0,
    "Jaw Retracted / Jutting":0.0,
    "Mouth Drawn / Pursed":0.0,
    "Cheekbones Thin / Wide":0.0,
    "Nose Down / Up":0.0,
    "Jaw Neck Slope Low / High":0.0,
    "Chin Thin / Wide":0.60000002384186,
    "Cheekbones Shallow / Pronounced":-0.46000000834465,
    "Nose Nostrils Small / Large":0.0,
    "Nose Flat / Pointed":0.0,
    "Face Thin / Wide":0.0,
    "Chin Backward / Forward":-0.36000001430511,
    "Face Light / Heavy":0.40000000596046,
    "Mouth Small / Large":0.0,
    "Forehead Back / Forward":0.0,
    "Jaw Thin / Wide":-0.69999897480011,
    "Brow Ridge Outer Down / Up":0.0,
    "Chin Small / Large":0.5
  },
  "Name":"BP_BieneAmelionDEAD_C"
}