{
  "ModName":"RaceMenuUtilities",
  "FaceBaseMesh":"/Game/Art/Character/DarkElf/SK_DarkElf_Head_f.SK_DarkElf_Head_f",
  "Author":"Bethesda",
  "Date":"2025-06-04 20:30:50",
  "SkinColorsMapL":{
    "Lipstick Color":{
      "A":1.0,
      "B":0.87962239980698,
      "G":1.0,
      "R":0.52711510658264
    },
    "Eyeliner Tone":{
      "A":1.0,
      "B":1.0,
      "G":1.0,
      "R":1.0
    },
    "Root DyeColor":{
      "A":1.0,
      "B":1.0,
      "G":1.0,
      "R":1.0
    },
    "Tip DyeColor":{
      "A":1.0,
      "B":0.0074990317225456,
      "G":0.038204371929169,
      "R":0.29177063703537
    },
    "Skin Tone":{
      "A":1.0,
      "B":1.0,
      "G":1.0,
      "R":1.0
    }
  },
  "APIVersion":"v2",
  "FaceMorphValuesMap":{
    "Eyes Small / Large":0.35999900102615,
    "Jaw Thin / Wide":-0.23999899625778,
    "Brow Ridge Low / High":0.0,
    "Chin Retracted / Jutting":0.30000001192093,
    "Face Thin / Wide":-0.62000000476837,
    "Hair Length":0.0,
    "Chin Backward / Forward":-0.18000000715256,
    "Vampire":0.0,
    "Mouth Underbite / Overbite":0.5,
    "Eyes Inward / Outward":0.019999999552965,
    "Mouth Sad / Happy":0.18000100553036,
    "Jaw Retracted / Jutting":0.51999998092651,
    "Nose Flat / Pointed":0.18000100553036,
    "Chin Recessed / Pronounced":-0.18000000715256,
    "Cheeks Gaunt / Round":0.40000000596046,
    "Forehead Back / Forward":0.47999998927116,
    "Nose Sellion Down / Up":0.15999999642372,
    "Mouth Deflated / Inflated":-0.25999999046326,
    "Mouth Small / Large":0.12000100314617,
    "Nose Tilt Down / Up":0.0,
    "Nose Short / Long":-0.10000000149012,
    "Mouth Drawn / Pursed":-0.69999897480011,
    "Chin Short / Tall":0.43999901413918,
    "Nose Sellion Thin / Wide":0.10000000149012,
    "Jaw Neck Slope Low / High":-0.19999900460243,
    "Cheekbones Shallow / Pronounced":-0.28000000119209,
    "Nose Sellion Shallow / Deep":0.23999999463558,
    "Mouth Tilt Down / Up":-0.47999998927116,
    "Brow / Nose / Chin Ratio":-0.6799989938736,
    "Brow Ridge Outer Down / Up":0.0,
    "Chin Small / Large":0.25999999046326,
    "Mouth Retracted / Puckered":0.15999999642372,
    "Chin Thin / Wide":0.51999998092651,
    "Nose Nostrils Tilt Down / Up":-0.18000100553036,
    "Face Gaunt / Round":-0.15999999642372,
    "Cheekbones Thin / Wide":-0.3199990093708,
    "Forehead / Sellion / Nose Ratio":0.62546801567078,
    "Cheekbones Low / High":0.019999999552965,
    "Nose Bridge Short / Long":0.20000000298023,
    "Forehead Short / Tall":0.26014998555183,
    "Nose Bridge Shallow / Deep":0.25999999046326,
    "Mouth Chin Short / Long":0.019999999552965,
    "Face Light / Heavy":0.5799999833107,
    "Nose Region Concave / Convex":-0.13999900221825,
    "Mouth Retracted / Protruding":0.019999999552965,
    "Cheeks Concave / Convex":0.5,
    "Nose Nostrils Small / Large":-0.23999999463558,
    "Jaw Concave / Convex":0.18000000715256,
    "Nose Down / Up":-0.41999900341034,
    "Mouth Low / High":-0.11999899893999,
    "Eyes Down / Up":0.0,
    "Chin Shallow / Deep":0.47999998927116,
    "Eyes Apart / Together":0.63999998569489,
    "Brow Ridge Inner Down / Up":0.0,
    "Nose Sellion Lower Shallow / Deep":0.0,
    "Nose Nostrils Thin / Wide":-0.83999997377396,
    "Forehead Small / Large":-0.12000100314617
  },
  "EyeMaterial":"/Game/Art/Character/Modular/MIC_ME_DarkElf.MIC_ME_DarkElf",
  "HairColorsL":{
    "0":{
      "A":1.0,
      "B":0.043735027313232,
      "G":0.10224173218012,
      "R":0.23455058038235
    }
  },
  "SkinParametersMap":{
    "Complexion":0.0,
    "Freckles":0.0,
    "Ombre Amount":1.0,
    "Eylids Light/Dark":0.0,
    "None":-0.15999999642372,
    "Skin Tint Purple/Yellow":-0.059999998658895,
    "Cheek Blush Light/Red":0.0,
    "Ombre Constrast":1.0,
    "Tip Color":0.29999899864197,
    "Eye socket Bruised/Bright":0.18000000715256,
    "Skin Tint Orange/Blue":0.03999999910593,
    "Eyebrows Color Intensity":0.5,
    "Tip Redness":1.0,
    "Root Redness":1.0,
    "Root Color":0.30000001192093,
    "Skin Dark/Light":0.0,
    "Salt And Pepper":0.0,
    "Eyebrows Redness Intensity":0.079999998211861,
    "Eyeliner Light/Dark":-0.079999998211861,
    "Eyelids Pale/Red":-0.12000100314617,
    "Cheekbones Flushed/Pale":0.0,
    "Eye Socket Dark/Light":9.9999999747524e-07,
    "Lipstick Amount":0.0
  },
  "SenescenceLevel":3,
  "Sex":1,
  "Description":"saved from in-game",
  "ModCreator":"animandan",
  "ModVersion":"1.1.0",
  "Hair":"/Game/Dev/Phenotypes/Hair/HP_HighElf_HR_Bun.HP_HighElf_HR_Bun",
  "Name":"BP_BralsaAndaren_C",
  "Race":"TESRace /Game/Forms/actors/race/DarkElf.DarkElf",
  "Body":"SkeletalMesh /Game/Art/Character/Imperial/SK_Imperial_Body_m.SK_Imperial_Body_m"
}