{
  "Sex":0,
  "HairColorsL":{
    "0":{
      "A":1.0,
      "R":0.22322796285152,
      "G":0.14412847161293,
      "B":0.084376208484173
    }
  },
  "EyeMaterial":"/Game/Art/Character/Modular/Eyes_WoodElf/MIC_WoodElf_Eyes_Brown.MIC_WoodElf_Eyes_Brown",
  "Author":"Bethesda",
  "Date":"2025-06-04 19:33:47",
  "Description":"saved from in-game",
  "Name":"BP_Baeralorn_C",
  "ModCreator":"animandan",
  "ModName":"RaceMenuUtilities",
  "FaceBaseMesh":"/Game/Art/Character/WoodElf/SK_WoodElf_Head_m.SK_WoodElf_Head_m",
  "ModVersion":"1.1.0",
  "Body":"SkeletalMesh /Game/Art/Character/Imperial/SK_Imperial_Body_m.SK_Imperial_Body_m",
  "FaceMorphValuesMap":{
    "Nose Nostrils Thin / Wide":0.070755340158939,
    "Forehead / Sellion / Nose Ratio":-0.42332801222801,
    "Cheekbones Thin / Wide":0.38590800762177,
    "Forehead Small / Large":0.60000002384186,
    "Chin Recessed / Pronounced":0.21180610358715,
    "Brow / Nose / Chin Ratio":0.0,
    "Jaw Thin / Wide":0.0,
    "Cheeks Gaunt / Round":0.15419399738312,
    "Chin Backward / Forward":-0.21272599697113,
    "Chin Thin / Wide":0.41999900341034,
    "Forehead Short / Tall":-0.80000001192093,
    "Face Thin / Wide":0.37999999523163,
    "Brow Ridge Inner Down / Up":-0.21999999880791,
    "Mouth Underbite / Overbite":0.033614780753851,
    "Mouth Low / High":-0.13094800710678,
    "Vampire":0.0,
    "Face Gaunt / Round":-0.51999998092651,
    "Eyes Small / Large":-0.9200000166893,
    "Mouth Drawn / Pursed":0.66000002622604,
    "Chin Retracted / Jutting":0.42255398631096,
    "Nose Tilt Down / Up":0.0,
    "Mouth Small / Large":0.25411009788513,
    "Nose Short / Long":0.62000000476837,
    "Nose Bridge Shallow / Deep":0.56799918413162,
    "Nose Sellion Thin / Wide":0.34000000357628,
    "Mouth Retracted / Protruding":0.019999999552965,
    "Nose Sellion Shallow / Deep":0.68000000715256,
    "Jaw Retracted / Jutting":0.0,
    "Nose Sellion Down / Up":-0.10954900085926,
    "Eyes Inward / Outward":0.0,
    "Nose Region Concave / Convex":-0.044989515095949,
    "Brow Ridge Outer Down / Up":-0.41999998688698,
    "Nose Nostrils Small / Large":-0.036680173128843,
    "Eyes Apart / Together":0.46000000834465,
    "Nose Nostrils Tilt Down / Up":0.20411537587643,
    "Nose Flat / Pointed":-0.56147396564484,
    "Mouth Tilt Down / Up":-1.0,
    "Jaw Concave / Convex":0.93999999761581,
    "Mouth Sad / Happy":0.89999997615814,
    "Cheekbones Shallow / Pronounced":-0.43999901413918,
    "Face Light / Heavy":0.20000000298023,
    "Nose Down / Up":-0.37999999523163,
    "Chin Short / Tall":-0.69999998807907,
    "Eyes Down / Up":-0.98000001907349,
    "Cheeks Concave / Convex":0.93999999761581,
    "Nose Bridge Short / Long":-0.13176503777504,
    "Mouth Chin Short / Long":0.03900408744812,
    "Nose Sellion Lower Shallow / Deep":0.56000000238419,
    "Mouth Retracted / Puckered":0.0,
    "Hair Length":0.0,
    "Mouth Deflated / Inflated":0.30694392323494,
    "Chin Shallow / Deep":0.98000001907349,
    "Jaw Neck Slope Low / High":0.44568300247192,
    "Brow Ridge Low / High":0.10770100355148,
    "Cheekbones Low / High":0.12023597210646,
    "Forehead Back / Forward":0.35485908389091,
    "Chin Small / Large":-0.10000000149012
  },
  "Hair":"/Game/Dev/Phenotypes/Hair/HP_DarkElf_HR_Mohawk.HP_DarkElf_HR_Mohawk",
  "SenescenceLevel":6,
  "APIVersion":"v2",
  "SkinParametersMap":{
    "Complexion":0.0,
    "Ombre Constrast":0.0,
    "Eye socket Bruised/Bright":-0.29999798536301,
    "Root Redness":1.0,
    "Eyebrows Redness Intensity":0.0,
    "Root Color":1.0,
    "Eylids Light/Dark":0.3999989926815,
    "Cheek Blush Light/Red":0.0,
    "Eyebrows Color Intensity":0.0,
    "Cheekbones Flushed/Pale":0.0,
    "Lipstick Amount":0.029999999329448,
    "Skin Tint Orange/Blue":0.10000000149012,
    "Freckles":-0.81999999284744,
    "Ombre Amount":0.0,
    "Tip Redness":1.0,
    "Skin Tint Purple/Yellow":0.20000000298023,
    "Eyelids Pale/Red":0.46000000834465,
    "Tip Color":1.0,
    "Eyeliner Light/Dark":0.75999999046326,
    "Eye Socket Dark/Light":-0.41999998688698,
    "Salt And Pepper":0.18494400382042,
    "Skin Dark/Light":-0.36000001430511
  },
  "Race":"TESRace /Game/Forms/actors/race/WoodElf.WoodElf",
  "SkinColorsMapL":{
    "Root DyeColor":{
      "A":1.0,
      "R":1.0,
      "G":1.0,
      "B":1.0
    },
    "Eyeliner Tone":{
      "A":1.0,
      "R":0.58165097236633,
      "G":0.62038099765778,
      "B":0.73958301544189
    },
    "Tip DyeColor":{
      "A":1.0,
      "R":1.0,
      "G":1.0,
      "B":1.0
    },
    "Skin Tone":{
      "A":1.0,
      "R":0.88792300224304,
      "G":0.88792300224304,
      "B":0.88792300224304
    },
    "Lipstick Color":{
      "A":1.0,
      "R":0.61979198455811,
      "G":0.61979198455811,
      "B":0.61979198455811
    }
  }
}