{
  "Sex":0,
  "HairColorsL":{
    "1":{
      "A":1.0,
      "R":0.22322796285152,
      "G":0.14412847161293,
      "B":0.084376208484173
    },
    "2":{
      "A":1.0,
      "R":0.22322796285152,
      "G":0.14412847161293,
      "B":0.084376208484173
    },
    "0":{
      "A":1.0,
      "R":1.0,
      "G":1.0,
      "B":1.0
    }
  },
  "EyeMaterial":"/Game/Art/Character/Modular/Eyes_Human/MIC_Human_Eyes_Brown2.MIC_Human_Eyes_Brown2",
  "SkinColorsMapL":{
    "Root DyeColor":{
      "A":1.0,
      "R":1.0,
      "G":1.0,
      "B":1.0
    },
    "Eyeliner Tone":{
      "A":1.0,
      "R":1.0,
      "G":1.0,
      "B":1.0
    },
    "Tip DyeColor":{
      "A":1.0,
      "R":1.0,
      "G":1.0,
      "B":1.0
    },
    "Skin Tone":{
      "A":1.0,
      "R":1.0,
      "G":1.0,
      "B":1.0
    },
    "Lipstick Color":{
      "A":1.0,
      "R":1.0,
      "G":1.0,
      "B":1.0
    }
  },
  "Date":"2025-06-04 19:33:43",
  "Description":"saved from in-game",
  "Name":"BP_BravilGuardCityPostNight03_C",
  "ModCreator":"animandan",
  "ModName":"RaceMenuUtilities",
  "ModVersion":"1.1.0",
  "Mustache":"/Game/Dev/Phenotypes/Mustache/HP_Imperial_MS_Scruffy.HP_Imperial_MS_Scruffy",
  "Author":"Bethesda",
  "APIVersion":"v2",
  "Body":"SkeletalMesh /Game/Art/Character/Imperial/SK_Imperial_Body_m.SK_Imperial_Body_m",
  "FaceMorphValuesMap":{
    "Nose Nostrils Thin / Wide":-0.14316299557686,
    "Forehead / Sellion / Nose Ratio":-0.23358899354935,
    "Cheekbones Thin / Wide":-0.063029997050762,
    "Forehead Small / Large":-0.49864000082016,
    "Chin Recessed / Pronounced":0.05188199877739,
    "Brow / Nose / Chin Ratio":0.21999999880791,
    "Jaw Thin / Wide":-0.41999998688698,
    "Cheeks Gaunt / Round":0.33605098724365,
    "Chin Backward / Forward":-0.15999999642372,
    "Chin Thin / Wide":0.0,
    "Forehead Short / Tall":0.11553499847651,
    "Face Thin / Wide":0.19575199484825,
    "Brow Ridge Inner Down / Up":0.24819000065327,
    "Mouth Underbite / Overbite":0.0,
    "Mouth Low / High":0.0,
    "Vampire":0.0,
    "Face Gaunt / Round":-0.36879301071167,
    "Eyes Small / Large":-0.19867600500584,
    "Mouth Drawn / Pursed":0.18000000715256,
    "Chin Retracted / Jutting":0.14000000059605,
    "Nose Tilt Down / Up":0.0,
    "Mouth Small / Large":0.40000000596046,
    "Nose Short / Long":0.0,
    "Nose Bridge Shallow / Deep":0.39363300800323,
    "Nose Sellion Thin / Wide":0.0,
    "Mouth Retracted / Protruding":0.0,
    "Nose Sellion Shallow / Deep":0.0,
    "Jaw Retracted / Jutting":0.10665400326252,
    "Nose Sellion Down / Up":0.57924598455429,
    "Eyes Inward / Outward":0.83728802204132,
    "Nose Region Concave / Convex":-0.59160101413727,
    "Brow Ridge Outer Down / Up":-0.25075298547745,
    "Nose Nostrils Small / Large":-0.24124300479889,
    "Eyes Apart / Together":0.38946199417114,
    "Nose Nostrils Tilt Down / Up":0.46465501189232,
    "Nose Flat / Pointed":-0.17191599309444,
    "Mouth Tilt Down / Up":-0.23999999463558,
    "Jaw Concave / Convex":0.078272998332977,
    "Mouth Sad / Happy":0.0,
    "Cheekbones Shallow / Pronounced":-0.20328399538994,
    "Face Light / Heavy":0.082130998373032,
    "Nose Down / Up":-0.55381500720978,
    "Chin Short / Tall":0.0,
    "Eyes Down / Up":0.13395999372005,
    "Cheeks Concave / Convex":-0.29350700974464,
    "Nose Bridge Short / Long":-0.13899399340153,
    "Mouth Chin Short / Long":0.0,
    "Nose Sellion Lower Shallow / Deep":0.0,
    "Mouth Retracted / Puckered":0.0,
    "Hair Length":0.0,
    "Mouth Deflated / Inflated":-0.5799999833107,
    "Chin Shallow / Deep":0.0,
    "Jaw Neck Slope Low / High":0.0,
    "Brow Ridge Low / High":-0.070846997201443,
    "Cheekbones Low / High":-0.24283500015736,
    "Forehead Back / Forward":-0.35497400164604,
    "Chin Small / Large":0.0
  },
  "Hair":"/Game/Dev/Phenotypes/Hair/HP_HR_Cropped.HP_HR_Cropped",
  "Beard":"/Game/Dev/Phenotypes/Beard/HP_Imperial_BD_Scruffy.HP_Imperial_BD_Scruffy",
  "SkinParametersMap":{
    "Complexion":0.28000000119209,
    "Eye Sockets Bruised/Bright":0.0,
    "Ombre Constrast":1.0,
    "Skin Tint Purple/Yellow":0.0,
    "Eye Sockets Dark/Light":0.0,
    "Root Redness":0.5,
    "Naso Small/Large":0.0,
    "Ombre Amount":1.0,
    "Eyebrows Redness Intensity":0.0,
    "Root Color":0.10000000149012,
    "Age":0.0,
    "Lipstick Dark Blue/Light Red":0.0,
    "Lipstick Dark Red/Light Blue":0.0,
    "Eye socket Bruised/Bright":0.0,
    "Freckles":0.32584300637245,
    "Eylids Light/Dark":0.0,
    "Eye Socket Dark/Light":0.0,
    "Cheek Blush Light/Red":0.0,
    "Eyebrows Color Intensity":0.69999998807907,
    "Cheekbones Flushed/Pale":0.0,
    "Lipstick Amount":0.0,
    "Skin Tint Orange/Blue":0.0,
    "Eyelids Light/Dark":0.0,
    "Naso Labial Lines Light/Dark":0.0,
    "Tip Redness":0.5,
    "Eyeshadow Light/Dark":0.0,
    "Eyelids Pale/Red":0.0,
    "Tip Color":0.20000000298023,
    "Lips Flushed/Pale":0.0,
    "Eyeliner Light/Dark":0.0,
    "Salt And Pepper":0.0,
    "Skin Dark/Light":0.0
  },
  "FaceBaseMesh":"/Game/Art/Character/Imperial/SK_Imperial_Head_m.SK_Imperial_Head_m",
  "Race":"TESRace /Game/Forms/actors/race/Imperial.Imperial",
  "SenescenceLevel":0
}