{
  "ModName":"RaceMenuUtilities",
  "FaceBaseMesh":"/Game/Art/Character/Imperial/SK_Imperial_Head_m.SK_Imperial_Head_m",
  "Author":"Bethesda",
  "Date":"2025-06-04 20:30:46",
  "SkinColorsMapL":[],
  "APIVersion":"v2",
  "FaceMorphValuesMap":{
    "Eyes Small / Large":0.43938699364662,
    "Jaw Thin / Wide":-0.43897700309753,
    "Brow Ridge Low / High":0.59082800149918,
    "Chin Retracted / Jutting":0.074670918285847,
    "Face Thin / Wide":0.32899299263954,
    "Hair Length":0.0,
    "Chin Backward / Forward":-0.018443766981363,
    "Vampire":0.0,
    "Mouth Underbite / Overbite":-0.062963999807835,
    "Eyes Inward / Outward":0.25999999046326,
    "Mouth Sad / Happy":-0.77999997138977,
    "Jaw Retracted / Jutting":-0.095726996660233,
    "Nose Flat / Pointed":-0.23329424858093,
    "Chin Recessed / Pronounced":0.27733999490738,
    "Cheeks Gaunt / Round":0.027417400851846,
    "Forehead Back / Forward":-0.35661289095879,
    "Nose Sellion Down / Up":0.35433599352837,
    "Mouth Deflated / Inflated":0.15999999642372,
    "Mouth Small / Large":0.16421300172806,
    "Nose Tilt Down / Up":0.03999999910593,
    "Nose Short / Long":0.0,
    "Mouth Drawn / Pursed":-0.03999999910593,
    "Chin Short / Tall":-0.37500500679016,
    "Nose Sellion Thin / Wide":0.68000000715256,
    "Jaw Neck Slope Low / High":-0.36395946145058,
    "Cheekbones Shallow / Pronounced":0.076228000223637,
    "Nose Sellion Shallow / Deep":0.0,
    "Mouth Tilt Down / Up":-0.84508901834488,
    "Brow / Nose / Chin Ratio":0.28245609998703,
    "Brow Ridge Outer Down / Up":-0.01099400036037,
    "Chin Small / Large":-0.046079155057669,
    "Mouth Retracted / Puckered":0.11201100796461,
    "Chin Thin / Wide":-0.0068297549150884,
    "Nose Nostrils Tilt Down / Up":-0.081963948905468,
    "Face Gaunt / Round":0.30321377515793,
    "Cheekbones Thin / Wide":-0.18203297257423,
    "Forehead / Sellion / Nose Ratio":-0.012957252562046,
    "Cheekbones Low / High":0.22339589893818,
    "Nose Bridge Short / Long":-0.30520445108414,
    "Forehead Short / Tall":-0.25246167182922,
    "Nose Bridge Shallow / Deep":0.1711161583662,
    "Mouth Chin Short / Long":-0.020675620064139,
    "Face Light / Heavy":0.57705700397491,
    "Nose Region Concave / Convex":-0.047244001179934,
    "Mouth Retracted / Protruding":-0.0091558070853353,
    "Cheeks Concave / Convex":-0.1308758109808,
    "Nose Nostrils Small / Large":-0.41661739349365,
    "Jaw Concave / Convex":1.0,
    "Nose Down / Up":-0.29735001921654,
    "Mouth Low / High":0.36926600337029,
    "Eyes Down / Up":0.20479272305965,
    "Chin Shallow / Deep":-0.041363809257746,
    "Eyes Apart / Together":0.66823798418045,
    "Brow Ridge Inner Down / Up":0.18323500454426,
    "Nose Sellion Lower Shallow / Deep":0.15999999642372,
    "Nose Nostrils Thin / Wide":-0.31069499254227,
    "Forehead Small / Large":0.39205765724182
  },
  "ModVersion":"1.1.0",
  "SkinParametersMap":{
    "Eye Sockets Bruised/Bright":0.0,
    "Complexion":0.5,
    "Lipstick Dark Red/Light Blue":0.0,
    "Eyeshadow Light/Dark":0.0,
    "Lipstick Dark Blue/Light Red":0.0,
    "Eyelids Light/Dark":0.0,
    "Naso Small/Large":0.0,
    "Age":0.0,
    "Eyeliner Light/Dark":0.0,
    "Eye Sockets Dark/Light":0.0,
    "Eyelids Pale/Red":0.0,
    "Lips Flushed/Pale":0.0,
    "Naso Labial Lines Light/Dark":0.0
  },
  "SenescenceLevel":2,
  "Sex":0,
  "Description":"saved from in-game",
  "ModCreator":"animandan",
  "Hair":"/Game/Dev/Phenotypes/Hair/HP_HR_Loose.HP_HR_Loose",
  "Name":"BP_BCDeadGuy01_C",
  "HairColorsL":[],
  "Race":"TESRace /Game/Forms/actors/race/Imperial.Imperial",
  "Body":"SkeletalMesh /Game/Art/Character/Imperial/SK_Imperial_Body_m.SK_Imperial_Body_m"
}