{
  "Sex":1,
  "HairColorsL":{
    "0":{
      "A":1.0,
      "R":0.22322796285152,
      "G":0.14412847161293,
      "B":0.084376208484173
    }
  },
  "EyeMaterial":"/Game/Art/Character/Modular/Eyes_Human/MIC_Human_Eyes_Brown4.MIC_Human_Eyes_Brown4",
  "Author":"Bethesda",
  "Date":"2025-06-04 19:37:28",
  "Description":"saved from in-game",
  "Name":"BP_BrittaInvel_C",
  "ModCreator":"animandan",
  "ModName":"RaceMenuUtilities",
  "FaceBaseMesh":"/Game/Art/Character/Imperial/SK_Imperial_Head_F.SK_Imperial_Head_F",
  "ModVersion":"1.1.0",
  "Body":"SkeletalMesh /Game/Art/Character/Imperial/SK_Imperial_Body_m.SK_Imperial_Body_m",
  "FaceMorphValuesMap":{
    "Nose Nostrils Thin / Wide":0.089331082999706,
    "Forehead / Sellion / Nose Ratio":0.24631457030773,
    "Cheekbones Thin / Wide":0.14000000059605,
    "Forehead Small / Large":-0.35902500152588,
    "Chin Recessed / Pronounced":0.29982298612595,
    "Brow / Nose / Chin Ratio":0.18271499872208,
    "Jaw Thin / Wide":-0.40000000596046,
    "Cheeks Gaunt / Round":-0.041054308414459,
    "Chin Backward / Forward":-0.27647200226784,
    "Chin Thin / Wide":0.00085399998351932,
    "Forehead Short / Tall":-0.077665872871876,
    "Face Thin / Wide":-0.83999997377396,
    "Brow Ridge Inner Down / Up":-0.40000000596046,
    "Mouth Underbite / Overbite":-0.037338998168707,
    "Mouth Low / High":0.0043210000731051,
    "Vampire":0.0,
    "Face Gaunt / Round":0.15999799966812,
    "Eyes Small / Large":-0.26347899436951,
    "Mouth Drawn / Pursed":0.15266482532024,
    "Chin Retracted / Jutting":0.15387457609177,
    "Nose Tilt Down / Up":0.0,
    "Mouth Small / Large":0.39869800209999,
    "Nose Short / Long":0.46000000834465,
    "Nose Bridge Shallow / Deep":0.10380700230598,
    "Nose Sellion Thin / Wide":0.28000000119209,
    "Mouth Retracted / Protruding":-0.39309599995613,
    "Nose Sellion Shallow / Deep":0.0,
    "Jaw Retracted / Jutting":0.095036000013351,
    "Nose Sellion Down / Up":0.03999999910593,
    "Eyes Inward / Outward":0.0,
    "Nose Region Concave / Convex":0.51127099990845,
    "Brow Ridge Outer Down / Up":0.0,
    "Nose Nostrils Small / Large":-0.013684910722077,
    "Eyes Apart / Together":0.44358599185944,
    "Nose Nostrils Tilt Down / Up":-0.065246999263763,
    "Nose Flat / Pointed":0.24179300665855,
    "Mouth Tilt Down / Up":-0.47206500172615,
    "Jaw Concave / Convex":0.48533800244331,
    "Mouth Sad / Happy":0.14822199940681,
    "Cheekbones Shallow / Pronounced":-0.20000000298023,
    "Face Light / Heavy":0.0,
    "Nose Down / Up":-0.3305270075798,
    "Chin Short / Tall":-0.50817900896072,
    "Eyes Down / Up":-0.22657200694084,
    "Cheeks Concave / Convex":-0.35077157616615,
    "Nose Bridge Short / Long":-0.0027660001069307,
    "Mouth Chin Short / Long":0.074196077883244,
    "Nose Sellion Lower Shallow / Deep":0.0,
    "Mouth Retracted / Puckered":-0.067414999008179,
    "Hair Length":0.0,
    "Mouth Deflated / Inflated":-0.50214201211929,
    "Chin Shallow / Deep":-0.49018999934196,
    "Jaw Neck Slope Low / High":-0.46080899238586,
    "Brow Ridge Low / High":-0.46000000834465,
    "Cheekbones Low / High":0.0009675711626187,
    "Forehead Back / Forward":-0.23635204136372,
    "Chin Small / Large":0.16780899465084
  },
  "Hair":"/Game/Dev/Phenotypes/Hair/HP_Human_HR_Fringes.HP_Human_HR_Fringes",
  "SenescenceLevel":6,
  "APIVersion":"v2",
  "SkinParametersMap":{
    "Complexion":0.31999999284744,
    "Eye Sockets Bruised/Bright":0.0,
    "Ombre Constrast":1.0,
    "Skin Tint Purple/Yellow":0.20000000298023,
    "Eye Sockets Dark/Light":0.0,
    "Root Redness":0.5,
    "Naso Small/Large":0.0,
    "Ombre Amount":1.0,
    "Eyebrows Redness Intensity":0.0,
    "Root Color":0.10000000149012,
    "Age":0.0,
    "Lipstick Dark Blue/Light Red":0.0,
    "Lipstick Dark Red/Light Blue":0.0,
    "Eye socket Bruised/Bright":0.0,
    "Freckles":0.0,
    "Eylids Light/Dark":0.0,
    "Eye Socket Dark/Light":0.0,
    "Cheek Blush Light/Red":0.47999998927116,
    "Eyebrows Color Intensity":0.5,
    "Cheekbones Flushed/Pale":0.10000000149012,
    "Lipstick Amount":0.0,
    "Skin Tint Orange/Blue":0.0,
    "Eyelids Light/Dark":0.0,
    "Naso Labial Lines Light/Dark":0.0,
    "Tip Redness":0.5,
    "Eyeshadow Light/Dark":0.0,
    "Eyelids Pale/Red":0.21999999880791,
    "Tip Color":0.20000000298023,
    "Lips Flushed/Pale":0.0,
    "Eyeliner Light/Dark":0.46000000834465,
    "Salt And Pepper":0.0,
    "Skin Dark/Light":0.0
  },
  "Race":"TESRace /Game/Forms/actors/race/Imperial.Imperial",
  "SkinColorsMapL":{
    "Root DyeColor":{
      "A":1.0,
      "R":1.0,
      "G":1.0,
      "B":1.0
    },
    "Eyeliner Tone":{
      "A":1.0,
      "R":0.11953842639923,
      "G":0.11953842639923,
      "B":0.11953842639923
    },
    "Tip DyeColor":{
      "A":1.0,
      "R":1.0,
      "G":1.0,
      "B":1.0
    },
    "Skin Tone":{
      "A":1.0,
      "R":1.0,
      "G":0.96612399816513,
      "B":0.78645801544189
    },
    "Lipstick Color":{
      "A":1.0,
      "R":0.27604201436043,
      "G":0.017886999994516,
      "B":0.0
    }
  }
}