{
  "ModName":"RaceMenuUtilities",
  "FaceBaseMesh":"/Game/Art/Character/DarkElf/SK_DarkElf_Head_f.SK_DarkElf_Head_f",
  "Author":"Bethesda",
  "Date":"2025-06-04 20:30:48",
  "SkinColorsMapL":{
    "Lipstick Color":{
      "A":1.0,
      "B":1.0,
      "G":1.0,
      "R":1.0
    },
    "Eyeliner Tone":{
      "A":1.0,
      "B":1.0,
      "G":1.0,
      "R":1.0
    },
    "Root DyeColor":{
      "A":1.0,
      "B":1.0,
      "G":1.0,
      "R":1.0
    },
    "Tip DyeColor":{
      "A":1.0,
      "B":1.0,
      "G":1.0,
      "R":1.0
    },
    "Skin Tone":{
      "A":1.0,
      "B":1.0,
      "G":1.0,
      "R":1.0
    }
  },
  "APIVersion":"v2",
  "FaceMorphValuesMap":{
    "Eyes Small / Large":0.10975258797407,
    "Jaw Thin / Wide":0.053688999265432,
    "Brow Ridge Low / High":0.28617298603058,
    "Chin Retracted / Jutting":-0.18555127084255,
    "Face Thin / Wide":-0.70149600505829,
    "Hair Length":0.0,
    "Chin Backward / Forward":-0.0141137605533,
    "Vampire":0.0,
    "Mouth Underbite / Overbite":0.13704262673855,
    "Eyes Inward / Outward":0.077269770205021,
    "Mouth Sad / Happy":-0.20515158772469,
    "Jaw Retracted / Jutting":0.13276307284832,
    "Nose Flat / Pointed":-0.150156006217,
    "Chin Recessed / Pronounced":-0.0017429167637601,
    "Cheeks Gaunt / Round":0.20176362991333,
    "Forehead Back / Forward":0.084213867783546,
    "Nose Sellion Down / Up":0.48107099533081,
    "Mouth Deflated / Inflated":0.10473678261042,
    "Mouth Small / Large":-0.28987997770309,
    "Nose Tilt Down / Up":0.0,
    "Nose Short / Long":0.5799999833107,
    "Mouth Drawn / Pursed":0.085448123514652,
    "Chin Short / Tall":0.30315229296684,
    "Nose Sellion Thin / Wide":0.0,
    "Jaw Neck Slope Low / High":-0.074464999139309,
    "Cheekbones Shallow / Pronounced":-0.45120999217033,
    "Nose Sellion Shallow / Deep":0.0,
    "Mouth Tilt Down / Up":0.15001992881298,
    "Brow / Nose / Chin Ratio":-0.20075154304504,
    "Brow Ridge Outer Down / Up":-0.25167092680931,
    "Chin Small / Large":0.055224575102329,
    "Mouth Retracted / Puckered":-0.093857057392597,
    "Chin Thin / Wide":0.24098415672779,
    "Nose Nostrils Tilt Down / Up":-0.056124001741409,
    "Face Gaunt / Round":0.0,
    "Cheekbones Thin / Wide":-0.019999999552965,
    "Forehead / Sellion / Nose Ratio":0.15054367482662,
    "Cheekbones Low / High":0.0,
    "Nose Bridge Short / Long":-0.055845998227596,
    "Forehead Short / Tall":-0.017415238544345,
    "Nose Bridge Shallow / Deep":-0.3878929913044,
    "Mouth Chin Short / Long":0.092030003666878,
    "Face Light / Heavy":0.27983182668686,
    "Nose Region Concave / Convex":-0.10188599675894,
    "Mouth Retracted / Protruding":0.19381703436375,
    "Cheeks Concave / Convex":0.29572001099586,
    "Nose Nostrils Small / Large":-0.18798999488354,
    "Jaw Concave / Convex":0.61336499452591,
    "Nose Down / Up":0.36772298812866,
    "Mouth Low / High":0.028037119656801,
    "Eyes Down / Up":-0.1538410037756,
    "Chin Shallow / Deep":-0.060879468917847,
    "Eyes Apart / Together":0.40107899904251,
    "Brow Ridge Inner Down / Up":-0.35043057799339,
    "Nose Sellion Lower Shallow / Deep":0.0,
    "Nose Nostrils Thin / Wide":0.22305400669575,
    "Forehead Small / Large":0.16272349655628
  },
  "EyeMaterial":"/Game/Art/Character/Modular/MIC_ME_DarkElf.MIC_ME_DarkElf",
  "HairColorsL":{
    "0":{
      "A":1.0,
      "B":0.0061369999311864,
      "G":0.010127999819815,
      "R":0.020833000540733
    }
  },
  "SkinParametersMap":{
    "Complexion":0.0,
    "Freckles":0.0,
    "Ombre Amount":0.0,
    "Eylids Light/Dark":0.0,
    "Skin Tint Purple/Yellow":0.0,
    "Cheek Blush Light/Red":0.0,
    "Ombre Constrast":0.0,
    "Tip Color":0.10000000149012,
    "Eye socket Bruised/Bright":0.0,
    "Skin Tint Orange/Blue":0.0,
    "Eyebrows Color Intensity":0.69999998807907,
    "Tip Redness":0.5,
    "Root Redness":0.5,
    "Root Color":0.10000000149012,
    "Skin Dark/Light":0.0,
    "Salt And Pepper":0.0,
    "Eyebrows Redness Intensity":0.0,
    "Eyeliner Light/Dark":0.0,
    "Eyelids Pale/Red":0.0,
    "Cheekbones Flushed/Pale":0.0,
    "Eye Socket Dark/Light":0.0,
    "Lipstick Amount":0.0
  },
  "SenescenceLevel":4,
  "Sex":1,
  "Description":"saved from in-game",
  "ModCreator":"animandan",
  "ModVersion":"1.1.0",
  "Hair":"/Game/Dev/Phenotypes/Hair/HP_HighElf_HR_Peak.HP_HighElf_HR_Peak",
  "Name":"BP_BanditMissileFemale3B_C",
  "Race":"TESRace /Game/Forms/actors/race/DarkElf.DarkElf",
  "Body":"SkeletalMesh /Game/Art/Character/Imperial/SK_Imperial_Body_m.SK_Imperial_Body_m"
}