{
  "APIVersion":"v2",
  "SkinParametersMap":{
    "Tip Color":0.10000000149012,
    "Ombre Constrast":0.0,
    "Complexion":0.0,
    "Ombre Amount":0.0,
    "Khajiit Pattern Number":0.0,
    "Lipstick Amount":0.0,
    "Salt And Pepper":0.0,
    "Skin Dark/Light":0.0,
    "Root Redness":0.5,
    "Eye socket Bruised/Bright":0.0,
    "Freckles":0.0,
    "Eyeliner Light/Dark":0.0,
    "Eyebrows Redness Intensity":0.0,
    "Eye Socket Dark/Light":0.0,
    "Eyebrows Color Intensity":0.87999999523163,
    "Root Color":0.10000000149012,
    "Cheek Blush Light/Red":0.0,
    "Eylids Light/Dark":0.0,
    "Skin Tint Orange/Blue":0.0,
    "Tip Redness":0.5,
    "Cheekbones Flushed/Pale":0.0,
    "Eyelids Pale/Red":0.0,
    "Skin Tint Purple/Yellow":0.0
  },
  "Author":"Bethesda",
  "Race":"TESRace /Game/Forms/actors/race/WoodElf.WoodElf",
  "HairColorsL":{
    "0":{
      "R":0.020833000540733,
      "G":0.010127999819815,
      "B":0.0061369999311864,
      "A":1.0
    }
  },
  "Body":"SkeletalMesh /Game/Art/Character/Imperial/SK_Imperial_Body_m.SK_Imperial_Body_m",
  "Date":"2025-06-04 19:29:11",
  "SkinColorsMapL":{
    "Root DyeColor":{
      "R":1.0,
      "G":1.0,
      "B":1.0,
      "A":1.0
    },
    "Eyeliner Tone":{
      "R":1.0,
      "G":1.0,
      "B":1.0,
      "A":1.0
    },
    "Lipstick Color":{
      "R":1.0,
      "G":1.0,
      "B":1.0,
      "A":1.0
    },
    "Skin Tone":{
      "R":1.0,
      "G":1.0,
      "B":1.0,
      "A":1.0
    },
    "Tip DyeColor":{
      "R":1.0,
      "G":1.0,
      "B":1.0,
      "A":1.0
    }
  },
  "ModCreator":"animandan",
  "Sex":0,
  "ModName":"RaceMenuUtilities",
  "EyeMaterial":"/Game/Art/Character/Modular/Eyes_WoodElf/MIC_WoodElf_Eyes_Yellow.MIC_WoodElf_Eyes_Yellow",
  "ModVersion":"1.1.0",
  "FaceBaseMesh":"/Game/Art/Character/WoodElf/SK_WoodElf_Head_m.SK_WoodElf_Head_m",
  "Hair":"/Game/Dev/Phenotypes/Hair/HP_HighElf_HR_Classic.HP_HighElf_HR_Classic",
  "Description":"saved from in-game",
  "SenescenceLevel":3,
  "FaceMorphValuesMap":{
    "Face Gaunt / Round":-0.62912106513977,
    "Nose Short / Long":0.60000002384186,
    "Nose Tilt Down / Up":0.0,
    "Mouth Sad / Happy":-0.15531000494957,
    "Mouth Retracted / Protruding":0.0,
    "Chin Short / Tall":-0.43999999761581,
    "Cheekbones Low / High":0.11799000203609,
    "Nose Nostrils Tilt Down / Up":-0.374481767416,
    "Mouth Deflated / Inflated":0.0,
    "Hair Length":0.0,
    "Nose Sellion Shallow / Deep":0.0,
    "Chin Shallow / Deep":0.45263382792473,
    "Jaw Concave / Convex":0.14000000059605,
    "Brow Ridge Low / High":-0.19861547648907,
    "Chin Recessed / Pronounced":-0.06815405189991,
    "Mouth Tilt Down / Up":0.0,
    "Nose Sellion Thin / Wide":0.0,
    "Cheeks Gaunt / Round":0.20000000298023,
    "Nose Sellion Lower Shallow / Deep":0.0,
    "Nose Sellion Down / Up":-0.019278025254607,
    "Cheeks Concave / Convex":0.80000001192093,
    "Nose Region Concave / Convex":-0.49713000655174,
    "Eyes Inward / Outward":0.0,
    "Nose Nostrils Thin / Wide":0.17629981040955,
    "Brow Ridge Inner Down / Up":0.32181924581528,
    "Eyes Apart / Together":0.36000001430511,
    "Mouth Underbite / Overbite":0.40000000596046,
    "Chin Retracted / Jutting":0.14248232543468,
    "Brow / Nose / Chin Ratio":-0.25999999046326,
    "Nose Bridge Short / Long":-0.44533658027649,
    "Mouth Low / High":-0.15999999642372,
    "Forehead Small / Large":-0.1376346796751,
    "Nose Bridge Shallow / Deep":0.23644599318504,
    "Eyes Small / Large":0.0,
    "Forehead / Sellion / Nose Ratio":-0.031331539154053,
    "Mouth Chin Short / Long":0.0,
    "Forehead Short / Tall":0.0,
    "Eyes Down / Up":0.0,
    "Vampire":0.0,
    "Mouth Retracted / Puckered":0.0,
    "Jaw Retracted / Jutting":0.34837800264359,
    "Mouth Drawn / Pursed":0.36000001430511,
    "Cheekbones Thin / Wide":0.10681399703026,
    "Nose Down / Up":-0.89999997615814,
    "Jaw Neck Slope Low / High":0.14805099368095,
    "Chin Thin / Wide":0.23805400729179,
    "Cheekbones Shallow / Pronounced":-0.89999997615814,
    "Nose Nostrils Small / Large":-0.35804402828217,
    "Nose Flat / Pointed":-0.047359567135572,
    "Face Thin / Wide":0.23089499771595,
    "Chin Backward / Forward":-0.016876554116607,
    "Face Light / Heavy":0.074861191213131,
    "Mouth Small / Large":0.25999999046326,
    "Forehead Back / Forward":0.30000001192093,
    "Jaw Thin / Wide":-0.295175999403,
    "Brow Ridge Outer Down / Up":-0.05127140507102,
    "Chin Small / Large":-0.080000996589661
  },
  "Name":"BP_BanditBlackBowMale1_C"
}