{
  "ModName":"RaceMenuUtilities",
  "FaceBaseMesh":"/Game/Art/Character/DarkElf/SK_DarkElf_Head_f.SK_DarkElf_Head_f",
  "Author":"Bethesda",
  "Date":"2025-06-04 20:30:47",
  "SkinColorsMapL":{
    "Tip DyeColor":{
      "A":1.0,
      "B":1.0,
      "G":1.0,
      "R":1.0
    },
    "Lipstick Color":{
      "A":1.0,
      "B":1.0,
      "G":1.0,
      "R":1.0
    },
    "Root DyeColor":{
      "A":1.0,
      "B":1.0,
      "G":1.0,
      "R":1.0
    }
  },
  "APIVersion":"v2",
  "FaceMorphValuesMap":{
    "Eyes Small / Large":0.037657972425222,
    "Jaw Thin / Wide":0.35076498985291,
    "Brow Ridge Low / High":-0.22312135994434,
    "Chin Retracted / Jutting":0.36412453651428,
    "Face Thin / Wide":0.20998840034008,
    "Hair Length":0.0,
    "Chin Backward / Forward":0.18770413100719,
    "Vampire":0.0,
    "Mouth Underbite / Overbite":-0.08605819195509,
    "Eyes Inward / Outward":-0.25816521048546,
    "Mouth Sad / Happy":-0.23734867572784,
    "Jaw Retracted / Jutting":0.13454116880894,
    "Nose Flat / Pointed":-0.082878254354,
    "Chin Recessed / Pronounced":0.13027283549309,
    "Cheeks Gaunt / Round":-0.089990511536598,
    "Forehead Back / Forward":0.4413500726223,
    "Nose Sellion Down / Up":-0.008874798193574,
    "Mouth Deflated / Inflated":-0.10752811282873,
    "Mouth Small / Large":-0.22426497936249,
    "Nose Tilt Down / Up":0.0,
    "Nose Short / Long":0.0,
    "Mouth Drawn / Pursed":0.10824728012085,
    "Chin Short / Tall":0.36082902550697,
    "Nose Sellion Thin / Wide":0.0,
    "Jaw Neck Slope Low / High":0.063474230468273,
    "Cheekbones Shallow / Pronounced":0.27068266272545,
    "Nose Sellion Shallow / Deep":0.0,
    "Mouth Tilt Down / Up":-0.050689604133368,
    "Brow / Nose / Chin Ratio":-0.0070538045838475,
    "Brow Ridge Outer Down / Up":-0.13108579814434,
    "Chin Small / Large":-0.25638601183891,
    "Mouth Retracted / Puckered":-0.035019416362047,
    "Chin Thin / Wide":0.050346232950687,
    "Nose Nostrils Tilt Down / Up":0.01840659417212,
    "Face Gaunt / Round":0.077958546578884,
    "Cheekbones Thin / Wide":0.17740958929062,
    "Forehead / Sellion / Nose Ratio":0.32904919981956,
    "Cheekbones Low / High":0.32551833987236,
    "Nose Bridge Short / Long":-0.0039108279161155,
    "Forehead Short / Tall":-0.11585669964552,
    "Nose Bridge Shallow / Deep":0.27627655863762,
    "Mouth Chin Short / Long":0.1178721934557,
    "Face Light / Heavy":0.58879697322845,
    "Nose Region Concave / Convex":-0.11640390008688,
    "Mouth Retracted / Protruding":0.23357816040516,
    "Cheeks Concave / Convex":-0.20067539811134,
    "Nose Nostrils Small / Large":-0.043756570667028,
    "Jaw Concave / Convex":0.13286779820919,
    "Nose Down / Up":-0.29596927762032,
    "Mouth Low / High":-0.024812197312713,
    "Eyes Down / Up":-0.17534795403481,
    "Chin Shallow / Deep":0.082506582140923,
    "Eyes Apart / Together":0.054425027221441,
    "Brow Ridge Inner Down / Up":-0.17129437625408,
    "Nose Sellion Lower Shallow / Deep":0.0,
    "Nose Nostrils Thin / Wide":-0.12357993423939,
    "Forehead Small / Large":0.079977035522461
  },
  "EyeMaterial":"/Game/Art/Character/Modular/MIC_ME_DarkElf.MIC_ME_DarkElf",
  "HairColorsL":[],
  "SkinParametersMap":{
    "Complexion":0.0,
    "Freckles":0.0,
    "Ombre Amount":1.0,
    "Eylids Light/Dark":0.23999999463558,
    "Skin Tint Purple/Yellow":0.0,
    "Cheek Blush Light/Red":0.0,
    "Ombre Constrast":1.0,
    "Tip Color":0.72000002861023,
    "Eye socket Bruised/Bright":0.0,
    "Skin Tint Orange/Blue":-0.10000000149012,
    "Eyebrows Color Intensity":0.0,
    "Tip Redness":1.0,
    "Root Redness":1.0,
    "Root Color":0.10000000149012,
    "Skin Dark/Light":0.10000000149012,
    "Salt And Pepper":0.0,
    "Eyebrows Redness Intensity":0.0,
    "Eyeliner Light/Dark":0.20000000298023,
    "Eyelids Pale/Red":0.0,
    "Cheekbones Flushed/Pale":0.0,
    "Eye Socket Dark/Light":0.0,
    "Lipstick Amount":0.0
  },
  "SenescenceLevel":2,
  "Sex":1,
  "Description":"saved from in-game",
  "ModCreator":"animandan",
  "ModVersion":"1.1.0",
  "Hair":"/Game/Dev/Phenotypes/Hair/HP_DarkElf_HR_Mane.HP_DarkElf_HR_Mane",
  "Name":"BP_BanditMissileFemale3A_C",
  "Race":"TESRace /Game/Forms/actors/race/DarkElf.DarkElf",
  "Body":"SkeletalMesh /Game/Art/Character/Imperial/SK_Imperial_Body_m.SK_Imperial_Body_m"
}