{
  "Sex":1,
  "HairColorsL":{
    "0":{
      "A":1.0,
      "R":0.0,
      "G":0.0,
      "B":0.0
    }
  },
  "EyeMaterial":"/Game/Art/Character/Modular/MIC_ME_Khajiit.MIC_ME_Khajiit",
  "Author":"Bethesda",
  "Date":"2025-06-04 19:34:58",
  "Description":"saved from in-game",
  "Name":"BP_BeggarLeyawiinRancidRadirsha_C",
  "ModCreator":"animandan",
  "ModName":"RaceMenuUtilities",
  "FaceBaseMesh":"/Game/Art/Character/Khajiit/SK_Khajiit_Head_f.SK_Khajiit_Head_f",
  "ModVersion":"1.1.0",
  "Body":"SkeletalMesh /Game/Art/Character/Imperial/SK_Imperial_Body_m.SK_Imperial_Body_m",
  "FaceMorphValuesMap":{
    "Nose Nostrils Thin / Wide":0.69999998807907,
    "Forehead / Sellion / Nose Ratio":0.80000001192093,
    "Cheekbones Thin / Wide":0.87999999523163,
    "Forehead Small / Large":0.58000099658966,
    "Chin Recessed / Pronounced":0.15999999642372,
    "Brow / Nose / Chin Ratio":-0.41999998688698,
    "Jaw Thin / Wide":-0.62000000476837,
    "Cheeks Gaunt / Round":-0.21999999880791,
    "Chin Backward / Forward":0.41999998688698,
    "Chin Thin / Wide":0.20000000298023,
    "Forehead Short / Tall":0.5799999833107,
    "Face Thin / Wide":-0.53999900817871,
    "Brow Ridge Inner Down / Up":-0.079999998211861,
    "Mouth Underbite / Overbite":0.87999999523163,
    "Mouth Low / High":-0.77999997138977,
    "Vampire":0.0,
    "Face Gaunt / Round":-0.60000002384186,
    "Eyes Small / Large":-0.86000001430511,
    "Mouth Drawn / Pursed":-0.66000002622604,
    "Chin Retracted / Jutting":-0.10000000149012,
    "Nose Tilt Down / Up":-0.81999999284744,
    "Mouth Small / Large":-0.21999999880791,
    "Nose Short / Long":0.80000001192093,
    "Nose Bridge Shallow / Deep":0.30000001192093,
    "Nose Sellion Thin / Wide":0.37999999523163,
    "Mouth Retracted / Protruding":0.0,
    "Nose Sellion Shallow / Deep":0.03999999910593,
    "Jaw Retracted / Jutting":0.80000001192093,
    "Nose Sellion Down / Up":0.51999998092651,
    "Eyes Inward / Outward":0.83999997377396,
    "Nose Region Concave / Convex":-0.11999999731779,
    "Brow Ridge Outer Down / Up":-0.44000101089478,
    "Nose Nostrils Small / Large":-0.21999999880791,
    "Eyes Apart / Together":0.69999998807907,
    "Nose Nostrils Tilt Down / Up":0.75999999046326,
    "Nose Flat / Pointed":0.34000000357628,
    "Mouth Tilt Down / Up":0.86000001430511,
    "Jaw Concave / Convex":0.75999999046326,
    "Mouth Sad / Happy":-0.5799999833107,
    "Cheekbones Shallow / Pronounced":-0.40000000596046,
    "Face Light / Heavy":-0.5799999833107,
    "Nose Down / Up":-0.56000000238419,
    "Chin Short / Tall":-0.77999901771545,
    "Eyes Down / Up":-0.24000099301338,
    "Cheeks Concave / Convex":-0.37999999523163,
    "Nose Bridge Short / Long":0.77999997138977,
    "Mouth Chin Short / Long":0.9200000166893,
    "Nose Sellion Lower Shallow / Deep":0.81999999284744,
    "Mouth Retracted / Puckered":-0.18000100553036,
    "Hair Length":0.0,
    "Mouth Deflated / Inflated":0.95999997854233,
    "Chin Shallow / Deep":0.68000000715256,
    "Jaw Neck Slope Low / High":0.18000000715256,
    "Brow Ridge Low / High":-0.36000001430511,
    "Cheekbones Low / High":0.03999900072813,
    "Forehead Back / Forward":0.9200000166893,
    "Chin Small / Large":-0.36000001430511
  },
  "Hair":"/Game/Dev/Phenotypes/Hair/HP_Khajiit_HR_HeadBand.HP_Khajiit_HR_HeadBand",
  "SenescenceLevel":3,
  "APIVersion":"v2",
  "SkinParametersMap":{
    "Complexion":0.0,
    "Eye socket Bruised/Bright":0.87999999523163,
    "Lipstick Amount":0.0,
    "Khajiit Pattern Number":1.0,
    "Hair Desaturation for Khajiit":0.0,
    "Eyelids Pale/Red":-0.47999998927116,
    "Eye Socket Dark/Light":1.0,
    "Eyeliner Light/Dark":1.0,
    "Eylids Light/Dark":-1.0
  },
  "Race":"TESRace /Game/Forms/actors/race/Khajiit.Khajiit",
  "SkinColorsMapL":{
    "Color 1":{
      "A":1.0,
      "R":0.72305500507355,
      "G":0.45849099755287,
      "B":0.11516600102186
    },
    "Eyeliner Tone":{
      "A":1.0,
      "R":1.0,
      "G":1.0,
      "B":1.0
    },
    "Color 2":{
      "A":1.0,
      "R":0.201556250453,
      "G":0.11697066575289,
      "B":0.11697066575289
    },
    "Color 3":{
      "A":1.0,
      "R":1.0,
      "G":1.0,
      "B":1.0
    }
  }
}