{
  "Race":"TESRace /Game/Forms/actors/race/Nord.Nord",
  "FaceBaseMesh":"/Game/Art/Character/Nord/SK_Nord_Head_m.SK_Nord_Head_m",
  "Date":"2025-06-04 18:37:18",
  "HairColorsL":{
    "1":{
      "B":0.08398400247097,
      "G":0.1452250033617,
      "R":0.22395800054073,
      "A":1.0
    },
    "2":{
      "B":0.08398400247097,
      "G":0.1452250033617,
      "R":0.22395800054073,
      "A":1.0
    },
    "0":{
      "B":0.0,
      "G":0.0,
      "R":0.0,
      "A":1.0
    }
  },
  "SkinParametersMap":{
    "Cheekbones Flushed/Pale":0.30000001192093,
    "Eyelids Pale/Red":0.31999999284744,
    "Skin Tint Purple/Yellow":0.20000000298023,
    "Lipstick Amount":0.0,
    "Cheek Blush Light/Red":0.30000001192093,
    "Skin Dark/Light":0.30000001192093,
    "Complexion":0.30000001192093,
    "Salt And Pepper":0.0,
    "Eye Socket Dark/Light":0.0,
    "Eylids Light/Dark":0.079999998211861,
    "Khajiit Pattern Number":0.0,
    "Ombre Amount":1.0,
    "Freckles":0.20000000298023,
    "Root Color":0.014980999752879,
    "Ombre Constrast":1.0,
    "Eyeliner Light/Dark":0.0,
    "Tip Color":0.029962999746203,
    "Eyebrows Redness Intensity":1.0,
    "Root Redness":1.0,
    "Skin Tint Orange/Blue":0.0,
    "Eye socket Bruised/Bright":0.30000001192093,
    "Tip Redness":1.0,
    "Eyebrows Color Intensity":0.51999998092651
  },
  "Sex":0,
  "FaceMorphValuesMap":{
    "Hair Length":0.0,
    "Vampire":0.0,
    "Nose Sellion Down / Up":0.23970000445843,
    "Forehead Back / Forward":-0.20000000298023,
    "Mouth Deflated / Inflated":-0.37999999523163,
    "Chin Backward / Forward":-0.17000000178814,
    "Eyes Apart / Together":0.50999999046326,
    "Nose Tilt Down / Up":-0.14000000059605,
    "Mouth Sad / Happy":0.41999900341034,
    "Brow Ridge Outer Down / Up":0.3199990093708,
    "Nose Sellion Thin / Wide":0.0,
    "Nose Short / Long":0.019999999552965,
    "Nose Sellion Shallow / Deep":0.0,
    "Brow / Nose / Chin Ratio":0.0,
    "Chin Small / Large":-0.11999899893999,
    "Nose Flat / Pointed":-0.34840300679207,
    "Jaw Thin / Wide":-0.62000000476837,
    "Nose Nostrils Tilt Down / Up":0.05154599994421,
    "Eyes Inward / Outward":-0.086492002010345,
    "Cheekbones Shallow / Pronounced":-0.10000000149012,
    "Nose Nostrils Thin / Wide":0.80000001192093,
    "Chin Shallow / Deep":-0.18000100553036,
    "Nose Down / Up":-0.21999999880791,
    "Nose Bridge Short / Long":-9.9999999747524e-07,
    "Mouth Tilt Down / Up":0.40000000596046,
    "Chin Thin / Wide":0.10570500046015,
    "Face Light / Heavy":0.01999899931252,
    "Mouth Chin Short / Long":0.10000000149012,
    "Jaw Concave / Convex":0.3199990093708,
    "Brow Ridge Low / High":0.11999899893999,
    "Chin Recessed / Pronounced":0.171875,
    "Cheeks Gaunt / Round":0.35999900102615,
    "Face Thin / Wide":-0.25999999046326,
    "Eyes Down / Up":-0.24070799350739,
    "Jaw Retracted / Jutting":-0.080000996589661,
    "Chin Short / Tall":-0.19726899266243,
    "Jaw Neck Slope Low / High":-0.11999999731779,
    "Nose Bridge Shallow / Deep":-0.10000000149012,
    "Mouth Retracted / Protruding":0.51702499389648,
    "Cheekbones Thin / Wide":-0.070000000298023,
    "Mouth Low / High":-0.31999999284744,
    "Mouth Retracted / Puckered":0.5,
    "Mouth Small / Large":-0.74000000953674,
    "Forehead Short / Tall":-0.51999998092651,
    "Nose Nostrils Small / Large":0.69999998807907,
    "Chin Retracted / Jutting":0.15999899804592,
    "Forehead Small / Large":-0.60000002384186,
    "Cheekbones Low / High":0.13999900221825,
    "Eyes Small / Large":0.27047398686409,
    "Cheeks Concave / Convex":0.051414001733065,
    "Brow Ridge Inner Down / Up":-0.5,
    "Nose Sellion Lower Shallow / Deep":0.15999999642372,
    "Face Gaunt / Round":0.099997997283936,
    "Mouth Underbite / Overbite":-0.28000000119209,
    "Nose Region Concave / Convex":0.20175099372864,
    "Forehead / Sellion / Nose Ratio":0.56000000238419,
    "Mouth Drawn / Pursed":-0.11999999731779
  },
  "Mustache":"/Game/Dev/Phenotypes/Mustache/HP_Nord_MS_Scruffy.HP_Nord_MS_Scruffy",
  "ModCreator":"animandan",
  "SkinColorsMapL":{
    "Lipstick Color":{
      "B":1.0,
      "G":1.0,
      "R":1.0,
      "A":1.0
    },
    "Tip DyeColor":{
      "B":0.0018211619462818,
      "G":0.0085681257769465,
      "R":0.082282707095146,
      "A":1.0
    },
    "Root DyeColor":{
      "B":1.0,
      "G":1.0,
      "R":1.0,
      "A":1.0
    },
    "Eyeliner Tone":{
      "B":1.0,
      "G":1.0,
      "R":1.0,
      "A":1.0
    },
    "Skin Tone":{
      "B":1.0,
      "G":1.0,
      "R":1.0,
      "A":1.0
    }
  },
  "ModVersion":"1.1.0",
  "EyeMaterial":"/Game/Art/Character/Nord/MIC_Nord_Eye.MIC_Nord_Eye",
  "ModName":"RaceMenuUtilities",
  "Body":"SkeletalMesh /Game/Art/Character/Imperial/SK_Imperial_Body_m.SK_Imperial_Body_m",
  "Description":"saved from in-game",
  "SenescenceLevel":3,
  "APIVersion":"v2",
  "Author":"Bethesda",
  "Hair":"/Game/Dev/Phenotypes/Hair/HP_Imperial_HR_Headband.HP_Imperial_HR_Headband",
  "Beard":"/Game/Dev/Phenotypes/Beard/HP_Nord_BD_Scruffy.HP_Nord_BD_Scruffy",
  "Name":"BP_BittneldtheCurseBringer_C"
}