{
  "ModName":"RaceMenuUtilities",
  "FaceBaseMesh":"/Game/Art/Character/Breton/SK_Breton_Head_m.SK_Breton_Head_m",
  "Author":"Bethesda",
  "Date":"2025-06-04 20:30:49",
  "SkinColorsMapL":{
    "Lipstick Color":{
      "A":1.0,
      "B":1.0,
      "G":1.0,
      "R":1.0
    },
    "Eyeliner Tone":{
      "A":1.0,
      "B":1.0,
      "G":1.0,
      "R":1.0
    },
    "Root DyeColor":{
      "A":1.0,
      "B":0.0047769998200238,
      "G":0.012285999953747,
      "R":0.23839800059795
    },
    "Tip DyeColor":{
      "A":1.0,
      "B":0.0047769998200238,
      "G":0.012285999953747,
      "R":0.23839800059795
    },
    "Skin Tone":{
      "A":1.0,
      "B":1.0,
      "G":1.0,
      "R":1.0
    }
  },
  "Name":"BP_BanditWizardMale2_C",
  "FaceMorphValuesMap":{
    "Eyes Small / Large":0.24541406333447,
    "Jaw Thin / Wide":0.024004999548197,
    "Brow Ridge Low / High":-0.24045144021511,
    "Chin Retracted / Jutting":-0.17169000208378,
    "Face Thin / Wide":0.0,
    "Hair Length":0.0,
    "Chin Backward / Forward":-0.3827919960022,
    "Vampire":0.0,
    "Mouth Underbite / Overbite":0.0,
    "Eyes Inward / Outward":-0.055323630571365,
    "Mouth Sad / Happy":0.0,
    "Jaw Retracted / Jutting":-0.50764501094818,
    "Nose Flat / Pointed":0.0,
    "Chin Recessed / Pronounced":0.13962256908417,
    "Cheeks Gaunt / Round":0.53785902261734,
    "Forehead Back / Forward":-0.062378406524658,
    "Nose Sellion Down / Up":0.0,
    "Mouth Deflated / Inflated":0.0,
    "Mouth Small / Large":0.83999997377396,
    "Nose Tilt Down / Up":0.0,
    "Nose Short / Long":0.0,
    "Mouth Drawn / Pursed":0.0,
    "Chin Short / Tall":0.16839799284935,
    "Nose Sellion Thin / Wide":0.0,
    "Jaw Neck Slope Low / High":-0.055091347545385,
    "Cheekbones Shallow / Pronounced":0.0,
    "Nose Sellion Shallow / Deep":0.31999999284744,
    "Mouth Tilt Down / Up":0.0,
    "Brow / Nose / Chin Ratio":0.0,
    "Brow Ridge Outer Down / Up":0.39230903983116,
    "Chin Small / Large":0.51021099090576,
    "Mouth Retracted / Puckered":0.0,
    "Chin Thin / Wide":0.47134324908257,
    "Nose Nostrils Tilt Down / Up":0.0,
    "Face Gaunt / Round":0.37556299567223,
    "Cheekbones Thin / Wide":-0.54000002145767,
    "Forehead / Sellion / Nose Ratio":0.10276871174574,
    "Cheekbones Low / High":0.61747598648071,
    "Nose Bridge Short / Long":0.0,
    "Forehead Short / Tall":-0.12972800433636,
    "Nose Bridge Shallow / Deep":0.0,
    "Mouth Chin Short / Long":0.0,
    "Face Light / Heavy":0.11999999731779,
    "Nose Region Concave / Convex":0.0,
    "Mouth Retracted / Protruding":0.0,
    "Cheeks Concave / Convex":0.23714700341225,
    "Nose Nostrils Small / Large":0.15999999642372,
    "Jaw Concave / Convex":0.36399400234222,
    "Nose Down / Up":0.0,
    "Mouth Low / High":0.0,
    "Eyes Down / Up":0.033842537552118,
    "Chin Shallow / Deep":0.016209369525313,
    "Eyes Apart / Together":-0.38728651404381,
    "Brow Ridge Inner Down / Up":-0.28446099162102,
    "Nose Sellion Lower Shallow / Deep":0.0,
    "Nose Nostrils Thin / Wide":0.74000000953674,
    "Forehead Small / Large":0.1292317956686
  },
  "EyeMaterial":"/Game/Art/Character/Modular/Eyes_Human/MIC_Human_Eyes_Brown2.MIC_Human_Eyes_Brown2",
  "HairColorsL":{
    "1":{
      "A":1.0,
      "B":0.061027999967337,
      "G":0.10424599796534,
      "R":0.16145800054073
    },
    "2":{
      "A":1.0,
      "B":0.0037769998889416,
      "G":0.0072949999012053,
      "R":0.012152999639511
    },
    "0":{
      "A":1.0,
      "B":0.0061369999311864,
      "G":0.010127999819815,
      "R":0.020833000540733
    }
  },
  "SkinParametersMap":{
    "Complexion":0.37999999523163,
    "Freckles":0.72000002861023,
    "Ombre Amount":0.03999999910593,
    "Eylids Light/Dark":0.37999999523163,
    "Skin Tint Purple/Yellow":0.0,
    "Cheek Blush Light/Red":0.34000000357628,
    "Ombre Constrast":-0.11999999731779,
    "Tip Color":0.47999900579453,
    "Eye socket Bruised/Bright":0.0,
    "Skin Tint Orange/Blue":0.019999999552965,
    "Eyebrows Color Intensity":0.0,
    "Tip Redness":9.9999999747524e-07,
    "Root Redness":0.51999998092651,
    "Root Color":1.0,
    "Skin Dark/Light":0.18000000715256,
    "Salt And Pepper":0.0,
    "Eyebrows Redness Intensity":0.0,
    "Eyeliner Light/Dark":0.0,
    "Eyelids Pale/Red":0.0,
    "Cheekbones Flushed/Pale":0.30000001192093,
    "Eye Socket Dark/Light":0.0,
    "Lipstick Amount":0.0099999997764826
  },
  "Mustache":"/Game/Dev/Phenotypes/Mustache/HP_Breton_MS_Medium.HP_Breton_MS_Medium",
  "SenescenceLevel":2,
  "Sex":0,
  "Description":"saved from in-game",
  "Beard":"/Game/Dev/Phenotypes/Beard/HP_Breton_BD_Medium.HP_Breton_BD_Medium",
  "ModCreator":"animandan",
  "ModVersion":"1.1.0",
  "APIVersion":"v2",
  "Hair":"/Game/Dev/Phenotypes/Hair/HP_HR_MediumLength.HP_HR_MediumLength",
  "Race":"TESRace /Game/Forms/actors/race/Breton.Breton",
  "Body":"SkeletalMesh /Game/Art/Character/Imperial/SK_Imperial_Body_m.SK_Imperial_Body_m"
}