{
  "APIVersion":"v2",
  "SkinParametersMap":{
    "Tip Color":0.10000000149012,
    "Ombre Constrast":0.0,
    "Complexion":0.21999999880791,
    "Ombre Amount":0.0,
    "None":0.019999999552965,
    "Eyeliner Light/Dark":-0.20000000298023,
    "Salt And Pepper":0.0,
    "Skin Dark/Light":-0.81999897956848,
    "Lipstick Amount":0.019999999552965,
    "Eye socket Bruised/Bright":0.41999998688698,
    "Root Redness":0.5,
    "Freckles":0.87999999523163,
    "Eyebrows Redness Intensity":-0.25999900698662,
    "Eyebrows Color Intensity":0.37999999523163,
    "Eye Socket Dark/Light":0.43999999761581,
    "Root Color":0.10000000149012,
    "Cheek Blush Light/Red":-0.30000001192093,
    "Eylids Light/Dark":-0.019999999552965,
    "Skin Tint Orange/Blue":0.0,
    "Tip Redness":0.5,
    "Cheekbones Flushed/Pale":0.47999998927116,
    "Eyelids Pale/Red":-0.079999998211861,
    "Skin Tint Purple/Yellow":-0.23999999463558
  },
  "Author":"Bethesda",
  "Race":"TESRace /Game/Forms/actors/race/Redguard.Redguard",
  "HairColorsL":{
    "0":{
      "R":1.0,
      "G":1.0,
      "B":1.0,
      "A":1.0
    }
  },
  "Body":"SkeletalMesh /Game/Art/Character/Imperial/SK_Imperial_Body_m.SK_Imperial_Body_m",
  "Date":"2025-06-04 19:29:07",
  "SkinColorsMapL":{
    "Root DyeColor":{
      "R":0.015996292233467,
      "G":0.015996292233467,
      "B":0.015996292233467,
      "A":1.0
    },
    "Eyeliner Tone":{
      "R":1.0,
      "G":1.0,
      "B":1.0,
      "A":1.0
    },
    "Lipstick Color":{
      "R":0.21223075687885,
      "G":0.0,
      "B":0.0060488330200315,
      "A":1.0
    },
    "Skin Tone":{
      "R":1.0,
      "G":1.0,
      "B":1.0,
      "A":1.0
    },
    "Tip DyeColor":{
      "R":0.0,
      "G":0.0,
      "B":0.0,
      "A":1.0
    }
  },
  "ModCreator":"animandan",
  "Sex":0,
  "ModName":"RaceMenuUtilities",
  "EyeMaterial":"/Game/Art/Character/Modular/Eyes_Human/MIC_Human_Eyes_Brown2.MIC_Human_Eyes_Brown2",
  "ModVersion":"1.1.0",
  "FaceBaseMesh":"/Game/Art/Character/Redguard/SK_Redguard_Head_m.SK_Redguard_Head_m",
  "Hair":"/Game/Dev/Phenotypes/Hair/HP_HR_Cropped.HP_HR_Cropped",
  "Description":"saved from in-game",
  "SenescenceLevel":0,
  "FaceMorphValuesMap":{
    "Face Gaunt / Round":0.28000000119209,
    "Nose Short / Long":0.20000000298023,
    "Nose Tilt Down / Up":0.54000002145767,
    "Mouth Sad / Happy":0.74000000953674,
    "Mouth Retracted / Protruding":0.0,
    "Chin Short / Tall":0.0,
    "Cheekbones Low / High":-0.059999998658895,
    "Nose Nostrils Tilt Down / Up":0.28000000119209,
    "Mouth Deflated / Inflated":0.11999999731779,
    "Hair Length":0.0,
    "Nose Sellion Shallow / Deep":0.10000000149012,
    "Chin Shallow / Deep":-0.11999899893999,
    "Jaw Concave / Convex":0.36000001430511,
    "Brow Ridge Low / High":-0.23999999463558,
    "Chin Recessed / Pronounced":0.31999999284744,
    "Mouth Tilt Down / Up":0.0,
    "Nose Sellion Thin / Wide":0.81999999284744,
    "Cheeks Gaunt / Round":-0.45999899506569,
    "Nose Sellion Lower Shallow / Deep":0.23999999463558,
    "Nose Sellion Down / Up":0.019999999552965,
    "Cheeks Concave / Convex":0.75999999046326,
    "Nose Region Concave / Convex":-0.079999998211861,
    "Eyes Inward / Outward":0.0,
    "Nose Nostrils Thin / Wide":-0.37999901175499,
    "Brow Ridge Inner Down / Up":-0.36000001430511,
    "Eyes Apart / Together":0.50561797618866,
    "Mouth Underbite / Overbite":0.019999999552965,
    "Chin Retracted / Jutting":0.079998999834061,
    "Brow / Nose / Chin Ratio":0.0,
    "Nose Bridge Short / Long":0.41999998688698,
    "Mouth Low / High":-0.019999999552965,
    "Forehead Small / Large":-0.43999999761581,
    "Nose Bridge Shallow / Deep":0.43999999761581,
    "Eyes Small / Large":0.21999999880791,
    "Forehead / Sellion / Nose Ratio":0.25999999046326,
    "Mouth Chin Short / Long":0.059999998658895,
    "Forehead Short / Tall":0.51999998092651,
    "Eyes Down / Up":0.019999999552965,
    "Vampire":0.0,
    "Mouth Retracted / Puckered":0.0,
    "Jaw Retracted / Jutting":-0.16000099480152,
    "Mouth Drawn / Pursed":-0.72000002861023,
    "Cheekbones Thin / Wide":-0.37999999523163,
    "Nose Down / Up":-0.079999998211861,
    "Jaw Neck Slope Low / High":-0.30000001192093,
    "Chin Thin / Wide":0.0,
    "Cheekbones Shallow / Pronounced":0.86000001430511,
    "Nose Nostrils Small / Large":0.71999901533127,
    "Nose Flat / Pointed":0.0,
    "Face Thin / Wide":-0.10000000149012,
    "Chin Backward / Forward":0.10000000149012,
    "Face Light / Heavy":0.03999999910593,
    "Mouth Small / Large":0.30000001192093,
    "Forehead Back / Forward":0.03999999910593,
    "Jaw Thin / Wide":0.74000000953674,
    "Brow Ridge Outer Down / Up":-0.0037450001109391,
    "Chin Small / Large":0.25999999046326
  },
  "Name":"BP_BanditBlackBowBoss4Male2_C"
}