{
  "ModName":"RaceMenuUtilities",
  "FaceBaseMesh":"/Game/Art/Character/Imperial/SK_Imperial_Head_m.SK_Imperial_Head_m",
  "Author":"Bethesda",
  "Date":"2025-06-04 20:30:51",
  "SkinColorsMapL":{
    "Lipstick Color":{
      "A":1.0,
      "B":1.0,
      "G":1.0,
      "R":1.0
    },
    "Eyeliner Tone":{
      "A":1.0,
      "B":1.0,
      "G":1.0,
      "R":1.0
    },
    "Root DyeColor":{
      "A":1.0,
      "B":1.0,
      "G":1.0,
      "R":1.0
    },
    "Tip DyeColor":{
      "A":1.0,
      "B":1.0,
      "G":1.0,
      "R":1.0
    },
    "Skin Tone":{
      "A":1.0,
      "B":0.97916698455811,
      "G":0.97916698455811,
      "R":0.83436298370361
    }
  },
  "APIVersion":"v2",
  "FaceMorphValuesMap":{
    "Eyes Small / Large":0.16314436495304,
    "Jaw Thin / Wide":-0.31120499968529,
    "Brow Ridge Low / High":0.027724999934435,
    "Chin Retracted / Jutting":-0.044338848441839,
    "Face Thin / Wide":0.26467299461365,
    "Hair Length":0.0,
    "Chin Backward / Forward":-0.28000000119209,
    "Vampire":0.0,
    "Mouth Underbite / Overbite":0.0,
    "Eyes Inward / Outward":0.0,
    "Mouth Sad / Happy":0.0,
    "Jaw Retracted / Jutting":-0.16541148722172,
    "Nose Flat / Pointed":0.30322644114494,
    "Chin Recessed / Pronounced":0.13601888716221,
    "Cheeks Gaunt / Round":0.14259333908558,
    "Forehead Back / Forward":-0.17395089566708,
    "Nose Sellion Down / Up":-0.14000000059605,
    "Mouth Deflated / Inflated":0.0,
    "Mouth Small / Large":0.0,
    "Nose Tilt Down / Up":0.059999998658895,
    "Nose Short / Long":0.0,
    "Mouth Drawn / Pursed":0.0,
    "Chin Short / Tall":0.22838060557842,
    "Nose Sellion Thin / Wide":0.0,
    "Jaw Neck Slope Low / High":0.044397585093975,
    "Cheekbones Shallow / Pronounced":0.073783695697784,
    "Nose Sellion Shallow / Deep":0.0,
    "Mouth Tilt Down / Up":0.0,
    "Brow / Nose / Chin Ratio":-0.024214064702392,
    "Brow Ridge Outer Down / Up":-0.28055602312088,
    "Chin Small / Large":-0.36605125665665,
    "Mouth Retracted / Puckered":0.0,
    "Chin Thin / Wide":0.30736699700356,
    "Nose Nostrils Tilt Down / Up":-0.25999900698662,
    "Face Gaunt / Round":0.065203003585339,
    "Cheekbones Thin / Wide":-0.11968100070953,
    "Forehead / Sellion / Nose Ratio":0.065376587212086,
    "Cheekbones Low / High":-0.56609439849854,
    "Nose Bridge Short / Long":0.01999899931252,
    "Forehead Short / Tall":0.5799999833107,
    "Nose Bridge Shallow / Deep":0.42121401429176,
    "Mouth Chin Short / Long":0.0,
    "Face Light / Heavy":0.23291535675526,
    "Nose Region Concave / Convex":0.21565996110439,
    "Mouth Retracted / Protruding":0.0,
    "Cheeks Concave / Convex":0.14636799693108,
    "Nose Nostrils Small / Large":-0.0094979517161846,
    "Jaw Concave / Convex":0.16094599664211,
    "Nose Down / Up":0.017631452530622,
    "Mouth Low / High":0.0,
    "Eyes Down / Up":-0.0078419996425509,
    "Chin Shallow / Deep":0.12611323595047,
    "Eyes Apart / Together":0.21958108246326,
    "Brow Ridge Inner Down / Up":0.14957199990749,
    "Nose Sellion Lower Shallow / Deep":0.0,
    "Nose Nostrils Thin / Wide":-0.056700970977545,
    "Forehead Small / Large":-0.50536149740219
  },
  "EyeMaterial":"/Game/Art/Character/Modular/Eyes_Human/MIC_Human_Eyes_Green2.MIC_Human_Eyes_Green2",
  "HairColorsL":{
    "0":{
      "A":1.0,
      "B":0.084376208484173,
      "G":0.14412847161293,
      "R":0.22322796285152
    }
  },
  "SkinParametersMap":{
    "Complexion":0.68000000715256,
    "Freckles":0.0,
    "Ombre Amount":0.0,
    "Eylids Light/Dark":0.0,
    "Skin Tint Purple/Yellow":-0.079999998211861,
    "Cheek Blush Light/Red":0.5,
    "Ombre Constrast":0.0,
    "Tip Color":0.10000000149012,
    "Eye socket Bruised/Bright":0.0,
    "Skin Tint Orange/Blue":0.0,
    "Eyebrows Color Intensity":0.60000002384186,
    "Tip Redness":0.5,
    "Root Redness":0.5,
    "Root Color":0.10000000149012,
    "Skin Dark/Light":-0.15999999642372,
    "Salt And Pepper":0.0,
    "Eyebrows Redness Intensity":0.0,
    "Eyeliner Light/Dark":0.0,
    "Eyelids Pale/Red":0.0,
    "Cheekbones Flushed/Pale":0.5,
    "Eye Socket Dark/Light":0.0,
    "Lipstick Amount":0.0
  },
  "SenescenceLevel":2,
  "Sex":0,
  "Description":"saved from in-game",
  "ModCreator":"animandan",
  "ModVersion":"1.1.0",
  "Hair":"/Game/Dev/Phenotypes/Hair/HP_HR_Ponytail.HP_HR_Ponytail",
  "Name":"BP_BrumaGuardCityPostNight01_C",
  "Race":"TESRace /Game/Forms/actors/race/Imperial.Imperial",
  "Body":"SkeletalMesh /Game/Art/Character/Imperial/SK_Imperial_Body_m.SK_Imperial_Body_m"
}