{
  "Sex":0,
  "HairColorsL":{
    "0":{
      "A":1.0,
      "R":0.12477181851864,
      "G":0.09758734703064,
      "B":0.086500458419323
    }
  },
  "Author":"Bethesda",
  "Date":"2025-06-04 19:33:34",
  "Description":"saved from in-game",
  "Name":"BP_BrokilgroShatur_C",
  "ModCreator":"animandan",
  "ModName":"RaceMenuUtilities",
  "FaceBaseMesh":"/Game/Art/Character/Orc/SK_Orc_Head_m.SK_Orc_Head_m",
  "Body":"SkeletalMesh /Game/Art/Character/Imperial/SK_Imperial_Body_m.SK_Imperial_Body_m",
  "Race":"TESRace /Game/Forms/actors/race/Orc.Orc",
  "FaceMorphValuesMap":{
    "Nose Nostrils Thin / Wide":-0.18627099692822,
    "Forehead / Sellion / Nose Ratio":-0.085221998393536,
    "Cheekbones Thin / Wide":-0.34126600623131,
    "Forehead Small / Large":-0.56000101566315,
    "Chin Recessed / Pronounced":-0.30438798666,
    "Brow / Nose / Chin Ratio":-0.33162400126457,
    "Jaw Thin / Wide":-0.27625700831413,
    "Cheeks Gaunt / Round":0.23865699768066,
    "Chin Backward / Forward":0.12441799789667,
    "Chin Thin / Wide":-0.19456799328327,
    "Forehead Short / Tall":0.44783800840378,
    "Face Thin / Wide":-0.075879998505116,
    "Brow Ridge Inner Down / Up":-0.49308300018311,
    "Mouth Underbite / Overbite":-0.29666700959206,
    "Mouth Low / High":-0.49054101109505,
    "Vampire":0.0,
    "Face Gaunt / Round":0.011606000363827,
    "Eyes Small / Large":0.24424600601196,
    "Mouth Drawn / Pursed":-0.03999999910593,
    "Chin Retracted / Jutting":-0.0019680000841618,
    "Nose Tilt Down / Up":0.0,
    "Mouth Small / Large":-0.23952400684357,
    "Nose Short / Long":0.0,
    "Nose Bridge Shallow / Deep":0.13820500671864,
    "Nose Sellion Thin / Wide":0.03999900072813,
    "Mouth Retracted / Protruding":-0.63999897241592,
    "Nose Sellion Shallow / Deep":0.0,
    "Jaw Retracted / Jutting":0.27581998705864,
    "Nose Sellion Down / Up":-0.33010199666023,
    "Eyes Inward / Outward":0.28000000119209,
    "Nose Region Concave / Convex":-0.04118900001049,
    "Brow Ridge Outer Down / Up":-0.36540898680687,
    "Nose Nostrils Small / Large":-0.52076399326324,
    "Eyes Apart / Together":0.80068302154541,
    "Nose Nostrils Tilt Down / Up":-0.31823098659515,
    "Nose Flat / Pointed":0.25780901312828,
    "Mouth Tilt Down / Up":-0.74786597490311,
    "Jaw Concave / Convex":-0.16426999866962,
    "Mouth Sad / Happy":0.89999997615814,
    "Cheekbones Shallow / Pronounced":-0.084532998502254,
    "Face Light / Heavy":-0.85039001703262,
    "Nose Down / Up":-0.79187601804733,
    "Chin Short / Tall":0.084262996912003,
    "Eyes Down / Up":-0.75999999046326,
    "Cheeks Concave / Convex":0.36176100373268,
    "Nose Bridge Short / Long":-0.26432499289513,
    "Mouth Chin Short / Long":0.085666999220848,
    "Nose Sellion Lower Shallow / Deep":0.0,
    "Mouth Retracted / Puckered":0.5799999833107,
    "Hair Length":-1.0,
    "Mouth Deflated / Inflated":-0.5,
    "Chin Shallow / Deep":0.66000002622604,
    "Jaw Neck Slope Low / High":-0.3558050096035,
    "Brow Ridge Low / High":-0.44680398702621,
    "Cheekbones Low / High":0.068855002522469,
    "Forehead Back / Forward":-0.23094800114632,
    "Chin Small / Large":0.24380399286747
  },
  "Hair":"/Game/Dev/Phenotypes/Hair/HP_Orc_HR_TwoBraids.HP_Orc_HR_TwoBraids",
  "SkinParametersMap":{
    "Complexion":0.31460699439049,
    "Ombre Constrast":0.0,
    "Eye socket Bruised/Bright":-0.29587998986244,
    "Root Redness":0.0,
    "Khajiit Pattern Number":0.0,
    "Eyebrows Redness Intensity":0.0,
    "Root Color":1.0,
    "Cheek Blush Light/Red":0.0,
    "Eyebrows Color Intensity":0.87134802341461,
    "Cheekbones Flushed/Pale":0.97003698348999,
    "Lipstick Amount":0.11985100060701,
    "Tip Redness":0.0,
    "Eyelids Pale/Red":0.0,
    "Tip Color":0.1423220038414,
    "Ombre Amount":1.0,
    "Salt And Pepper":0.0,
    "Freckles":0.0
  },
  "APIVersion":"v2",
  "SenescenceLevel":3,
  "ModVersion":"1.1.0",
  "SkinColorsMapL":{
    "Root DyeColor":{
      "A":1.0,
      "R":1.0,
      "G":1.0,
      "B":1.0
    },
    "Eyeliner Tone":{
      "A":1.0,
      "R":1.0,
      "G":1.0,
      "B":1.0
    },
    "Tip DyeColor":{
      "A":1.0,
      "R":1.0,
      "G":1.0,
      "B":1.0
    },
    "Skin Tone":{
      "A":1.0,
      "R":1.0,
      "G":0.89535301923752,
      "B":0.6095489859581
    },
    "Lipstick Color":{
      "A":1.0,
      "R":0.0021246888209134,
      "G":0.0,
      "B":0.0033465356100351
    }
  }
}