{
  "Race":"TESRace /Game/Forms/actors/race/Breton.Breton",
  "FaceBaseMesh":"/Game/Art/Character/Breton/SK_Breton_Head_f.SK_Breton_Head_f",
  "Date":"2025-06-04 18:47:25",
  "HairColorsL":{
    "0":{
      "B":0.0,
      "G":0.0,
      "R":0.0,
      "A":1.0
    }
  },
  "SkinParametersMap":{
    "Cheekbones Flushed/Pale":0.5,
    "Eyelids Pale/Red":0.0,
    "Skin Tint Purple/Yellow":0.0,
    "Lipstick Amount":0.0,
    "Cheek Blush Light/Red":0.56000000238419,
    "Skin Dark/Light":0.0,
    "Complexion":0.38576799631119,
    "Salt And Pepper":0.0,
    "Eye Socket Dark/Light":-0.14000000059605,
    "Eylids Light/Dark":0.0,
    "Ombre Amount":1.0,
    "Freckles":0.75026202201843,
    "Root Color":0.014980999752879,
    "Ombre Constrast":1.0,
    "Eyeliner Light/Dark":0.0,
    "Tip Color":0.1699630022049,
    "Eyebrows Redness Intensity":0.21999999880791,
    "Root Redness":1.0,
    "Skin Tint Orange/Blue":0.0,
    "Eye socket Bruised/Bright":0.0,
    "Tip Redness":1.0,
    "Eyebrows Color Intensity":0.56000000238419
  },
  "Sex":1,
  "FaceMorphValuesMap":{
    "Hair Length":0.0,
    "Vampire":0.0,
    "Nose Sellion Down / Up":0.0,
    "Forehead Back / Forward":0.0,
    "Mouth Deflated / Inflated":0.0,
    "Chin Backward / Forward":-0.46000000834465,
    "Eyes Apart / Together":0.30000001192093,
    "Nose Tilt Down / Up":0.0,
    "Mouth Sad / Happy":0.0,
    "Brow Ridge Outer Down / Up":0.0,
    "Nose Sellion Thin / Wide":0.0,
    "Nose Short / Long":0.0,
    "Nose Sellion Shallow / Deep":0.0,
    "Brow / Nose / Chin Ratio":0.0,
    "Chin Small / Large":0.0,
    "Nose Flat / Pointed":0.0,
    "Jaw Thin / Wide":0.0,
    "Nose Nostrils Tilt Down / Up":0.0,
    "Eyes Inward / Outward":0.0,
    "Cheekbones Shallow / Pronounced":-0.68000000715256,
    "Nose Nostrils Thin / Wide":0.0,
    "Chin Shallow / Deep":0.0,
    "Nose Down / Up":0.0,
    "Nose Bridge Short / Long":0.0,
    "Mouth Tilt Down / Up":0.0,
    "Chin Thin / Wide":0.62000000476837,
    "Face Light / Heavy":0.0,
    "Mouth Chin Short / Long":0.0,
    "Jaw Concave / Convex":0.5,
    "Brow Ridge Low / High":0.0,
    "Chin Recessed / Pronounced":0.0,
    "Cheeks Gaunt / Round":0.31999999284744,
    "Face Thin / Wide":0.18000000715256,
    "Eyes Down / Up":0.0,
    "Jaw Retracted / Jutting":0.0,
    "Chin Short / Tall":-0.54000002145767,
    "Jaw Neck Slope Low / High":0.34000000357628,
    "Nose Bridge Shallow / Deep":0.0,
    "Mouth Retracted / Protruding":0.0,
    "Cheekbones Thin / Wide":0.0,
    "Mouth Low / High":0.0,
    "Mouth Retracted / Puckered":0.0,
    "Mouth Small / Large":0.0,
    "Forehead Short / Tall":0.0,
    "Nose Nostrils Small / Large":0.0,
    "Chin Retracted / Jutting":0.0,
    "Forehead Small / Large":0.0,
    "Cheekbones Low / High":0.0,
    "Eyes Small / Large":0.0,
    "Cheeks Concave / Convex":0.28000000119209,
    "Brow Ridge Inner Down / Up":0.0,
    "Nose Sellion Lower Shallow / Deep":0.0,
    "Face Gaunt / Round":0.0,
    "Mouth Underbite / Overbite":0.0,
    "Nose Region Concave / Convex":0.0,
    "Forehead / Sellion / Nose Ratio":0.0,
    "Mouth Drawn / Pursed":0.0
  },
  "Author":"Bethesda",
  "SkinColorsMapL":{
    "Lipstick Color":{
      "B":1.0,
      "G":1.0,
      "R":1.0,
      "A":1.0
    },
    "Tip DyeColor":{
      "B":0.0,
      "G":0.050595998764038,
      "R":0.17464700341225,
      "A":1.0
    },
    "Root DyeColor":{
      "B":1.0,
      "G":1.0,
      "R":1.0,
      "A":1.0
    },
    "Eyeliner Tone":{
      "B":1.0,
      "G":1.0,
      "R":1.0,
      "A":1.0
    },
    "Skin Tone":{
      "B":0.95833301544189,
      "G":0.95970898866653,
      "R":1.0,
      "A":1.0
    }
  },
  "ModVersion":"1.1.0",
  "EyeMaterial":"/Game/Art/Character/Modular/Eyes_Human/MIC_Human_Eyes_Brown2.MIC_Human_Eyes_Brown2",
  "Body":"SkeletalMesh /Game/Art/Character/Imperial/SK_Imperial_Body_m.SK_Imperial_Body_m",
  "Description":"saved from in-game",
  "SenescenceLevel":0,
  "APIVersion":"v2",
  "ModCreator":"animandan",
  "ModName":"RaceMenuUtilities",
  "Hair":"/Game/Dev/Phenotypes/Hair/HP_Imperial_HR_Headband.HP_Imperial_HR_Headband",
  "Name":"BP_BernadettePeneles_C"
}