{
  "ModName":"RaceMenuUtilities",
  "FaceBaseMesh":"/Game/Art/Character/Orc/SK_Orc_Head_m.SK_Orc_Head_m",
  "Author":"Bethesda",
  "Date":"2025-06-04 20:30:52",
  "SkinColorsMapL":{
    "Lipstick Color":{
      "A":1.0,
      "B":0.0097212167456746,
      "G":0.0009105809731409,
      "R":0.093058958649635
    },
    "Eyeliner Tone":{
      "A":1.0,
      "B":1.0,
      "G":1.0,
      "R":1.0
    },
    "Root DyeColor":{
      "A":1.0,
      "B":0.0,
      "G":0.0012140000471845,
      "R":0.0047769998200238
    },
    "Tip DyeColor":{
      "A":1.0,
      "B":0.0056050000712276,
      "G":0.034340001642704,
      "R":0.10702300071716
    },
    "Skin Tone":{
      "A":1.0,
      "B":1.0,
      "G":1.0,
      "R":1.0
    }
  },
  "APIVersion":"v2",
  "FaceMorphValuesMap":{
    "Eyes Small / Large":0.46000000834465,
    "Jaw Thin / Wide":0.13582000136375,
    "Brow Ridge Low / High":-0.328458994627,
    "Chin Retracted / Jutting":0.39220210909843,
    "Face Thin / Wide":-0.87808901071548,
    "Hair Length":0.0,
    "Chin Backward / Forward":-0.059327282011509,
    "Vampire":0.0,
    "Mouth Underbite / Overbite":0.21166600286961,
    "Eyes Inward / Outward":-0.012863337993622,
    "Mouth Sad / Happy":0.52246451377869,
    "Jaw Retracted / Jutting":-0.026019552722573,
    "Nose Flat / Pointed":0.1555842757225,
    "Chin Recessed / Pronounced":-0.26484629511833,
    "Cheeks Gaunt / Round":0.81999999284744,
    "Forehead Back / Forward":0.27159950137138,
    "Nose Sellion Down / Up":-0.051117576658726,
    "Mouth Deflated / Inflated":0.33167299628258,
    "Mouth Small / Large":-0.66196900606155,
    "Nose Tilt Down / Up":0.0,
    "Nose Short / Long":0.0,
    "Mouth Drawn / Pursed":-0.18000000715256,
    "Chin Short / Tall":0.4247260093689,
    "Nose Sellion Thin / Wide":0.68000000715256,
    "Jaw Neck Slope Low / High":-0.27774143218994,
    "Cheekbones Shallow / Pronounced":0.073304936289787,
    "Nose Sellion Shallow / Deep":0.0,
    "Mouth Tilt Down / Up":-0.37999999523163,
    "Brow / Nose / Chin Ratio":-0.25999999046326,
    "Brow Ridge Outer Down / Up":-0.53158897161484,
    "Chin Small / Large":-0.47999998927116,
    "Mouth Retracted / Puckered":-0.93999999761581,
    "Chin Thin / Wide":0.56000000238419,
    "Nose Nostrils Tilt Down / Up":-0.20627975463867,
    "Face Gaunt / Round":-0.60951101779938,
    "Cheekbones Thin / Wide":-0.10000099986792,
    "Forehead / Sellion / Nose Ratio":0.14600551128387,
    "Cheekbones Low / High":0.8121520280838,
    "Nose Bridge Short / Long":-0.17293246090412,
    "Forehead Short / Tall":0.10921300202608,
    "Nose Bridge Shallow / Deep":-0.091991685330868,
    "Mouth Chin Short / Long":-0.46292963624001,
    "Face Light / Heavy":-0.61906802654266,
    "Nose Region Concave / Convex":0.065004922449589,
    "Mouth Retracted / Protruding":-0.86000001430511,
    "Cheeks Concave / Convex":-0.34150099754333,
    "Nose Nostrils Small / Large":0.54736202955246,
    "Jaw Concave / Convex":-0.55017697811127,
    "Nose Down / Up":-0.87173002958298,
    "Mouth Low / High":-0.080000996589661,
    "Eyes Down / Up":-0.011762999929488,
    "Chin Shallow / Deep":0.37796300649643,
    "Eyes Apart / Together":0.59140300750732,
    "Brow Ridge Inner Down / Up":-0.45705300569534,
    "Nose Sellion Lower Shallow / Deep":0.0,
    "Nose Nostrils Thin / Wide":0.40092700719833,
    "Forehead Small / Large":-0.019027000293136
  },
  "ModVersion":"1.1.0",
  "SkinParametersMap":{
    "Complexion":0.42322099208832,
    "Freckles":0.0,
    "Ombre Amount":0.0,
    "Root Redness":0.0,
    "Cheek Blush Light/Red":0.0,
    "Ombre Constrast":0.0,
    "Tip Color":0.0,
    "Eye socket Bruised/Bright":0.0,
    "Eyebrows Color Intensity":0.0,
    "Root Color":0.0,
    "Salt And Pepper":0.10486800223589,
    "Eyebrows Redness Intensity":0.0,
    "Khajiit Pattern Number":0.0,
    "Eyelids Pale/Red":0.0,
    "Cheekbones Flushed/Pale":0.0,
    "Tip Redness":0.0,
    "Lipstick Amount":0.0
  },
  "SenescenceLevel":4,
  "Sex":0,
  "Description":"saved from in-game",
  "ModCreator":"animandan",
  "Hair":"/Game/Dev/Phenotypes/Hair/HP_Orc_HR_TwoBraids.HP_Orc_HR_TwoBraids",
  "Name":"BP_BugakgroBol_C",
  "HairColorsL":{
    "0":{
      "A":1.0,
      "B":0.086500458419323,
      "G":0.09758734703064,
      "R":0.12477181851864
    }
  },
  "Race":"TESRace /Game/Forms/actors/race/Orc.Orc",
  "Body":"SkeletalMesh /Game/Art/Character/Imperial/SK_Imperial_Body_m.SK_Imperial_Body_m"
}