{
  "ModName":"RaceMenuUtilities",
  "FaceBaseMesh":"/Game/Art/Character/DarkElf/SK_DarkElf_Head_f.SK_DarkElf_Head_f",
  "Author":"Bethesda",
  "Date":"2025-06-04 20:30:49",
  "SkinColorsMapL":{
    "Tip DyeColor":{
      "A":1.0,
      "B":1.0,
      "G":1.0,
      "R":1.0
    },
    "Lipstick Color":{
      "A":1.0,
      "B":1.0,
      "G":1.0,
      "R":1.0
    },
    "Root DyeColor":{
      "A":1.0,
      "B":1.0,
      "G":1.0,
      "R":1.0
    }
  },
  "APIVersion":"v2",
  "FaceMorphValuesMap":{
    "Eyes Small / Large":0.66000002622604,
    "Jaw Thin / Wide":-0.44000101089478,
    "Brow Ridge Low / High":0.14000000059605,
    "Chin Retracted / Jutting":0.059999998658895,
    "Face Thin / Wide":0.099999003112316,
    "Hair Length":0.0,
    "Chin Backward / Forward":0.53999900817871,
    "Vampire":0.0,
    "Mouth Underbite / Overbite":-0.14000099897385,
    "Eyes Inward / Outward":-0.14000000059605,
    "Mouth Sad / Happy":0.3199990093708,
    "Jaw Retracted / Jutting":-0.12000100314617,
    "Nose Flat / Pointed":0.75999999046326,
    "Chin Recessed / Pronounced":0.15999999642372,
    "Cheeks Gaunt / Round":-0.059999998658895,
    "Forehead Back / Forward":0.21999999880791,
    "Nose Sellion Down / Up":-0.5999990105629,
    "Mouth Deflated / Inflated":0.63999998569489,
    "Mouth Small / Large":0.0,
    "Nose Tilt Down / Up":-0.26000100374222,
    "Nose Short / Long":1.0,
    "Mouth Drawn / Pursed":0.77999997138977,
    "Chin Short / Tall":-0.60000002384186,
    "Nose Sellion Thin / Wide":-1.0,
    "Jaw Neck Slope Low / High":0.0,
    "Cheekbones Shallow / Pronounced":0.66000002622604,
    "Nose Sellion Shallow / Deep":0.72000002861023,
    "Mouth Tilt Down / Up":0.0,
    "Brow / Nose / Chin Ratio":-0.77999997138977,
    "Brow Ridge Outer Down / Up":0.47999998927116,
    "Chin Small / Large":0.40000000596046,
    "Mouth Retracted / Puckered":-0.54000002145767,
    "Chin Thin / Wide":0.41999998688698,
    "Nose Nostrils Tilt Down / Up":0.37999901175499,
    "Face Gaunt / Round":-0.5,
    "Cheekbones Thin / Wide":-0.46000099182129,
    "Forehead / Sellion / Nose Ratio":0.62000000476837,
    "Cheekbones Low / High":0.03999900072813,
    "Nose Bridge Short / Long":0.46000000834465,
    "Forehead Short / Tall":0.69999998807907,
    "Nose Bridge Shallow / Deep":0.60000002384186,
    "Mouth Chin Short / Long":-0.11999999731779,
    "Face Light / Heavy":-0.059999998658895,
    "Nose Region Concave / Convex":-0.71999901533127,
    "Mouth Retracted / Protruding":-0.80000001192093,
    "Cheeks Concave / Convex":0.41999998688698,
    "Nose Nostrils Small / Large":-0.72000002861023,
    "Jaw Concave / Convex":0.03999900072813,
    "Nose Down / Up":0.0,
    "Mouth Low / High":-0.3999989926815,
    "Eyes Down / Up":-0.25999900698662,
    "Chin Shallow / Deep":0.34000000357628,
    "Eyes Apart / Together":0.21999999880791,
    "Brow Ridge Inner Down / Up":0.059999998658895,
    "Nose Sellion Lower Shallow / Deep":-0.11999899893999,
    "Nose Nostrils Thin / Wide":-0.7599989771843,
    "Forehead Small / Large":-0.45999899506569
  },
  "EyeMaterial":"/Game/Art/Character/Modular/MIC_ME_DarkElf.MIC_ME_DarkElf",
  "HairColorsL":[],
  "SkinParametersMap":{
    "Complexion":0.34000000357628,
    "Lipstick Amount":0.0,
    "Ombre Amount":-0.79999899864197,
    "Eylids Light/Dark":-0.14000000059605,
    "None":0.0,
    "Skin Tint Purple/Yellow":0.03999999910593,
    "Cheek Blush Light/Red":0.81999999284744,
    "Ombre Constrast":-0.63999998569489,
    "Tip Color":0.10000000149012,
    "Eye socket Bruised/Bright":0.40000000596046,
    "Skin Tint Orange/Blue":-0.040001001209021,
    "Eyebrows Color Intensity":0.47999998927116,
    "Tip Redness":0.5,
    "Root Redness":0.5,
    "Root Color":0.10000000149012,
    "Skin Dark/Light":-0.15999999642372,
    "Salt And Pepper":0.18000000715256,
    "Eyebrows Redness Intensity":0.74000000953674,
    "Eyeliner Light/Dark":0.41999998688698,
    "Eyelids Pale/Red":0.28000000119209,
    "Cheekbones Flushed/Pale":0.30000001192093,
    "Eye Socket Dark/Light":0.019999999552965,
    "Freckles":0.15999999642372
  },
  "SenescenceLevel":0,
  "Sex":1,
  "Description":"saved from in-game",
  "ModCreator":"animandan",
  "ModVersion":"1.1.0",
  "Hair":"/Game/Dev/Phenotypes/Hair/HP_HighElf_HR_Bun.HP_HighElf_HR_Bun",
  "Name":"BP_BoderiFarano_C",
  "Race":"TESRace /Game/Forms/actors/race/DarkElf.DarkElf",
  "Body":"SkeletalMesh /Game/Art/Character/Imperial/SK_Imperial_Body_m.SK_Imperial_Body_m"
}