{
  "Race":"TESRace /Game/Forms/actors/race/Orc.Orc",
  "FaceBaseMesh":"/Game/Art/Character/Orc/SK_Orc_Head_m.SK_Orc_Head_m",
  "Date":"2025-06-04 18:39:11",
  "HairColorsL":{
    "1":{
      "B":0.061027999967337,
      "G":0.10424599796534,
      "R":0.16145800054073,
      "A":1.0
    },
    "2":{
      "B":0.08398400247097,
      "G":0.1452250033617,
      "R":0.22395800054073,
      "A":1.0
    },
    "0":{
      "B":0.045186202973127,
      "G":0.070360094308853,
      "R":0.1046164855361,
      "A":1.0
    }
  },
  "SkinParametersMap":{
    "Cheekbones Flushed/Pale":0.0,
    "Eyelids Pale/Red":0.0,
    "Eyebrows Redness Intensity":1.0,
    "Lipstick Amount":0.0,
    "Cheek Blush Light/Red":0.0,
    "Khajiit Pattern Number":0.0,
    "Complexion":0.26591798663139,
    "Salt And Pepper":0.0,
    "Eye socket Bruised/Bright":0.0,
    "Freckles":0.0,
    "Root Color":0.0,
    "Root Redness":0.0,
    "Tip Color":0.0,
    "Ombre Constrast":0.0,
    "Ombre Amount":0.0,
    "Tip Redness":0.0,
    "Eyebrows Color Intensity":0.2247190028429
  },
  "Sex":0,
  "FaceMorphValuesMap":{
    "Hair Length":0.0,
    "Vampire":0.0,
    "Nose Sellion Down / Up":0.11999999731779,
    "Forehead Back / Forward":-0.71005296707153,
    "Mouth Deflated / Inflated":-0.02000099979341,
    "Chin Backward / Forward":-0.14234261214733,
    "Eyes Apart / Together":-0.10904899984598,
    "Nose Tilt Down / Up":-0.11999999731779,
    "Mouth Sad / Happy":-0.62921297550201,
    "Brow Ridge Outer Down / Up":-0.26000100374222,
    "Nose Sellion Thin / Wide":-1.0,
    "Nose Short / Long":0.0,
    "Nose Sellion Shallow / Deep":-0.69999998807907,
    "Brow / Nose / Chin Ratio":0.45084100961685,
    "Chin Small / Large":0.29313099384308,
    "Nose Flat / Pointed":-0.11971793323755,
    "Jaw Thin / Wide":-0.16331599652767,
    "Nose Nostrils Tilt Down / Up":0.059999998658895,
    "Eyes Inward / Outward":0.014817935414612,
    "Cheekbones Shallow / Pronounced":0.21875600516796,
    "Nose Nostrils Thin / Wide":-0.36964800953865,
    "Chin Shallow / Deep":0.49835500121117,
    "Nose Down / Up":-0.62171399593353,
    "Nose Bridge Short / Long":-0.6539152264595,
    "Mouth Tilt Down / Up":0.40000000596046,
    "Chin Thin / Wide":0.7083820104599,
    "Face Light / Heavy":0.43428099155426,
    "Mouth Chin Short / Long":0.58103901147842,
    "Jaw Concave / Convex":-0.3999989926815,
    "Brow Ridge Low / High":-0.431086987257,
    "Chin Recessed / Pronounced":-0.02492049895227,
    "Cheeks Gaunt / Round":0.3724339902401,
    "Face Thin / Wide":-0.85941702127457,
    "Eyes Down / Up":0.34589201211929,
    "Jaw Retracted / Jutting":-0.34000000357628,
    "Chin Short / Tall":-0.68383598327637,
    "Jaw Neck Slope Low / High":-0.76887798309326,
    "Nose Bridge Shallow / Deep":0.18421326577663,
    "Mouth Retracted / Protruding":-0.81999999284744,
    "Cheekbones Thin / Wide":-0.55210202932358,
    "Mouth Low / High":-0.2202820032835,
    "Mouth Retracted / Puckered":0.55999898910522,
    "Mouth Small / Large":-0.31999999284744,
    "Forehead Short / Tall":-0.09604399651289,
    "Nose Nostrils Small / Large":0.49999898672104,
    "Chin Retracted / Jutting":0.20847000181675,
    "Forehead Small / Large":0.6139799952507,
    "Cheekbones Low / High":-0.17873500287533,
    "Eyes Small / Large":0.43723699450493,
    "Cheeks Concave / Convex":0.007269692607224,
    "Brow Ridge Inner Down / Up":-0.43911200761795,
    "Nose Sellion Lower Shallow / Deep":0.0,
    "Face Gaunt / Round":-0.60326600074768,
    "Mouth Underbite / Overbite":0.03999900072813,
    "Nose Region Concave / Convex":-0.12749600410461,
    "Forehead / Sellion / Nose Ratio":-0.36325830221176,
    "Mouth Drawn / Pursed":0.56000000238419
  },
  "Mustache":"/Game/Dev/Phenotypes/Mustache/HP_New_MS_Twisted.HP_New_MS_Twisted",
  "SkinColorsMapL":{
    "Lipstick Color":{
      "B":0.0097212167456746,
      "G":0.0009105809731409,
      "R":0.093058958649635,
      "A":1.0
    },
    "Tip DyeColor":{
      "B":0.0056050000712276,
      "G":0.034340001642704,
      "R":0.10702300071716,
      "A":1.0
    },
    "Root DyeColor":{
      "B":0.0,
      "G":0.0012140000471845,
      "R":0.0047769998200238,
      "A":1.0
    },
    "Skin Tone":{
      "B":0.79861098527908,
      "G":0.83851599693298,
      "R":1.0,
      "A":1.0
    },
    "Eyeliner Tone":{
      "B":1.0,
      "G":1.0,
      "R":1.0,
      "A":1.0
    }
  },
  "ModVersion":"1.1.0",
  "Beard":"/Game/Dev/Phenotypes/Beard/HP_New_Curly.HP_New_Curly",
  "ModCreator":"animandan",
  "Body":"SkeletalMesh /Game/Art/Character/Imperial/SK_Imperial_Body_m.SK_Imperial_Body_m",
  "Description":"saved from in-game",
  "SenescenceLevel":4,
  "APIVersion":"v2",
  "ModName":"RaceMenuUtilities",
  "Author":"Bethesda",
  "Hair":"/Game/Dev/Phenotypes/Hair/HP_Orc_HR_Topknot.HP_Orc_HR_Topknot",
  "Name":"BP_BurzGroKhash_C"
}