{
  "APIVersion":"v2",
  "SkinParametersMap":{
    "Eye Socket Dark/Light":0.75999999046326,
    "Eyelids Pale/Red":0.80000001192093,
    "Lipstick Amount":0.0,
    "Eyeliner Light/Dark":1.0,
    "Complexion":0.0,
    "Khajiit Pattern Number":1.0,
    "Hair Desaturation for Khajiit":0.0,
    "Eylids Light/Dark":-0.11999999731779,
    "Eye socket Bruised/Bright":0.60000002384186
  },
  "Author":"Bethesda",
  "Race":"TESRace /Game/Forms/actors/race/Khajiit.Khajiit",
  "HairColorsL":{
    "0":{
      "R":0.0,
      "G":0.0,
      "B":0.0,
      "A":1.0
    }
  },
  "Body":"SkeletalMesh /Game/Art/Character/Imperial/SK_Imperial_Body_m.SK_Imperial_Body_m",
  "Date":"2025-06-04 19:28:11",
  "SkinColorsMapL":{
    "Color 3":{
      "R":1.0,
      "G":1.0,
      "B":1.0,
      "A":1.0
    },
    "Eyeliner Tone":{
      "R":1.0,
      "G":1.0,
      "B":1.0,
      "A":1.0
    },
    "Color 2":{
      "R":0.1384319961071,
      "G":0.078186996281147,
      "B":0.078186996281147,
      "A":1.0
    },
    "Color 1":{
      "R":0.72305500507355,
      "G":0.23022300004959,
      "B":0.10705500096083,
      "A":1.0
    }
  },
  "ModCreator":"animandan",
  "Sex":0,
  "ModName":"RaceMenuUtilities",
  "EyeMaterial":"/Game/Art/Character/Modular/MIC_ME_Khajiit.MIC_ME_Khajiit",
  "ModVersion":"1.1.0",
  "FaceBaseMesh":"/Game/Art/Character/Khajiit/SK_Khajiit_Head_m.SK_Khajiit_Head_m",
  "Hair":"/Game/Dev/Phenotypes/Hair/HP_Khajiit_HR_EarRings.HP_Khajiit_HR_EarRings",
  "Description":"saved from in-game",
  "SenescenceLevel":3,
  "FaceMorphValuesMap":{
    "Face Gaunt / Round":-0.83999997377396,
    "Nose Short / Long":0.21999999880791,
    "Nose Tilt Down / Up":-0.35999900102615,
    "Mouth Sad / Happy":-0.74000000953674,
    "Mouth Retracted / Protruding":0.60000002384186,
    "Chin Short / Tall":0.79999899864197,
    "Cheekbones Low / High":-0.5799999833107,
    "Nose Nostrils Tilt Down / Up":-0.11999999731779,
    "Mouth Deflated / Inflated":-0.3199990093708,
    "Hair Length":0.0,
    "Nose Sellion Shallow / Deep":0.0,
    "Chin Shallow / Deep":0.80000001192093,
    "Jaw Concave / Convex":0.25999999046326,
    "Brow Ridge Low / High":-0.29999899864197,
    "Chin Recessed / Pronounced":-0.37999901175499,
    "Mouth Tilt Down / Up":0.40000000596046,
    "Nose Sellion Thin / Wide":0.62000000476837,
    "Cheeks Gaunt / Round":-0.55999898910522,
    "Nose Sellion Lower Shallow / Deep":0.0,
    "Nose Sellion Down / Up":0.80000001192093,
    "Cheeks Concave / Convex":0.80000001192093,
    "Nose Region Concave / Convex":0.80000001192093,
    "Eyes Inward / Outward":0.80000001192093,
    "Nose Nostrils Thin / Wide":-0.059999998658895,
    "Brow Ridge Inner Down / Up":-0.3999989926815,
    "Eyes Apart / Together":0.80000001192093,
    "Mouth Underbite / Overbite":0.31999999284744,
    "Chin Retracted / Jutting":0.059999998658895,
    "Brow / Nose / Chin Ratio":0.80000001192093,
    "Nose Bridge Short / Long":0.80000001192093,
    "Mouth Low / High":0.73999899625778,
    "Forehead Small / Large":0.80000001192093,
    "Nose Bridge Shallow / Deep":0.80000001192093,
    "Eyes Small / Large":0.36000001430511,
    "Forehead / Sellion / Nose Ratio":0.80000001192093,
    "Mouth Chin Short / Long":0.80000001192093,
    "Forehead Short / Tall":0.80000001192093,
    "Eyes Down / Up":0.80000001192093,
    "Vampire":0.0,
    "Mouth Retracted / Puckered":-0.80000001192093,
    "Jaw Retracted / Jutting":0.80000001192093,
    "Mouth Drawn / Pursed":0.47999998927116,
    "Cheekbones Thin / Wide":0.80000001192093,
    "Nose Down / Up":-0.20000000298023,
    "Jaw Neck Slope Low / High":0.80000001192093,
    "Chin Thin / Wide":1.0,
    "Cheekbones Shallow / Pronounced":0.80000001192093,
    "Nose Nostrils Small / Large":0.72000098228455,
    "Nose Flat / Pointed":0.80000001192093,
    "Face Thin / Wide":-0.14000000059605,
    "Chin Backward / Forward":0.80000001192093,
    "Face Light / Heavy":-0.28000000119209,
    "Mouth Small / Large":0.079998999834061,
    "Forehead Back / Forward":0.80000001192093,
    "Jaw Thin / Wide":-0.5199990272522,
    "Brow Ridge Outer Down / Up":0.43999999761581,
    "Chin Small / Large":0.46000000834465
  },
  "Name":"BP_BanditHighwayman01_C"
}