{
  "APIVersion":"v2",
  "SkinParametersMap":{
    "Tip Color":0.66000002622604,
    "Ombre Constrast":1.0,
    "Complexion":0.0,
    "Ombre Amount":1.0,
    "Lipstick Amount":0.019999999552965,
    "Salt And Pepper":0.0,
    "Skin Dark/Light":0.0,
    "Root Redness":1.0,
    "Eye socket Bruised/Bright":0.0,
    "Freckles":-0.34000000357628,
    "Eyeliner Light/Dark":0.0,
    "Eyebrows Redness Intensity":0.0,
    "Eye Socket Dark/Light":0.0,
    "Eyebrows Color Intensity":0.60000002384186,
    "Root Color":0.46000000834465,
    "Cheek Blush Light/Red":0.34000000357628,
    "Eylids Light/Dark":0.0,
    "Skin Tint Orange/Blue":0.0,
    "Tip Redness":1.0,
    "Cheekbones Flushed/Pale":0.51999998092651,
    "Eyelids Pale/Red":0.0,
    "Skin Tint Purple/Yellow":0.34000000357628
  },
  "Author":"Bethesda",
  "Race":"TESRace /Game/Forms/actors/race/DarkElf.DarkElf",
  "HairColorsL":{
    "0":{
      "R":0.021219009533525,
      "G":0.01032982300967,
      "B":0.0060488330200315,
      "A":1.0
    }
  },
  "Body":"SkeletalMesh /Game/Art/Character/Imperial/SK_Imperial_Body_m.SK_Imperial_Body_m",
  "Date":"2025-06-04 19:29:13",
  "SkinColorsMapL":{
    "Root DyeColor":{
      "R":1.0,
      "G":1.0,
      "B":1.0,
      "A":1.0
    },
    "Eyeliner Tone":{
      "R":1.0,
      "G":1.0,
      "B":1.0,
      "A":1.0
    },
    "Lipstick Color":{
      "R":0.18116424977779,
      "G":0.031896032392979,
      "B":0.15896083414555,
      "A":1.0
    },
    "Skin Tone":{
      "R":1.0,
      "G":1.0,
      "B":1.0,
      "A":1.0
    },
    "Tip DyeColor":{
      "R":0.16513219475746,
      "G":0.13843160867691,
      "B":0.11697066575289,
      "A":1.0
    }
  },
  "ModCreator":"animandan",
  "Sex":1,
  "ModName":"RaceMenuUtilities",
  "EyeMaterial":"/Game/Art/Character/Modular/Eyes_DarkElf/MIC_DarkElf_Eyes_Red.MIC_DarkElf_Eyes_Red",
  "ModVersion":"1.1.0",
  "FaceBaseMesh":"/Game/Art/Character/DarkElf/SK_DarkElf_Head_f.SK_DarkElf_Head_f",
  "Hair":"/Game/Dev/Phenotypes/Hair/HP_Elf_HR_Braid.HP_Elf_HR_Braid",
  "Description":"saved from in-game",
  "SenescenceLevel":0,
  "FaceMorphValuesMap":{
    "Face Gaunt / Round":0.072652697563171,
    "Nose Short / Long":0.63999998569489,
    "Nose Tilt Down / Up":0.0,
    "Mouth Sad / Happy":0.63690501451492,
    "Mouth Retracted / Protruding":0.083416000008583,
    "Chin Short / Tall":0.070603996515274,
    "Cheekbones Low / High":0.20393180847168,
    "Nose Nostrils Tilt Down / Up":-0.019299840554595,
    "Mouth Deflated / Inflated":-0.47999998927116,
    "Hair Length":0.0,
    "Nose Sellion Shallow / Deep":0.0,
    "Chin Shallow / Deep":0.0050490000285208,
    "Jaw Concave / Convex":0.40640300512314,
    "Brow Ridge Low / High":0.34000000357628,
    "Chin Recessed / Pronounced":0.25324600934982,
    "Mouth Tilt Down / Up":-0.32260701060295,
    "Nose Sellion Thin / Wide":0.0,
    "Cheeks Gaunt / Round":-0.10263200104237,
    "Nose Sellion Lower Shallow / Deep":0.0,
    "Nose Sellion Down / Up":0.050883699208498,
    "Cheeks Concave / Convex":0.42884200811386,
    "Nose Region Concave / Convex":0.16245870292187,
    "Eyes Inward / Outward":0.048729684203863,
    "Nose Nostrils Thin / Wide":0.20999880135059,
    "Brow Ridge Inner Down / Up":0.0084570003673434,
    "Eyes Apart / Together":0.71407198905945,
    "Mouth Underbite / Overbite":0.17690600454807,
    "Chin Retracted / Jutting":0.00025099999038503,
    "Brow / Nose / Chin Ratio":-0.23040600121021,
    "Nose Bridge Short / Long":0.15328665077686,
    "Mouth Low / High":-0.68225300312042,
    "Forehead Small / Large":-0.37957099080086,
    "Nose Bridge Shallow / Deep":-0.064344696700573,
    "Eyes Small / Large":0.11898060142994,
    "Forehead / Sellion / Nose Ratio":0.12699200212955,
    "Mouth Chin Short / Long":0.17249241471291,
    "Forehead Short / Tall":-0.049740999937057,
    "Eyes Down / Up":-0.13362765312195,
    "Vampire":0.0,
    "Mouth Retracted / Puckered":0.46893599629402,
    "Jaw Retracted / Jutting":0.18812218308449,
    "Mouth Drawn / Pursed":0.23738799989223,
    "Cheekbones Thin / Wide":-0.13543899357319,
    "Nose Down / Up":-0.74785298109055,
    "Jaw Neck Slope Low / High":0.34891501069069,
    "Chin Thin / Wide":0.009527999907732,
    "Cheekbones Shallow / Pronounced":0.0,
    "Nose Nostrils Small / Large":-0.18605054914951,
    "Nose Flat / Pointed":-0.10886013507843,
    "Face Thin / Wide":-0.55286997556686,
    "Chin Backward / Forward":0.13504628837109,
    "Face Light / Heavy":0.60000002384186,
    "Mouth Small / Large":0.56951397657394,
    "Forehead Back / Forward":-0.16344800591469,
    "Jaw Thin / Wide":0.43999999761581,
    "Brow Ridge Outer Down / Up":0.32251399755478,
    "Chin Small / Large":0.089503526687622
  },
  "Name":"BP_BanditBlackBowFemale3_C"
}