{
  "APIVersion":"v2",
  "SkinParametersMap":{
    "Eye Socket Dark/Light":-0.7599989771843,
    "Eyelids Pale/Red":1.0,
    "Lipstick Amount":0.0,
    "Eyeliner Light/Dark":-0.81999999284744,
    "Complexion":0.0,
    "Khajiit Pattern Number":1.0,
    "Hair Desaturation for Khajiit":0.0,
    "Eylids Light/Dark":0.93999999761581,
    "Eye socket Bruised/Bright":0.80000001192093
  },
  "Author":"Bethesda",
  "Race":"TESRace /Game/Forms/actors/race/Khajiit.Khajiit",
  "HairColorsL":{
    "0":{
      "R":0.6875,
      "G":0.31708601117134,
      "B":0.09969300031662,
      "A":1.0
    }
  },
  "Body":"SkeletalMesh /Game/Art/Character/Imperial/SK_Imperial_Body_m.SK_Imperial_Body_m",
  "Date":"2025-06-04 19:28:11",
  "SkinColorsMapL":{
    "Color 3":{
      "R":1.0,
      "G":1.0,
      "B":1.0,
      "A":1.0
    },
    "Eyeliner Tone":{
      "R":1.0,
      "G":1.0,
      "B":1.0,
      "A":1.0
    },
    "Color 2":{
      "R":0.201556250453,
      "G":0.051269456744194,
      "B":0.03688944876194,
      "A":1.0
    },
    "Color 1":{
      "R":0.72305500507355,
      "G":0.39238798618317,
      "B":0.14698100090027,
      "A":1.0
    }
  },
  "ModCreator":"animandan",
  "Sex":0,
  "ModName":"RaceMenuUtilities",
  "EyeMaterial":"/Game/Art/Character/Modular/MIC_ME_Khajiit.MIC_ME_Khajiit",
  "ModVersion":"1.1.0",
  "FaceBaseMesh":"/Game/Art/Character/Khajiit/SK_Khajiit_Head_m.SK_Khajiit_Head_m",
  "Hair":"/Game/Dev/Phenotypes/Hair/HP_Khajiit_HR_HeadBand.HP_Khajiit_HR_HeadBand",
  "Description":"saved from in-game",
  "SenescenceLevel":6,
  "FaceMorphValuesMap":{
    "Face Gaunt / Round":-0.74000000953674,
    "Nose Short / Long":-0.36000099778175,
    "Nose Tilt Down / Up":0.14000000059605,
    "Mouth Sad / Happy":0.03999999910593,
    "Mouth Retracted / Protruding":0.5,
    "Chin Short / Tall":-0.51999998092651,
    "Cheekbones Low / High":0.079999998211861,
    "Nose Nostrils Tilt Down / Up":-1.0,
    "Mouth Deflated / Inflated":0.43999999761581,
    "Hair Length":0.0,
    "Nose Sellion Shallow / Deep":0.0,
    "Chin Shallow / Deep":0.66000002622604,
    "Jaw Concave / Convex":0.13999900221825,
    "Brow Ridge Low / High":-0.30000001192093,
    "Chin Recessed / Pronounced":0.29999899864197,
    "Mouth Tilt Down / Up":0.80000001192093,
    "Nose Sellion Thin / Wide":0.41999998688698,
    "Cheeks Gaunt / Round":-0.60000002384186,
    "Nose Sellion Lower Shallow / Deep":0.0,
    "Nose Sellion Down / Up":0.80000001192093,
    "Cheeks Concave / Convex":0.80000001192093,
    "Nose Region Concave / Convex":-0.34000000357628,
    "Eyes Inward / Outward":0.31999999284744,
    "Nose Nostrils Thin / Wide":0.43999999761581,
    "Brow Ridge Inner Down / Up":-0.30000001192093,
    "Eyes Apart / Together":0.68000000715256,
    "Mouth Underbite / Overbite":0.74000000953674,
    "Chin Retracted / Jutting":0.059999998658895,
    "Brow / Nose / Chin Ratio":0.46000000834465,
    "Nose Bridge Short / Long":0.20000000298023,
    "Mouth Low / High":0.63999998569489,
    "Forehead Small / Large":0.80000001192093,
    "Nose Bridge Shallow / Deep":0.019999999552965,
    "Eyes Small / Large":-0.3199990093708,
    "Forehead / Sellion / Nose Ratio":-0.57999902963638,
    "Mouth Chin Short / Long":0.80000001192093,
    "Forehead Short / Tall":0.80000001192093,
    "Eyes Down / Up":0.86000001430511,
    "Vampire":0.0,
    "Mouth Retracted / Puckered":0.20000000298023,
    "Jaw Retracted / Jutting":0.80000001192093,
    "Mouth Drawn / Pursed":0.72000002861023,
    "Cheekbones Thin / Wide":0.80000001192093,
    "Nose Down / Up":-0.10000000149012,
    "Jaw Neck Slope Low / High":0.80000001192093,
    "Chin Thin / Wide":0.72000002861023,
    "Cheekbones Shallow / Pronounced":0.80000001192093,
    "Nose Nostrils Small / Large":0.69999998807907,
    "Nose Flat / Pointed":0.80000001192093,
    "Face Thin / Wide":0.15999999642372,
    "Chin Backward / Forward":0.80000001192093,
    "Face Light / Heavy":-0.47999900579453,
    "Mouth Small / Large":0.37999999523163,
    "Forehead Back / Forward":0.80000001192093,
    "Jaw Thin / Wide":0.079999998211861,
    "Brow Ridge Outer Down / Up":0.47999998927116,
    "Chin Small / Large":0.0
  },
  "Name":"BP_BanditHighwayman02_C"
}