{
  "Sex":0,
  "HairColorsL":{
    "1":{
      "A":1.0,
      "R":0.22322796285152,
      "G":0.14412847161293,
      "B":0.084376208484173
    },
    "2":{
      "A":1.0,
      "R":0.16202937066555,
      "G":0.1046164855361,
      "B":0.061246052384377
    },
    "0":{
      "A":1.0,
      "R":0.021219009533525,
      "G":0.01032982300967,
      "B":0.0060488330200315
    }
  },
  "EyeMaterial":"/Game/Art/Character/Modular/Eyes_Human/MIC_Human_Eyes_Green2.MIC_Human_Eyes_Green2",
  "SkinColorsMapL":{
    "Root DyeColor":{
      "A":1.0,
      "R":1.0,
      "G":1.0,
      "B":1.0
    },
    "Eyeliner Tone":{
      "A":1.0,
      "R":1.0,
      "G":1.0,
      "B":1.0
    },
    "Tip DyeColor":{
      "A":1.0,
      "R":1.0,
      "G":1.0,
      "B":1.0
    },
    "Skin Tone":{
      "A":1.0,
      "R":1.0,
      "G":1.0,
      "B":1.0
    },
    "Lipstick Color":{
      "A":1.0,
      "R":1.0,
      "G":1.0,
      "B":1.0
    }
  },
  "Date":"2025-06-04 19:34:55",
  "Description":"saved from in-game",
  "Name":"BP_BeggarBrumaJorckTheOutcast_C",
  "ModCreator":"animandan",
  "ModName":"RaceMenuUtilities",
  "ModVersion":"1.1.0",
  "Mustache":"/Game/Dev/Phenotypes/Mustache/HP_Nord_MS_Short.HP_Nord_MS_Short",
  "Author":"Bethesda",
  "APIVersion":"v2",
  "Body":"SkeletalMesh /Game/Art/Character/Imperial/SK_Imperial_Body_m.SK_Imperial_Body_m",
  "FaceMorphValuesMap":{
    "Nose Nostrils Thin / Wide":0.54051399230957,
    "Forehead / Sellion / Nose Ratio":0.0,
    "Cheekbones Thin / Wide":0.058200001716614,
    "Forehead Small / Large":-0.63999998569489,
    "Chin Recessed / Pronounced":-0.022660000249743,
    "Brow / Nose / Chin Ratio":0.0,
    "Jaw Thin / Wide":-0.72239899635315,
    "Cheeks Gaunt / Round":0.43990498781204,
    "Chin Backward / Forward":-0.28000000119209,
    "Chin Thin / Wide":0.45486599206924,
    "Forehead Short / Tall":-0.21999999880791,
    "Face Thin / Wide":-0.52820897102356,
    "Brow Ridge Inner Down / Up":0.41368201375008,
    "Mouth Underbite / Overbite":0.0,
    "Mouth Low / High":0.0,
    "Vampire":0.0,
    "Face Gaunt / Round":-0.18029899895191,
    "Eyes Small / Large":-0.43403100967407,
    "Mouth Drawn / Pursed":0.0,
    "Chin Retracted / Jutting":-0.28762900829315,
    "Nose Tilt Down / Up":-0.019999999552965,
    "Mouth Small / Large":0.0,
    "Nose Short / Long":-0.03999999910593,
    "Nose Bridge Shallow / Deep":0.0,
    "Nose Sellion Thin / Wide":-0.55999898910522,
    "Mouth Retracted / Protruding":0.0,
    "Nose Sellion Shallow / Deep":0.40000000596046,
    "Jaw Retracted / Jutting":0.03999999910593,
    "Nose Sellion Down / Up":0.51999998092651,
    "Eyes Inward / Outward":0.0,
    "Nose Region Concave / Convex":-0.14285300672054,
    "Brow Ridge Outer Down / Up":-0.5,
    "Nose Nostrils Small / Large":0.58663499355316,
    "Eyes Apart / Together":0.0,
    "Nose Nostrils Tilt Down / Up":-0.63183301687241,
    "Nose Flat / Pointed":-0.36000001430511,
    "Mouth Tilt Down / Up":0.0,
    "Jaw Concave / Convex":-0.072334997355938,
    "Mouth Sad / Happy":0.0,
    "Cheekbones Shallow / Pronounced":-0.16358199715614,
    "Face Light / Heavy":0.0,
    "Nose Down / Up":-0.22035500407219,
    "Chin Short / Tall":-0.14563499391079,
    "Eyes Down / Up":0.0,
    "Cheeks Concave / Convex":0.16932900249958,
    "Nose Bridge Short / Long":-0.51830101013184,
    "Mouth Chin Short / Long":0.0,
    "Nose Sellion Lower Shallow / Deep":-0.11999999731779,
    "Mouth Retracted / Puckered":0.0,
    "Hair Length":1.0,
    "Mouth Deflated / Inflated":0.0,
    "Chin Shallow / Deep":-0.2276239991188,
    "Jaw Neck Slope Low / High":-0.3393520116806,
    "Brow Ridge Low / High":0.5,
    "Cheekbones Low / High":-0.29418900609016,
    "Forehead Back / Forward":0.0,
    "Chin Small / Large":-0.13566499948502
  },
  "Hair":"/Game/Dev/Phenotypes/Hair/HP_New_HR_Messy.HP_New_HR_Messy",
  "Beard":"/Game/Dev/Phenotypes/Beard/HP_Nord_BD_Scruffy.HP_Nord_BD_Scruffy",
  "SkinParametersMap":{
    "Complexion":0.58052498102188,
    "Ombre Constrast":0.0,
    "Eye socket Bruised/Bright":0.0,
    "Root Redness":0.0,
    "Khajiit Pattern Number":0.0,
    "Eyebrows Redness Intensity":0.0,
    "Root Color":0.0,
    "Cheek Blush Light/Red":0.0,
    "Eyebrows Color Intensity":0.44943800568581,
    "Cheekbones Flushed/Pale":0.0,
    "Lipstick Amount":0.0,
    "Tip Redness":0.0,
    "Eyelids Pale/Red":0.0,
    "Tip Color":0.37453201413155,
    "Ombre Amount":1.0,
    "Eye Socket Dark/Light":0.0,
    "Salt And Pepper":0.0,
    "Freckles":0.0
  },
  "FaceBaseMesh":"/Game/Art/Character/Nord/SK_Nord_Head_m.SK_Nord_Head_m",
  "Race":"TESRace /Game/Forms/actors/race/Nord.Nord",
  "SenescenceLevel":5
}