{
  "Race":"TESRace /Game/Forms/actors/race/Imperial.Imperial",
  "FaceBaseMesh":"/Game/Art/Character/Imperial/SK_Imperial_Head_m.SK_Imperial_Head_m",
  "Date":"2025-06-04 18:48:40",
  "HairColorsL":{
    "1":{
      "B":0.061246052384377,
      "G":0.1046164855361,
      "R":0.16202937066555,
      "A":1.0
    },
    "2":{
      "B":0.061246052384377,
      "G":0.1046164855361,
      "R":0.16202937066555,
      "A":1.0
    },
    "0":{
      "B":0.0060488330200315,
      "G":0.01032982300967,
      "R":0.021219009533525,
      "A":1.0
    }
  },
  "SkinParametersMap":{
    "Cheekbones Flushed/Pale":-0.23999899625778,
    "Eyelids Pale/Red":0.0,
    "Lipstick Dark Blue/Light Red":0.0,
    "Skin Tint Purple/Yellow":0.14000000059605,
    "Lipstick Dark Red/Light Blue":0.0,
    "Ombre Amount":1.0,
    "Cheek Blush Light/Red":0.74000000953674,
    "Skin Dark/Light":0.0,
    "Eyelids Light/Dark":0.0,
    "Eyeshadow Light/Dark":0.0,
    "Ombre Constrast":1.0,
    "Complexion":0.11999999731779,
    "Salt And Pepper":0.0,
    "Eye socket Bruised/Bright":0.0,
    "Lips Flushed/Pale":0.0,
    "Eye Sockets Dark/Light":0.0,
    "Root Redness":0.0,
    "Eyebrows Color Intensity":0.5,
    "Lipstick Amount":0.0049999998882413,
    "Eyebrows Redness Intensity":0.0,
    "Naso Small/Large":0.0,
    "Freckles":1.0,
    "Root Color":0.20973800122738,
    "Eye Socket Dark/Light":0.0,
    "Eyeliner Light/Dark":0.0,
    "Tip Color":0.089887998998165,
    "Eylids Light/Dark":0.0,
    "Naso Labial Lines Light/Dark":0.0,
    "Skin Tint Orange/Blue":0.0,
    "Eye Sockets Bruised/Bright":0.0,
    "Tip Redness":0.0,
    "Age":0.0
  },
  "Sex":0,
  "FaceMorphValuesMap":{
    "Hair Length":0.0,
    "Vampire":0.0,
    "Nose Sellion Down / Up":-0.14000000059605,
    "Forehead Back / Forward":-0.29251500964165,
    "Mouth Deflated / Inflated":0.15394200384617,
    "Chin Backward / Forward":0.0,
    "Eyes Apart / Together":0.15999999642372,
    "Nose Tilt Down / Up":-0.11999999731779,
    "Mouth Sad / Happy":0.16512799263,
    "Brow Ridge Outer Down / Up":0.060699000954628,
    "Nose Sellion Thin / Wide":0.46000000834465,
    "Nose Short / Long":0.0,
    "Nose Sellion Shallow / Deep":0.18000000715256,
    "Brow / Nose / Chin Ratio":0.0,
    "Chin Small / Large":0.55078101158142,
    "Nose Flat / Pointed":0.0,
    "Jaw Thin / Wide":0.23999999463558,
    "Nose Nostrils Tilt Down / Up":-0.37999999523163,
    "Eyes Inward / Outward":0.17678874731064,
    "Cheekbones Shallow / Pronounced":-0.18071900308132,
    "Nose Nostrils Thin / Wide":-0.60000002384186,
    "Chin Shallow / Deep":0.070632562041283,
    "Nose Down / Up":0.0,
    "Nose Bridge Short / Long":0.0,
    "Mouth Tilt Down / Up":0.0,
    "Chin Thin / Wide":0.0,
    "Face Light / Heavy":0.0,
    "Mouth Chin Short / Long":0.15923862159252,
    "Jaw Concave / Convex":-0.059999998658895,
    "Brow Ridge Low / High":-0.20000000298023,
    "Chin Recessed / Pronounced":0.49485701322556,
    "Cheeks Gaunt / Round":0.074649997055531,
    "Face Thin / Wide":-0.5650640130043,
    "Eyes Down / Up":0.4660080075264,
    "Jaw Retracted / Jutting":0.092068575322628,
    "Chin Short / Tall":0.0,
    "Jaw Neck Slope Low / High":0.34000000357628,
    "Nose Bridge Shallow / Deep":0.0,
    "Mouth Retracted / Protruding":0.15237382054329,
    "Cheekbones Thin / Wide":-0.033721998333931,
    "Mouth Low / High":0.19932599365711,
    "Mouth Retracted / Puckered":-0.12328600138426,
    "Mouth Small / Large":0.06929299980402,
    "Forehead Short / Tall":0.076545000076294,
    "Nose Nostrils Small / Large":0.03999999910593,
    "Chin Retracted / Jutting":-0.025316288694739,
    "Forehead Small / Large":0.60814797878265,
    "Cheekbones Low / High":0.0,
    "Eyes Small / Large":0.0,
    "Cheeks Concave / Convex":0.37661001086235,
    "Brow Ridge Inner Down / Up":-0.0542620010674,
    "Nose Sellion Lower Shallow / Deep":0.0,
    "Face Gaunt / Round":0.56025797128677,
    "Mouth Underbite / Overbite":0.23762600123882,
    "Nose Region Concave / Convex":0.0,
    "Forehead / Sellion / Nose Ratio":0.40953001379967,
    "Mouth Drawn / Pursed":-0.1433844268322
  },
  "Mustache":"/Game/Dev/Phenotypes/Mustache/HP_Imperial_MS_Short.HP_Imperial_MS_Short",
  "ModCreator":"animandan",
  "SkinColorsMapL":{
    "Lipstick Color":{
      "B":1.0,
      "G":1.0,
      "R":1.0,
      "A":1.0
    },
    "Tip DyeColor":{
      "B":0.097202003002167,
      "G":0.2857980132103,
      "R":0.98225098848343,
      "A":1.0
    },
    "Root DyeColor":{
      "B":1.0,
      "G":1.0,
      "R":1.0,
      "A":1.0
    },
    "Eyeliner Tone":{
      "B":1.0,
      "G":1.0,
      "R":1.0,
      "A":1.0
    },
    "Skin Tone":{
      "B":1.0,
      "G":1.0,
      "R":1.0,
      "A":1.0
    }
  },
  "ModVersion":"1.1.0",
  "EyeMaterial":"/Game/Art/Character/Modular/Eyes_Human/MIC_Human_Eyes_Brown1.MIC_Human_Eyes_Brown1",
  "ModName":"RaceMenuUtilities",
  "Body":"SkeletalMesh /Game/Art/Character/Imperial/SK_Imperial_Body_m.SK_Imperial_Body_m",
  "Description":"saved from in-game",
  "SenescenceLevel":3,
  "APIVersion":"v2",
  "Author":"Bethesda",
  "Hair":"/Game/Dev/Phenotypes/Hair/HP_HR_Loose.HP_HR_Loose",
  "Beard":"/Game/Dev/Phenotypes/Beard/HP_Imperial_BD_Short.HP_Imperial_BD_Short",
  "Name":"BP_BrotchCalus_C"
}