{
  "Sex":0,
  "HairColorsL":{
    "1":{
      "A":1.0,
      "R":0.16202937066555,
      "G":0.1046164855361,
      "B":0.061246052384377
    },
    "2":{
      "A":1.0,
      "R":0.16202937066555,
      "G":0.1046164855361,
      "B":0.061246052384377
    },
    "0":{
      "A":1.0,
      "R":0.22322796285152,
      "G":0.14412847161293,
      "B":0.084376208484173
    }
  },
  "EyeMaterial":"/Game/Art/Character/Modular/Eyes_Human/MIC_Human_Eyes_Brown4.MIC_Human_Eyes_Brown4",
  "SkinColorsMapL":{
    "Root DyeColor":{
      "A":1.0,
      "R":1.0,
      "G":1.0,
      "B":1.0
    },
    "Eyeliner Tone":{
      "A":1.0,
      "R":1.0,
      "G":1.0,
      "B":1.0
    },
    "Tip DyeColor":{
      "A":1.0,
      "R":1.0,
      "G":1.0,
      "B":1.0
    },
    "Skin Tone":{
      "A":1.0,
      "R":0.95833301544189,
      "G":0.86702698469162,
      "B":0.80859297513962
    },
    "Lipstick Color":{
      "A":1.0,
      "R":1.0,
      "G":1.0,
      "B":1.0
    }
  },
  "Date":"2025-06-04 19:33:41",
  "Description":"saved from in-game",
  "Name":"BP_BravilGuardCastlePostDay01_C",
  "ModCreator":"animandan",
  "ModName":"RaceMenuUtilities",
  "ModVersion":"1.1.0",
  "Mustache":"/Game/Dev/Phenotypes/Mustache/HP_Imperial_MS_Medium.HP_Imperial_MS_Medium",
  "Author":"Bethesda",
  "APIVersion":"v2",
  "Body":"SkeletalMesh /Game/Art/Character/Imperial/SK_Imperial_Body_m.SK_Imperial_Body_m",
  "FaceMorphValuesMap":{
    "Nose Nostrils Thin / Wide":0.12968038022518,
    "Forehead / Sellion / Nose Ratio":0.058037366718054,
    "Cheekbones Thin / Wide":-0.27295896410942,
    "Forehead Small / Large":0.0028125701937824,
    "Chin Recessed / Pronounced":-0.06810499727726,
    "Brow / Nose / Chin Ratio":0.33910724520683,
    "Jaw Thin / Wide":-0.098855003714561,
    "Cheeks Gaunt / Round":0.085556112229824,
    "Chin Backward / Forward":0.34000000357628,
    "Chin Thin / Wide":0.0,
    "Forehead Short / Tall":-0.014405419118702,
    "Face Thin / Wide":0.32513770461082,
    "Brow Ridge Inner Down / Up":0.41852766275406,
    "Mouth Underbite / Overbite":-0.2054441422224,
    "Mouth Low / High":-0.12617799639702,
    "Vampire":0.0,
    "Face Gaunt / Round":0.26074042916298,
    "Eyes Small / Large":-0.43959900736809,
    "Mouth Drawn / Pursed":-0.09125229716301,
    "Chin Retracted / Jutting":0.21999999880791,
    "Nose Tilt Down / Up":0.0,
    "Mouth Small / Large":0.10999300330877,
    "Nose Short / Long":0.0,
    "Nose Bridge Shallow / Deep":-0.18656000494957,
    "Nose Sellion Thin / Wide":0.0,
    "Mouth Retracted / Protruding":0.080734014511108,
    "Nose Sellion Shallow / Deep":0.0,
    "Jaw Retracted / Jutting":0.02531860768795,
    "Nose Sellion Down / Up":0.15067686140537,
    "Eyes Inward / Outward":0.2871598303318,
    "Nose Region Concave / Convex":-0.19150488078594,
    "Brow Ridge Outer Down / Up":0.040441587567329,
    "Nose Nostrils Small / Large":-0.096076130867004,
    "Eyes Apart / Together":0.65960699319839,
    "Nose Nostrils Tilt Down / Up":-0.056933999061584,
    "Nose Flat / Pointed":0.065577998757362,
    "Mouth Tilt Down / Up":0.3456639945507,
    "Jaw Concave / Convex":-0.24984109401703,
    "Mouth Sad / Happy":-0.32156854867935,
    "Cheekbones Shallow / Pronounced":-0.078793622553349,
    "Face Light / Heavy":0.48496198654175,
    "Nose Down / Up":0.026153000071645,
    "Chin Short / Tall":-0.42528700828552,
    "Eyes Down / Up":-0.18540778756142,
    "Cheeks Concave / Convex":-0.18899400532246,
    "Nose Bridge Short / Long":-0.032402813434601,
    "Mouth Chin Short / Long":-0.20911577343941,
    "Nose Sellion Lower Shallow / Deep":0.0,
    "Mouth Retracted / Puckered":0.17511020600796,
    "Hair Length":0.0,
    "Mouth Deflated / Inflated":0.30961900949478,
    "Chin Shallow / Deep":0.067028358578682,
    "Jaw Neck Slope Low / High":-0.11065639555454,
    "Brow Ridge Low / High":0.020818656310439,
    "Cheekbones Low / High":-0.19125594198704,
    "Forehead Back / Forward":-0.066803477704525,
    "Chin Small / Large":-0.033386524766684
  },
  "Hair":"/Game/Dev/Phenotypes/Hair/HP_Human_HR_MessyBalding.HP_Human_HR_MessyBalding",
  "Beard":"/Game/Dev/Phenotypes/Beard/HP_Imperial_BD_Goatee.HP_Imperial_BD_Goatee",
  "SkinParametersMap":{
    "Complexion":0.5799999833107,
    "Eye Sockets Bruised/Bright":0.0,
    "Ombre Constrast":0.0,
    "Skin Tint Purple/Yellow":0.0,
    "Eye Sockets Dark/Light":0.0,
    "Root Redness":0.5,
    "Naso Small/Large":0.0,
    "Ombre Amount":0.0,
    "Eyebrows Redness Intensity":0.0,
    "Root Color":0.10000000149012,
    "Age":0.0,
    "Lipstick Dark Blue/Light Red":0.0,
    "Lipstick Dark Red/Light Blue":0.0,
    "Eye socket Bruised/Bright":0.0,
    "Freckles":0.69999998807907,
    "Eylids Light/Dark":0.0,
    "Eye Socket Dark/Light":0.0,
    "Cheek Blush Light/Red":0.0,
    "Eyebrows Color Intensity":0.60000002384186,
    "Cheekbones Flushed/Pale":1.0,
    "Lipstick Amount":0.0,
    "Skin Tint Orange/Blue":0.0,
    "Eyelids Light/Dark":0.0,
    "Naso Labial Lines Light/Dark":0.0,
    "Tip Redness":0.5,
    "Eyeshadow Light/Dark":0.0,
    "Eyelids Pale/Red":0.0,
    "Tip Color":0.10000000149012,
    "Lips Flushed/Pale":0.0,
    "Eyeliner Light/Dark":0.0,
    "Salt And Pepper":0.0,
    "Skin Dark/Light":0.0
  },
  "FaceBaseMesh":"/Game/Art/Character/Imperial/SK_Imperial_Head_m.SK_Imperial_Head_m",
  "Race":"TESRace /Game/Forms/actors/race/Imperial.Imperial",
  "SenescenceLevel":5
}