{
  "Race":"TESRace /Game/Forms/actors/race/Breton.Breton",
  "FaceBaseMesh":"/Game/Art/Character/Breton/SK_Breton_Head_m.SK_Breton_Head_m",
  "Date":"2025-06-04 18:33:13",
  "HairColorsL":{
    "0":{
      "B":0.08398400247097,
      "G":0.1452250033617,
      "R":0.22395800054073,
      "A":1.0
    }
  },
  "SkinParametersMap":{
    "Cheekbones Flushed/Pale":0.34000000357628,
    "Eyelids Pale/Red":0.0,
    "Skin Tint Purple/Yellow":0.0,
    "Lipstick Amount":0.014999999664724,
    "Cheek Blush Light/Red":0.0,
    "Skin Dark/Light":0.0,
    "Complexion":0.41999998688698,
    "Salt And Pepper":0.0,
    "Eye Socket Dark/Light":0.28000000119209,
    "Eylids Light/Dark":0.0,
    "Ombre Amount":0.03999999910593,
    "Freckles":0.72000002861023,
    "Root Color":1.0,
    "Ombre Constrast":-0.11999999731779,
    "Eyeliner Light/Dark":0.0,
    "Tip Color":0.23999899625778,
    "Eyebrows Redness Intensity":0.0,
    "Root Redness":0.51999998092651,
    "Skin Tint Orange/Blue":0.0,
    "Eye socket Bruised/Bright":0.0,
    "Tip Redness":9.9999999747524e-07,
    "Eyebrows Color Intensity":0.0
  },
  "Sex":0,
  "FaceMorphValuesMap":{
    "Hair Length":0.0,
    "Vampire":0.0,
    "Nose Sellion Down / Up":0.0,
    "Forehead Back / Forward":-0.11999999731779,
    "Mouth Deflated / Inflated":0.0,
    "Chin Backward / Forward":-0.25999900698662,
    "Eyes Apart / Together":0.15999999642372,
    "Nose Tilt Down / Up":0.0,
    "Mouth Sad / Happy":0.5,
    "Brow Ridge Outer Down / Up":0.46000000834465,
    "Nose Sellion Thin / Wide":0.0,
    "Nose Short / Long":0.0,
    "Nose Sellion Shallow / Deep":0.77999997138977,
    "Brow / Nose / Chin Ratio":0.0,
    "Chin Small / Large":-0.019999999552965,
    "Nose Flat / Pointed":0.0,
    "Jaw Thin / Wide":0.059999998658895,
    "Nose Nostrils Tilt Down / Up":0.36000001430511,
    "Eyes Inward / Outward":0.23999999463558,
    "Cheekbones Shallow / Pronounced":0.0,
    "Nose Nostrils Thin / Wide":0.83999997377396,
    "Chin Shallow / Deep":0.3199990093708,
    "Nose Down / Up":0.0,
    "Nose Bridge Short / Long":0.0,
    "Mouth Tilt Down / Up":-0.23999999463558,
    "Chin Thin / Wide":0.46000000834465,
    "Face Light / Heavy":0.23999999463558,
    "Mouth Chin Short / Long":0.03999999910593,
    "Jaw Concave / Convex":0.0,
    "Brow Ridge Low / High":0.18000000715256,
    "Chin Recessed / Pronounced":0.46000000834465,
    "Cheeks Gaunt / Round":0.31999999284744,
    "Face Thin / Wide":-0.63999897241592,
    "Eyes Down / Up":0.0,
    "Jaw Retracted / Jutting":0.0,
    "Chin Short / Tall":-0.41999998688698,
    "Jaw Neck Slope Low / High":0.0,
    "Nose Bridge Shallow / Deep":0.0,
    "Mouth Retracted / Protruding":-0.28000000119209,
    "Cheekbones Thin / Wide":0.0,
    "Mouth Low / High":-0.60000002384186,
    "Mouth Retracted / Puckered":0.34000098705292,
    "Mouth Small / Large":0.37999999523163,
    "Forehead Short / Tall":-0.3199990093708,
    "Nose Nostrils Small / Large":0.15999999642372,
    "Chin Retracted / Jutting":-0.23999899625778,
    "Forehead Small / Large":-0.40000000596046,
    "Cheekbones Low / High":0.0,
    "Eyes Small / Large":-0.47999998927116,
    "Cheeks Concave / Convex":0.079999998211861,
    "Brow Ridge Inner Down / Up":-0.25999999046326,
    "Nose Sellion Lower Shallow / Deep":0.0,
    "Face Gaunt / Round":0.0,
    "Mouth Underbite / Overbite":-0.37999999523163,
    "Nose Region Concave / Convex":0.0,
    "Forehead / Sellion / Nose Ratio":-0.5999990105629,
    "Mouth Drawn / Pursed":-0.21999999880791
  },
  "Author":"Bethesda",
  "SkinColorsMapL":{
    "Lipstick Color":{
      "B":0.017482999712229,
      "G":0.025876000523567,
      "R":0.421875,
      "A":1.0
    },
    "Tip DyeColor":{
      "B":0.0047769998200238,
      "G":0.012285999953747,
      "R":0.23839800059795,
      "A":1.0
    },
    "Root DyeColor":{
      "B":0.0047769998200238,
      "G":0.012285999953747,
      "R":0.23839800059795,
      "A":1.0
    },
    "Eyeliner Tone":{
      "B":1.0,
      "G":1.0,
      "R":1.0,
      "A":1.0
    },
    "Skin Tone":{
      "B":1.0,
      "G":1.0,
      "R":1.0,
      "A":1.0
    }
  },
  "ModVersion":"1.1.0",
  "EyeMaterial":"/Game/Art/Character/Modular/Eyes_Human/MIC_Human_Eyes_Brown2.MIC_Human_Eyes_Brown2",
  "Body":"SkeletalMesh /Game/Art/Character/Imperial/SK_Imperial_Body_m.SK_Imperial_Body_m",
  "Description":"saved from in-game",
  "SenescenceLevel":3,
  "APIVersion":"v2",
  "ModCreator":"animandan",
  "ModName":"RaceMenuUtilities",
  "Hair":"/Game/Dev/Phenotypes/Hair/HP_Breton_HR_Tonsure.HP_Breton_HR_Tonsure",
  "Name":"BP_BasilErnarde_C"
}