{
  "ModName":"RaceMenuUtilities",
  "FaceBaseMesh":"/Game/Art/Character/Redguard/SK_Redguard_Head_m.SK_Redguard_Head_m",
  "Author":"Bethesda",
  "Date":"2025-06-04 20:30:49",
  "SkinColorsMapL":{
    "Lipstick Color":{
      "A":1.0,
      "B":0.0097212167456746,
      "G":0.0009105809731409,
      "R":0.093058958649635
    },
    "Eyeliner Tone":{
      "A":1.0,
      "B":1.0,
      "G":1.0,
      "R":1.0
    },
    "Root DyeColor":{
      "A":1.0,
      "B":0.0,
      "G":0.0012140000471845,
      "R":0.0047769998200238
    },
    "Tip DyeColor":{
      "A":1.0,
      "B":0.0056050000712276,
      "G":0.034340001642704,
      "R":0.10702300071716
    },
    "Skin Tone":{
      "A":1.0,
      "B":1.0,
      "G":1.0,
      "R":1.0
    }
  },
  "APIVersion":"v2",
  "FaceMorphValuesMap":{
    "Eyes Small / Large":-0.26966300606728,
    "Jaw Thin / Wide":-0.019999999552965,
    "Brow Ridge Low / High":-0.74000000953674,
    "Chin Retracted / Jutting":0.30000001192093,
    "Face Thin / Wide":-0.55999898910522,
    "Hair Length":0.0,
    "Chin Backward / Forward":-0.10000000149012,
    "Vampire":0.0,
    "Mouth Underbite / Overbite":0.0,
    "Eyes Inward / Outward":0.0,
    "Mouth Sad / Happy":0.0,
    "Jaw Retracted / Jutting":0.0,
    "Nose Flat / Pointed":0.079998999834061,
    "Chin Recessed / Pronounced":0.15999999642372,
    "Cheeks Gaunt / Round":0.50000101327896,
    "Forehead Back / Forward":0.41999998688698,
    "Nose Sellion Down / Up":-0.10000000149012,
    "Mouth Deflated / Inflated":0.0,
    "Mouth Small / Large":0.10000000149012,
    "Nose Tilt Down / Up":0.079999998211861,
    "Nose Short / Long":0.5799999833107,
    "Mouth Drawn / Pursed":0.0,
    "Chin Short / Tall":-0.23999999463558,
    "Nose Sellion Thin / Wide":0.0,
    "Jaw Neck Slope Low / High":-0.35999900102615,
    "Cheekbones Shallow / Pronounced":0.0,
    "Nose Sellion Shallow / Deep":0.36000001430511,
    "Mouth Tilt Down / Up":0.0,
    "Brow / Nose / Chin Ratio":0.0,
    "Brow Ridge Outer Down / Up":0.56000000238419,
    "Chin Small / Large":-0.10000000149012,
    "Mouth Retracted / Puckered":0.10000000149012,
    "Chin Thin / Wide":0.37999999523163,
    "Nose Nostrils Tilt Down / Up":0.14000000059605,
    "Face Gaunt / Round":-0.079999998211861,
    "Cheekbones Thin / Wide":-0.03999999910593,
    "Forehead / Sellion / Nose Ratio":0.68000000715256,
    "Cheekbones Low / High":0.0,
    "Nose Bridge Short / Long":0.18000000715256,
    "Forehead Short / Tall":0.30000001192093,
    "Nose Bridge Shallow / Deep":0.29999899864197,
    "Mouth Chin Short / Long":0.0,
    "Face Light / Heavy":-0.73999899625778,
    "Nose Region Concave / Convex":0.11999999731779,
    "Mouth Retracted / Protruding":0.019999999552965,
    "Cheeks Concave / Convex":0.46000000834465,
    "Nose Nostrils Small / Large":-0.31999999284744,
    "Jaw Concave / Convex":0.14000000059605,
    "Nose Down / Up":0.03999999910593,
    "Mouth Low / High":0.0,
    "Eyes Down / Up":-0.033707998692989,
    "Chin Shallow / Deep":0.0,
    "Eyes Apart / Together":0.80000001192093,
    "Brow Ridge Inner Down / Up":0.059999998658895,
    "Nose Sellion Lower Shallow / Deep":0.0,
    "Nose Nostrils Thin / Wide":0.019999999552965,
    "Forehead Small / Large":-0.99999898672104
  },
  "EyeMaterial":"/Game/Art/Character/Modular/Eyes_Human/MIC_Human_Eyes_Green2.MIC_Human_Eyes_Green2",
  "HairColorsL":{
    "0":{
      "A":1.0,
      "B":1.0,
      "G":1.0,
      "R":1.0
    }
  },
  "SkinParametersMap":{
    "Complexion":0.0,
    "Freckles":0.0,
    "Ombre Amount":0.0,
    "Root Redness":0.0,
    "Cheek Blush Light/Red":0.0,
    "Ombre Constrast":0.0,
    "Tip Color":0.0,
    "Eye socket Bruised/Bright":0.0,
    "Eyebrows Color Intensity":0.0,
    "Root Color":0.0,
    "Salt And Pepper":0.70411998033524,
    "Eyebrows Redness Intensity":0.0,
    "Khajiit Pattern Number":0.0,
    "Eyelids Pale/Red":0.0,
    "Cheekbones Flushed/Pale":0.0,
    "Tip Redness":0.0,
    "Lipstick Amount":0.0
  },
  "SenescenceLevel":7,
  "Sex":0,
  "Description":"saved from in-game",
  "ModCreator":"animandan",
  "ModVersion":"1.1.0",
  "Hair":"/Game/Dev/Phenotypes/Hair/HP_Nord_HR_BaldPony.HP_Nord_HR_BaldPony",
  "Name":"BP_Borissean_C",
  "Race":"TESRace /Game/Forms/actors/race/Redguard.Redguard",
  "Body":"SkeletalMesh /Game/Art/Character/Imperial/SK_Imperial_Body_m.SK_Imperial_Body_m"
}