{
  "APIVersion":"v2",
  "SkinParametersMap":{
    "Tip Color":0.10000000149012,
    "Ombre Constrast":0.0,
    "Complexion":0.0,
    "Ombre Amount":0.0,
    "Khajiit Pattern Number":0.0,
    "Lipstick Amount":0.0,
    "Salt And Pepper":0.0,
    "Skin Dark/Light":0.0,
    "Root Redness":1.0,
    "Eye socket Bruised/Bright":-0.10000000149012,
    "Freckles":0.47393199801445,
    "Eyeliner Light/Dark":0.0,
    "Eyebrows Redness Intensity":0.0,
    "Eye Socket Dark/Light":-0.5,
    "Eyebrows Color Intensity":0.62000000476837,
    "Root Color":1.0,
    "Cheek Blush Light/Red":0.41999998688698,
    "Eylids Light/Dark":0.0,
    "Skin Tint Orange/Blue":0.0,
    "Tip Redness":0.5,
    "Cheekbones Flushed/Pale":0.46000000834465,
    "Eyelids Pale/Red":0.21999999880791,
    "Skin Tint Purple/Yellow":0.0
  },
  "Author":"Bethesda",
  "Race":"TESRace /Game/Forms/actors/race/WoodElf.WoodElf",
  "HairColorsL":{
    "1":{
      "R":0.16202937066555,
      "G":0.1046164855361,
      "B":0.061246052384377,
      "A":1.0
    },
    "2":{
      "R":0.012286487966776,
      "G":0.0074990317225456,
      "B":0.0036765071563423,
      "A":1.0
    },
    "0":{
      "R":0.021219009533525,
      "G":0.01032982300967,
      "B":0.0060488330200315,
      "A":1.0
    }
  },
  "Body":"SkeletalMesh /Game/Art/Character/Imperial/SK_Imperial_Body_m.SK_Imperial_Body_m",
  "Date":"2025-06-04 19:29:11",
  "ModCreator":"animandan",
  "ModName":"RaceMenuUtilities",
  "SkinColorsMapL":{
    "Root DyeColor":{
      "R":1.0,
      "G":1.0,
      "B":1.0,
      "A":1.0
    },
    "Eyeliner Tone":{
      "R":1.0,
      "G":1.0,
      "B":1.0,
      "A":1.0
    },
    "Lipstick Color":{
      "R":1.0,
      "G":1.0,
      "B":1.0,
      "A":1.0
    },
    "Skin Tone":{
      "R":0.88541698455811,
      "G":0.88541698455811,
      "B":0.88541698455811,
      "A":1.0
    },
    "Tip DyeColor":{
      "R":1.0,
      "G":1.0,
      "B":1.0,
      "A":1.0
    }
  },
  "Beard":"/Game/Dev/Phenotypes/Beard/HP_New_Curly.HP_New_Curly",
  "Sex":0,
  "ModVersion":"1.1.0",
  "EyeMaterial":"/Game/Art/Character/Modular/Eyes_WoodElf/MIC_WoodElf_Eyes_Green.MIC_WoodElf_Eyes_Green",
  "Description":"saved from in-game",
  "FaceBaseMesh":"/Game/Art/Character/WoodElf/SK_WoodElf_Head_m.SK_WoodElf_Head_m",
  "FaceMorphValuesMap":{
    "Face Gaunt / Round":0.28000000119209,
    "Nose Short / Long":0.0,
    "Nose Tilt Down / Up":0.0,
    "Mouth Sad / Happy":0.0,
    "Mouth Retracted / Protruding":0.0,
    "Chin Short / Tall":0.0,
    "Cheekbones Low / High":0.0,
    "Nose Nostrils Tilt Down / Up":0.0,
    "Mouth Deflated / Inflated":0.0,
    "Hair Length":0.0,
    "Nose Sellion Shallow / Deep":0.0,
    "Chin Shallow / Deep":0.0,
    "Jaw Concave / Convex":0.0,
    "Brow Ridge Low / High":0.30507999658585,
    "Chin Recessed / Pronounced":0.0,
    "Mouth Tilt Down / Up":0.0,
    "Nose Sellion Thin / Wide":0.0,
    "Cheeks Gaunt / Round":0.0,
    "Nose Sellion Lower Shallow / Deep":0.0,
    "Nose Sellion Down / Up":0.0,
    "Cheeks Concave / Convex":0.0,
    "Nose Region Concave / Convex":0.0,
    "Eyes Inward / Outward":0.31899699568748,
    "Nose Nostrils Thin / Wide":0.0,
    "Brow Ridge Inner Down / Up":-0.25136500597,
    "Eyes Apart / Together":0.0,
    "Mouth Underbite / Overbite":0.0,
    "Chin Retracted / Jutting":0.0,
    "Brow / Nose / Chin Ratio":-0.21999999880791,
    "Nose Bridge Short / Long":0.0,
    "Mouth Low / High":0.0,
    "Forehead Small / Large":0.23999999463558,
    "Nose Bridge Shallow / Deep":0.0,
    "Eyes Small / Large":0.0,
    "Forehead / Sellion / Nose Ratio":0.75999999046326,
    "Mouth Chin Short / Long":0.0,
    "Forehead Short / Tall":0.54000002145767,
    "Eyes Down / Up":0.0,
    "Vampire":0.0,
    "Mouth Retracted / Puckered":0.0,
    "Jaw Retracted / Jutting":0.46000000834465,
    "Mouth Drawn / Pursed":0.0,
    "Cheekbones Thin / Wide":-0.18000000715256,
    "Nose Down / Up":0.0,
    "Jaw Neck Slope Low / High":0.0,
    "Chin Thin / Wide":0.0,
    "Cheekbones Shallow / Pronounced":0.30000001192093,
    "Nose Nostrils Small / Large":0.0,
    "Nose Flat / Pointed":0.0,
    "Face Thin / Wide":-0.54000002145767,
    "Chin Backward / Forward":0.0,
    "Face Light / Heavy":0.5,
    "Mouth Small / Large":0.0,
    "Forehead Back / Forward":0.20618000626564,
    "Jaw Thin / Wide":0.18000000715256,
    "Brow Ridge Outer Down / Up":0.25540700554848,
    "Chin Small / Large":0.0
  },
  "Hair":"/Game/Dev/Phenotypes/Hair/HP_HR_Loose.HP_HR_Loose",
  "Mustache":"/Game/Dev/Phenotypes/Mustache/HP_WoodElf_MS_Long.HP_WoodElf_MS_Long",
  "SenescenceLevel":2,
  "Name":"BP_BanditBlackBowMale2_C"
}