{
  "Sex":1,
  "HairColorsL":{
    "0":{
      "A":1.0,
      "R":1.0,
      "G":0.58407843112946,
      "B":0.16826939582825
    }
  },
  "EyeMaterial":"/Game/Art/Character/Modular/Eyes_Human/MIC_Human_Eyes_Yellow1.MIC_Human_Eyes_Yellow1",
  "Author":"Bethesda",
  "Date":"2025-06-04 19:33:31",
  "Description":"saved from in-game",
  "Name":"BP_BieneAmelion_C",
  "ModCreator":"animandan",
  "ModName":"RaceMenuUtilities",
  "FaceBaseMesh":"/Game/Art/Character/Breton/SK_Breton_Head_f.SK_Breton_Head_f",
  "ModVersion":"1.1.0",
  "Body":"SkeletalMesh /Game/Art/Character/Imperial/SK_Imperial_Body_m.SK_Imperial_Body_m",
  "FaceMorphValuesMap":{
    "Nose Nostrils Thin / Wide":0.0,
    "Forehead / Sellion / Nose Ratio":0.0,
    "Cheekbones Thin / Wide":0.0,
    "Forehead Small / Large":0.37999999523163,
    "Chin Recessed / Pronounced":0.0,
    "Brow / Nose / Chin Ratio":0.0,
    "Jaw Thin / Wide":-0.69999897480011,
    "Cheeks Gaunt / Round":0.25999999046326,
    "Chin Backward / Forward":-0.36000001430511,
    "Chin Thin / Wide":0.60000002384186,
    "Forehead Short / Tall":0.0,
    "Face Thin / Wide":0.0,
    "Brow Ridge Inner Down / Up":0.0,
    "Mouth Underbite / Overbite":0.0,
    "Mouth Low / High":0.0,
    "Vampire":0.0,
    "Face Gaunt / Round":0.0,
    "Eyes Small / Large":0.0,
    "Mouth Drawn / Pursed":0.0,
    "Chin Retracted / Jutting":0.0,
    "Nose Tilt Down / Up":0.0,
    "Mouth Small / Large":0.0,
    "Nose Short / Long":0.0,
    "Nose Bridge Shallow / Deep":0.0,
    "Nose Sellion Thin / Wide":0.0,
    "Mouth Retracted / Protruding":0.0,
    "Nose Sellion Shallow / Deep":0.0,
    "Jaw Retracted / Jutting":0.0,
    "Nose Sellion Down / Up":0.0,
    "Eyes Inward / Outward":0.0,
    "Nose Region Concave / Convex":0.0,
    "Brow Ridge Outer Down / Up":0.0,
    "Nose Nostrils Small / Large":0.0,
    "Eyes Apart / Together":0.47999998927116,
    "Nose Nostrils Tilt Down / Up":0.0,
    "Nose Flat / Pointed":0.0,
    "Mouth Tilt Down / Up":0.0,
    "Jaw Concave / Convex":0.0,
    "Mouth Sad / Happy":0.0,
    "Cheekbones Shallow / Pronounced":-0.46000000834465,
    "Face Light / Heavy":0.40000000596046,
    "Nose Down / Up":0.0,
    "Chin Short / Tall":0.0,
    "Eyes Down / Up":0.0,
    "Cheeks Concave / Convex":0.18000000715256,
    "Nose Bridge Short / Long":0.0,
    "Mouth Chin Short / Long":0.0,
    "Nose Sellion Lower Shallow / Deep":0.0,
    "Mouth Retracted / Puckered":0.0,
    "Hair Length":0.0,
    "Mouth Deflated / Inflated":0.0,
    "Chin Shallow / Deep":0.0,
    "Jaw Neck Slope Low / High":0.0,
    "Brow Ridge Low / High":0.0,
    "Cheekbones Low / High":0.20000000298023,
    "Forehead Back / Forward":0.0,
    "Chin Small / Large":0.5
  },
  "Hair":"/Game/Dev/Phenotypes/Hair/HP_HR_Loose.HP_HR_Loose",
  "SenescenceLevel":0,
  "APIVersion":"v2",
  "SkinParametersMap":{
    "Complexion":0.20000000298023,
    "Cheek Blush Light/Red":0.0,
    "Eyebrows Color Intensity":0.76404500007629,
    "Eye socket Bruised/Bright":0.0,
    "Lipstick Amount":0.38951298594475,
    "Root Redness":0.0,
    "Freckles":0.0,
    "Cheekbones Flushed/Pale":0.0,
    "Eyebrows Redness Intensity":0.0,
    "Root Color":0.20973800122738,
    "Eyelids Pale/Red":0.30000001192093,
    "Tip Color":0.019999999552965,
    "Tip Redness":0.0,
    "Ombre Amount":1.0,
    "Salt And Pepper":0.0,
    "Ombre Constrast":1.0
  },
  "Race":"TESRace /Game/Forms/actors/race/Breton.Breton",
  "SkinColorsMapL":{
    "Root DyeColor":{
      "A":1.0,
      "R":1.0,
      "G":1.0,
      "B":1.0
    },
    "Eyeliner Tone":{
      "A":1.0,
      "R":0.44270798563957,
      "G":0.44270798563957,
      "B":0.44270798563957
    },
    "Tip DyeColor":{
      "A":1.0,
      "R":0.99110198020935,
      "G":0.3335579931736,
      "B":0.073429003357887
    },
    "Skin Tone":{
      "A":1.0,
      "R":1.0,
      "G":0.9375,
      "B":0.96517199277878
    },
    "Lipstick Color":{
      "A":1.0,
      "R":0.093058958649635,
      "G":0.0009105809731409,
      "B":0.0097212167456746
    }
  }
}