{
  "Sex":0,
  "HairColorsL":{
    "1":{
      "A":1.0,
      "R":0.22322796285152,
      "G":0.14412847161293,
      "B":0.084376208484173
    },
    "2":{
      "A":1.0,
      "R":0.16202937066555,
      "G":0.1046164855361,
      "B":0.061246052384377
    },
    "0":{
      "A":1.0,
      "R":1.0,
      "G":1.0,
      "B":1.0
    }
  },
  "SkinColorsMapL":{
    "Root DyeColor":{
      "A":1.0,
      "R":1.0,
      "G":1.0,
      "B":1.0
    },
    "Eyeliner Tone":{
      "A":1.0,
      "R":1.0,
      "G":1.0,
      "B":1.0
    },
    "Tip DyeColor":{
      "A":1.0,
      "R":1.0,
      "G":1.0,
      "B":1.0
    },
    "Skin Tone":{
      "A":1.0,
      "R":1.0,
      "G":0.95503002405167,
      "B":0.90277802944183
    },
    "Lipstick Color":{
      "A":1.0,
      "R":1.0,
      "G":1.0,
      "B":1.0
    }
  },
  "Date":"2025-06-04 19:33:43",
  "Description":"saved from in-game",
  "Name":"BP_BravilGuardCityPostNight02_C",
  "ModCreator":"animandan",
  "ModName":"RaceMenuUtilities",
  "ModVersion":"1.1.0",
  "Mustache":"/Game/Dev/Phenotypes/Mustache/HP_Imperial_MS_Medium.HP_Imperial_MS_Medium",
  "Author":"Bethesda",
  "Body":"SkeletalMesh /Game/Art/Character/Imperial/SK_Imperial_Body_m.SK_Imperial_Body_m",
  "SenescenceLevel":2,
  "FaceMorphValuesMap":{
    "Nose Nostrils Thin / Wide":-0.14465634524822,
    "Forehead / Sellion / Nose Ratio":0.44066148996353,
    "Cheekbones Thin / Wide":-0.12031900137663,
    "Forehead Small / Large":-0.2798810005188,
    "Chin Recessed / Pronounced":-0.18331244587898,
    "Brow / Nose / Chin Ratio":0.1085541471839,
    "Jaw Thin / Wide":-0.12180279940367,
    "Cheeks Gaunt / Round":-0.1435457020998,
    "Chin Backward / Forward":-0.2452190965414,
    "Chin Thin / Wide":-0.13170209527016,
    "Forehead Short / Tall":0.32820039987564,
    "Face Thin / Wide":0.24850200116634,
    "Brow Ridge Inner Down / Up":-0.22765499353409,
    "Mouth Underbite / Overbite":-0.11927584558725,
    "Mouth Low / High":0.20182918012142,
    "Vampire":0.0,
    "Face Gaunt / Round":0.022394999861717,
    "Eyes Small / Large":-0.77012199163437,
    "Mouth Drawn / Pursed":-0.10291299968958,
    "Chin Retracted / Jutting":-0.05544588714838,
    "Nose Tilt Down / Up":0.0,
    "Mouth Small / Large":-0.57465302944183,
    "Nose Short / Long":0.0,
    "Nose Bridge Shallow / Deep":-0.33652800321579,
    "Nose Sellion Thin / Wide":0.0,
    "Mouth Retracted / Protruding":0.15314939618111,
    "Nose Sellion Shallow / Deep":0.0,
    "Jaw Retracted / Jutting":0.022438054904342,
    "Nose Sellion Down / Up":0.52422475814819,
    "Eyes Inward / Outward":0.32967752218246,
    "Nose Region Concave / Convex":-0.16219800710678,
    "Brow Ridge Outer Down / Up":0.2219330072403,
    "Nose Nostrils Small / Large":-0.073049120604992,
    "Eyes Apart / Together":0.62860798835754,
    "Nose Nostrils Tilt Down / Up":0.074464000761509,
    "Nose Flat / Pointed":0.053844809532166,
    "Mouth Tilt Down / Up":-0.15747055411339,
    "Jaw Concave / Convex":-0.21802258491516,
    "Mouth Sad / Happy":0.32528600096703,
    "Cheekbones Shallow / Pronounced":-0.34972867369652,
    "Face Light / Heavy":0.26624050736427,
    "Nose Down / Up":0.027079557999969,
    "Chin Short / Tall":-0.15065707266331,
    "Eyes Down / Up":0.28864398598671,
    "Cheeks Concave / Convex":-0.1419920027256,
    "Nose Bridge Short / Long":-0.032669998705387,
    "Mouth Chin Short / Long":-0.26656827330589,
    "Nose Sellion Lower Shallow / Deep":0.0,
    "Mouth Retracted / Puckered":0.0096616270020604,
    "Hair Length":0.0,
    "Mouth Deflated / Inflated":0.42959499359131,
    "Chin Shallow / Deep":0.010058756917715,
    "Jaw Neck Slope Low / High":-0.21775649487972,
    "Brow Ridge Low / High":-0.49576199054718,
    "Cheekbones Low / High":0.031973000615835,
    "Forehead Back / Forward":-0.61807519197464,
    "Chin Small / Large":0.3372308909893
  },
  "Hair":"/Game/Dev/Phenotypes/Hair/HP_HR_Cropped.HP_HR_Cropped",
  "FaceBaseMesh":"/Game/Art/Character/Imperial/SK_Imperial_Head_m.SK_Imperial_Head_m",
  "APIVersion":"v2",
  "Beard":"/Game/Dev/Phenotypes/Beard/HP_Imperial_BD_Scruffy.HP_Imperial_BD_Scruffy",
  "Race":"TESRace /Game/Forms/actors/race/Imperial.Imperial",
  "SkinParametersMap":{
    "Complexion":0.20000000298023,
    "Eye Sockets Bruised/Bright":0.0,
    "Ombre Constrast":1.0,
    "Skin Tint Purple/Yellow":0.18000000715256,
    "Eye Sockets Dark/Light":0.0,
    "Root Redness":0.5,
    "Naso Small/Large":0.0,
    "Ombre Amount":1.0,
    "Eyebrows Redness Intensity":0.0,
    "Root Color":0.10000000149012,
    "Age":0.0,
    "Lipstick Dark Blue/Light Red":0.0,
    "Lipstick Dark Red/Light Blue":0.0,
    "Eye socket Bruised/Bright":0.0,
    "Freckles":0.43820199370384,
    "Eylids Light/Dark":0.0,
    "Eye Socket Dark/Light":0.0,
    "Cheek Blush Light/Red":-0.13999900221825,
    "Eyebrows Color Intensity":0.0,
    "Cheekbones Flushed/Pale":0.5799999833107,
    "Lipstick Amount":0.0,
    "Skin Tint Orange/Blue":0.0,
    "Eyelids Light/Dark":0.0,
    "Naso Labial Lines Light/Dark":0.0,
    "Tip Redness":0.5,
    "Eyeshadow Light/Dark":0.0,
    "Eyelids Pale/Red":0.0,
    "Tip Color":0.66000002622604,
    "Lips Flushed/Pale":0.0,
    "Eyeliner Light/Dark":0.0,
    "Salt And Pepper":0.0,
    "Skin Dark/Light":0.0
  }
}