{
  "ModName":"RaceMenuUtilities",
  "FaceBaseMesh":"/Game/Art/Character/Imperial/SK_Imperial_Head_m.SK_Imperial_Head_m",
  "Author":"Bethesda",
  "Date":"2025-06-04 20:30:51",
  "SkinColorsMapL":{
    "Lipstick Color":{
      "A":1.0,
      "B":1.0,
      "G":1.0,
      "R":1.0
    },
    "Eyeliner Tone":{
      "A":1.0,
      "B":1.0,
      "G":1.0,
      "R":1.0
    },
    "Root DyeColor":{
      "A":1.0,
      "B":1.0,
      "G":1.0,
      "R":1.0
    },
    "Tip DyeColor":{
      "A":1.0,
      "B":0.021219009533525,
      "G":0.03688944876194,
      "R":0.21223075687885
    },
    "Skin Tone":{
      "A":1.0,
      "B":0.74479198455811,
      "G":0.86461001634598,
      "R":1.0
    }
  },
  "APIVersion":"v2",
  "FaceMorphValuesMap":{
    "Eyes Small / Large":-0.57884699106216,
    "Jaw Thin / Wide":0.40108427405357,
    "Brow Ridge Low / High":-0.42202600836754,
    "Chin Retracted / Jutting":0.0,
    "Face Thin / Wide":-0.03788748010993,
    "Hair Length":0.0,
    "Chin Backward / Forward":0.0,
    "Vampire":0.0,
    "Mouth Underbite / Overbite":-0.22327823936939,
    "Eyes Inward / Outward":0.3213614821434,
    "Mouth Sad / Happy":-0.391427308321,
    "Jaw Retracted / Jutting":-0.17925551533699,
    "Nose Flat / Pointed":-0.18867300450802,
    "Chin Recessed / Pronounced":0.0,
    "Cheeks Gaunt / Round":0.0,
    "Forehead Back / Forward":0.41716542840004,
    "Nose Sellion Down / Up":0.23510375618935,
    "Mouth Deflated / Inflated":-0.016310058534145,
    "Mouth Small / Large":-0.10987781733274,
    "Nose Tilt Down / Up":0.0,
    "Nose Short / Long":0.0,
    "Mouth Drawn / Pursed":-0.20066864788532,
    "Chin Short / Tall":0.0,
    "Nose Sellion Thin / Wide":0.0,
    "Jaw Neck Slope Low / High":0.38617712259293,
    "Cheekbones Shallow / Pronounced":0.13237634301186,
    "Nose Sellion Shallow / Deep":0.0,
    "Mouth Tilt Down / Up":0.25872346758842,
    "Brow / Nose / Chin Ratio":0.008397588506341,
    "Brow Ridge Outer Down / Up":-0.070124827325344,
    "Chin Small / Large":0.0,
    "Mouth Retracted / Puckered":-0.25877711176872,
    "Chin Thin / Wide":0.0,
    "Nose Nostrils Tilt Down / Up":0.31144738197327,
    "Face Gaunt / Round":-0.070375204086304,
    "Cheekbones Thin / Wide":0.19336099922657,
    "Forehead / Sellion / Nose Ratio":0.073498643934727,
    "Cheekbones Low / High":-0.023761427029967,
    "Nose Bridge Short / Long":0.031344376504421,
    "Forehead Short / Tall":-0.057056613266468,
    "Nose Bridge Shallow / Deep":0.081399448215961,
    "Mouth Chin Short / Long":-0.45173197984695,
    "Face Light / Heavy":0.20283813774586,
    "Nose Region Concave / Convex":-0.19108337163925,
    "Mouth Retracted / Protruding":0.33238488435745,
    "Cheeks Concave / Convex":0.0,
    "Nose Nostrils Small / Large":0.16551207005978,
    "Jaw Concave / Convex":0.35584113001823,
    "Nose Down / Up":0.23981733620167,
    "Mouth Low / High":0.098568849265575,
    "Eyes Down / Up":-0.11000546067953,
    "Chin Shallow / Deep":0.0,
    "Eyes Apart / Together":0.3209500014782,
    "Brow Ridge Inner Down / Up":0.21537999808788,
    "Nose Sellion Lower Shallow / Deep":0.0,
    "Nose Nostrils Thin / Wide":-0.095285207033157,
    "Forehead Small / Large":0.13920775055885
  },
  "EyeMaterial":"/Game/Art/Character/Modular/Eyes_Human/MIC_Human_Eyes_Brown1.MIC_Human_Eyes_Brown1",
  "HairColorsL":{
    "0":{
      "A":1.0,
      "B":0.0060488330200315,
      "G":0.01032982300967,
      "R":0.021219009533525
    }
  },
  "SkinParametersMap":{
    "Eylids Light/Dark":0.0,
    "Ombre Amount":1.0,
    "Complexion":0.63999998569489,
    "Lipstick Dark Red/Light Blue":0.0,
    "Eyeshadow Light/Dark":0.0,
    "Root Color":0.10000000149012,
    "Skin Tint Orange/Blue":0.0,
    "Eyelids Light/Dark":0.0,
    "Naso Small/Large":0.0,
    "Tip Redness":1.0,
    "Skin Tint Purple/Yellow":0.0,
    "Lipstick Amount":0.0,
    "Cheek Blush Light/Red":0.31999999284744,
    "Root Redness":0.5,
    "Lips Flushed/Pale":0.0,
    "Ombre Constrast":1.0,
    "Tip Color":0.31999999284744,
    "Eye Sockets Bruised/Bright":0.0,
    "Freckles":0.0,
    "Cheekbones Flushed/Pale":0.75999999046326,
    "Eyebrows Color Intensity":0.60000002384186,
    "Naso Labial Lines Light/Dark":0.0,
    "Lipstick Dark Blue/Light Red":0.0,
    "Eye Socket Dark/Light":0.0,
    "Eye socket Bruised/Bright":0.0,
    "Salt And Pepper":0.0,
    "Eyebrows Redness Intensity":0.0,
    "Eyeliner Light/Dark":0.0,
    "Age":0.0,
    "Skin Dark/Light":0.0,
    "Eyelids Pale/Red":0.0,
    "Eye Sockets Dark/Light":0.0
  },
  "SenescenceLevel":2,
  "Sex":0,
  "Description":"saved from in-game",
  "ModCreator":"animandan",
  "ModVersion":"1.1.0",
  "Hair":"/Game/Dev/Phenotypes/Hair/HP_HR_MediumLength.HP_HR_MediumLength",
  "Name":"BP_BrumaGuardCityPostNight02_C",
  "Race":"TESRace /Game/Forms/actors/race/Imperial.Imperial",
  "Body":"SkeletalMesh /Game/Art/Character/Imperial/SK_Imperial_Body_m.SK_Imperial_Body_m"
}