{
  "Sex":1,
  "HairColorsL":{
    "0":{
      "A":1.0,
      "R":0.0051819998770952,
      "G":0.0018210000125691,
      "B":0.0018210000125691
    }
  },
  "Author":"Bethesda",
  "Date":"2025-06-04 19:37:54",
  "Description":"saved from in-game",
  "Name":"BP_BeggarICTempleBuntara_C",
  "ModCreator":"animandan",
  "ModName":"RaceMenuUtilities",
  "FaceBaseMesh":"/Game/Art/Character/Imperial/SK_Imperial_Head_F.SK_Imperial_Head_F",
  "Body":"SkeletalMesh /Game/Art/Character/Imperial/SK_Imperial_Body_m.SK_Imperial_Body_m",
  "Race":"TESRace /Game/Forms/actors/race/Imperial.Imperial",
  "FaceMorphValuesMap":{
    "Nose Nostrils Thin / Wide":0.25769400596619,
    "Forehead / Sellion / Nose Ratio":-0.30789914727211,
    "Cheekbones Thin / Wide":0.0043759997934103,
    "Forehead Small / Large":-0.27266800403595,
    "Chin Recessed / Pronounced":-0.019999999552965,
    "Brow / Nose / Chin Ratio":0.24718081951141,
    "Jaw Thin / Wide":0.48616799712181,
    "Cheeks Gaunt / Round":0.1026019975543,
    "Chin Backward / Forward":-0.40089800953865,
    "Chin Thin / Wide":0.33510699868202,
    "Forehead Short / Tall":0.26301872730255,
    "Face Thin / Wide":-0.13573299348354,
    "Brow Ridge Inner Down / Up":0.048583999276161,
    "Mouth Underbite / Overbite":0.18000000715256,
    "Mouth Low / High":-0.34000000357628,
    "Vampire":0.0,
    "Face Gaunt / Round":-0.24517965316772,
    "Eyes Small / Large":0.52040100097656,
    "Mouth Drawn / Pursed":-0.34754246473312,
    "Chin Retracted / Jutting":0.18552799522877,
    "Nose Tilt Down / Up":0.0,
    "Mouth Small / Large":-0.3999989926815,
    "Nose Short / Long":0.0,
    "Nose Bridge Shallow / Deep":0.47999998927116,
    "Nose Sellion Thin / Wide":0.0,
    "Mouth Retracted / Protruding":-0.060231998562813,
    "Nose Sellion Shallow / Deep":0.23999999463558,
    "Jaw Retracted / Jutting":-0.23999999463558,
    "Nose Sellion Down / Up":0.65999901294708,
    "Eyes Inward / Outward":0.25999999046326,
    "Nose Region Concave / Convex":0.42743262648582,
    "Brow Ridge Outer Down / Up":0.049584999680519,
    "Nose Nostrils Small / Large":-0.12787799537182,
    "Eyes Apart / Together":0.46000000834465,
    "Nose Nostrils Tilt Down / Up":-0.22445499897003,
    "Nose Flat / Pointed":-0.10700439661741,
    "Mouth Tilt Down / Up":0.20000000298023,
    "Jaw Concave / Convex":-0.052549000829458,
    "Mouth Sad / Happy":-0.11257600039244,
    "Cheekbones Shallow / Pronounced":0.40418291091919,
    "Face Light / Heavy":0.33928599953651,
    "Nose Down / Up":-0.55627799034119,
    "Chin Short / Tall":0.86888200044632,
    "Eyes Down / Up":0.30000001192093,
    "Cheeks Concave / Convex":-0.21255438029766,
    "Nose Bridge Short / Long":0.19325070083141,
    "Mouth Chin Short / Long":0.0,
    "Nose Sellion Lower Shallow / Deep":0.0,
    "Mouth Retracted / Puckered":0.51059699058533,
    "Hair Length":0.0,
    "Mouth Deflated / Inflated":-0.32331100106239,
    "Chin Shallow / Deep":-0.097008988261223,
    "Jaw Neck Slope Low / High":0.41800200939178,
    "Brow Ridge Low / High":0.73124098777771,
    "Cheekbones Low / High":0.38366684317589,
    "Forehead Back / Forward":-0.23301194608212,
    "Chin Small / Large":0.099999003112316
  },
  "Hair":"/Game/Dev/Phenotypes/Hair/HP_Imperial_HR_Coil.HP_Imperial_HR_Coil",
  "SkinParametersMap":{
    "Complexion":0.0,
    "Cheek Blush Light/Red":0.0,
    "Eyebrows Color Intensity":0.55430698394775,
    "Eye socket Bruised/Bright":-0.32958799600601,
    "Lipstick Amount":0.0,
    "Root Redness":0.0,
    "Freckles":0.0,
    "Cheekbones Flushed/Pale":0.0,
    "Eyebrows Redness Intensity":1.0,
    "Root Color":0.0,
    "Eyelids Pale/Red":0.0,
    "Tip Color":0.0,
    "Tip Redness":1.0,
    "Ombre Amount":0.0,
    "Salt And Pepper":0.82397001981735,
    "Ombre Constrast":0.0
  },
  "APIVersion":"v2",
  "SenescenceLevel":6,
  "ModVersion":"1.1.0",
  "SkinColorsMapL":{
    "Root DyeColor":{
      "A":1.0,
      "R":0.0047769998200238,
      "G":0.0012140000471845,
      "B":0.0
    },
    "Eyeliner Tone":{
      "A":1.0,
      "R":1.0,
      "G":1.0,
      "B":1.0
    },
    "Tip DyeColor":{
      "A":1.0,
      "R":0.10702300071716,
      "G":0.034340001642704,
      "B":0.0056050000712276
    },
    "Skin Tone":{
      "A":1.0,
      "R":1.0,
      "G":1.0,
      "B":1.0
    },
    "Lipstick Color":{
      "A":1.0,
      "R":0.093058958649635,
      "G":0.0009105809731409,
      "B":0.0097212167456746
    }
  }
}