{
  "ModName":"RaceMenuUtilities",
  "FaceBaseMesh":"/Game/Art/Character/DarkElf/SK_DarkElf_Head_m.SK_DarkElf_Head_m",
  "Author":"Bethesda",
  "Date":"2025-06-04 20:30:47",
  "SkinColorsMapL":{
    "Lipstick Color":{
      "A":1.0,
      "B":1.0,
      "G":1.0,
      "R":1.0
    },
    "Eyeliner Tone":{
      "A":1.0,
      "B":1.0,
      "G":1.0,
      "R":1.0
    },
    "Root DyeColor":{
      "A":1.0,
      "B":1.0,
      "G":1.0,
      "R":1.0
    },
    "Tip DyeColor":{
      "A":1.0,
      "B":1.0,
      "G":1.0,
      "R":1.0
    },
    "Skin Tone":{
      "A":1.0,
      "B":1.0,
      "G":1.0,
      "R":1.0
    }
  },
  "Name":"BP_BanditBossMale3_C",
  "FaceMorphValuesMap":{
    "Eyes Small / Large":0.69966799020767,
    "Jaw Thin / Wide":-0.025803280994296,
    "Brow Ridge Low / High":-0.14297744631767,
    "Chin Retracted / Jutting":0.054450083523989,
    "Face Thin / Wide":-0.10265117138624,
    "Hair Length":0.0,
    "Chin Backward / Forward":0.16676016151905,
    "Vampire":0.0,
    "Mouth Underbite / Overbite":-0.32326632738113,
    "Eyes Inward / Outward":0.017557932063937,
    "Mouth Sad / Happy":-0.2649821639061,
    "Jaw Retracted / Jutting":-0.57333320379257,
    "Nose Flat / Pointed":0.30007204413414,
    "Chin Recessed / Pronounced":0.41590276360512,
    "Cheeks Gaunt / Round":0.31962957978249,
    "Forehead Back / Forward":-0.37713676691055,
    "Nose Sellion Down / Up":0.14915636181831,
    "Mouth Deflated / Inflated":-0.0073850871995091,
    "Mouth Small / Large":-0.2702508866787,
    "Nose Tilt Down / Up":0.0,
    "Nose Short / Long":0.0,
    "Mouth Drawn / Pursed":0.042657803744078,
    "Chin Short / Tall":0.05449390411377,
    "Nose Sellion Thin / Wide":0.0,
    "Jaw Neck Slope Low / High":0.045951742678881,
    "Cheekbones Shallow / Pronounced":-0.059754110872746,
    "Nose Sellion Shallow / Deep":0.0,
    "Mouth Tilt Down / Up":-0.14407320320606,
    "Brow / Nose / Chin Ratio":0.45329973101616,
    "Brow Ridge Outer Down / Up":0.4607880115509,
    "Chin Small / Large":-0.086037114262581,
    "Mouth Retracted / Puckered":0.22580616176128,
    "Chin Thin / Wide":0.55437105894089,
    "Nose Nostrils Tilt Down / Up":0.31499424576759,
    "Face Gaunt / Round":0.23490159213543,
    "Cheekbones Thin / Wide":-0.23701123893261,
    "Forehead / Sellion / Nose Ratio":-0.11830735206604,
    "Cheekbones Low / High":0.16318878531456,
    "Nose Bridge Short / Long":0.22848069667816,
    "Forehead Short / Tall":0.20204785466194,
    "Nose Bridge Shallow / Deep":-0.17764167487621,
    "Mouth Chin Short / Long":-0.060001000761986,
    "Face Light / Heavy":-0.045793820172548,
    "Nose Region Concave / Convex":0.076084330677986,
    "Mouth Retracted / Protruding":0.1916736215353,
    "Cheeks Concave / Convex":0.030275011435151,
    "Nose Nostrils Small / Large":0.26727041602135,
    "Jaw Concave / Convex":0.59517621994019,
    "Nose Down / Up":-0.30913800001144,
    "Mouth Low / High":-0.12811900675297,
    "Eyes Down / Up":0.20896199345589,
    "Chin Shallow / Deep":0.36002865433693,
    "Eyes Apart / Together":0.46956598758698,
    "Brow Ridge Inner Down / Up":0.30091944336891,
    "Nose Sellion Lower Shallow / Deep":0.0,
    "Nose Nostrils Thin / Wide":0.2383496761322,
    "Forehead Small / Large":0.14538167417049
  },
  "EyeMaterial":"/Game/Art/Character/Modular/MIC_ME_DarkElf.MIC_ME_DarkElf",
  "HairColorsL":{
    "1":{
      "A":1.0,
      "B":0.061027999967337,
      "G":0.10424599796534,
      "R":0.16145800054073
    },
    "2":{
      "A":1.0,
      "B":0.061027999967337,
      "G":0.10424599796534,
      "R":0.16145800054073
    },
    "0":{
      "A":1.0,
      "B":0.0061369999311864,
      "G":0.010127999819815,
      "R":0.020833000540733
    }
  },
  "SkinParametersMap":{
    "Complexion":0.0,
    "Freckles":0.0,
    "Ombre Amount":1.0,
    "Eylids Light/Dark":0.0,
    "Skin Tint Purple/Yellow":0.0,
    "Cheek Blush Light/Red":0.0,
    "Ombre Constrast":1.0,
    "Tip Color":0.36000001430511,
    "Eye socket Bruised/Bright":0.0,
    "Khajiit Pattern Number":0.0,
    "Skin Tint Orange/Blue":0.0,
    "Eyebrows Color Intensity":0.65917599201202,
    "Tip Redness":1.0,
    "Root Redness":1.0,
    "Root Color":0.10000000149012,
    "Skin Dark/Light":0.15999999642372,
    "Salt And Pepper":0.0,
    "Eyebrows Redness Intensity":0.0,
    "Eyeliner Light/Dark":0.0,
    "Eyelids Pale/Red":0.0,
    "Cheekbones Flushed/Pale":0.0,
    "Eye Socket Dark/Light":0.0,
    "Lipstick Amount":0.0
  },
  "Mustache":"/Game/Dev/Phenotypes/Mustache/HP_DarkElf_MS_Scruffy.HP_DarkElf_MS_Scruffy",
  "SenescenceLevel":3,
  "Sex":0,
  "Description":"saved from in-game",
  "Beard":"/Game/Dev/Phenotypes/Beard/HP_DarkElf_BD_Goatee.HP_DarkElf_BD_Goatee",
  "ModCreator":"animandan",
  "ModVersion":"1.1.0",
  "APIVersion":"v2",
  "Hair":"/Game/Dev/Phenotypes/Hair/HP_DarkElf_HR_Mane.HP_DarkElf_HR_Mane",
  "Race":"TESRace /Game/Forms/actors/race/DarkElf.DarkElf",
  "Body":"SkeletalMesh /Game/Art/Character/Imperial/SK_Imperial_Body_m.SK_Imperial_Body_m"
}