{
  "ModName":"RaceMenuUtilities",
  "FaceBaseMesh":"/Game/Art/Character/Imperial/SK_Imperial_Head_m.SK_Imperial_Head_m",
  "Author":"Bethesda",
  "Date":"2025-06-04 20:30:51",
  "SkinColorsMapL":{
    "Lipstick Color":{
      "A":1.0,
      "B":1.0,
      "G":1.0,
      "R":1.0
    },
    "Eyeliner Tone":{
      "A":1.0,
      "B":0.12477181851864,
      "G":0.20507873594761,
      "R":0.41254261136055
    },
    "Root DyeColor":{
      "A":1.0,
      "B":1.0,
      "G":1.0,
      "R":1.0
    },
    "Tip DyeColor":{
      "A":1.0,
      "B":1.0,
      "G":1.0,
      "R":1.0
    },
    "Skin Tone":{
      "A":1.0,
      "B":0.17788840830326,
      "G":0.27889427542686,
      "R":0.29613825678825
    }
  },
  "APIVersion":"v2",
  "FaceMorphValuesMap":{
    "Eyes Small / Large":-0.96049022674561,
    "Jaw Thin / Wide":-0.32747700810432,
    "Brow Ridge Low / High":0.28922936320305,
    "Chin Retracted / Jutting":0.051355998963118,
    "Face Thin / Wide":-0.34033867716789,
    "Hair Length":0.0,
    "Chin Backward / Forward":-0.049189999699593,
    "Vampire":0.0,
    "Mouth Underbite / Overbite":-0.060001000761986,
    "Eyes Inward / Outward":0.15401636064053,
    "Mouth Sad / Happy":0.075300998985767,
    "Jaw Retracted / Jutting":-0.7734779715538,
    "Nose Flat / Pointed":0.0,
    "Chin Recessed / Pronounced":0.030564675107598,
    "Cheeks Gaunt / Round":-0.22026447951794,
    "Forehead Back / Forward":-0.1300560683012,
    "Nose Sellion Down / Up":0.0,
    "Mouth Deflated / Inflated":0.33298599720001,
    "Mouth Small / Large":-0.42412000894547,
    "Nose Tilt Down / Up":0.0,
    "Nose Short / Long":0.0,
    "Mouth Drawn / Pursed":0.0,
    "Chin Short / Tall":-0.13788463175297,
    "Nose Sellion Thin / Wide":0.0,
    "Jaw Neck Slope Low / High":-0.39494642615318,
    "Cheekbones Shallow / Pronounced":0.094162002205849,
    "Nose Sellion Shallow / Deep":0.0,
    "Mouth Tilt Down / Up":0.3443666100502,
    "Brow / Nose / Chin Ratio":-0.50808072090149,
    "Brow Ridge Outer Down / Up":-0.49366956949234,
    "Chin Small / Large":0.10397583246231,
    "Mouth Retracted / Puckered":-0.44823199510574,
    "Chin Thin / Wide":0.20311383903027,
    "Nose Nostrils Tilt Down / Up":0.0,
    "Face Gaunt / Round":0.029658000916243,
    "Cheekbones Thin / Wide":0.20256300270557,
    "Forehead / Sellion / Nose Ratio":0.35211342573166,
    "Cheekbones Low / High":0.14946800470352,
    "Nose Bridge Short / Long":-0.41735622286797,
    "Forehead Short / Tall":-0.075524300336838,
    "Nose Bridge Shallow / Deep":0.42827296257019,
    "Mouth Chin Short / Long":-0.054664999246597,
    "Face Light / Heavy":0.66947078704834,
    "Nose Region Concave / Convex":0.0,
    "Mouth Retracted / Protruding":-0.23253278434277,
    "Cheeks Concave / Convex":-0.14464600384235,
    "Nose Nostrils Small / Large":0.0,
    "Jaw Concave / Convex":0.078428998589516,
    "Nose Down / Up":-0.66960829496384,
    "Mouth Low / High":0.19974100589752,
    "Eyes Down / Up":0.038856770843267,
    "Chin Shallow / Deep":0.20691227912903,
    "Eyes Apart / Together":0.5516300201416,
    "Brow Ridge Inner Down / Up":-0.40457057952881,
    "Nose Sellion Lower Shallow / Deep":0.0,
    "Nose Nostrils Thin / Wide":0.0,
    "Forehead Small / Large":0.47167798876762
  },
  "HairColorsL":{
    "1":{
      "A":1.0,
      "B":0.061246052384377,
      "G":0.1046164855361,
      "R":0.16202937066555
    },
    "2":{
      "A":1.0,
      "B":0.061246052384377,
      "G":0.1046164855361,
      "R":0.16202937066555
    },
    "0":{
      "A":1.0,
      "B":1.0,
      "G":1.0,
      "R":1.0
    }
  },
  "SkinParametersMap":{
    "Eylids Light/Dark":0.0,
    "Ombre Amount":1.0,
    "Complexion":0.28000000119209,
    "Lipstick Dark Red/Light Blue":0.0,
    "Eyeshadow Light/Dark":0.0,
    "Root Color":0.10000000149012,
    "Skin Tint Orange/Blue":0.0,
    "Eyelids Light/Dark":0.0,
    "Naso Small/Large":0.0,
    "Tip Redness":0.5,
    "Skin Tint Purple/Yellow":0.0,
    "Lipstick Amount":0.0,
    "Cheek Blush Light/Red":0.019999999552965,
    "Root Redness":0.5,
    "Lips Flushed/Pale":0.0,
    "Ombre Constrast":1.0,
    "Tip Color":0.36000001430511,
    "Eye Sockets Bruised/Bright":0.0,
    "Freckles":-1.0,
    "Cheekbones Flushed/Pale":0.69999998807907,
    "Eyebrows Color Intensity":0.0,
    "Naso Labial Lines Light/Dark":0.0,
    "Lipstick Dark Blue/Light Red":0.0,
    "Eye Socket Dark/Light":0.0,
    "Eye socket Bruised/Bright":0.0,
    "Salt And Pepper":0.0,
    "Eyebrows Redness Intensity":0.0,
    "Eyeliner Light/Dark":0.0,
    "Age":0.0,
    "Skin Dark/Light":0.0,
    "Eyelids Pale/Red":0.0,
    "Eye Sockets Dark/Light":0.0
  },
  "Mustache":"/Game/Dev/Phenotypes/Mustache/HP_Imperial_MS_Short.HP_Imperial_MS_Short",
  "SenescenceLevel":4,
  "Sex":0,
  "Description":"saved from in-game",
  "Beard":"/Game/Dev/Phenotypes/Beard/HP_Imperial_BD_Medium.HP_Imperial_BD_Medium",
  "ModCreator":"animandan",
  "ModVersion":"1.1.0",
  "Name":"BP_BrumaGuardCityPostDay01_C",
  "Hair":"/Game/Dev/Phenotypes/Hair/HP_HR_Cropped.HP_HR_Cropped",
  "Race":"TESRace /Game/Forms/actors/race/Imperial.Imperial",
  "Body":"SkeletalMesh /Game/Art/Character/Imperial/SK_Imperial_Body_m.SK_Imperial_Body_m"
}