{
  "ModName":"RaceMenuUtilities",
  "FaceBaseMesh":"/Game/Art/Character/DarkElf/SK_DarkElf_Head_m.SK_DarkElf_Head_m",
  "Author":"Bethesda",
  "Date":"2025-06-04 20:30:48",
  "SkinColorsMapL":{
    "Lipstick Color":{
      "A":1.0,
      "B":1.0,
      "G":1.0,
      "R":1.0
    },
    "Eyeliner Tone":{
      "A":1.0,
      "B":1.0,
      "G":1.0,
      "R":1.0
    },
    "Root DyeColor":{
      "A":1.0,
      "B":1.0,
      "G":1.0,
      "R":1.0
    },
    "Tip DyeColor":{
      "A":1.0,
      "B":1.0,
      "G":1.0,
      "R":1.0
    },
    "Skin Tone":{
      "A":1.0,
      "B":1.0,
      "G":1.0,
      "R":1.0
    }
  },
  "APIVersion":"v2",
  "FaceMorphValuesMap":{
    "Eyes Small / Large":0.29307207465172,
    "Jaw Thin / Wide":-0.11999999731779,
    "Brow Ridge Low / High":-0.17236931622028,
    "Chin Retracted / Jutting":0.21213813126087,
    "Face Thin / Wide":-0.37999999523163,
    "Hair Length":0.0,
    "Chin Backward / Forward":-0.21766224503517,
    "Vampire":0.0,
    "Mouth Underbite / Overbite":0.036375992000103,
    "Eyes Inward / Outward":-0.024855017662048,
    "Mouth Sad / Happy":-0.4329195022583,
    "Jaw Retracted / Jutting":-0.059386160224676,
    "Nose Flat / Pointed":0.10363099724054,
    "Chin Recessed / Pronounced":0.23904648423195,
    "Cheeks Gaunt / Round":0.23999999463558,
    "Forehead Back / Forward":0.42465707659721,
    "Nose Sellion Down / Up":0.38242098689079,
    "Mouth Deflated / Inflated":-0.56241089105606,
    "Mouth Small / Large":-0.015210747718811,
    "Nose Tilt Down / Up":0.0,
    "Nose Short / Long":0.0,
    "Mouth Drawn / Pursed":-0.20146103203297,
    "Chin Short / Tall":-0.32237413525581,
    "Nose Sellion Thin / Wide":0.0,
    "Jaw Neck Slope Low / High":-0.36795052886009,
    "Cheekbones Shallow / Pronounced":0.0,
    "Nose Sellion Shallow / Deep":0.0,
    "Mouth Tilt Down / Up":-0.082613043487072,
    "Brow / Nose / Chin Ratio":-0.16277503967285,
    "Brow Ridge Outer Down / Up":0.14444877207279,
    "Chin Small / Large":0.10127663612366,
    "Mouth Retracted / Puckered":-0.45192834734917,
    "Chin Thin / Wide":0.33676099777222,
    "Nose Nostrils Tilt Down / Up":-0.39984738826752,
    "Face Gaunt / Round":-0.11241199821234,
    "Cheekbones Thin / Wide":-0.15999999642372,
    "Forehead / Sellion / Nose Ratio":0.03202710300684,
    "Cheekbones Low / High":0.0,
    "Nose Bridge Short / Long":0.016730213537812,
    "Forehead Short / Tall":-0.01642781496048,
    "Nose Bridge Shallow / Deep":-0.22544918954372,
    "Mouth Chin Short / Long":0.051629580557346,
    "Face Light / Heavy":0.19782124459743,
    "Nose Region Concave / Convex":-0.14189837872982,
    "Mouth Retracted / Protruding":0.51448410749435,
    "Cheeks Concave / Convex":0.0,
    "Nose Nostrils Small / Large":0.18682050704956,
    "Jaw Concave / Convex":0.38548484444618,
    "Nose Down / Up":-0.33566936850548,
    "Mouth Low / High":-0.37003007531166,
    "Eyes Down / Up":-0.31090593338013,
    "Chin Shallow / Deep":0.49003836512566,
    "Eyes Apart / Together":-0.27772560715675,
    "Brow Ridge Inner Down / Up":0.1009708866477,
    "Nose Sellion Lower Shallow / Deep":0.0,
    "Nose Nostrils Thin / Wide":-0.28798633813858,
    "Forehead Small / Large":-0.38791871070862
  },
  "HairColorsL":{
    "1":{
      "A":1.0,
      "B":0.061027999967337,
      "G":0.10424599796534,
      "R":0.16145800054073
    },
    "2":{
      "A":1.0,
      "B":0.061027999967337,
      "G":0.10424599796534,
      "R":0.16145800054073
    },
    "0":{
      "A":1.0,
      "B":0.0061369999311864,
      "G":0.010127999819815,
      "R":0.020833000540733
    }
  },
  "SkinParametersMap":{
    "Complexion":0.0,
    "Freckles":0.0,
    "Ombre Amount":1.0,
    "Eylids Light/Dark":0.0,
    "Skin Tint Purple/Yellow":0.30000001192093,
    "Cheek Blush Light/Red":0.0,
    "Ombre Constrast":1.0,
    "Tip Color":0.36000001430511,
    "Eye socket Bruised/Bright":0.0,
    "Skin Tint Orange/Blue":0.0,
    "Eyebrows Color Intensity":0.69999998807907,
    "Tip Redness":1.0,
    "Root Redness":1.0,
    "Root Color":0.10000000149012,
    "Skin Dark/Light":0.0,
    "Salt And Pepper":0.0,
    "Eyebrows Redness Intensity":0.0,
    "Eyeliner Light/Dark":0.21999999880791,
    "Eyelids Pale/Red":0.0,
    "Cheekbones Flushed/Pale":0.0,
    "Eye Socket Dark/Light":-0.43999999761581,
    "Lipstick Amount":0.0
  },
  "Mustache":"/Game/Dev/Phenotypes/Mustache/HP_DarkElf_MS_Medium.HP_DarkElf_MS_Medium",
  "SenescenceLevel":2,
  "Sex":0,
  "Description":"saved from in-game",
  "Beard":"/Game/Dev/Phenotypes/Beard/HP_DarkElf_BD_Goatee.HP_DarkElf_BD_Goatee",
  "ModCreator":"animandan",
  "ModVersion":"1.1.0",
  "Name":"BP_BanditMissileMale4A_C",
  "Hair":"/Game/Dev/Phenotypes/Hair/HP_Elf_HR_Braid.HP_Elf_HR_Braid",
  "Race":"TESRace /Game/Forms/actors/race/DarkElf.DarkElf",
  "Body":"SkeletalMesh /Game/Art/Character/Imperial/SK_Imperial_Body_m.SK_Imperial_Body_m"
}