{
  "ModName":"RaceMenuUtilities",
  "FaceBaseMesh":"/Game/Art/Character/DarkElf/SK_DarkElf_Head_m.SK_DarkElf_Head_m",
  "Author":"Bethesda",
  "Date":"2025-06-04 20:30:49",
  "SkinColorsMapL":{
    "Lipstick Color":{
      "A":1.0,
      "B":1.0,
      "G":1.0,
      "R":1.0
    },
    "Eyeliner Tone":{
      "A":1.0,
      "B":1.0,
      "G":1.0,
      "R":1.0
    },
    "Root DyeColor":{
      "A":1.0,
      "B":0.0,
      "G":0.0,
      "R":0.0
    },
    "Tip DyeColor":{
      "A":1.0,
      "B":0.0,
      "G":0.0,
      "R":0.0
    },
    "Skin Tone":{
      "A":1.0,
      "B":0.90104198455811,
      "G":0.90104198455811,
      "R":0.90104198455811
    }
  },
  "APIVersion":"v2",
  "FaceMorphValuesMap":{
    "Eyes Small / Large":-0.2406283468008,
    "Jaw Thin / Wide":-0.12263088673353,
    "Brow Ridge Low / High":-0.066060595214367,
    "Chin Retracted / Jutting":-0.060604717582464,
    "Face Thin / Wide":0.69273602962494,
    "Hair Length":0.0,
    "Chin Backward / Forward":-0.059253882616758,
    "Vampire":0.0,
    "Mouth Underbite / Overbite":0.21276000142097,
    "Eyes Inward / Outward":-0.37480008602142,
    "Mouth Sad / Happy":0.31319400668144,
    "Jaw Retracted / Jutting":-0.041579246520996,
    "Nose Flat / Pointed":0.1652929931879,
    "Chin Recessed / Pronounced":0.28000000119209,
    "Cheeks Gaunt / Round":0.37449178099632,
    "Forehead Back / Forward":0.44532141089439,
    "Nose Sellion Down / Up":0.36632815003395,
    "Mouth Deflated / Inflated":0.51622599363327,
    "Mouth Small / Large":0.37123599648476,
    "Nose Tilt Down / Up":0.0,
    "Nose Short / Long":0.0,
    "Mouth Drawn / Pursed":-0.074355259537697,
    "Chin Short / Tall":-0.35533827543259,
    "Nose Sellion Thin / Wide":0.0,
    "Jaw Neck Slope Low / High":0.21664403378963,
    "Cheekbones Shallow / Pronounced":0.0094742542132735,
    "Nose Sellion Shallow / Deep":0.0,
    "Mouth Tilt Down / Up":-0.70464599132538,
    "Brow / Nose / Chin Ratio":-0.15216599404812,
    "Brow Ridge Outer Down / Up":0.15520839393139,
    "Chin Small / Large":-0.087288074195385,
    "Mouth Retracted / Puckered":0.72342598438263,
    "Chin Thin / Wide":0.37563899159431,
    "Nose Nostrils Tilt Down / Up":0.49498099088669,
    "Face Gaunt / Round":0.020464777946472,
    "Cheekbones Thin / Wide":-0.17630200088024,
    "Forehead / Sellion / Nose Ratio":0.10265100002289,
    "Cheekbones Low / High":-0.24348540604115,
    "Nose Bridge Short / Long":0.32481798529625,
    "Forehead Short / Tall":0.39671847224236,
    "Nose Bridge Shallow / Deep":0.15055099129677,
    "Mouth Chin Short / Long":0.45231366157532,
    "Face Light / Heavy":0.42930498719215,
    "Nose Region Concave / Convex":0.13336072862148,
    "Mouth Retracted / Protruding":-0.15568800270557,
    "Cheeks Concave / Convex":-0.19972743093967,
    "Nose Nostrils Small / Large":-0.60201400518417,
    "Jaw Concave / Convex":-0.098571233451366,
    "Nose Down / Up":-0.44132500886917,
    "Mouth Low / High":0.10385400056839,
    "Eyes Down / Up":-0.18838696181774,
    "Chin Shallow / Deep":-0.12538620829582,
    "Eyes Apart / Together":0.47498998045921,
    "Brow Ridge Inner Down / Up":0.43973824381828,
    "Nose Sellion Lower Shallow / Deep":0.0,
    "Nose Nostrils Thin / Wide":-0.52432197332382,
    "Forehead Small / Large":0.20731365680695
  },
  "HairColorsL":{
    "1":{
      "A":1.0,
      "B":0.061246052384377,
      "G":0.1046164855361,
      "R":0.16202937066555
    },
    "2":{
      "A":1.0,
      "B":0.061246052384377,
      "G":0.1046164855361,
      "R":0.16202937066555
    },
    "0":{
      "A":1.0,
      "B":1.0,
      "G":1.0,
      "R":1.0
    }
  },
  "SkinParametersMap":{
    "Complexion":0.0,
    "Freckles":-0.40000000596046,
    "Ombre Amount":0.0,
    "Eylids Light/Dark":0.0,
    "Skin Tint Purple/Yellow":-0.21999999880791,
    "Cheek Blush Light/Red":0.019999999552965,
    "Ombre Constrast":0.0,
    "Tip Color":0.10000000149012,
    "Eye socket Bruised/Bright":0.0,
    "Khajiit Pattern Number":0.0,
    "Skin Tint Orange/Blue":-0.72000002861023,
    "Eyebrows Color Intensity":0.0,
    "Tip Redness":0.5,
    "Root Redness":0.5,
    "Root Color":0.10000000149012,
    "Skin Dark/Light":-0.31999999284744,
    "Salt And Pepper":0.0,
    "Eyebrows Redness Intensity":0.0,
    "Eyeliner Light/Dark":0.0,
    "Eyelids Pale/Red":0.0,
    "Cheekbones Flushed/Pale":0.41999998688698,
    "Eye Socket Dark/Light":0.0,
    "Lipstick Amount":0.014999999664724
  },
  "Mustache":"/Game/Dev/Phenotypes/Mustache/HP_DarkElf_MS_Scruffy.HP_DarkElf_MS_Scruffy",
  "SenescenceLevel":5,
  "Sex":0,
  "Description":"saved from in-game",
  "Beard":"/Game/Dev/Phenotypes/Beard/HP_Breton_BD_Scruffy.HP_Breton_BD_Scruffy",
  "ModCreator":"animandan",
  "ModVersion":"1.1.0",
  "Name":"BP_BanusAlor_C",
  "Hair":"/Game/Dev/Phenotypes/Hair/HP_HR_Cropped.HP_HR_Cropped",
  "Race":"TESRace /Game/Forms/actors/race/DarkElf.DarkElf",
  "Body":"SkeletalMesh /Game/Art/Character/Imperial/SK_Imperial_Body_m.SK_Imperial_Body_m"
}