{
  "Sex":0,
  "HairColorsL":{
    "1":{
      "A":1.0,
      "R":0.16145800054073,
      "G":0.10424599796534,
      "B":0.061027999967337
    },
    "2":{
      "A":1.0,
      "R":0.22395800054073,
      "G":0.1452250033617,
      "B":0.08398400247097
    },
    "0":{
      "A":1.0,
      "R":0.22395800054073,
      "G":0.1452250033617,
      "B":0.08398400247097
    }
  },
  "SkinColorsMapL":{
    "Root DyeColor":{
      "A":1.0,
      "R":0.0047769998200238,
      "G":0.0012140000471845,
      "B":0.0
    },
    "Eyeliner Tone":{
      "A":1.0,
      "R":1.0,
      "G":1.0,
      "B":1.0
    },
    "Tip DyeColor":{
      "A":1.0,
      "R":0.10702300071716,
      "G":0.034340001642704,
      "B":0.0056050000712276
    },
    "Skin Tone":{
      "A":1.0,
      "R":1.0,
      "G":1.0,
      "B":1.0
    },
    "Lipstick Color":{
      "A":1.0,
      "R":0.093058958649635,
      "G":0.0009105809731409,
      "B":0.0097212167456746
    }
  },
  "Date":"2025-06-04 19:34:59",
  "Description":"saved from in-game",
  "Name":"BP_BeggarSkingradNigidiusTheNeedy_C",
  "ModCreator":"animandan",
  "ModName":"RaceMenuUtilities",
  "ModVersion":"1.1.0",
  "Mustache":"/Game/Dev/Phenotypes/Mustache/HP_Imperial_MS_Scruffy.HP_Imperial_MS_Scruffy",
  "Author":"Bethesda",
  "Body":"SkeletalMesh /Game/Art/Character/Imperial/SK_Imperial_Body_m.SK_Imperial_Body_m",
  "SenescenceLevel":2,
  "FaceMorphValuesMap":{
    "Nose Nostrils Thin / Wide":0.047291997820139,
    "Forehead / Sellion / Nose Ratio":0.21664510667324,
    "Cheekbones Thin / Wide":-0.0034898344893008,
    "Forehead Small / Large":-0.029696214944124,
    "Chin Recessed / Pronounced":0.12863279879093,
    "Brow / Nose / Chin Ratio":-0.22197607159615,
    "Jaw Thin / Wide":0.21547110378742,
    "Cheeks Gaunt / Round":0.050199951976538,
    "Chin Backward / Forward":-0.1880949139595,
    "Chin Thin / Wide":0.3340420126915,
    "Forehead Short / Tall":-0.15797244012356,
    "Face Thin / Wide":0.11594597250223,
    "Brow Ridge Inner Down / Up":0.2174723893404,
    "Mouth Underbite / Overbite":-0.1094881221652,
    "Mouth Low / High":0.19281928241253,
    "Vampire":0.0,
    "Face Gaunt / Round":0.03844353184104,
    "Eyes Small / Large":-0.20539759099483,
    "Mouth Drawn / Pursed":-0.14315202832222,
    "Chin Retracted / Jutting":0.28695043921471,
    "Nose Tilt Down / Up":0.0,
    "Mouth Small / Large":-0.1360160112381,
    "Nose Short / Long":0.0,
    "Nose Bridge Shallow / Deep":0.098857693374157,
    "Nose Sellion Thin / Wide":0.0,
    "Mouth Retracted / Protruding":-0.071108385920525,
    "Nose Sellion Shallow / Deep":0.0,
    "Jaw Retracted / Jutting":-0.11543583124876,
    "Nose Sellion Down / Up":-0.052797641605139,
    "Eyes Inward / Outward":0.41596642136574,
    "Nose Region Concave / Convex":0.13901410996914,
    "Brow Ridge Outer Down / Up":-0.12337732315063,
    "Nose Nostrils Small / Large":-0.0069231600500643,
    "Eyes Apart / Together":0.050778824836016,
    "Nose Nostrils Tilt Down / Up":0.01101057510823,
    "Nose Flat / Pointed":-0.11861127614975,
    "Mouth Tilt Down / Up":-0.17652676999569,
    "Jaw Concave / Convex":0.070238284766674,
    "Mouth Sad / Happy":-0.15541283786297,
    "Cheekbones Shallow / Pronounced":0.5227410197258,
    "Face Light / Heavy":0.32985138893127,
    "Nose Down / Up":-0.1640503257513,
    "Chin Short / Tall":-0.19741059839725,
    "Eyes Down / Up":-0.16682516038418,
    "Cheeks Concave / Convex":-0.61058038473129,
    "Nose Bridge Short / Long":0.11996485292912,
    "Mouth Chin Short / Long":0.20838223397732,
    "Nose Sellion Lower Shallow / Deep":0.0,
    "Mouth Retracted / Puckered":-0.20645962655544,
    "Hair Length":0.0,
    "Mouth Deflated / Inflated":0.32569906115532,
    "Chin Shallow / Deep":0.015225514769554,
    "Jaw Neck Slope Low / High":-0.023863695561886,
    "Brow Ridge Low / High":-0.24081154167652,
    "Cheekbones Low / High":-0.013999742455781,
    "Forehead Back / Forward":0.46841651201248,
    "Chin Small / Large":0.30113244056702
  },
  "Hair":"/Game/Dev/Phenotypes/Hair/HP_Nord_HR_BaldPony.HP_Nord_HR_BaldPony",
  "FaceBaseMesh":"/Game/Art/Character/Imperial/SK_Imperial_Head_m.SK_Imperial_Head_m",
  "APIVersion":"v2",
  "Beard":"/Game/Dev/Phenotypes/Beard/HP_New_ChinGoatee.HP_New_ChinGoatee",
  "Race":"TESRace /Game/Forms/actors/race/Imperial.Imperial",
  "SkinParametersMap":{
    "Complexion":0.059999998658895,
    "Ombre Constrast":0.0,
    "Age":0.0,
    "Eye Sockets Dark/Light":-0.059999998658895,
    "Root Redness":0.0,
    "Naso Small/Large":0.60000002384186,
    "Eyebrows Redness Intensity":0.0,
    "Root Color":0.0,
    "Lipstick Dark Blue/Light Red":0.0,
    "Khajiit Pattern Number":0.0,
    "Lipstick Dark Red/Light Blue":0.0,
    "Freckles":0.0,
    "Eye socket Bruised/Bright":0.0,
    "Cheek Blush Light/Red":0.0,
    "Eyebrows Color Intensity":0.64044898748398,
    "Cheekbones Flushed/Pale":0.0,
    "Lipstick Amount":0.0,
    "Eye Sockets Bruised/Bright":-0.31999999284744,
    "Ombre Amount":0.0,
    "Lips Flushed/Pale":0.0,
    "Tip Redness":0.0,
    "Naso Labial Lines Light/Dark":0.31999999284744,
    "Eyelids Pale/Red":0.0,
    "Tip Color":0.0,
    "Eyeshadow Light/Dark":0.20000000298023,
    "Eyeliner Light/Dark":0.0,
    "Salt And Pepper":0.58052402734756,
    "Eyelids Light/Dark":0.0
  }
}