{
  "Race":"TESRace /Game/Forms/actors/race/Orc.Orc",
  "FaceBaseMesh":"/Game/Art/Character/Orc/SK_Orc_Head_f.SK_Orc_Head_f",
  "Date":"2025-06-04 18:55:23",
  "HairColorsL":{
    "0":{
      "B":0.11953842639923,
      "G":0.1499597877264,
      "R":0.18782077729702,
      "A":1.0
    }
  },
  "SkinParametersMap":{
    "Cheekbones Flushed/Pale":0.70037400722504,
    "Eyelids Pale/Red":0.0,
    "Eyebrows Redness Intensity":1.0,
    "Lipstick Amount":0.0,
    "Cheek Blush Light/Red":0.46067398786545,
    "Khajiit Pattern Number":0.0,
    "Complexion":0.0,
    "Salt And Pepper":0.0,
    "Eye socket Bruised/Bright":0.0,
    "Freckles":0.68913900852203,
    "Root Color":1.0,
    "Root Redness":1.0,
    "Tip Color":0.35955101251602,
    "Ombre Constrast":0.0,
    "Ombre Amount":0.0,
    "Tip Redness":1.0,
    "Eyebrows Color Intensity":0.73033601045609
  },
  "Sex":1,
  "FaceMorphValuesMap":{
    "Hair Length":0.0,
    "Vampire":0.0,
    "Nose Sellion Down / Up":-0.13162200152874,
    "Forehead Back / Forward":0.31652700901031,
    "Mouth Deflated / Inflated":-0.27558100223541,
    "Chin Backward / Forward":0.027385000139475,
    "Eyes Apart / Together":0.0,
    "Nose Tilt Down / Up":0.21999999880791,
    "Mouth Sad / Happy":0.5701869726181,
    "Brow Ridge Outer Down / Up":-0.057902000844479,
    "Nose Sellion Thin / Wide":0.0,
    "Nose Short / Long":0.0,
    "Nose Sellion Shallow / Deep":0.0,
    "Brow / Nose / Chin Ratio":-0.22699299454689,
    "Chin Small / Large":-0.019277000799775,
    "Nose Flat / Pointed":0.011671000160277,
    "Jaw Thin / Wide":-0.27129799127579,
    "Nose Nostrils Tilt Down / Up":0.75305902957916,
    "Eyes Inward / Outward":0.0,
    "Cheekbones Shallow / Pronounced":0.27881601452827,
    "Nose Nostrils Thin / Wide":-0.13883499801159,
    "Chin Shallow / Deep":0.0098149999976158,
    "Nose Down / Up":0.67236602306366,
    "Nose Bridge Short / Long":-0.013256999664009,
    "Mouth Tilt Down / Up":-0.51076501607895,
    "Chin Thin / Wide":0.34897199273109,
    "Face Light / Heavy":0.36462000012398,
    "Mouth Chin Short / Long":-0.078000999987125,
    "Jaw Concave / Convex":0.4856989979744,
    "Brow Ridge Low / High":-0.31298598647118,
    "Chin Recessed / Pronounced":-0.39017298817635,
    "Cheeks Gaunt / Round":0.29867699742317,
    "Face Thin / Wide":-0.48856899142265,
    "Eyes Down / Up":0.0,
    "Jaw Retracted / Jutting":0.33999899029732,
    "Chin Short / Tall":0.30347201228142,
    "Jaw Neck Slope Low / High":-0.5945879817009,
    "Nose Bridge Shallow / Deep":-0.11249800026417,
    "Mouth Retracted / Protruding":-0.51984202861786,
    "Cheekbones Thin / Wide":-0.070067003369331,
    "Mouth Low / High":-0.018841000273824,
    "Mouth Retracted / Puckered":-0.46000099182129,
    "Mouth Small / Large":0.3955050110817,
    "Forehead Short / Tall":-0.030507000163198,
    "Nose Nostrils Small / Large":0.5799999833107,
    "Chin Retracted / Jutting":0.47999900579453,
    "Forehead Small / Large":-0.49520200490952,
    "Cheekbones Low / High":0.0053909998387098,
    "Eyes Small / Large":-0.36915299296379,
    "Cheeks Concave / Convex":-0.22943399846554,
    "Brow Ridge Inner Down / Up":-0.28603199124336,
    "Nose Sellion Lower Shallow / Deep":0.0,
    "Face Gaunt / Round":0.31796300411224,
    "Mouth Underbite / Overbite":0.28545698523521,
    "Nose Region Concave / Convex":0.073738001286983,
    "Forehead / Sellion / Nose Ratio":-0.046590000391006,
    "Mouth Drawn / Pursed":0.42458599805832
  },
  "Author":"Bethesda",
  "SkinColorsMapL":{
    "Lipstick Color":{
      "B":0.0097212167456746,
      "G":0.0009105809731409,
      "R":0.093058958649635,
      "A":1.0
    },
    "Skin Tone":{
      "B":1.0,
      "G":1.0,
      "R":1.0,
      "A":1.0
    },
    "Root DyeColor":{
      "B":1.0,
      "G":1.0,
      "R":1.0,
      "A":1.0
    },
    "Tip DyeColor":{
      "B":1.0,
      "G":1.0,
      "R":1.0,
      "A":1.0
    },
    "Eyeliner Tone":{
      "B":1.0,
      "G":1.0,
      "R":1.0,
      "A":1.0
    }
  },
  "ModVersion":"1.1.0",
  "EyeMaterial":"/Game/Art/Character/Modular/Eyes_Orc/MIC_Orc_Eyes_Red.MIC_Orc_Eyes_Red",
  "Body":"SkeletalMesh /Game/Art/Character/Imperial/SK_Imperial_Body_m.SK_Imperial_Body_m",
  "Description":"saved from in-game",
  "SenescenceLevel":3,
  "APIVersion":"v2",
  "ModCreator":"animandan",
  "ModName":"RaceMenuUtilities",
  "Hair":"/Game/Dev/Phenotypes/Hair/HP_Orc_HR_Stubs.HP_Orc_HR_Stubs",
  "Name":"BP_BatulgraSharob_C"
}