{
  "Sex":0,
  "HairColorsL":{
    "1":{
      "A":1.0,
      "R":0.16202937066555,
      "G":0.1046164855361,
      "B":0.061246052384377
    },
    "2":{
      "A":1.0,
      "R":0.16202937066555,
      "G":0.1046164855361,
      "B":0.061246052384377
    },
    "0":{
      "A":1.0,
      "R":0.021219009533525,
      "G":0.01032982300967,
      "B":0.0060488330200315
    }
  },
  "EyeMaterial":"/Game/Art/Character/Modular/Eyes_Human/MIC_Human_Eyes_Red4.MIC_Human_Eyes_Red4",
  "SkinColorsMapL":{
    "Root DyeColor":{
      "A":1.0,
      "R":1.0,
      "G":1.0,
      "B":1.0
    },
    "Eyeliner Tone":{
      "A":1.0,
      "R":1.0,
      "G":1.0,
      "B":1.0
    },
    "Tip DyeColor":{
      "A":1.0,
      "R":0.1746474057436,
      "G":0.015996292233467,
      "B":0.0018211619462818
    },
    "Skin Tone":{
      "A":1.0,
      "R":0.90104198455811,
      "G":0.80061101913452,
      "B":0.72740298509598
    },
    "Lipstick Color":{
      "A":1.0,
      "R":1.0,
      "G":1.0,
      "B":1.0
    }
  },
  "Date":"2025-06-04 19:33:42",
  "Description":"saved from in-game",
  "Name":"BP_BravilGuardCastlePostNight02_C",
  "ModCreator":"animandan",
  "ModName":"RaceMenuUtilities",
  "ModVersion":"1.1.0",
  "Mustache":"/Game/Dev/Phenotypes/Mustache/HP_Imperial_MS_Medium.HP_Imperial_MS_Medium",
  "Author":"Bethesda",
  "APIVersion":"v2",
  "Body":"SkeletalMesh /Game/Art/Character/Imperial/SK_Imperial_Body_m.SK_Imperial_Body_m",
  "FaceMorphValuesMap":{
    "Nose Nostrils Thin / Wide":0.21485033631325,
    "Forehead / Sellion / Nose Ratio":-0.20353865623474,
    "Cheekbones Thin / Wide":-0.019600680097938,
    "Forehead Small / Large":-0.16078400611877,
    "Chin Recessed / Pronounced":0.1168078109622,
    "Brow / Nose / Chin Ratio":-0.13703469932079,
    "Jaw Thin / Wide":0.10827522724867,
    "Cheeks Gaunt / Round":0.16470603644848,
    "Chin Backward / Forward":0.46818500757217,
    "Chin Thin / Wide":0.40599837899208,
    "Forehead Short / Tall":-0.55999898910522,
    "Face Thin / Wide":0.21940259635448,
    "Brow Ridge Inner Down / Up":-0.28433799743652,
    "Mouth Underbite / Overbite":-0.31724867224693,
    "Mouth Low / High":0.13095946609974,
    "Vampire":0.0,
    "Face Gaunt / Round":0.14540393650532,
    "Eyes Small / Large":-0.40056300163269,
    "Mouth Drawn / Pursed":0.028348503634334,
    "Chin Retracted / Jutting":-0.13087558746338,
    "Nose Tilt Down / Up":0.0,
    "Mouth Small / Large":-0.37295612692833,
    "Nose Short / Long":0.0,
    "Nose Bridge Shallow / Deep":-0.27423188090324,
    "Nose Sellion Thin / Wide":0.0,
    "Mouth Retracted / Protruding":0.17439968883991,
    "Nose Sellion Shallow / Deep":0.0,
    "Jaw Retracted / Jutting":-0.31198453903198,
    "Nose Sellion Down / Up":-0.0059023899957538,
    "Eyes Inward / Outward":0.022354014217854,
    "Nose Region Concave / Convex":0.17353813350201,
    "Brow Ridge Outer Down / Up":-0.22125199437141,
    "Nose Nostrils Small / Large":-0.25855606794357,
    "Eyes Apart / Together":0.30267798900604,
    "Nose Nostrils Tilt Down / Up":0.1273363083601,
    "Nose Flat / Pointed":0.0108807599172,
    "Mouth Tilt Down / Up":-0.26874178647995,
    "Jaw Concave / Convex":0.33047279715538,
    "Mouth Sad / Happy":0.21593971550465,
    "Cheekbones Shallow / Pronounced":-0.088966824114323,
    "Face Light / Heavy":-0.24803791940212,
    "Nose Down / Up":-0.13023315370083,
    "Chin Short / Tall":-0.30066534876823,
    "Eyes Down / Up":-0.39752498269081,
    "Cheeks Concave / Convex":0.36888587474823,
    "Nose Bridge Short / Long":-0.15608318150043,
    "Mouth Chin Short / Long":-0.090421080589294,
    "Nose Sellion Lower Shallow / Deep":0.0,
    "Mouth Retracted / Puckered":-0.32073965668678,
    "Hair Length":0.0,
    "Mouth Deflated / Inflated":0.7748389840126,
    "Chin Shallow / Deep":-0.47520008683205,
    "Jaw Neck Slope Low / High":0.30979752540588,
    "Brow Ridge Low / High":-0.45323398709297,
    "Cheekbones Low / High":0.05586064606905,
    "Forehead Back / Forward":0.0,
    "Chin Small / Large":0.23874659836292
  },
  "Hair":"/Game/Dev/Phenotypes/CustomHair/HP_HR_Glenroy.HP_HR_Glenroy",
  "Beard":"/Game/Dev/Phenotypes/Beard/HP_Imperial_BD_Short.HP_Imperial_BD_Short",
  "SkinParametersMap":{
    "Complexion":0.51999998092651,
    "Eye Sockets Bruised/Bright":0.0,
    "Ombre Constrast":1.0,
    "Skin Tint Purple/Yellow":0.079999998211861,
    "Eye Sockets Dark/Light":0.0,
    "Root Redness":1.0,
    "Naso Small/Large":0.0,
    "Ombre Amount":1.0,
    "Eyebrows Redness Intensity":0.0,
    "Root Color":0.0099999997764826,
    "Age":0.0,
    "Lipstick Dark Blue/Light Red":0.0,
    "Lipstick Dark Red/Light Blue":0.0,
    "Eye socket Bruised/Bright":0.0,
    "Freckles":0.89999997615814,
    "Eylids Light/Dark":0.0,
    "Eye Socket Dark/Light":0.0,
    "Cheek Blush Light/Red":0.36000001430511,
    "Eyebrows Color Intensity":0.60000002384186,
    "Cheekbones Flushed/Pale":0.20000000298023,
    "Lipstick Amount":0.0,
    "Skin Tint Orange/Blue":0.019999999552965,
    "Eyelids Light/Dark":0.0,
    "Naso Labial Lines Light/Dark":0.0,
    "Tip Redness":1.0,
    "Eyeshadow Light/Dark":0.0,
    "Eyelids Pale/Red":0.0,
    "Tip Color":0.31999999284744,
    "Lips Flushed/Pale":0.0,
    "Eyeliner Light/Dark":0.0,
    "Salt And Pepper":0.0,
    "Skin Dark/Light":0.0
  },
  "FaceBaseMesh":"/Game/Art/Character/Imperial/SK_Imperial_Head_m.SK_Imperial_Head_m",
  "Race":"TESRace /Game/Forms/actors/race/Imperial.Imperial",
  "SenescenceLevel":4
}