{
  "APIVersion":"v2",
  "SkinParametersMap":{
    "Eyeliner Light/Dark":-0.18000000715256,
    "Complexion":-0.10000000149012,
    "Hair Desaturation for Argonian":0.0,
    "Eye Socket Dark/Light":0.0,
    "Eyelids Pale/Red":0.5799999833107,
    "Eye socket Bruised/Bright":-0.35999900102615,
    "Eylids Light/Dark":-0.63999897241592
  },
  "Author":"Bethesda",
  "Race":"TESRace /Game/Forms/actors/race/Argonian.Argonian",
  "HairColorsL":{
    "0":{
      "R":0.0,
      "G":0.0,
      "B":0.0,
      "A":1.0
    }
  },
  "Body":"SkeletalMesh /Game/Art/Character/Imperial/SK_Imperial_Body_m.SK_Imperial_Body_m",
  "Date":"2025-06-04 19:28:37",
  "SkinColorsMapL":{
    "Color 3":{
      "R":0.68338000774384,
      "G":1.0,
      "B":0.53351902961731,
      "A":1.0
    },
    "Eyeliner Tone":{
      "R":1.0,
      "G":1.0,
      "B":1.0,
      "A":1.0
    },
    "Color 2":{
      "R":1.0,
      "G":1.0,
      "B":1.0,
      "A":1.0
    },
    "Color 1":{
      "R":1.0,
      "G":0.73931699991226,
      "B":0.58279800415039,
      "A":1.0
    }
  },
  "ModCreator":"animandan",
  "Sex":1,
  "ModName":"RaceMenuUtilities",
  "EyeMaterial":"/Game/Art/Character/Argonian/MIC_Argonian_Eyes.MIC_Argonian_Eyes",
  "ModVersion":"1.1.0",
  "FaceBaseMesh":"/Game/Art/Character/Argonian/SK_Argonian_Head_f.SK_Argonian_Head_f",
  "Hair":"/Game/Dev/Phenotypes/Hair/HP_Argonian_HR_SpikesDecorated.HP_Argonian_HR_SpikesDecorated",
  "Description":"saved from in-game",
  "SenescenceLevel":6,
  "FaceMorphValuesMap":{
    "Face Gaunt / Round":0.067988000810146,
    "Nose Short / Long":0.0,
    "Nose Tilt Down / Up":0.0,
    "Mouth Sad / Happy":0.30524098873138,
    "Mouth Retracted / Protruding":-0.37991470098495,
    "Chin Short / Tall":0.010814276523888,
    "Cheekbones Low / High":0.15372602641582,
    "Nose Nostrils Tilt Down / Up":0.33618649840355,
    "Mouth Deflated / Inflated":0.040045987814665,
    "Hair Length":0.0,
    "Nose Sellion Shallow / Deep":0.0,
    "Chin Shallow / Deep":0.0676094815135,
    "Jaw Concave / Convex":0.14712651073933,
    "Brow Ridge Low / High":0.0095085734501481,
    "Chin Recessed / Pronounced":-0.036468017846346,
    "Mouth Tilt Down / Up":-0.29220876097679,
    "Nose Sellion Thin / Wide":0.0,
    "Cheeks Gaunt / Round":-0.11040262132883,
    "Nose Sellion Lower Shallow / Deep":0.0,
    "Nose Sellion Down / Up":-0.0094946743920445,
    "Cheeks Concave / Convex":0.20607447624207,
    "Nose Region Concave / Convex":0.38245302438736,
    "Eyes Inward / Outward":-0.34022468328476,
    "Nose Nostrils Thin / Wide":0.14711847901344,
    "Brow Ridge Inner Down / Up":-0.012716046534479,
    "Eyes Apart / Together":-0.81999999284744,
    "Mouth Underbite / Overbite":0.1627494841814,
    "Chin Retracted / Jutting":0.19780749082565,
    "Brow / Nose / Chin Ratio":-0.5,
    "Nose Bridge Short / Long":-0.16954743862152,
    "Mouth Low / High":-0.82689499855042,
    "Forehead Small / Large":0.28867599368095,
    "Nose Bridge Shallow / Deep":-0.066693238914013,
    "Eyes Small / Large":-0.13745699822903,
    "Forehead / Sellion / Nose Ratio":0.18000000715256,
    "Mouth Chin Short / Long":0.24352593719959,
    "Forehead Short / Tall":0.81227999925613,
    "Eyes Down / Up":-0.25409600138664,
    "Vampire":0.0,
    "Mouth Retracted / Puckered":0.2534196972847,
    "Jaw Retracted / Jutting":0.028823524713516,
    "Mouth Drawn / Pursed":0.034145522862673,
    "Cheekbones Thin / Wide":-0.079484231770039,
    "Nose Down / Up":-0.64721697568893,
    "Jaw Neck Slope Low / High":0.15396527945995,
    "Chin Thin / Wide":-0.16490313410759,
    "Cheekbones Shallow / Pronounced":-0.16319072246552,
    "Nose Nostrils Small / Large":-0.16424952447414,
    "Nose Flat / Pointed":-0.049858268350363,
    "Face Thin / Wide":-0.77620297670364,
    "Chin Backward / Forward":-0.16127979755402,
    "Face Light / Heavy":0.48879000544548,
    "Mouth Small / Large":-0.37274181842804,
    "Forehead Back / Forward":-0.21861325204372,
    "Jaw Thin / Wide":-2.5194884074153e-05,
    "Brow Ridge Outer Down / Up":0.10662619024515,
    "Chin Small / Large":0.14674651622772
  },
  "Name":"BP_BurMeema_C"
}