{
  "Sex":0,
  "HairColorsL":{
    "1":{
      "A":1.0,
      "R":0.16202937066555,
      "G":0.1046164855361,
      "B":0.061246052384377
    },
    "2":{
      "A":1.0,
      "R":0.16202937066555,
      "G":0.1046164855361,
      "B":0.061246052384377
    },
    "0":{
      "A":1.0,
      "R":1.0,
      "G":1.0,
      "B":1.0
    }
  },
  "SkinColorsMapL":{
    "Root DyeColor":{
      "A":1.0,
      "R":1.0,
      "G":1.0,
      "B":1.0
    },
    "Eyeliner Tone":{
      "A":1.0,
      "R":0.24620132148266,
      "G":0.24620132148266,
      "B":0.24620132148266
    },
    "Tip DyeColor":{
      "A":1.0,
      "R":1.0,
      "G":1.0,
      "B":1.0
    },
    "Skin Tone":{
      "A":1.0,
      "R":0.40724021196365,
      "G":0.33716362714767,
      "B":0.2501582801342
    },
    "Lipstick Color":{
      "A":1.0,
      "R":1.0,
      "G":1.0,
      "B":1.0
    }
  },
  "Date":"2025-06-04 19:33:37",
  "Description":"saved from in-game",
  "Name":"BP_BravilGuardCityPostStablesDay_C",
  "ModCreator":"animandan",
  "ModName":"RaceMenuUtilities",
  "ModVersion":"1.1.0",
  "Mustache":"/Game/Dev/Phenotypes/Mustache/HP_Imperial_MS_Medium.HP_Imperial_MS_Medium",
  "Author":"Bethesda",
  "Body":"SkeletalMesh /Game/Art/Character/Imperial/SK_Imperial_Body_m.SK_Imperial_Body_m",
  "SenescenceLevel":4,
  "FaceMorphValuesMap":{
    "Nose Nostrils Thin / Wide":0.026796329766512,
    "Forehead / Sellion / Nose Ratio":-0.030224734917283,
    "Cheekbones Thin / Wide":0.075484000146389,
    "Forehead Small / Large":-0.51314800977707,
    "Chin Recessed / Pronounced":-0.14185899496078,
    "Brow / Nose / Chin Ratio":0.14479999244213,
    "Jaw Thin / Wide":0.01056940574199,
    "Cheeks Gaunt / Round":0.092575997114182,
    "Chin Backward / Forward":-0.24464200437069,
    "Chin Thin / Wide":0.24898457527161,
    "Forehead Short / Tall":-0.31699395179749,
    "Face Thin / Wide":-0.18859130144119,
    "Brow Ridge Inner Down / Up":-0.32785600423813,
    "Mouth Underbite / Overbite":0.13395346701145,
    "Mouth Low / High":0.21779070794582,
    "Vampire":0.0,
    "Face Gaunt / Round":0.34368991851807,
    "Eyes Small / Large":-0.8663489818573,
    "Mouth Drawn / Pursed":0.10415375232697,
    "Chin Retracted / Jutting":-0.17399349808693,
    "Nose Tilt Down / Up":0.0,
    "Mouth Small / Large":0.11906836181879,
    "Nose Short / Long":0.0,
    "Nose Bridge Shallow / Deep":-0.050655912607908,
    "Nose Sellion Thin / Wide":0.40000000596046,
    "Mouth Retracted / Protruding":0.32710093259811,
    "Nose Sellion Shallow / Deep":0.0,
    "Jaw Retracted / Jutting":0.29165115952492,
    "Nose Sellion Down / Up":-0.12903873622417,
    "Eyes Inward / Outward":0.59326601028442,
    "Nose Region Concave / Convex":0.31940081715584,
    "Brow Ridge Outer Down / Up":-0.49412098526955,
    "Nose Nostrils Small / Large":-0.071427583694458,
    "Eyes Apart / Together":0.68651497364044,
    "Nose Nostrils Tilt Down / Up":0.50938296318054,
    "Nose Flat / Pointed":-0.43000411987305,
    "Mouth Tilt Down / Up":-0.024334821850061,
    "Jaw Concave / Convex":-0.053320001810789,
    "Mouth Sad / Happy":-0.31327739357948,
    "Cheekbones Shallow / Pronounced":-0.41175401210785,
    "Face Light / Heavy":0.24321165680885,
    "Nose Down / Up":0.43378964066505,
    "Chin Short / Tall":-0.45155987143517,
    "Eyes Down / Up":-0.19230231642723,
    "Cheeks Concave / Convex":-0.28166601061821,
    "Nose Bridge Short / Long":0.18139000236988,
    "Mouth Chin Short / Long":-0.1887042671442,
    "Nose Sellion Lower Shallow / Deep":0.0,
    "Mouth Retracted / Puckered":-0.48360553383827,
    "Hair Length":0.0,
    "Mouth Deflated / Inflated":-0.020338242873549,
    "Chin Shallow / Deep":0.3235105574131,
    "Jaw Neck Slope Low / High":0.12938061356544,
    "Brow Ridge Low / High":-0.43999999761581,
    "Cheekbones Low / High":0.01483799982816,
    "Forehead Back / Forward":-0.10405107587576,
    "Chin Small / Large":0.12524242699146
  },
  "Hair":"/Game/Dev/Phenotypes/Hair/HP_HR_Cropped.HP_HR_Cropped",
  "FaceBaseMesh":"/Game/Art/Character/Imperial/SK_Imperial_Head_m.SK_Imperial_Head_m",
  "APIVersion":"v2",
  "Beard":"/Game/Dev/Phenotypes/Beard/HP_Imperial_BD_Goatee.HP_Imperial_BD_Goatee",
  "Race":"TESRace /Game/Forms/actors/race/Imperial.Imperial",
  "SkinParametersMap":{
    "Complexion":0.0,
    "Eye Sockets Bruised/Bright":0.0,
    "Ombre Constrast":1.0,
    "Skin Tint Purple/Yellow":0.21999999880791,
    "Eye Sockets Dark/Light":0.0,
    "Root Redness":0.5,
    "Naso Small/Large":0.0,
    "Ombre Amount":1.0,
    "Eyebrows Redness Intensity":0.40000000596046,
    "Root Color":0.10000000149012,
    "Age":0.0,
    "Lipstick Dark Blue/Light Red":0.0,
    "Lipstick Dark Red/Light Blue":0.0,
    "Eye socket Bruised/Bright":0.0,
    "Freckles":-0.62000000476837,
    "Eylids Light/Dark":0.0,
    "Eye Socket Dark/Light":-0.34000000357628,
    "Cheek Blush Light/Red":0.36000001430511,
    "Eyebrows Color Intensity":0.0,
    "Cheekbones Flushed/Pale":0.41999998688698,
    "Lipstick Amount":0.0,
    "Skin Tint Orange/Blue":0.0,
    "Eyelids Light/Dark":0.0,
    "Naso Labial Lines Light/Dark":0.0,
    "Tip Redness":0.5,
    "Eyeshadow Light/Dark":0.0,
    "Eyelids Pale/Red":0.0,
    "Tip Color":0.40000000596046,
    "Lips Flushed/Pale":0.0,
    "Eyeliner Light/Dark":0.0,
    "Salt And Pepper":0.0,
    "Skin Dark/Light":0.0
  }
}