{
  "ModName":"RaceMenuUtilities",
  "FaceBaseMesh":"/Game/Art/Character/Imperial/SK_Imperial_Head_F.SK_Imperial_Head_F",
  "Author":"Bethesda",
  "Date":"2025-06-04 20:30:50",
  "SkinColorsMapL":{
    "Lipstick Color":{
      "A":1.0,
      "B":1.0,
      "G":1.0,
      "R":1.0
    },
    "Eyeliner Tone":{
      "A":1.0,
      "B":0.27467730641365,
      "G":0.27467730641365,
      "R":0.27467730641365
    },
    "Root DyeColor":{
      "A":1.0,
      "B":1.0,
      "G":1.0,
      "R":1.0
    },
    "Tip DyeColor":{
      "A":1.0,
      "B":0.0,
      "G":0.061944998800755,
      "R":0.1875
    },
    "Skin Tone":{
      "A":1.0,
      "B":0.88226997852325,
      "G":0.91429799795151,
      "R":0.97916698455811
    }
  },
  "APIVersion":"v2",
  "FaceMorphValuesMap":{
    "Eyes Small / Large":-0.03354300186038,
    "Jaw Thin / Wide":-0.77999997138977,
    "Brow Ridge Low / High":0.0,
    "Chin Retracted / Jutting":0.47999998927116,
    "Face Thin / Wide":-0.28000000119209,
    "Hair Length":0.0,
    "Chin Backward / Forward":0.0,
    "Vampire":0.0,
    "Mouth Underbite / Overbite":0.66000002622604,
    "Eyes Inward / Outward":0.27560698986053,
    "Mouth Sad / Happy":0.0,
    "Jaw Retracted / Jutting":0.020700000226498,
    "Nose Flat / Pointed":0.54510098695755,
    "Chin Recessed / Pronounced":0.0,
    "Cheeks Gaunt / Round":0.24297000467777,
    "Forehead Back / Forward":-0.28232571482658,
    "Nose Sellion Down / Up":0.085157439112663,
    "Mouth Deflated / Inflated":0.0,
    "Mouth Small / Large":-0.36000001430511,
    "Nose Tilt Down / Up":0.0,
    "Nose Short / Long":0.41999998688698,
    "Mouth Drawn / Pursed":0.0,
    "Chin Short / Tall":0.0,
    "Nose Sellion Thin / Wide":0.0,
    "Jaw Neck Slope Low / High":0.0,
    "Cheekbones Shallow / Pronounced":-0.59937697649002,
    "Nose Sellion Shallow / Deep":0.0,
    "Mouth Tilt Down / Up":0.0,
    "Brow / Nose / Chin Ratio":0.34222730994225,
    "Brow Ridge Outer Down / Up":0.43050599098206,
    "Chin Small / Large":0.0,
    "Mouth Retracted / Puckered":0.0,
    "Chin Thin / Wide":0.0,
    "Nose Nostrils Tilt Down / Up":0.030832000076771,
    "Face Gaunt / Round":0.15012699365616,
    "Cheekbones Thin / Wide":0.023582000285387,
    "Forehead / Sellion / Nose Ratio":-0.02609302662313,
    "Cheekbones Low / High":0.15592803061008,
    "Nose Bridge Short / Long":-0.11554999649525,
    "Forehead Short / Tall":0.17679800093174,
    "Nose Bridge Shallow / Deep":-0.11316700279713,
    "Mouth Chin Short / Long":0.0,
    "Face Light / Heavy":0.22850799560547,
    "Nose Region Concave / Convex":0.34602370858192,
    "Mouth Retracted / Protruding":0.0,
    "Cheeks Concave / Convex":0.30000001192093,
    "Nose Nostrils Small / Large":0.20899400115013,
    "Jaw Concave / Convex":0.46000000834465,
    "Nose Down / Up":-0.70941299200058,
    "Mouth Low / High":0.0,
    "Eyes Down / Up":0.26172599196434,
    "Chin Shallow / Deep":0.5,
    "Eyes Apart / Together":0.313816010952,
    "Brow Ridge Inner Down / Up":-0.14000000059605,
    "Nose Sellion Lower Shallow / Deep":0.34000000357628,
    "Nose Nostrils Thin / Wide":0.1161260008812,
    "Forehead Small / Large":0.096139997243881
  },
  "ModVersion":"1.1.0",
  "SkinParametersMap":{
    "Eylids Light/Dark":0.0,
    "Ombre Amount":1.0,
    "Complexion":0.51999998092651,
    "Lipstick Dark Red/Light Blue":0.0,
    "Eyeshadow Light/Dark":0.0,
    "Root Color":0.014980999752879,
    "Skin Tint Orange/Blue":0.0,
    "Eyelids Light/Dark":0.0,
    "Naso Small/Large":0.0,
    "Tip Redness":1.0,
    "Skin Tint Purple/Yellow":0.0,
    "Lipstick Amount":0.0,
    "Cheek Blush Light/Red":0.0,
    "Root Redness":1.0,
    "Lips Flushed/Pale":0.0,
    "Ombre Constrast":1.0,
    "Tip Color":0.029962999746203,
    "Eye Sockets Bruised/Bright":0.0,
    "Freckles":0.0,
    "Cheekbones Flushed/Pale":1.0,
    "Eyebrows Color Intensity":0.0,
    "Naso Labial Lines Light/Dark":0.0,
    "Lipstick Dark Blue/Light Red":0.0,
    "Eye Socket Dark/Light":0.0,
    "Eye socket Bruised/Bright":0.0,
    "Salt And Pepper":0.21999999880791,
    "Eyebrows Redness Intensity":0.0,
    "Eyeliner Light/Dark":0.0,
    "Age":0.0,
    "Skin Dark/Light":0.0,
    "Eyelids Pale/Red":0.34000000357628,
    "Eye Sockets Dark/Light":0.0
  },
  "SenescenceLevel":4,
  "Sex":1,
  "Description":"saved from in-game",
  "ModCreator":"animandan",
  "Hair":"/Game/Dev/Phenotypes/Hair/HP_HR_Cropped.HP_HR_Cropped",
  "Name":"BP_BronsilaKvinchal_C",
  "HairColorsL":{
    "0":{
      "A":1.0,
      "B":1.0,
      "G":1.0,
      "R":1.0
    }
  },
  "Race":"TESRace /Game/Forms/actors/race/Imperial.Imperial",
  "Body":"SkeletalMesh /Game/Art/Character/Imperial/SK_Imperial_Body_m.SK_Imperial_Body_m"
}