{
  "ModName":"RaceMenuUtilities",
  "FaceBaseMesh":"/Game/Art/Character/Imperial/SK_Imperial_Head_m.SK_Imperial_Head_m",
  "Author":"Bethesda",
  "Date":"2025-06-04 20:30:51",
  "SkinColorsMapL":{
    "Lipstick Color":{
      "A":1.0,
      "B":1.0,
      "G":1.0,
      "R":1.0
    },
    "Eyeliner Tone":{
      "A":1.0,
      "B":0.0,
      "G":0.0,
      "R":0.0
    },
    "Root DyeColor":{
      "A":1.0,
      "B":1.0,
      "G":1.0,
      "R":1.0
    },
    "Tip DyeColor":{
      "A":1.0,
      "B":1.0,
      "G":1.0,
      "R":1.0
    },
    "Skin Tone":{
      "A":1.0,
      "B":0.25415208935738,
      "G":0.41788506507874,
      "R":0.46778380870819
    }
  },
  "APIVersion":"v2",
  "FaceMorphValuesMap":{
    "Eyes Small / Large":-0.58419799804688,
    "Jaw Thin / Wide":0.058466345071793,
    "Brow Ridge Low / High":-0.49891600012779,
    "Chin Retracted / Jutting":0.076925687491894,
    "Face Thin / Wide":-0.20532475411892,
    "Hair Length":0.0,
    "Chin Backward / Forward":0.078947000205517,
    "Vampire":0.0,
    "Mouth Underbite / Overbite":0.060417164117098,
    "Eyes Inward / Outward":0.0,
    "Mouth Sad / Happy":-0.031134000048041,
    "Jaw Retracted / Jutting":0.046444393694401,
    "Nose Flat / Pointed":-0.068760998547077,
    "Chin Recessed / Pronounced":-0.23971199989319,
    "Cheeks Gaunt / Round":-0.23139899969101,
    "Forehead Back / Forward":-0.056734133511782,
    "Nose Sellion Down / Up":-0.069960460066795,
    "Mouth Deflated / Inflated":0.023654999211431,
    "Mouth Small / Large":-0.62581902742386,
    "Nose Tilt Down / Up":0.0,
    "Nose Short / Long":0.0,
    "Mouth Drawn / Pursed":-0.17807124555111,
    "Chin Short / Tall":-0.43854001164436,
    "Nose Sellion Thin / Wide":0.34000000357628,
    "Jaw Neck Slope Low / High":0.061586000025272,
    "Cheekbones Shallow / Pronounced":0.42040300369263,
    "Nose Sellion Shallow / Deep":0.0,
    "Mouth Tilt Down / Up":0.061666190624237,
    "Brow / Nose / Chin Ratio":-0.2370535582304,
    "Brow Ridge Outer Down / Up":-0.41271701455116,
    "Chin Small / Large":0.060133811086416,
    "Mouth Retracted / Puckered":-0.036537531763315,
    "Chin Thin / Wide":0.34331399202347,
    "Nose Nostrils Tilt Down / Up":-0.24634473025799,
    "Face Gaunt / Round":-0.21238327026367,
    "Cheekbones Thin / Wide":-0.033130001276731,
    "Forehead / Sellion / Nose Ratio":0.24722480773926,
    "Cheekbones Low / High":-0.046797681599855,
    "Nose Bridge Short / Long":-0.29827806353569,
    "Forehead Short / Tall":-0.025367824360728,
    "Nose Bridge Shallow / Deep":-0.3519249856472,
    "Mouth Chin Short / Long":0.18641597032547,
    "Face Light / Heavy":-0.21473971009254,
    "Nose Region Concave / Convex":-0.18420800566673,
    "Mouth Retracted / Protruding":0.0028450000099838,
    "Cheeks Concave / Convex":0.037040665745735,
    "Nose Nostrils Small / Large":0.034283000975847,
    "Jaw Concave / Convex":-0.38479319214821,
    "Nose Down / Up":-0.55806398391724,
    "Mouth Low / High":-0.0088700000196695,
    "Eyes Down / Up":-0.31284400820732,
    "Chin Shallow / Deep":-0.15048612654209,
    "Eyes Apart / Together":0.86000001430511,
    "Brow Ridge Inner Down / Up":-0.42661699652672,
    "Nose Sellion Lower Shallow / Deep":0.23999999463558,
    "Nose Nostrils Thin / Wide":-0.20929199457169,
    "Forehead Small / Large":-0.011169386096299
  },
  "HairColorsL":{
    "1":{
      "A":1.0,
      "B":0.084376208484173,
      "G":0.14412847161293,
      "R":0.22322796285152
    },
    "2":{
      "A":1.0,
      "B":0.084376208484173,
      "G":0.14412847161293,
      "R":0.22322796285152
    },
    "0":{
      "A":1.0,
      "B":1.0,
      "G":1.0,
      "R":1.0
    }
  },
  "SkinParametersMap":{
    "Lipstick Dark Red/Light Blue":0.0,
    "Ombre Amount":0.0,
    "Skin Tint Orange/Blue":0.0,
    "None":0.03999999910593,
    "Skin Tint Purple/Yellow":0.14000000059605,
    "Cheek Blush Light/Red":-0.41999998688698,
    "Lips Flushed/Pale":0.0,
    "Tip Color":0.20000000298023,
    "Eye socket Bruised/Bright":0.0,
    "Eyebrows Color Intensity":0.0,
    "Lipstick Dark Blue/Light Red":0.0,
    "Root Color":0.10000000149012,
    "Salt And Pepper":0.0,
    "Age":0.0,
    "Skin Dark/Light":0.0,
    "Complexion":0.31999999284744,
    "Lipstick Amount":0.0,
    "Eyeshadow Light/Dark":0.03999999910593,
    "Eyelids Light/Dark":0.0,
    "Naso Small/Large":0.0,
    "Ombre Constrast":0.0,
    "Eye Sockets Bruised/Bright":0.0,
    "Eye Sockets Dark/Light":0.0,
    "Eye Socket Dark/Light":0.0,
    "Tip Redness":0.5,
    "Eylids Light/Dark":0.0,
    "Naso Labial Lines Light/Dark":0.0,
    "Eyebrows Redness Intensity":0.0,
    "Eyeliner Light/Dark":0.0,
    "Eyelids Pale/Red":0.0,
    "Cheekbones Flushed/Pale":0.9200000166893,
    "Root Redness":0.5,
    "Freckles":-0.60000002384186
  },
  "Mustache":"/Game/Dev/Phenotypes/Mustache/HP_Imperial_MS_Scruffy.HP_Imperial_MS_Scruffy",
  "SenescenceLevel":4,
  "Sex":0,
  "Description":"saved from in-game",
  "Beard":"/Game/Dev/Phenotypes/Beard/HP_Imperial_BD_Scruffy.HP_Imperial_BD_Scruffy",
  "ModCreator":"animandan",
  "ModVersion":"1.1.0",
  "Name":"BP_BrumaGuardCityPostDay02_C",
  "Hair":"/Game/Dev/Phenotypes/Hair/HP_HR_Cropped.HP_HR_Cropped",
  "Race":"TESRace /Game/Forms/actors/race/Imperial.Imperial",
  "Body":"SkeletalMesh /Game/Art/Character/Imperial/SK_Imperial_Body_m.SK_Imperial_Body_m"
}