{
  "ModName":"RaceMenuUtilities",
  "FaceBaseMesh":"/Game/Art/Character/Imperial/SK_Imperial_Head_m.SK_Imperial_Head_m",
  "Author":"Bethesda",
  "Date":"2025-06-04 20:30:50",
  "SkinColorsMapL":{
    "Lipstick Color":{
      "A":1.0,
      "B":1.0,
      "G":1.0,
      "R":1.0
    },
    "Eyeliner Tone":{
      "A":1.0,
      "B":1.0,
      "G":1.0,
      "R":1.0
    },
    "Root DyeColor":{
      "A":1.0,
      "B":1.0,
      "G":1.0,
      "R":1.0
    },
    "Tip DyeColor":{
      "A":1.0,
      "B":0.22018299996853,
      "G":0.31906700134277,
      "R":0.99110198020935
    },
    "Skin Tone":{
      "A":1.0,
      "B":0.96875,
      "G":1.0,
      "R":0.96875
    }
  },
  "Name":"BP_BremmanSenyan_C",
  "FaceMorphValuesMap":{
    "Eyes Small / Large":-0.14378799498081,
    "Jaw Thin / Wide":-0.32756298780441,
    "Brow Ridge Low / High":-0.066087000072002,
    "Chin Retracted / Jutting":0.21999999880791,
    "Face Thin / Wide":-0.49144199490547,
    "Hair Length":0.0,
    "Chin Backward / Forward":0.0,
    "Vampire":0.0,
    "Mouth Underbite / Overbite":-0.5999990105629,
    "Eyes Inward / Outward":0.12911747395992,
    "Mouth Sad / Happy":0.69999998807907,
    "Jaw Retracted / Jutting":0.025002283975482,
    "Nose Flat / Pointed":0.06360299885273,
    "Chin Recessed / Pronounced":0.0,
    "Cheeks Gaunt / Round":0.34680899977684,
    "Forehead Back / Forward":-0.21824534237385,
    "Nose Sellion Down / Up":-0.37459498643875,
    "Mouth Deflated / Inflated":0.0,
    "Mouth Small / Large":0.31999999284744,
    "Nose Tilt Down / Up":0.0,
    "Nose Short / Long":0.14000000059605,
    "Mouth Drawn / Pursed":0.0,
    "Chin Short / Tall":0.9468640089035,
    "Nose Sellion Thin / Wide":0.75999999046326,
    "Jaw Neck Slope Low / High":0.030832000076771,
    "Cheekbones Shallow / Pronounced":-0.15923100709915,
    "Nose Sellion Shallow / Deep":0.0,
    "Mouth Tilt Down / Up":-0.23999999463558,
    "Brow / Nose / Chin Ratio":0.0,
    "Brow Ridge Outer Down / Up":0.41999998688698,
    "Chin Small / Large":0.17961558699608,
    "Mouth Retracted / Puckered":0.0,
    "Chin Thin / Wide":0.3304899930954,
    "Nose Nostrils Tilt Down / Up":0.095679000020027,
    "Face Gaunt / Round":0.23042500019073,
    "Cheekbones Thin / Wide":0.34337800741196,
    "Forehead / Sellion / Nose Ratio":0.1472202539444,
    "Cheekbones Low / High":0.11555325239897,
    "Nose Bridge Short / Long":0.30177000164986,
    "Forehead Short / Tall":-0.12732499837875,
    "Nose Bridge Shallow / Deep":0.23999999463558,
    "Mouth Chin Short / Long":0.0,
    "Face Light / Heavy":0.36000001430511,
    "Nose Region Concave / Convex":-0.13020600378513,
    "Mouth Retracted / Protruding":0.0,
    "Cheeks Concave / Convex":0.37999999523163,
    "Nose Nostrils Small / Large":0.029464000836015,
    "Jaw Concave / Convex":0.45191898941994,
    "Nose Down / Up":-0.070284001529217,
    "Mouth Low / High":-0.5,
    "Eyes Down / Up":-0.22152400016785,
    "Chin Shallow / Deep":0.0,
    "Eyes Apart / Together":0.36484000086784,
    "Brow Ridge Inner Down / Up":-0.15813800692558,
    "Nose Sellion Lower Shallow / Deep":0.0,
    "Nose Nostrils Thin / Wide":-0.31638199090958,
    "Forehead Small / Large":0.87999999523163
  },
  "EyeMaterial":"/Game/Art/Character/Modular/Eyes_Human/MIC_Human_Eyes_Brown2.MIC_Human_Eyes_Brown2",
  "HairColorsL":{
    "1":{
      "A":1.0,
      "B":0.061246052384377,
      "G":0.1046164855361,
      "R":0.16202937066555
    },
    "2":{
      "A":1.0,
      "B":0.061246052384377,
      "G":0.1046164855361,
      "R":0.16202937066555
    },
    "0":{
      "A":1.0,
      "B":0.0021246888209134,
      "G":0.00439144205302,
      "R":0.01032982300967
    }
  },
  "SkinParametersMap":{
    "Lipstick Dark Red/Light Blue":0.0,
    "Ombre Amount":1.0,
    "Eylids Light/Dark":0.0,
    "Skin Tint Purple/Yellow":0.18000000715256,
    "Cheek Blush Light/Red":0.66000002622604,
    "Lips Flushed/Pale":0.0,
    "Tip Color":0.089879997074604,
    "Eye socket Bruised/Bright":0.0,
    "Eyebrows Color Intensity":0.60000002384186,
    "Lipstick Dark Blue/Light Red":0.0,
    "Root Color":0.20973800122738,
    "Salt And Pepper":0.0,
    "Age":0.0,
    "Skin Dark/Light":0.0,
    "Complexion":0.30000001192093,
    "Lipstick Amount":0.0049999998882413,
    "Eyeshadow Light/Dark":0.0,
    "Eyelids Light/Dark":0.0,
    "Naso Small/Large":0.0,
    "Ombre Constrast":1.0,
    "Eye Sockets Bruised/Bright":0.0,
    "Khajiit Pattern Number":0.0,
    "Eye Sockets Dark/Light":0.0,
    "Eyelids Pale/Red":0.0,
    "Tip Redness":0.0,
    "Naso Labial Lines Light/Dark":0.0,
    "Eye Socket Dark/Light":0.0,
    "Eyebrows Redness Intensity":0.0,
    "Eyeliner Light/Dark":0.0,
    "Freckles":0.0,
    "Cheekbones Flushed/Pale":0.5799999833107,
    "Root Redness":0.0,
    "Skin Tint Orange/Blue":0.079999998211861
  },
  "Mustache":"/Game/Dev/Phenotypes/Mustache/HP_New_MS_Curly.HP_New_MS_Curly",
  "SenescenceLevel":3,
  "Sex":0,
  "Description":"saved from in-game",
  "Beard":"/Game/Dev/Phenotypes/Beard/HP_Imperial_BD_Goatee.HP_Imperial_BD_Goatee",
  "ModCreator":"animandan",
  "ModVersion":"1.1.0",
  "APIVersion":"v2",
  "Hair":"/Game/Dev/Phenotypes/Hair/HP_Elf_HR_PonyTail.HP_Elf_HR_PonyTail",
  "Race":"TESRace /Game/Forms/actors/race/Imperial.Imperial",
  "Body":"SkeletalMesh /Game/Art/Character/Imperial/SK_Imperial_Body_m.SK_Imperial_Body_m"
}