{
  "APIVersion":"v2",
  "SkinParametersMap":{
    "Tip Color":0.47940099239349,
    "Ombre Constrast":0.0,
    "Complexion":0.0,
    "Ombre Amount":0.0,
    "Lipstick Amount":0.0,
    "Salt And Pepper":0.31999999284744,
    "Skin Dark/Light":0.0,
    "Root Redness":1.0,
    "Eye socket Bruised/Bright":-0.11999999731779,
    "Freckles":-0.31999999284744,
    "Eyeliner Light/Dark":0.0,
    "Eyebrows Redness Intensity":0.0,
    "Eye Socket Dark/Light":-0.43999999761581,
    "Eyebrows Color Intensity":0.0,
    "Root Color":1.0,
    "Cheek Blush Light/Red":0.43999999761581,
    "Eylids Light/Dark":0.41999998688698,
    "Skin Tint Orange/Blue":0.0,
    "Tip Redness":1.0,
    "Cheekbones Flushed/Pale":0.079999998211861,
    "Eyelids Pale/Red":0.18000000715256,
    "Skin Tint Purple/Yellow":0.0
  },
  "Author":"Bethesda",
  "Race":"TESRace /Game/Forms/actors/race/WoodElf.WoodElf",
  "HairColorsL":{
    "0":{
      "R":0.22322796285152,
      "G":0.14412847161293,
      "B":0.084376208484173,
      "A":1.0
    }
  },
  "Body":"SkeletalMesh /Game/Art/Character/Imperial/SK_Imperial_Body_m.SK_Imperial_Body_m",
  "Date":"2025-06-04 19:28:31",
  "SkinColorsMapL":{
    "Root DyeColor":{
      "R":1.0,
      "G":1.0,
      "B":1.0,
      "A":1.0
    },
    "Eyeliner Tone":{
      "R":0.63612198829651,
      "G":0.6465950012207,
      "B":0.69791698455811,
      "A":1.0
    },
    "Lipstick Color":{
      "R":1.0,
      "G":1.0,
      "B":1.0,
      "A":1.0
    },
    "Skin Tone":{
      "R":0.73871499300003,
      "G":0.74043101072311,
      "B":0.77083301544189,
      "A":1.0
    },
    "Tip DyeColor":{
      "R":1.0,
      "G":1.0,
      "B":1.0,
      "A":1.0
    }
  },
  "ModCreator":"animandan",
  "Sex":1,
  "ModName":"RaceMenuUtilities",
  "EyeMaterial":"/Game/Art/Character/Modular/Eyes_WoodElf/MIC_WoodElf_Eyes_Black.MIC_WoodElf_Eyes_Black",
  "ModVersion":"1.1.0",
  "FaceBaseMesh":"/Game/Art/Character/WoodElf/SK_WoodElf_Head_f.SK_WoodElf_Head_f",
  "Hair":"/Game/Dev/Phenotypes/Hair/HP_DarkElf_HR_Fringe.HP_DarkElf_HR_Fringe",
  "Description":"saved from in-game",
  "SenescenceLevel":0,
  "FaceMorphValuesMap":{
    "Face Gaunt / Round":-0.13470809161663,
    "Nose Short / Long":0.0,
    "Nose Tilt Down / Up":0.0,
    "Mouth Sad / Happy":0.62000000476837,
    "Mouth Retracted / Protruding":-0.33554467558861,
    "Chin Short / Tall":-0.37999999523163,
    "Cheekbones Low / High":0.02085224352777,
    "Nose Nostrils Tilt Down / Up":0.2416717261076,
    "Mouth Deflated / Inflated":-0.16606283187866,
    "Hair Length":0.0,
    "Nose Sellion Shallow / Deep":0.0,
    "Chin Shallow / Deep":0.80000001192093,
    "Jaw Concave / Convex":0.83999997377396,
    "Brow Ridge Low / High":0.49000000953674,
    "Chin Recessed / Pronounced":0.32648095488548,
    "Mouth Tilt Down / Up":-0.12710499763489,
    "Nose Sellion Thin / Wide":0.0,
    "Cheeks Gaunt / Round":0.0,
    "Nose Sellion Lower Shallow / Deep":0.0,
    "Nose Sellion Down / Up":0.28578373789787,
    "Cheeks Concave / Convex":0.87999999523163,
    "Nose Region Concave / Convex":-0.072640016674995,
    "Eyes Inward / Outward":-0.0023675919510424,
    "Nose Nostrils Thin / Wide":-0.81082201004028,
    "Brow Ridge Inner Down / Up":-0.57679098844528,
    "Eyes Apart / Together":0.93999999761581,
    "Mouth Underbite / Overbite":-0.032175589352846,
    "Chin Retracted / Jutting":-0.18047991394997,
    "Brow / Nose / Chin Ratio":-0.68000000715256,
    "Nose Bridge Short / Long":0.44941875338554,
    "Mouth Low / High":-0.052914001047611,
    "Forehead Small / Large":-0.83034199476242,
    "Nose Bridge Shallow / Deep":0.035242844372988,
    "Eyes Small / Large":0.56000000238419,
    "Forehead / Sellion / Nose Ratio":0.10233571380377,
    "Mouth Chin Short / Long":-0.29202601313591,
    "Forehead Short / Tall":0.19445891678333,
    "Eyes Down / Up":-0.80000001192093,
    "Vampire":0.0,
    "Mouth Retracted / Puckered":0.0,
    "Jaw Retracted / Jutting":0.0,
    "Mouth Drawn / Pursed":0.34000000357628,
    "Cheekbones Thin / Wide":0.0,
    "Nose Down / Up":-0.47999998927116,
    "Jaw Neck Slope Low / High":0.31531500816345,
    "Chin Thin / Wide":-0.42306399345398,
    "Cheekbones Shallow / Pronounced":-0.052074015140533,
    "Nose Nostrils Small / Large":-0.24544079601765,
    "Nose Flat / Pointed":0.10749793052673,
    "Face Thin / Wide":-0.93999999761581,
    "Chin Backward / Forward":-0.053064871579409,
    "Face Light / Heavy":-0.17983017861843,
    "Mouth Small / Large":-0.72000002861023,
    "Forehead Back / Forward":-0.1181922480464,
    "Jaw Thin / Wide":0.12578700482845,
    "Brow Ridge Outer Down / Up":-0.47999998927116,
    "Chin Small / Large":0.40232101082802
  },
  "Name":"BP_Boroneth_C"
}