{
  "APIVersion":"v2",
  "SkinParametersMap":{
    "Tip Color":0.0,
    "Ombre Constrast":1.0,
    "Complexion":0.37999901175499,
    "Ombre Amount":1.0,
    "Khajiit Pattern Number":0.0,
    "Lipstick Amount":0.4494009912014,
    "Salt And Pepper":0.0,
    "Skin Dark/Light":0.0,
    "Eyeliner Light/Dark":0.0,
    "Eye socket Bruised/Bright":0.0,
    "Freckles":0.0,
    "Eylids Light/Dark":0.21999999880791,
    "Eyebrows Redness Intensity":0.0,
    "Eye Socket Dark/Light":0.0,
    "Eyebrows Color Intensity":0.80898898839951,
    "Root Color":0.014980999752879,
    "Cheek Blush Light/Red":0.0,
    "Root Redness":1.0,
    "Skin Tint Orange/Blue":0.0,
    "Tip Redness":1.0,
    "Cheekbones Flushed/Pale":0.0,
    "Eyelids Pale/Red":0.0,
    "Skin Tint Purple/Yellow":0.0
  },
  "Author":"Bethesda",
  "Race":"TESRace /Game/Forms/actors/race/Breton.Breton",
  "HairColorsL":{
    "0":{
      "R":1.0,
      "G":0.64447969198227,
      "B":0.27467730641365,
      "A":1.0
    }
  },
  "Body":"SkeletalMesh /Game/Art/Character/Imperial/SK_Imperial_Body_m.SK_Imperial_Body_m",
  "Date":"2025-06-04 19:28:27",
  "SkinColorsMapL":{
    "Root DyeColor":{
      "R":1.0,
      "G":1.0,
      "B":1.0,
      "A":1.0
    },
    "Eyeliner Tone":{
      "R":0.53298598527908,
      "G":0.24202899634838,
      "B":0.043483998626471,
      "A":1.0
    },
    "Lipstick Color":{
      "R":0.15798600018024,
      "G":0.0,
      "B":0.0,
      "A":1.0
    },
    "Skin Tone":{
      "R":1.0,
      "G":1.0,
      "B":1.0,
      "A":1.0
    },
    "Tip DyeColor":{
      "R":0.703125,
      "G":0.45952799916267,
      "B":0.19775399565697,
      "A":1.0
    }
  },
  "ModCreator":"animandan",
  "Sex":1,
  "ModName":"RaceMenuUtilities",
  "EyeMaterial":"/Game/Art/Character/Modular/Eyes_Human/MIC_Human_Eyes_Blue1.MIC_Human_Eyes_Blue1",
  "ModVersion":"1.1.0",
  "FaceBaseMesh":"/Game/Art/Character/Breton/SK_Breton_Head_f.SK_Breton_Head_f",
  "Hair":"/Game/Dev/Phenotypes/Hair/HP_DarkElf_HR_Fringe.HP_DarkElf_HR_Fringe",
  "Description":"saved from in-game",
  "SenescenceLevel":2,
  "FaceMorphValuesMap":{
    "Face Gaunt / Round":0.0,
    "Nose Short / Long":0.0,
    "Nose Tilt Down / Up":0.0,
    "Mouth Sad / Happy":0.0,
    "Mouth Retracted / Protruding":0.0,
    "Chin Short / Tall":0.0,
    "Cheekbones Low / High":0.0,
    "Nose Nostrils Tilt Down / Up":0.0,
    "Mouth Deflated / Inflated":0.0,
    "Hair Length":0.0,
    "Nose Sellion Shallow / Deep":0.0,
    "Chin Shallow / Deep":0.0,
    "Jaw Concave / Convex":0.0,
    "Brow Ridge Low / High":0.0,
    "Chin Recessed / Pronounced":0.0,
    "Mouth Tilt Down / Up":0.0,
    "Nose Sellion Thin / Wide":0.0,
    "Cheeks Gaunt / Round":0.47999998927116,
    "Nose Sellion Lower Shallow / Deep":0.0,
    "Nose Sellion Down / Up":0.0,
    "Cheeks Concave / Convex":0.31999999284744,
    "Nose Region Concave / Convex":0.0,
    "Eyes Inward / Outward":0.0,
    "Nose Nostrils Thin / Wide":0.23999999463558,
    "Brow Ridge Inner Down / Up":0.0,
    "Eyes Apart / Together":0.25999999046326,
    "Mouth Underbite / Overbite":0.0,
    "Chin Retracted / Jutting":0.0,
    "Brow / Nose / Chin Ratio":0.0,
    "Nose Bridge Short / Long":0.0,
    "Mouth Low / High":0.0,
    "Forehead Small / Large":0.0,
    "Nose Bridge Shallow / Deep":0.0,
    "Eyes Small / Large":0.0,
    "Forehead / Sellion / Nose Ratio":0.0,
    "Mouth Chin Short / Long":0.0,
    "Forehead Short / Tall":0.0,
    "Eyes Down / Up":0.0,
    "Vampire":0.0,
    "Mouth Retracted / Puckered":0.0,
    "Jaw Retracted / Jutting":0.0,
    "Mouth Drawn / Pursed":0.0,
    "Cheekbones Thin / Wide":0.0,
    "Nose Down / Up":0.47999998927116,
    "Jaw Neck Slope Low / High":0.0,
    "Chin Thin / Wide":0.34000000357628,
    "Cheekbones Shallow / Pronounced":0.0,
    "Nose Nostrils Small / Large":0.60000002384186,
    "Nose Flat / Pointed":0.0,
    "Face Thin / Wide":-0.63999998569489,
    "Chin Backward / Forward":-0.41999998688698,
    "Face Light / Heavy":0.20000000298023,
    "Mouth Small / Large":0.0,
    "Forehead Back / Forward":0.0,
    "Jaw Thin / Wide":0.0,
    "Brow Ridge Outer Down / Up":0.0,
    "Chin Small / Large":0.11999999731779
  },
  "Name":"BP_BeatriceGene_C"
}