{
  "APIVersion":"v2",
  "SkinParametersMap":{
    "Lipstick Amount":0.0,
    "Freckles":0.0,
    "Eye socket Bruised/Bright":0.0,
    "Tip Color":0.0,
    "Root Redness":0.0,
    "Eyebrows Redness Intensity":0.0,
    "Ombre Constrast":0.0,
    "Eyelids Pale/Red":0.0,
    "Root Color":0.0,
    "Cheek Blush Light/Red":0.0,
    "Eyebrows Color Intensity":0.0,
    "Ombre Amount":0.0,
    "Tip Redness":0.0,
    "Cheekbones Flushed/Pale":0.0,
    "Complexion":0.25468200445175,
    "Salt And Pepper":0.0
  },
  "Author":"Bethesda",
  "Race":"TESRace /Game/Forms/actors/race/Imperial.Imperial",
  "HairColorsL":{
    "1":{
      "R":0.22322796285152,
      "G":0.14412847161293,
      "B":0.084376208484173,
      "A":1.0
    },
    "2":{
      "R":0.22322796285152,
      "G":0.14412847161293,
      "B":0.084376208484173,
      "A":1.0
    },
    "0":{
      "R":0.021219009533525,
      "G":0.01032982300967,
      "B":0.0060488330200315,
      "A":1.0
    }
  },
  "Body":"SkeletalMesh /Game/Art/Character/Imperial/SK_Imperial_Body_m.SK_Imperial_Body_m",
  "Date":"2025-06-04 19:28:08",
  "SkinColorsMapL":{
    "Root DyeColor":{
      "R":0.0047769998200238,
      "G":0.0012140000471845,
      "B":0.0,
      "A":1.0
    },
    "Lipstick Color":{
      "R":0.093058958649635,
      "G":0.0009105809731409,
      "B":0.0097212167456746,
      "A":1.0
    },
    "Tip DyeColor":{
      "R":0.10702300071716,
      "G":0.034340001642704,
      "B":0.0056050000712276,
      "A":1.0
    },
    "Skin Tone":{
      "R":1.0,
      "G":1.0,
      "B":1.0,
      "A":1.0
    },
    "Eyeliner Tone":{
      "R":1.0,
      "G":1.0,
      "B":1.0,
      "A":1.0
    }
  },
  "ModCreator":"animandan",
  "Sex":0,
  "ModName":"RaceMenuUtilities",
  "EyeMaterial":"/Game/Art/Character/Modular/Eyes_Human/MIC_Human_Eyes_Green2.MIC_Human_Eyes_Green2",
  "ModVersion":"1.1.0",
  "FaceBaseMesh":"/Game/Art/Character/Imperial/SK_Imperial_Head_m.SK_Imperial_Head_m",
  "Hair":"/Game/Dev/Phenotypes/Hair/HP_Imperial_HR_Headband.HP_Imperial_HR_Headband",
  "Description":"saved from in-game",
  "SenescenceLevel":0,
  "FaceMorphValuesMap":{
    "Face Gaunt / Round":-0.070375002920628,
    "Nose Short / Long":0.25999999046326,
    "Nose Tilt Down / Up":0.0,
    "Mouth Sad / Happy":-0.39142701029778,
    "Mouth Retracted / Protruding":0.33238500356674,
    "Chin Short / Tall":0.0,
    "Cheekbones Low / High":-0.023761000484228,
    "Nose Nostrils Tilt Down / Up":0.0,
    "Mouth Deflated / Inflated":-0.016310000792146,
    "Hair Length":0.0,
    "Nose Sellion Shallow / Deep":0.41999998688698,
    "Chin Shallow / Deep":0.0,
    "Jaw Concave / Convex":0.56000000238419,
    "Brow Ridge Low / High":-0.31999999284744,
    "Chin Recessed / Pronounced":0.0,
    "Mouth Tilt Down / Up":0.25872299075127,
    "Nose Sellion Thin / Wide":0.0,
    "Cheeks Gaunt / Round":0.29184800386429,
    "Nose Sellion Lower Shallow / Deep":0.0,
    "Nose Sellion Down / Up":0.0,
    "Cheeks Concave / Convex":0.082957997918129,
    "Nose Region Concave / Convex":0.0,
    "Eyes Inward / Outward":0.0,
    "Nose Nostrils Thin / Wide":0.0,
    "Brow Ridge Inner Down / Up":-0.36462000012398,
    "Eyes Apart / Together":0.78094899654388,
    "Mouth Underbite / Overbite":-0.22327800095081,
    "Chin Retracted / Jutting":0.47999998927116,
    "Brow / Nose / Chin Ratio":0.008398000150919,
    "Nose Bridge Short / Long":0.0,
    "Mouth Low / High":0.098568998277187,
    "Forehead Small / Large":0.0,
    "Nose Bridge Shallow / Deep":0.0,
    "Eyes Small / Large":-0.35884800553322,
    "Forehead / Sellion / Nose Ratio":0.55349802970886,
    "Mouth Chin Short / Long":-0.45173200964928,
    "Forehead Short / Tall":-0.47999998927116,
    "Eyes Down / Up":-0.31999999284744,
    "Vampire":0.0,
    "Mouth Retracted / Puckered":-0.25877699255943,
    "Jaw Retracted / Jutting":-0.17925600707531,
    "Mouth Drawn / Pursed":-0.20066900551319,
    "Cheekbones Thin / Wide":0.10886599868536,
    "Nose Down / Up":0.0,
    "Jaw Neck Slope Low / High":0.38617700338364,
    "Chin Thin / Wide":0.0,
    "Cheekbones Shallow / Pronounced":0.39237600564957,
    "Nose Nostrils Small / Large":0.0,
    "Nose Flat / Pointed":0.0,
    "Face Thin / Wide":-0.037886999547482,
    "Chin Backward / Forward":0.34501901268959,
    "Face Light / Heavy":-0.23716199398041,
    "Mouth Small / Large":-0.10987800359726,
    "Forehead Back / Forward":0.31999999284744,
    "Jaw Thin / Wide":0.0,
    "Brow Ridge Outer Down / Up":-0.070124998688698,
    "Chin Small / Large":0.0
  },
  "Name":"BP_BrumaGuardCityPostNight04_C"
}