{
  "APIVersion":"v2",
  "SkinParametersMap":{
    "Naso Small/Large":0.0,
    "Age":1.0,
    "Eyelids Pale/Red":0.0,
    "Lips Flushed/Pale":0.0,
    "Lipstick Dark Blue/Light Red":0.0,
    "Eyelids Light/Dark":0.0,
    "Eyeliner Light/Dark":0.0,
    "Complexion":0.11999999731779,
    "Eye Sockets Bruised/Bright":0.0,
    "Lipstick Dark Red/Light Blue":0.0,
    "Naso Labial Lines Light/Dark":0.0,
    "Eyeshadow Light/Dark":0.0,
    "Eye Sockets Dark/Light":0.0
  },
  "Author":"Bethesda",
  "Race":"TESRace /Game/Forms/actors/race/Imperial.Imperial",
  "HairColorsL":[],
  "Body":"SkeletalMesh /Game/Art/Character/Imperial/SK_Imperial_Body_m.SK_Imperial_Body_m",
  "Date":"2025-06-04 19:28:19",
  "SkinColorsMapL":[],
  "Sex":0,
  "ModCreator":"animandan",
  "ModVersion":"1.1.0",
  "ModName":"RaceMenuUtilities",
  "FaceBaseMesh":"/Game/Art/Character/Imperial/SK_Imperial_Head_m.SK_Imperial_Head_m",
  "Hair":"/Game/Dev/Phenotypes/Hair/HP_HR_Loose.HP_HR_Loose",
  "Description":"saved from in-game",
  "SenescenceLevel":2,
  "FaceMorphValuesMap":{
    "Face Gaunt / Round":0.059233691543341,
    "Nose Short / Long":0.0,
    "Nose Tilt Down / Up":0.20000000298023,
    "Mouth Sad / Happy":0.38383701443672,
    "Mouth Retracted / Protruding":-0.10000000149012,
    "Chin Short / Tall":-0.041923001408577,
    "Cheekbones Low / High":-0.13067799806595,
    "Nose Nostrils Tilt Down / Up":0.25565600395203,
    "Mouth Deflated / Inflated":0.6323019862175,
    "Hair Length":0.0,
    "Nose Sellion Shallow / Deep":0.0,
    "Chin Shallow / Deep":0.16090928018093,
    "Jaw Concave / Convex":0.033375706523657,
    "Brow Ridge Low / High":-0.058809734880924,
    "Chin Recessed / Pronounced":-0.024284398183227,
    "Mouth Tilt Down / Up":-0.27326282858849,
    "Nose Sellion Thin / Wide":0.0,
    "Cheeks Gaunt / Round":-0.11139698326588,
    "Nose Sellion Lower Shallow / Deep":0.0,
    "Nose Sellion Down / Up":0.19407361745834,
    "Cheeks Concave / Convex":0.15600799024105,
    "Nose Region Concave / Convex":-0.05944412574172,
    "Eyes Inward / Outward":0.073962517082691,
    "Nose Nostrils Thin / Wide":0.10935764759779,
    "Brow Ridge Inner Down / Up":0.21483643352985,
    "Eyes Apart / Together":0.3381609916687,
    "Mouth Underbite / Overbite":0.27227056026459,
    "Chin Retracted / Jutting":0.11105882376432,
    "Brow / Nose / Chin Ratio":0.04187111184001,
    "Nose Bridge Short / Long":-0.091216139495373,
    "Mouth Low / High":0.075651377439499,
    "Forehead Small / Large":-0.089278869330883,
    "Nose Bridge Shallow / Deep":0.16794051229954,
    "Eyes Small / Large":-0.40176901221275,
    "Forehead / Sellion / Nose Ratio":-0.017512133345008,
    "Mouth Chin Short / Long":0.11334100365639,
    "Forehead Short / Tall":0.24043968319893,
    "Eyes Down / Up":-0.33435901999474,
    "Vampire":0.0,
    "Mouth Retracted / Puckered":-0.015881875529885,
    "Jaw Retracted / Jutting":-0.058300137519836,
    "Mouth Drawn / Pursed":-0.055181000381708,
    "Cheekbones Thin / Wide":0.23078000545502,
    "Nose Down / Up":-0.061467606574297,
    "Jaw Neck Slope Low / High":0.34468799829483,
    "Chin Thin / Wide":0.29017886519432,
    "Cheekbones Shallow / Pronounced":0.49668800830841,
    "Nose Nostrils Small / Large":0.00691171688959,
    "Nose Flat / Pointed":-0.046342715620995,
    "Face Thin / Wide":0.20709200203419,
    "Chin Backward / Forward":-0.029024487361312,
    "Face Light / Heavy":-0.028869643807411,
    "Mouth Small / Large":-0.078664936125278,
    "Forehead Back / Forward":-0.15204994380474,
    "Jaw Thin / Wide":0.016995435580611,
    "Brow Ridge Outer Down / Up":0.44717198610306,
    "Chin Small / Large":-0.0017624059692025
  },
  "Name":"BP_Blade1_C"
}