{
  "Sex":0,
  "HairColorsL":{
    "1":{
      "A":1.0,
      "R":0.16202937066555,
      "G":0.1046164855361,
      "B":0.061246052384377
    },
    "2":{
      "A":1.0,
      "R":0.16202937066555,
      "G":0.1046164855361,
      "B":0.061246052384377
    },
    "0":{
      "A":1.0,
      "R":1.0,
      "G":1.0,
      "B":1.0
    }
  },
  "EyeMaterial":"/Game/Art/Character/Modular/Eyes_Human/MIC_Human_Eyes_Green5.MIC_Human_Eyes_Green5",
  "SkinColorsMapL":{
    "Root DyeColor":{
      "A":1.0,
      "R":1.0,
      "G":1.0,
      "B":1.0
    },
    "Eyeliner Tone":{
      "A":1.0,
      "R":1.0,
      "G":1.0,
      "B":1.0
    },
    "Tip DyeColor":{
      "A":1.0,
      "R":1.0,
      "G":1.0,
      "B":1.0
    },
    "Skin Tone":{
      "A":1.0,
      "R":0.91666698455811,
      "G":0.87722897529602,
      "B":0.86892402172089
    },
    "Lipstick Color":{
      "A":1.0,
      "R":1.0,
      "G":1.0,
      "B":1.0
    }
  },
  "Date":"2025-06-04 19:33:43",
  "Description":"saved from in-game",
  "Name":"BP_BravilGuardCityPostNight01_C",
  "ModCreator":"animandan",
  "ModName":"RaceMenuUtilities",
  "ModVersion":"1.1.0",
  "Mustache":"/Game/Dev/Phenotypes/Mustache/HP_Imperial_MS_Medium.HP_Imperial_MS_Medium",
  "Author":"Bethesda",
  "APIVersion":"v2",
  "Body":"SkeletalMesh /Game/Art/Character/Imperial/SK_Imperial_Body_m.SK_Imperial_Body_m",
  "FaceMorphValuesMap":{
    "Nose Nostrils Thin / Wide":0.054473347961903,
    "Forehead / Sellion / Nose Ratio":-0.059954788535833,
    "Cheekbones Thin / Wide":0.27664598822594,
    "Forehead Small / Large":0.045350391417742,
    "Chin Recessed / Pronounced":-0.30864700675011,
    "Brow / Nose / Chin Ratio":0.20165286958218,
    "Jaw Thin / Wide":-0.71725797653198,
    "Cheeks Gaunt / Round":-0.10974500328302,
    "Chin Backward / Forward":0.11752200126648,
    "Chin Thin / Wide":0.43192800879478,
    "Forehead Short / Tall":-0.16450993716717,
    "Face Thin / Wide":0.22424699366093,
    "Brow Ridge Inner Down / Up":0.15922228991985,
    "Mouth Underbite / Overbite":0.13494771718979,
    "Mouth Low / High":0.06038161739707,
    "Vampire":0.0,
    "Face Gaunt / Round":0.20792800188065,
    "Eyes Small / Large":-0.65515601634979,
    "Mouth Drawn / Pursed":0.33474200963974,
    "Chin Retracted / Jutting":-0.083491429686546,
    "Nose Tilt Down / Up":0.0,
    "Mouth Small / Large":-0.56861901283264,
    "Nose Short / Long":0.0,
    "Nose Bridge Shallow / Deep":-0.19278100132942,
    "Nose Sellion Thin / Wide":0.0,
    "Mouth Retracted / Protruding":-0.0098175015300512,
    "Nose Sellion Shallow / Deep":0.0,
    "Jaw Retracted / Jutting":-0.14530146121979,
    "Nose Sellion Down / Up":-0.21923580765724,
    "Eyes Inward / Outward":0.34463176131248,
    "Nose Region Concave / Convex":-0.19295524060726,
    "Brow Ridge Outer Down / Up":-0.02861999347806,
    "Nose Nostrils Small / Large":0.0938920378685,
    "Eyes Apart / Together":0.44260200858116,
    "Nose Nostrils Tilt Down / Up":0.022417163476348,
    "Nose Flat / Pointed":0.001325263059698,
    "Mouth Tilt Down / Up":0.076865188777447,
    "Jaw Concave / Convex":0.43495398759842,
    "Mouth Sad / Happy":-0.15777917206287,
    "Cheekbones Shallow / Pronounced":-0.20748500525951,
    "Face Light / Heavy":0.5768049955368,
    "Nose Down / Up":0.11132448911667,
    "Chin Short / Tall":-0.45419898629189,
    "Eyes Down / Up":-0.022051095962524,
    "Cheeks Concave / Convex":-0.21209800243378,
    "Nose Bridge Short / Long":0.21208700537682,
    "Mouth Chin Short / Long":0.13539008796215,
    "Nose Sellion Lower Shallow / Deep":0.0,
    "Mouth Retracted / Puckered":-0.16821990907192,
    "Hair Length":0.0,
    "Mouth Deflated / Inflated":0.93844902515411,
    "Chin Shallow / Deep":0.1685094088316,
    "Jaw Neck Slope Low / High":0.16617983579636,
    "Brow Ridge Low / High":-0.45609301328659,
    "Cheekbones Low / High":-0.62237799167633,
    "Forehead Back / Forward":-0.071322657167912,
    "Chin Small / Large":-0.13384772837162
  },
  "Hair":"/Game/Dev/Phenotypes/Hair/HP_HR_Cropped.HP_HR_Cropped",
  "Beard":"/Game/Dev/Phenotypes/Beard/HP_Imperial_BD_Medium.HP_Imperial_BD_Medium",
  "SkinParametersMap":{
    "Complexion":0.5,
    "Eye Sockets Bruised/Bright":0.0,
    "Ombre Constrast":1.0,
    "Skin Tint Purple/Yellow":0.0,
    "Eye Sockets Dark/Light":0.0,
    "Root Redness":0.5,
    "Naso Small/Large":0.0,
    "Ombre Amount":1.0,
    "Eyebrows Redness Intensity":0.0,
    "Root Color":0.10000000149012,
    "Age":0.0,
    "Lipstick Dark Blue/Light Red":0.0,
    "Lipstick Dark Red/Light Blue":0.0,
    "Eye socket Bruised/Bright":0.0,
    "Freckles":0.83999997377396,
    "Eylids Light/Dark":0.0,
    "Eye Socket Dark/Light":0.0,
    "Cheek Blush Light/Red":0.47999998927116,
    "Eyebrows Color Intensity":0.5,
    "Cheekbones Flushed/Pale":0.0,
    "Lipstick Amount":0.0,
    "Skin Tint Orange/Blue":0.0,
    "Eyelids Light/Dark":0.0,
    "Naso Labial Lines Light/Dark":0.0,
    "Tip Redness":0.5,
    "Eyeshadow Light/Dark":0.0,
    "Eyelids Pale/Red":0.0,
    "Tip Color":0.34000000357628,
    "Lips Flushed/Pale":0.0,
    "Eyeliner Light/Dark":0.0,
    "Salt And Pepper":0.0,
    "Skin Dark/Light":0.0
  },
  "FaceBaseMesh":"/Game/Art/Character/Imperial/SK_Imperial_Head_m.SK_Imperial_Head_m",
  "Race":"TESRace /Game/Forms/actors/race/Imperial.Imperial",
  "SenescenceLevel":3
}