{
  "FaceMorphValuesMap":{
    "Nose Bridge Short / Long":0.0,
    "Mouth Tilt Down / Up":-0.80000001192093,
    "Forehead Back / Forward":0.15163235366344,
    "Eyes Small / Large":0.42239552736282,
    "Chin Recessed / Pronounced":-0.09208469837904,
    "Cheekbones Thin / Wide":0.43220114707947,
    "Jaw Neck Slope Low / High":-0.079598717391491,
    "Chin Retracted / Jutting":0.17357717454433,
    "Jaw Retracted / Jutting":-0.093034170567989,
    "Mouth Low / High":0.0,
    "Mouth Sad / Happy":0.0,
    "Forehead / Sellion / Nose Ratio":0.67640733718872,
    "Hair Length":0.0,
    "Vampire":0.0,
    "Forehead Short / Tall":0.14713998138905,
    "Jaw Concave / Convex":-0.1329587250948,
    "Nose Nostrils Small / Large":-0.44000101089478,
    "Cheeks Gaunt / Round":-0.07119070738554,
    "Nose Tilt Down / Up":0.0,
    "Mouth Drawn / Pursed":0.0,
    "Nose Short / Long":0.0,
    "Cheekbones Shallow / Pronounced":-0.58256238698959,
    "Jaw Thin / Wide":0.21808438003063,
    "Eyes Apart / Together":0.33201456069946,
    "Chin Backward / Forward":0.21032440662384,
    "Nose Sellion Thin / Wide":0.0,
    "Nose Sellion Lower Shallow / Deep":0.0,
    "Nose Sellion Shallow / Deep":0.0,
    "Mouth Retracted / Protruding":0.0,
    "Eyes Down / Up":0.39084821939468,
    "Nose Region Concave / Convex":0.0,
    "Nose Down / Up":-0.059999998658895,
    "Chin Shallow / Deep":0.67634510993958,
    "Nose Nostrils Tilt Down / Up":0.36000001430511,
    "Nose Flat / Pointed":0.0,
    "Eyes Inward / Outward":-0.35745638608932,
    "Brow / Nose / Chin Ratio":-0.28036504983902,
    "Chin Short / Tall":0.44373598694801,
    "Brow Ridge Outer Down / Up":0.17662182450294,
    "Nose Nostrils Thin / Wide":-0.29999899864197,
    "Face Thin / Wide":-0.86000001430511,
    "Chin Thin / Wide":-0.68134588003159,
    "Nose Bridge Shallow / Deep":0.0,
    "Mouth Underbite / Overbite":0.10686289519072,
    "Mouth Chin Short / Long":0.10249970108271,
    "Cheekbones Low / High":0.34252008795738,
    "Brow Ridge Inner Down / Up":-0.64159536361694,
    "Mouth Small / Large":0.0,
    "Mouth Deflated / Inflated":0.0,
    "Nose Sellion Down / Up":0.0,
    "Brow Ridge Low / High":-0.01060555037111,
    "Chin Small / Large":-0.67338085174561,
    "Forehead Small / Large":0.36857590079308,
    "Face Light / Heavy":0.034693188965321,
    "Cheeks Concave / Convex":-0.026822222396731,
    "Mouth Retracted / Puckered":0.0,
    "Face Gaunt / Round":0.015736967325211
  },
  "Sex":1,
  "SkinParametersMap":{
    "Lipstick Amount":0.0,
    "Eyebrows Redness Intensity":0.0,
    "Ombre Constrast":0.0,
    "Freckles":0.0,
    "Tip Redness":0.0,
    "Eye socket Bruised/Bright":0.0,
    "Root Color":0.0,
    "Eyebrows Color Intensity":0.0,
    "Eyelids Pale/Red":0.0,
    "Cheekbones Flushed/Pale":0.0,
    "Root Redness":0.0,
    "Salt And Pepper":0.0,
    "Cheek Blush Light/Red":0.0,
    "Ombre Amount":0.0,
    "Complexion":0.0,
    "Tip Color":0.0
  },
  "Description":"saved from in-game",
  "FaceBaseMesh":"/Game/Art/Character/Redguard/SK_Redguard_Head_f.SK_Redguard_Head_f",
  "Hair":"/Game/Dev/Phenotypes/Hair/HP_Redguard_HR_Classic.HP_Redguard_HR_Classic",
  "ModVersion":"1.1.0",
  "Date":"2025-06-04 19:16:10",
  "SenescenceLevel":0,
  "ModCreator":"animandan",
  "EyeMaterial":"/Game/Art/Character/Modular/Eyes_Human/MIC_Human_Eyes_Brown2.MIC_Human_Eyes_Brown2",
  "Name":"BP_BanditMeleeFemale4B_C",
  "ModName":"RaceMenuUtilities",
  "Body":"SkeletalMesh /Game/Art/Character/Imperial/SK_Imperial_Body_m.SK_Imperial_Body_m",
  "APIVersion":"v2",
  "HairColorsL":{
    "0":{
      "B":0.0,
      "G":0.0,
      "R":0.0,
      "A":1.0
    }
  },
  "Race":"TESRace /Game/Forms/actors/race/Redguard.Redguard",
  "SkinColorsMapL":{
    "Lipstick Color":{
      "B":1.0,
      "G":1.0,
      "R":1.0,
      "A":1.0
    },
    "Tip DyeColor":{
      "B":0.0,
      "G":0.0,
      "R":0.0,
      "A":1.0
    },
    "Skin Tone":{
      "B":1.0,
      "G":1.0,
      "R":1.0,
      "A":1.0
    },
    "Eyeliner Tone":{
      "B":1.0,
      "G":1.0,
      "R":1.0,
      "A":1.0
    },
    "Root DyeColor":{
      "B":0.019382361322641,
      "G":0.019382361322641,
      "R":0.052860647439957,
      "A":1.0
    }
  },
  "Author":"Bethesda"
}