{
  "APIVersion":"v2",
  "SkinParametersMap":{
    "Tip Color":0.10000000149012,
    "Ombre Constrast":1.0,
    "Complexion":0.0,
    "Ombre Amount":1.0,
    "Khajiit Pattern Number":0.0,
    "Lipstick Amount":0.0,
    "Salt And Pepper":0.0,
    "Skin Dark/Light":0.0,
    "Root Redness":0.5,
    "Eye socket Bruised/Bright":0.0,
    "Freckles":0.0,
    "Eyeliner Light/Dark":0.0,
    "Eyebrows Redness Intensity":0.0,
    "Eye Socket Dark/Light":0.0,
    "Eyebrows Color Intensity":0.76404500007629,
    "Root Color":0.40000000596046,
    "Cheek Blush Light/Red":0.0,
    "Eylids Light/Dark":0.0,
    "Skin Tint Orange/Blue":0.0,
    "Tip Redness":0.5,
    "Cheekbones Flushed/Pale":0.0,
    "Eyelids Pale/Red":0.0,
    "Skin Tint Purple/Yellow":0.0
  },
  "Author":"Bethesda",
  "Race":"TESRace /Game/Forms/actors/race/DarkElf.DarkElf",
  "HairColorsL":{
    "1":{
      "R":0.16145800054073,
      "G":0.10424599796534,
      "B":0.061027999967337,
      "A":1.0
    },
    "2":{
      "R":0.16145800054073,
      "G":0.10424599796534,
      "B":0.061027999967337,
      "A":1.0
    },
    "0":{
      "R":0.0,
      "G":0.0,
      "B":0.0,
      "A":1.0
    }
  },
  "Body":"SkeletalMesh /Game/Art/Character/Imperial/SK_Imperial_Body_m.SK_Imperial_Body_m",
  "Date":"2025-06-04 19:28:06",
  "ModCreator":"animandan",
  "ModName":"RaceMenuUtilities",
  "SkinColorsMapL":{
    "Root DyeColor":{
      "R":1.0,
      "G":1.0,
      "B":1.0,
      "A":1.0
    },
    "Eyeliner Tone":{
      "R":1.0,
      "G":1.0,
      "B":1.0,
      "A":1.0
    },
    "Lipstick Color":{
      "R":1.0,
      "G":1.0,
      "B":1.0,
      "A":1.0
    },
    "Skin Tone":{
      "R":1.0,
      "G":1.0,
      "B":1.0,
      "A":1.0
    },
    "Tip DyeColor":{
      "R":0.36130678653717,
      "G":0.14702726900578,
      "B":0.035601314157248,
      "A":1.0
    }
  },
  "Beard":"/Game/Dev/Phenotypes/Beard/HP_HighElf_BD_Goatee.HP_HighElf_BD_Goatee",
  "Sex":0,
  "ModVersion":"1.1.0",
  "EyeMaterial":"/Game/Art/Character/Modular/MIC_ME_DarkElf.MIC_ME_DarkElf",
  "Description":"saved from in-game",
  "FaceBaseMesh":"/Game/Art/Character/DarkElf/SK_DarkElf_Head_m.SK_DarkElf_Head_m",
  "FaceMorphValuesMap":{
    "Face Gaunt / Round":0.11795890331268,
    "Nose Short / Long":0.0,
    "Nose Tilt Down / Up":0.0,
    "Mouth Sad / Happy":-0.23461365699768,
    "Mouth Retracted / Protruding":0.33368742465973,
    "Chin Short / Tall":-0.20980800688267,
    "Cheekbones Low / High":0.121402323246,
    "Nose Nostrils Tilt Down / Up":0.033171474933624,
    "Mouth Deflated / Inflated":-0.025528525933623,
    "Hair Length":0.0,
    "Nose Sellion Shallow / Deep":0.0,
    "Chin Shallow / Deep":0.24492743611336,
    "Jaw Concave / Convex":0.33910557627678,
    "Brow Ridge Low / High":-0.28380981087685,
    "Chin Recessed / Pronounced":0.099446773529053,
    "Mouth Tilt Down / Up":-0.063232280313969,
    "Nose Sellion Thin / Wide":0.0,
    "Cheeks Gaunt / Round":0.30457958579063,
    "Nose Sellion Lower Shallow / Deep":0.0,
    "Nose Sellion Down / Up":0.01993010006845,
    "Cheeks Concave / Convex":-0.30647343397141,
    "Nose Region Concave / Convex":-0.081087447702885,
    "Eyes Inward / Outward":-0.12832780182362,
    "Nose Nostrils Thin / Wide":-0.074243597686291,
    "Brow Ridge Inner Down / Up":0.32321980595589,
    "Eyes Apart / Together":-0.1047365218401,
    "Mouth Underbite / Overbite":-0.030563056468964,
    "Chin Retracted / Jutting":0.47212597727776,
    "Brow / Nose / Chin Ratio":0.06625884026289,
    "Nose Bridge Short / Long":0.064634919166565,
    "Mouth Low / High":0.13400793075562,
    "Forehead Small / Large":0.11973651498556,
    "Nose Bridge Shallow / Deep":0.3170393705368,
    "Eyes Small / Large":0.08525538444519,
    "Forehead / Sellion / Nose Ratio":0.32020670175552,
    "Mouth Chin Short / Long":-0.052487134933472,
    "Forehead Short / Tall":-0.17927949130535,
    "Eyes Down / Up":-0.17703600227833,
    "Vampire":0.0,
    "Mouth Retracted / Puckered":-0.068791307508945,
    "Jaw Retracted / Jutting":0.052987098693848,
    "Mouth Drawn / Pursed":0.013980674557388,
    "Cheekbones Thin / Wide":-0.10835242271423,
    "Nose Down / Up":-0.44933167099953,
    "Jaw Neck Slope Low / High":0.0053124069236219,
    "Chin Thin / Wide":0.50357800722122,
    "Cheekbones Shallow / Pronounced":0.4368072450161,
    "Nose Nostrils Small / Large":0.021439075469971,
    "Nose Flat / Pointed":-0.15974842011929,
    "Face Thin / Wide":0.077917002141476,
    "Chin Backward / Forward":-0.10187716782093,
    "Face Light / Heavy":0.29148998856544,
    "Mouth Small / Large":-0.283292979002,
    "Forehead Back / Forward":0.45891976356506,
    "Jaw Thin / Wide":0.16715936362743,
    "Brow Ridge Outer Down / Up":-0.13486072421074,
    "Chin Small / Large":-0.26875051856041
  },
  "Hair":"/Game/Dev/Phenotypes/Hair/HP_Imperial_HR_Headband.HP_Imperial_HR_Headband",
  "Mustache":"/Game/Dev/Phenotypes/Mustache/HP_New_MS_Thin.HP_New_MS_Thin",
  "SenescenceLevel":4,
  "Name":"BP_BlackRockPirate04_C"
}