{
  "APIVersion":"v2",
  "SkinParametersMap":{
    "Eye Socket Dark/Light":0.0,
    "Eyelids Pale/Red":0.0,
    "Lipstick Amount":0.0,
    "Eyeliner Light/Dark":0.0,
    "Complexion":0.0,
    "Khajiit Pattern Number":1.0,
    "Hair Desaturation for Khajiit":0.0,
    "Eylids Light/Dark":0.0,
    "Eye socket Bruised/Bright":0.0
  },
  "Author":"Bethesda",
  "Race":"TESRace /Game/Forms/actors/race/Khajiit.Khajiit",
  "HairColorsL":{
    "0":{
      "R":0.52083301544189,
      "G":0.34206798672676,
      "B":0.22605599462986,
      "A":1.0
    }
  },
  "Body":"SkeletalMesh /Game/Art/Character/Imperial/SK_Imperial_Body_m.SK_Imperial_Body_m",
  "Date":"2025-06-04 19:28:10",
  "SkinColorsMapL":{
    "Eyeliner Tone":{
      "R":1.0,
      "G":1.0,
      "B":1.0,
      "A":1.0
    },
    "Color 2":{
      "R":0.1384319961071,
      "G":0.078186996281147,
      "B":0.078186996281147,
      "A":1.0
    },
    "Color 1":{
      "R":0.72305500507355,
      "G":0.34670400619507,
      "B":0.1384319961071,
      "A":1.0
    }
  },
  "ModCreator":"animandan",
  "Sex":0,
  "ModName":"RaceMenuUtilities",
  "EyeMaterial":"/Game/Art/Character/Modular/MIC_ME_Khajiit.MIC_ME_Khajiit",
  "ModVersion":"1.1.0",
  "FaceBaseMesh":"/Game/Art/Character/Khajiit/SK_Khajiit_Head_m.SK_Khajiit_Head_m",
  "Hair":"/Game/Dev/Phenotypes/Hair/HP_Khajiit_HR_Braids.HP_Khajiit_HR_Braids",
  "Description":"saved from in-game",
  "SenescenceLevel":5,
  "FaceMorphValuesMap":{
    "Face Gaunt / Round":-0.53999900817871,
    "Nose Short / Long":0.23999999463558,
    "Nose Tilt Down / Up":0.30000001192093,
    "Mouth Sad / Happy":-0.3199990093708,
    "Mouth Retracted / Protruding":0.80000001192093,
    "Chin Short / Tall":-0.93999898433685,
    "Cheekbones Low / High":0.0,
    "Nose Nostrils Tilt Down / Up":-0.10000000149012,
    "Mouth Deflated / Inflated":0.62000000476837,
    "Hair Length":0.0,
    "Nose Sellion Shallow / Deep":0.0,
    "Chin Shallow / Deep":0.80000001192093,
    "Jaw Concave / Convex":0.80000001192093,
    "Brow Ridge Low / High":-0.30000001192093,
    "Chin Recessed / Pronounced":0.30000001192093,
    "Mouth Tilt Down / Up":0.47999998927116,
    "Nose Sellion Thin / Wide":-0.25999999046326,
    "Cheeks Gaunt / Round":0.3199990093708,
    "Nose Sellion Lower Shallow / Deep":0.0,
    "Nose Sellion Down / Up":-0.019999999552965,
    "Cheeks Concave / Convex":0.11999899893999,
    "Nose Region Concave / Convex":0.80000001192093,
    "Eyes Inward / Outward":0.60000002384186,
    "Nose Nostrils Thin / Wide":0.80000001192093,
    "Brow Ridge Inner Down / Up":-0.3199990093708,
    "Eyes Apart / Together":0.81999999284744,
    "Mouth Underbite / Overbite":0.80000001192093,
    "Chin Retracted / Jutting":0.80000001192093,
    "Brow / Nose / Chin Ratio":0.89999997615814,
    "Nose Bridge Short / Long":0.87999999523163,
    "Mouth Low / High":0.80000001192093,
    "Forehead Small / Large":0.03999999910593,
    "Nose Bridge Shallow / Deep":0.80000001192093,
    "Eyes Small / Large":0.43999999761581,
    "Forehead / Sellion / Nose Ratio":-0.5799999833107,
    "Mouth Chin Short / Long":0.80000001192093,
    "Forehead Short / Tall":0.019999999552965,
    "Eyes Down / Up":0.80000001192093,
    "Vampire":0.0,
    "Mouth Retracted / Puckered":0.23999999463558,
    "Jaw Retracted / Jutting":0.83999997377396,
    "Mouth Drawn / Pursed":0.60000002384186,
    "Cheekbones Thin / Wide":0.80000001192093,
    "Nose Down / Up":0.56000000238419,
    "Jaw Neck Slope Low / High":0.80000001192093,
    "Chin Thin / Wide":0.75999999046326,
    "Cheekbones Shallow / Pronounced":0.80000001192093,
    "Nose Nostrils Small / Large":0.62000000476837,
    "Nose Flat / Pointed":0.80000001192093,
    "Face Thin / Wide":-0.12000100314617,
    "Chin Backward / Forward":0.80000001192093,
    "Face Light / Heavy":-0.079999998211861,
    "Mouth Small / Large":0.46000000834465,
    "Forehead Back / Forward":0.30000001192093,
    "Jaw Thin / Wide":-0.079999998211861,
    "Brow Ridge Outer Down / Up":0.46000000834465,
    "Chin Small / Large":0.43999999761581
  },
  "Name":"BP_BanditHighwayman03_C"
}