{
  "ModName":"RaceMenuUtilities",
  "FaceBaseMesh":"/Game/Art/Character/Imperial/SK_Imperial_Head_m.SK_Imperial_Head_m",
  "Author":"Bethesda",
  "Date":"2025-06-04 20:30:49",
  "SkinColorsMapL":{
    "Lipstick Color":{
      "A":1.0,
      "B":0.0097209997475147,
      "G":0.00091100001009181,
      "R":0.093059003353119
    },
    "Eyeliner Tone":{
      "A":1.0,
      "B":1.0,
      "G":1.0,
      "R":1.0
    },
    "Root DyeColor":{
      "A":1.0,
      "B":1.0,
      "G":1.0,
      "R":1.0
    },
    "Tip DyeColor":{
      "A":1.0,
      "B":1.0,
      "G":1.0,
      "R":1.0
    },
    "Skin Tone":{
      "A":1.0,
      "B":1.0,
      "G":1.0,
      "R":1.0
    }
  },
  "APIVersion":"v2",
  "FaceMorphValuesMap":{
    "Eyes Small / Large":-0.71999901533127,
    "Jaw Thin / Wide":-0.65736401081085,
    "Brow Ridge Low / High":0.14000000059605,
    "Chin Retracted / Jutting":-0.31275299191475,
    "Face Thin / Wide":0.11999999731779,
    "Hair Length":0.0,
    "Chin Backward / Forward":-0.53832101821899,
    "Vampire":0.0,
    "Mouth Underbite / Overbite":0.0,
    "Eyes Inward / Outward":0.33770799636841,
    "Mouth Sad / Happy":0.0,
    "Jaw Retracted / Jutting":-0.13315600156784,
    "Nose Flat / Pointed":-0.099556997418404,
    "Chin Recessed / Pronounced":0.18236500024796,
    "Cheeks Gaunt / Round":0.45297101140022,
    "Forehead Back / Forward":0.16539600491524,
    "Nose Sellion Down / Up":-0.047952000051737,
    "Mouth Deflated / Inflated":0.0,
    "Mouth Small / Large":-0.019999999552965,
    "Nose Tilt Down / Up":-0.43999999761581,
    "Nose Short / Long":0.0,
    "Mouth Drawn / Pursed":0.25535601377487,
    "Chin Short / Tall":0.40251699090004,
    "Nose Sellion Thin / Wide":0.46000000834465,
    "Jaw Neck Slope Low / High":0.20639799535275,
    "Cheekbones Shallow / Pronounced":-0.25999999046326,
    "Nose Sellion Shallow / Deep":0.059999998658895,
    "Mouth Tilt Down / Up":0.0,
    "Brow / Nose / Chin Ratio":-0.15626199543476,
    "Brow Ridge Outer Down / Up":0.066087000072002,
    "Chin Small / Large":-0.080583997070789,
    "Mouth Retracted / Puckered":0.0,
    "Chin Thin / Wide":-0.29822400212288,
    "Nose Nostrils Tilt Down / Up":0.13376399874687,
    "Face Gaunt / Round":0.29823198914528,
    "Cheekbones Thin / Wide":0.0,
    "Forehead / Sellion / Nose Ratio":-0.32569399476051,
    "Cheekbones Low / High":0.0030410001054406,
    "Nose Bridge Short / Long":-0.19934199750423,
    "Forehead Short / Tall":-0.02284000068903,
    "Nose Bridge Shallow / Deep":0.050827000290155,
    "Mouth Chin Short / Long":0.0,
    "Face Light / Heavy":0.13064600527287,
    "Nose Region Concave / Convex":0.27142199873924,
    "Mouth Retracted / Protruding":0.0,
    "Cheeks Concave / Convex":0.063997998833656,
    "Nose Nostrils Small / Large":-0.22240899503231,
    "Jaw Concave / Convex":-0.43490400910378,
    "Nose Down / Up":-0.40000000596046,
    "Mouth Low / High":0.0,
    "Eyes Down / Up":-0.36000001430511,
    "Chin Shallow / Deep":0.62957000732422,
    "Eyes Apart / Together":0.2208240032196,
    "Brow Ridge Inner Down / Up":-0.35666599869728,
    "Nose Sellion Lower Shallow / Deep":0.30000001192093,
    "Nose Nostrils Thin / Wide":0.43999999761581,
    "Forehead Small / Large":-0.1809169948101
  },
  "ModVersion":"1.1.0",
  "SkinParametersMap":{
    "Complexion":0.30000001192093,
    "Lipstick Dark Red/Light Blue":0.0,
    "Eyeshadow Light/Dark":0.0,
    "Root Redness":1.0,
    "Eyelids Light/Dark":0.0,
    "Naso Small/Large":0.0,
    "Lipstick Amount":0.0,
    "Cheek Blush Light/Red":0.0,
    "Freckles":0.0,
    "Lips Flushed/Pale":0.0,
    "Ombre Constrast":0.0,
    "Tip Color":0.47940099239349,
    "Eye Sockets Bruised/Bright":0.0,
    "Cheekbones Flushed/Pale":0.0,
    "Eye socket Bruised/Bright":0.0,
    "Eyebrows Color Intensity":0.0,
    "Tip Redness":1.0,
    "Lipstick Dark Blue/Light Red":0.0,
    "Root Color":1.0,
    "Ombre Amount":0.0,
    "Salt And Pepper":0.044943999499083,
    "Eyebrows Redness Intensity":0.0,
    "Eyeliner Light/Dark":0.0,
    "Age":0.0,
    "Eyelids Pale/Red":0.0,
    "Naso Labial Lines Light/Dark":0.0,
    "Eye Sockets Dark/Light":0.0
  },
  "SenescenceLevel":4,
  "Sex":0,
  "Description":"saved from in-game",
  "ModCreator":"animandan",
  "Hair":"/Game/Dev/Phenotypes/Hair/HP_HR_Loose.HP_HR_Loose",
  "Name":"BP_BelisariusArius_C",
  "HairColorsL":{
    "0":{
      "A":1.0,
      "B":0.08398400247097,
      "G":0.1452250033617,
      "R":0.22395800054073
    }
  },
  "Race":"TESRace /Game/Forms/actors/race/Imperial.Imperial",
  "Body":"SkeletalMesh /Game/Art/Character/Imperial/SK_Imperial_Body_m.SK_Imperial_Body_m"
}