{
  "ModName":"RaceMenuUtilities",
  "FaceBaseMesh":"/Game/Art/Character/Khajiit/SK_Khajiit_Head_m.SK_Khajiit_Head_m",
  "Author":"Bethesda",
  "Date":"2025-06-04 20:30:47",
  "SkinColorsMapL":{
    "Color 1":{
      "A":1.0,
      "B":0.17555800080299,
      "G":0.24771100282669,
      "R":0.72305500507355
    },
    "Eyeliner Tone":{
      "A":1.0,
      "B":1.0,
      "G":1.0,
      "R":1.0
    },
    "Color 3":{
      "A":1.0,
      "B":1.0,
      "G":1.0,
      "R":1.0
    },
    "Color 2":{
      "A":1.0,
      "B":0.11697066575289,
      "G":0.11697066575289,
      "R":0.201556250453
    }
  },
  "APIVersion":"v2",
  "FaceMorphValuesMap":{
    "Eyes Small / Large":-0.73999899625778,
    "Jaw Thin / Wide":-0.3999989926815,
    "Brow Ridge Low / High":-0.03999999910593,
    "Chin Retracted / Jutting":0.80000001192093,
    "Face Thin / Wide":-0.62000101804733,
    "Hair Length":0.0,
    "Chin Backward / Forward":0.80000001192093,
    "Vampire":0.0,
    "Mouth Underbite / Overbite":0.89999997615814,
    "Eyes Inward / Outward":0.80000001192093,
    "Mouth Sad / Happy":-0.11999999731779,
    "Jaw Retracted / Jutting":0.80000001192093,
    "Nose Flat / Pointed":0.80000001192093,
    "Chin Recessed / Pronounced":0.019999999552965,
    "Cheeks Gaunt / Round":0.059999998658895,
    "Forehead Back / Forward":0.80000001192093,
    "Nose Sellion Down / Up":0.80000001192093,
    "Mouth Deflated / Inflated":-0.31999999284744,
    "Mouth Small / Large":0.15999999642372,
    "Nose Tilt Down / Up":-0.10000000149012,
    "Nose Short / Long":0.36000001430511,
    "Mouth Drawn / Pursed":0.14000000059605,
    "Chin Short / Tall":-0.3999989926815,
    "Nose Sellion Thin / Wide":-0.5,
    "Jaw Neck Slope Low / High":0.28000000119209,
    "Cheekbones Shallow / Pronounced":0.80000001192093,
    "Nose Sellion Shallow / Deep":0.0,
    "Mouth Tilt Down / Up":0.43999999761581,
    "Brow / Nose / Chin Ratio":0.41999998688698,
    "Brow Ridge Outer Down / Up":0.43999999761581,
    "Chin Small / Large":0.80000001192093,
    "Mouth Retracted / Puckered":-0.019999999552965,
    "Chin Thin / Wide":-0.03999999910593,
    "Nose Nostrils Tilt Down / Up":0.40000000596046,
    "Face Gaunt / Round":-0.6799989938736,
    "Cheekbones Thin / Wide":0.80000001192093,
    "Forehead / Sellion / Nose Ratio":0.80000001192093,
    "Cheekbones Low / High":-0.63999897241592,
    "Nose Bridge Short / Long":0.72000002861023,
    "Forehead Short / Tall":0.41999998688698,
    "Nose Bridge Shallow / Deep":0.80000001192093,
    "Mouth Chin Short / Long":0.80000001192093,
    "Face Light / Heavy":-0.40000000596046,
    "Nose Region Concave / Convex":0.80000001192093,
    "Mouth Retracted / Protruding":0.46000000834465,
    "Cheeks Concave / Convex":0.059999998658895,
    "Nose Nostrils Small / Large":0.83999997377396,
    "Jaw Concave / Convex":0.14000000059605,
    "Nose Down / Up":0.80000001192093,
    "Mouth Low / High":0.89999997615814,
    "Eyes Down / Up":0.80000001192093,
    "Chin Shallow / Deep":0.72000002861023,
    "Eyes Apart / Together":0.63999998569489,
    "Brow Ridge Inner Down / Up":-0.46000000834465,
    "Nose Sellion Lower Shallow / Deep":0.56000000238419,
    "Nose Nostrils Thin / Wide":0.68000000715256,
    "Forehead Small / Large":-0.14000000059605
  },
  "EyeMaterial":"/Game/Art/Character/Modular/MIC_ME_Khajiit.MIC_ME_Khajiit",
  "HairColorsL":{
    "0":{
      "A":1.0,
      "B":0.22605599462986,
      "G":0.34206798672676,
      "R":0.52083301544189
    }
  },
  "SkinParametersMap":{
    "Khajiit Pattern Number":1.0,
    "Eye socket Bruised/Bright":0.56000000238419,
    "Complexion":0.20000000298023,
    "Lipstick Amount":0.0,
    "Eylids Light/Dark":0.66000002622604,
    "Eye Socket Dark/Light":0.81999999284744,
    "Eyeliner Light/Dark":0.47999998927116,
    "Eyelids Pale/Red":0.70000100135803,
    "Hair Desaturation for Khajiit":0.0
  },
  "SenescenceLevel":5,
  "Sex":0,
  "Description":"saved from in-game",
  "ModCreator":"animandan",
  "ModVersion":"1.1.0",
  "Hair":"/Game/Dev/Phenotypes/Hair/HP_Khajiit_HR_Braids.HP_Khajiit_HR_Braids",
  "Name":"BP_BanditMeleeMale2_C",
  "Race":"TESRace /Game/Forms/actors/race/Khajiit.Khajiit",
  "Body":"SkeletalMesh /Game/Art/Character/Imperial/SK_Imperial_Body_m.SK_Imperial_Body_m"
}