{
  "APIVersion":"v2",
  "SkinParametersMap":{
    "Tip Color":0.10000000149012,
    "Ombre Constrast":-0.51999998092651,
    "Eyebrows Color Intensity":0.69999998807907,
    "Ombre Amount":0.83999997377396,
    "None":0.10000000149012,
    "Freckles":-0.81999897956848,
    "Salt And Pepper":-0.10000099986792,
    "Skin Dark/Light":-0.45999899506569,
    "Eyeliner Light/Dark":-0.01999899931252,
    "Eye socket Bruised/Bright":0.23999999463558,
    "Root Redness":0.5,
    "Complexion":0.46000000834465,
    "Eyebrows Redness Intensity":-0.03999900072813,
    "Eye Socket Dark/Light":-0.28000000119209,
    "Lipstick Amount":0.0,
    "Root Color":0.83999997377396,
    "Cheek Blush Light/Red":0.47999998927116,
    "Eylids Light/Dark":-0.41999998688698,
    "Skin Tint Orange/Blue":0.18000000715256,
    "Tip Redness":-0.21999900043011,
    "Cheekbones Flushed/Pale":0.31999999284744,
    "Eyelids Pale/Red":0.30000001192093,
    "Skin Tint Purple/Yellow":0.20000000298023
  },
  "Author":"Bethesda",
  "Race":"TESRace /Game/Forms/actors/race/DarkElf.DarkElf",
  "HairColorsL":{
    "0":{
      "R":0.020833000540733,
      "G":0.010127999819815,
      "B":0.0061369999311864,
      "A":1.0
    }
  },
  "Body":"SkeletalMesh /Game/Art/Character/Imperial/SK_Imperial_Body_m.SK_Imperial_Body_m",
  "Date":"2025-06-04 19:29:09",
  "SkinColorsMapL":{
    "Root DyeColor":{
      "R":1.0,
      "G":1.0,
      "B":1.0,
      "A":1.0
    },
    "Eyeliner Tone":{
      "R":1.0,
      "G":1.0,
      "B":1.0,
      "A":1.0
    },
    "Lipstick Color":{
      "R":1.0,
      "G":0.41254261136055,
      "B":0.60382735729218,
      "A":1.0
    },
    "Skin Tone":{
      "R":1.0,
      "G":1.0,
      "B":1.0,
      "A":1.0
    },
    "Tip DyeColor":{
      "R":1.0,
      "G":1.0,
      "B":1.0,
      "A":1.0
    }
  },
  "ModCreator":"animandan",
  "Sex":1,
  "ModName":"RaceMenuUtilities",
  "EyeMaterial":"/Game/Art/Character/Modular/MIC_ME_DarkElf.MIC_ME_DarkElf",
  "ModVersion":"1.1.0",
  "FaceBaseMesh":"/Game/Art/Character/DarkElf/SK_DarkElf_Head_f.SK_DarkElf_Head_f",
  "Hair":"/Game/Dev/Phenotypes/Hair/HP_DarkElf_HR_Mane.HP_DarkElf_HR_Mane",
  "Description":"saved from in-game",
  "SenescenceLevel":0,
  "FaceMorphValuesMap":{
    "Face Gaunt / Round":0.16316328942776,
    "Nose Short / Long":0.54000002145767,
    "Nose Tilt Down / Up":0.0,
    "Mouth Sad / Happy":0.77999997138977,
    "Mouth Retracted / Protruding":-0.18565599620342,
    "Chin Short / Tall":-0.4000009894371,
    "Cheekbones Low / High":0.082805052399635,
    "Nose Nostrils Tilt Down / Up":0.0,
    "Mouth Deflated / Inflated":-0.23039700090885,
    "Hair Length":0.0,
    "Nose Sellion Shallow / Deep":0.0,
    "Chin Shallow / Deep":0.81999999284744,
    "Jaw Concave / Convex":0.40000000596046,
    "Brow Ridge Low / High":0.030767999589443,
    "Chin Recessed / Pronounced":0.11999999731779,
    "Mouth Tilt Down / Up":-0.40000000596046,
    "Nose Sellion Thin / Wide":0.0,
    "Cheeks Gaunt / Round":0.19420899450779,
    "Nose Sellion Lower Shallow / Deep":0.0,
    "Nose Sellion Down / Up":-0.30000001192093,
    "Cheeks Concave / Convex":0.5927540063858,
    "Nose Region Concave / Convex":0.54000002145767,
    "Eyes Inward / Outward":0.062359001487494,
    "Nose Nostrils Thin / Wide":-0.81999897956848,
    "Brow Ridge Inner Down / Up":0.21999900043011,
    "Eyes Apart / Together":0.0083159999921918,
    "Mouth Underbite / Overbite":0.32392200827599,
    "Chin Retracted / Jutting":0.5799999833107,
    "Brow / Nose / Chin Ratio":-0.69764697551727,
    "Nose Bridge Short / Long":0.0,
    "Mouth Low / High":0.18086199462414,
    "Forehead Small / Large":0.51113402843475,
    "Nose Bridge Shallow / Deep":-0.11999999731779,
    "Eyes Small / Large":1.0,
    "Forehead / Sellion / Nose Ratio":0.82922798395157,
    "Mouth Chin Short / Long":0.093828998506069,
    "Forehead Short / Tall":-0.40231800079346,
    "Eyes Down / Up":-0.35709100961685,
    "Vampire":0.0,
    "Mouth Retracted / Puckered":0.74000000953674,
    "Jaw Retracted / Jutting":0.28000000119209,
    "Mouth Drawn / Pursed":0.61999899148941,
    "Cheekbones Thin / Wide":-0.33453899621964,
    "Nose Down / Up":0.0,
    "Jaw Neck Slope Low / High":0.35413599014282,
    "Chin Thin / Wide":0.46000000834465,
    "Cheekbones Shallow / Pronounced":0.14000000059605,
    "Nose Nostrils Small / Large":0.0,
    "Nose Flat / Pointed":0.20000000298023,
    "Face Thin / Wide":0.03999999910593,
    "Chin Backward / Forward":0.0,
    "Face Light / Heavy":0.21357099711895,
    "Mouth Small / Large":0.14129999279976,
    "Forehead Back / Forward":-0.54979401826859,
    "Jaw Thin / Wide":0.23999999463558,
    "Brow Ridge Outer Down / Up":0.61771297454834,
    "Chin Small / Large":-0.056464999914169
  },
  "Name":"BP_BanditBlackBowBoss4Female2_C"
}