{
  "ModName":"RaceMenuUtilities",
  "FaceBaseMesh":"/Game/Art/Character/WoodElf/SK_WoodElf_Head_m.SK_WoodElf_Head_m",
  "Author":"Bethesda",
  "Date":"2025-06-04 20:30:48",
  "SkinColorsMapL":{
    "Lipstick Color":{
      "A":1.0,
      "B":1.0,
      "G":1.0,
      "R":1.0
    },
    "Eyeliner Tone":{
      "A":1.0,
      "B":1.0,
      "G":1.0,
      "R":1.0
    },
    "Root DyeColor":{
      "A":1.0,
      "B":1.0,
      "G":1.0,
      "R":1.0
    },
    "Tip DyeColor":{
      "A":1.0,
      "B":1.0,
      "G":1.0,
      "R":1.0
    },
    "Skin Tone":{
      "A":1.0,
      "B":1.0,
      "G":1.0,
      "R":1.0
    }
  },
  "APIVersion":"v2",
  "FaceMorphValuesMap":{
    "Eyes Small / Large":0.0,
    "Jaw Thin / Wide":-0.1344717592001,
    "Brow Ridge Low / High":-0.095958076417446,
    "Chin Retracted / Jutting":-0.17736904323101,
    "Face Thin / Wide":-0.3804817199707,
    "Hair Length":0.0,
    "Chin Backward / Forward":0.20569591224194,
    "Vampire":0.0,
    "Mouth Underbite / Overbite":0.010891628451645,
    "Eyes Inward / Outward":-0.35672503709793,
    "Mouth Sad / Happy":-0.1403644233942,
    "Jaw Retracted / Jutting":-0.040686320513487,
    "Nose Flat / Pointed":-0.34619066119194,
    "Chin Recessed / Pronounced":-0.19108191132545,
    "Cheeks Gaunt / Round":0.29120451211929,
    "Forehead Back / Forward":-0.038752175867558,
    "Nose Sellion Down / Up":0.58836585283279,
    "Mouth Deflated / Inflated":-0.051167726516724,
    "Mouth Small / Large":0.011037254706025,
    "Nose Tilt Down / Up":0.0,
    "Nose Short / Long":0.0,
    "Mouth Drawn / Pursed":0.12832914292812,
    "Chin Short / Tall":-0.33337259292603,
    "Nose Sellion Thin / Wide":0.0,
    "Jaw Neck Slope Low / High":0.11825783550739,
    "Cheekbones Shallow / Pronounced":-0.14839999377728,
    "Nose Sellion Shallow / Deep":0.0,
    "Mouth Tilt Down / Up":0.17436288297176,
    "Brow / Nose / Chin Ratio":0.50408571958542,
    "Brow Ridge Outer Down / Up":-0.19981430470943,
    "Chin Small / Large":0.45850226283073,
    "Mouth Retracted / Puckered":-0.43203845620155,
    "Chin Thin / Wide":0.22609205543995,
    "Nose Nostrils Tilt Down / Up":0.16120456159115,
    "Face Gaunt / Round":0.053090047091246,
    "Cheekbones Thin / Wide":-0.17498749494553,
    "Forehead / Sellion / Nose Ratio":-0.087015941739082,
    "Cheekbones Low / High":-0.20908741652966,
    "Nose Bridge Short / Long":0.084184907376766,
    "Forehead Short / Tall":0.18381281197071,
    "Nose Bridge Shallow / Deep":0.53363472223282,
    "Mouth Chin Short / Long":-0.21304440498352,
    "Face Light / Heavy":0.46526381373405,
    "Nose Region Concave / Convex":-0.072803519666195,
    "Mouth Retracted / Protruding":-0.23791451752186,
    "Cheeks Concave / Convex":-0.36178383231163,
    "Nose Nostrils Small / Large":-0.62227833271027,
    "Jaw Concave / Convex":0.34732922911644,
    "Nose Down / Up":0.12527671456337,
    "Mouth Low / High":-0.084685109555721,
    "Eyes Down / Up":-0.34000000357628,
    "Chin Shallow / Deep":0.32674443721771,
    "Eyes Apart / Together":0.75999999046326,
    "Brow Ridge Inner Down / Up":0.5,
    "Nose Sellion Lower Shallow / Deep":0.0,
    "Nose Nostrils Thin / Wide":0.36570936441422,
    "Forehead Small / Large":0.52599990367889
  },
  "EyeMaterial":"/Game/Art/Character/Modular/Eyes_WoodElf/MIC_WoodElf_Eyes_Yellow.MIC_WoodElf_Eyes_Yellow",
  "HairColorsL":{
    "0":{
      "A":1.0,
      "B":0.062256000936031,
      "G":0.34264698624611,
      "R":0.703125
    }
  },
  "SkinParametersMap":{
    "Complexion":0.0,
    "Freckles":0.0,
    "Ombre Amount":1.0,
    "Eylids Light/Dark":0.0,
    "Skin Tint Purple/Yellow":0.0,
    "Cheek Blush Light/Red":0.0,
    "Ombre Constrast":0.0,
    "Tip Color":0.10000000149012,
    "Eye socket Bruised/Bright":0.0,
    "Khajiit Pattern Number":0.0,
    "Skin Tint Orange/Blue":0.0,
    "Eyebrows Color Intensity":0.62000000476837,
    "Tip Redness":0.5,
    "Root Redness":0.5,
    "Root Color":0.10000000149012,
    "Skin Dark/Light":0.0,
    "Salt And Pepper":0.0,
    "Eyebrows Redness Intensity":0.0,
    "Eyeliner Light/Dark":0.0,
    "Eyelids Pale/Red":0.0,
    "Cheekbones Flushed/Pale":0.0,
    "Eye Socket Dark/Light":0.0,
    "Lipstick Amount":0.0
  },
  "SenescenceLevel":2,
  "Sex":0,
  "Description":"saved from in-game",
  "ModCreator":"animandan",
  "ModVersion":"1.1.0",
  "Hair":"/Game/Dev/Phenotypes/Hair/HP_HighElf_HR_Pony.HP_HighElf_HR_Pony",
  "Name":"BP_BanditMissileMale3B_C",
  "Race":"TESRace /Game/Forms/actors/race/WoodElf.WoodElf",
  "Body":"SkeletalMesh /Game/Art/Character/Imperial/SK_Imperial_Body_m.SK_Imperial_Body_m"
}