{
  "Sex":0,
  "HairColorsL":{
    "1":{
      "A":1.0,
      "R":0.16145800054073,
      "G":0.10424599796534,
      "B":0.061027999967337
    },
    "2":{
      "A":1.0,
      "R":0.22395800054073,
      "G":0.1452250033617,
      "B":0.08398400247097
    },
    "0":{
      "A":1.0,
      "R":0.22395800054073,
      "G":0.1452250033617,
      "B":0.08398400247097
    }
  },
  "EyeMaterial":"/Game/Art/Character/Modular/Eyes_Human/MIC_Human_Eyes_Brown2.MIC_Human_Eyes_Brown2",
  "SkinColorsMapL":{
    "Root DyeColor":{
      "A":1.0,
      "R":1.0,
      "G":1.0,
      "B":1.0
    },
    "Eyeliner Tone":{
      "A":1.0,
      "R":1.0,
      "G":1.0,
      "B":1.0
    },
    "Tip DyeColor":{
      "A":1.0,
      "R":1.0,
      "G":1.0,
      "B":1.0
    },
    "Skin Tone":{
      "A":1.0,
      "R":1.0,
      "G":1.0,
      "B":1.0
    },
    "Lipstick Color":{
      "A":1.0,
      "R":0.093058958649635,
      "G":0.0009105809731409,
      "B":0.0097212167456746
    }
  },
  "Date":"2025-06-04 19:35:54",
  "Description":"saved from in-game",
  "Name":"BP_BeggarICWaterfrontAncus_C",
  "ModCreator":"animandan",
  "ModName":"RaceMenuUtilities",
  "ModVersion":"1.1.0",
  "Mustache":"/Game/Dev/Phenotypes/Mustache/HP_Imperial_MS_Scruffy.HP_Imperial_MS_Scruffy",
  "Author":"Bethesda",
  "APIVersion":"v2",
  "Body":"SkeletalMesh /Game/Art/Character/Imperial/SK_Imperial_Body_m.SK_Imperial_Body_m",
  "FaceMorphValuesMap":{
    "Nose Nostrils Thin / Wide":-0.014713771641254,
    "Forehead / Sellion / Nose Ratio":-0.1159994378686,
    "Cheekbones Thin / Wide":-0.22454600036144,
    "Forehead Small / Large":-0.028330946341157,
    "Chin Recessed / Pronounced":-0.071898303925991,
    "Brow / Nose / Chin Ratio":0.32867643237114,
    "Jaw Thin / Wide":-0.64900499582291,
    "Cheeks Gaunt / Round":0.42002800107002,
    "Chin Backward / Forward":-0.084560260176659,
    "Chin Thin / Wide":0.0099440002813935,
    "Forehead Short / Tall":-0.077637560665607,
    "Face Thin / Wide":0.54124802350998,
    "Brow Ridge Inner Down / Up":0.091181948781013,
    "Mouth Underbite / Overbite":0.15252792835236,
    "Mouth Low / High":-0.050718482583761,
    "Vampire":0.0,
    "Face Gaunt / Round":-0.04345416650176,
    "Eyes Small / Large":0.32915222644806,
    "Mouth Drawn / Pursed":0.043745007365942,
    "Chin Retracted / Jutting":0.28228053450584,
    "Nose Tilt Down / Up":0.0,
    "Mouth Small / Large":-0.13283544778824,
    "Nose Short / Long":0.0,
    "Nose Bridge Shallow / Deep":-0.015180490911007,
    "Nose Sellion Thin / Wide":0.0,
    "Mouth Retracted / Protruding":0.064132876694202,
    "Nose Sellion Shallow / Deep":0.0,
    "Jaw Retracted / Jutting":-0.083665996789932,
    "Nose Sellion Down / Up":0.16383916139603,
    "Eyes Inward / Outward":0.28810170292854,
    "Nose Region Concave / Convex":0.040621023625135,
    "Brow Ridge Outer Down / Up":-0.0012995722936466,
    "Nose Nostrils Small / Large":0.55965316295624,
    "Eyes Apart / Together":-0.12007601559162,
    "Nose Nostrils Tilt Down / Up":-0.15828636288643,
    "Nose Flat / Pointed":-0.010199019685388,
    "Mouth Tilt Down / Up":-0.21119160950184,
    "Jaw Concave / Convex":0.3732313811779,
    "Mouth Sad / Happy":0.025124505162239,
    "Cheekbones Shallow / Pronounced":0.52631998062134,
    "Face Light / Heavy":0.32987752556801,
    "Nose Down / Up":0.11365094035864,
    "Chin Short / Tall":-0.13603900372982,
    "Eyes Down / Up":-0.049358017742634,
    "Cheeks Concave / Convex":-0.29042333364487,
    "Nose Bridge Short / Long":0.053210895508528,
    "Mouth Chin Short / Long":-0.045865382999182,
    "Nose Sellion Lower Shallow / Deep":0.0,
    "Mouth Retracted / Puckered":-0.10050757229328,
    "Hair Length":0.0,
    "Mouth Deflated / Inflated":0.19794481992722,
    "Chin Shallow / Deep":0.66922241449356,
    "Jaw Neck Slope Low / High":0.13264857232571,
    "Brow Ridge Low / High":-0.56453847885132,
    "Cheekbones Low / High":-0.14722509682178,
    "Forehead Back / Forward":-0.35471987724304,
    "Chin Small / Large":-0.037215203046799
  },
  "Hair":"/Game/Dev/Phenotypes/Hair/HP_HighElf_HR_Classic.HP_HighElf_HR_Classic",
  "Beard":"/Game/Dev/Phenotypes/Beard/HP_Imperial_BD_Goatee.HP_Imperial_BD_Goatee",
  "SkinParametersMap":{
    "Complexion":0.5,
    "Ombre Constrast":0.0,
    "Eye socket Bruised/Bright":0.0,
    "Root Redness":1.0,
    "Khajiit Pattern Number":0.0,
    "Eyebrows Redness Intensity":1.0,
    "Root Color":0.5,
    "Cheek Blush Light/Red":0.0,
    "Eyebrows Color Intensity":0.46441900730133,
    "Cheekbones Flushed/Pale":0.0,
    "Lipstick Amount":0.0,
    "Tip Redness":1.0,
    "Eyelids Pale/Red":0.0,
    "Tip Color":0.5,
    "Ombre Amount":1.0,
    "Salt And Pepper":0.0,
    "Freckles":0.0
  },
  "FaceBaseMesh":"/Game/Art/Character/Imperial/SK_Imperial_Head_m.SK_Imperial_Head_m",
  "Race":"TESRace /Game/Forms/actors/race/Imperial.Imperial",
  "SenescenceLevel":4
}