{
  "ModName":"RaceMenuUtilities",
  "FaceBaseMesh":"/Game/Art/Character/Imperial/SK_Imperial_Head_m.SK_Imperial_Head_m",
  "Author":"Bethesda",
  "Date":"2025-06-04 20:30:50",
  "SkinColorsMapL":{
    "Lipstick Color":{
      "A":1.0,
      "B":1.0,
      "G":1.0,
      "R":1.0
    },
    "Eyeliner Tone":{
      "A":1.0,
      "B":0.3662526011467,
      "G":0.3662526011467,
      "R":0.3662526011467
    },
    "Root DyeColor":{
      "A":1.0,
      "B":1.0,
      "G":1.0,
      "R":1.0
    },
    "Tip DyeColor":{
      "A":1.0,
      "B":0.01161224488169,
      "G":0.21586050093174,
      "R":1.0
    },
    "Skin Tone":{
      "A":1.0,
      "B":0.24620132148266,
      "G":0.34670406579971,
      "R":0.50288647413254
    }
  },
  "APIVersion":"v2",
  "FaceMorphValuesMap":{
    "Eyes Small / Large":-0.68976002931595,
    "Jaw Thin / Wide":0.045330602675676,
    "Brow Ridge Low / High":-1.0,
    "Chin Retracted / Jutting":-0.17873437702656,
    "Face Thin / Wide":0.14922158420086,
    "Hair Length":0.0,
    "Chin Backward / Forward":0.0021919519640505,
    "Vampire":0.0,
    "Mouth Underbite / Overbite":-0.16792052984238,
    "Eyes Inward / Outward":0.25352218747139,
    "Mouth Sad / Happy":0.23451495170593,
    "Jaw Retracted / Jutting":-0.2504124045372,
    "Nose Flat / Pointed":0.020515920594335,
    "Chin Recessed / Pronounced":0.11441653221846,
    "Cheeks Gaunt / Round":-0.0052025332115591,
    "Forehead Back / Forward":-0.10273974388838,
    "Nose Sellion Down / Up":0.072859078645706,
    "Mouth Deflated / Inflated":0.15664619207382,
    "Mouth Small / Large":-0.22827358543873,
    "Nose Tilt Down / Up":0.0,
    "Nose Short / Long":0.0,
    "Mouth Drawn / Pursed":-0.30388939380646,
    "Chin Short / Tall":-0.41729599237442,
    "Nose Sellion Thin / Wide":0.0,
    "Jaw Neck Slope Low / High":-0.08218114823103,
    "Cheekbones Shallow / Pronounced":-0.18709342181683,
    "Nose Sellion Shallow / Deep":0.0,
    "Mouth Tilt Down / Up":0.20570562779903,
    "Brow / Nose / Chin Ratio":0.035385154187679,
    "Brow Ridge Outer Down / Up":0.4250679910183,
    "Chin Small / Large":-0.17883567512035,
    "Mouth Retracted / Puckered":0.099102139472961,
    "Chin Thin / Wide":0.18994027376175,
    "Nose Nostrils Tilt Down / Up":-0.13075540959835,
    "Face Gaunt / Round":0.25251027941704,
    "Cheekbones Thin / Wide":-0.19479039311409,
    "Forehead / Sellion / Nose Ratio":-0.32863458991051,
    "Cheekbones Low / High":0.043697737157345,
    "Nose Bridge Short / Long":-0.23662601411343,
    "Forehead Short / Tall":0.32441133260727,
    "Nose Bridge Shallow / Deep":-0.1641628742218,
    "Mouth Chin Short / Long":-0.18825240433216,
    "Face Light / Heavy":0.0039740628562868,
    "Nose Region Concave / Convex":-0.1520624756813,
    "Mouth Retracted / Protruding":0.034061804413795,
    "Cheeks Concave / Convex":-0.16593636572361,
    "Nose Nostrils Small / Large":0.01445312704891,
    "Jaw Concave / Convex":0.11629547923803,
    "Nose Down / Up":-0.29333823919296,
    "Mouth Low / High":0.25418511033058,
    "Eyes Down / Up":0.089196264743805,
    "Chin Shallow / Deep":-0.092897213995457,
    "Eyes Apart / Together":0.44126299023628,
    "Brow Ridge Inner Down / Up":-0.23377600312233,
    "Nose Sellion Lower Shallow / Deep":0.0,
    "Nose Nostrils Thin / Wide":0.20103143155575,
    "Forehead Small / Large":-0.11320563405752
  },
  "HairColorsL":{
    "1":{
      "A":1.0,
      "B":0.084376208484173,
      "G":0.14412847161293,
      "R":0.22322796285152
    },
    "2":{
      "A":1.0,
      "B":0.084376208484173,
      "G":0.14412847161293,
      "R":0.22322796285152
    },
    "0":{
      "A":1.0,
      "B":0.0060488330200315,
      "G":0.01032982300967,
      "R":0.021219009533525
    }
  },
  "SkinParametersMap":{
    "Eylids Light/Dark":0.0,
    "Ombre Amount":0.0,
    "Complexion":0.0,
    "Lipstick Dark Red/Light Blue":0.0,
    "Eyeshadow Light/Dark":0.0,
    "Root Color":0.10000000149012,
    "Skin Tint Orange/Blue":0.0,
    "Eyelids Light/Dark":0.0,
    "Naso Small/Large":0.0,
    "Tip Redness":0.5,
    "Skin Tint Purple/Yellow":-0.10000000149012,
    "Lipstick Amount":0.0,
    "Cheek Blush Light/Red":0.10000000149012,
    "Root Redness":0.5,
    "Lips Flushed/Pale":0.0,
    "Ombre Constrast":0.0,
    "Tip Color":0.21999999880791,
    "Eye Sockets Bruised/Bright":0.0,
    "Freckles":-1.0,
    "Cheekbones Flushed/Pale":0.77999997138977,
    "Eyebrows Color Intensity":0.0,
    "Naso Labial Lines Light/Dark":0.0,
    "Lipstick Dark Blue/Light Red":0.0,
    "Eye Socket Dark/Light":0.0,
    "Eye socket Bruised/Bright":0.0,
    "Salt And Pepper":0.0,
    "Eyebrows Redness Intensity":0.0,
    "Eyeliner Light/Dark":0.0,
    "Age":0.0,
    "Skin Dark/Light":-0.15999999642372,
    "Eyelids Pale/Red":0.0,
    "Eye Sockets Dark/Light":0.0
  },
  "Mustache":"/Game/Dev/Phenotypes/Mustache/HP_Imperial_MS_Scruffy.HP_Imperial_MS_Scruffy",
  "SenescenceLevel":2,
  "Sex":0,
  "Description":"saved from in-game",
  "Beard":"/Game/Dev/Phenotypes/Beard/HP_Imperial_BD_Scruffy.HP_Imperial_BD_Scruffy",
  "ModCreator":"animandan",
  "ModVersion":"1.1.0",
  "Name":"BP_BrumaGuardCastlePostDay02_C",
  "Hair":"/Game/Dev/Phenotypes/Hair/HP_HR_Loose.HP_HR_Loose",
  "Race":"TESRace /Game/Forms/actors/race/Imperial.Imperial",
  "Body":"SkeletalMesh /Game/Art/Character/Imperial/SK_Imperial_Body_m.SK_Imperial_Body_m"
}