{
  "ModName":"RaceMenuUtilities",
  "FaceBaseMesh":"/Game/Art/Character/Nord/SK_Nord_Head_m.SK_Nord_Head_m",
  "Author":"Bethesda",
  "Date":"2025-06-04 20:30:52",
  "SkinColorsMapL":{
    "Lipstick Color":{
      "A":1.0,
      "B":1.0,
      "G":1.0,
      "R":1.0
    },
    "Eyeliner Tone":{
      "A":1.0,
      "B":1.0,
      "G":1.0,
      "R":1.0
    },
    "Root DyeColor":{
      "A":1.0,
      "B":1.0,
      "G":1.0,
      "R":1.0
    },
    "Tip DyeColor":{
      "A":1.0,
      "B":1.0,
      "G":1.0,
      "R":1.0
    },
    "Skin Tone":{
      "A":1.0,
      "B":1.0,
      "G":1.0,
      "R":1.0
    }
  },
  "Name":"BP_Burd_C",
  "FaceMorphValuesMap":{
    "Eyes Small / Large":-0.019039584323764,
    "Jaw Thin / Wide":-0.17794999480247,
    "Brow Ridge Low / High":0.5,
    "Chin Retracted / Jutting":0.011349000036716,
    "Face Thin / Wide":-0.28000000119209,
    "Hair Length":0.0,
    "Chin Backward / Forward":-0.18875500559807,
    "Vampire":0.0,
    "Mouth Underbite / Overbite":0.0,
    "Eyes Inward / Outward":-0.25713899731636,
    "Mouth Sad / Happy":0.40823900699615,
    "Jaw Retracted / Jutting":-0.18481086194515,
    "Nose Flat / Pointed":0.0,
    "Chin Recessed / Pronounced":0.085653997957706,
    "Cheeks Gaunt / Round":0.3011029958725,
    "Forehead Back / Forward":-0.095813997089863,
    "Nose Sellion Down / Up":0.0,
    "Mouth Deflated / Inflated":0.0,
    "Mouth Small / Large":-0.40449398756027,
    "Nose Tilt Down / Up":0.0,
    "Nose Short / Long":0.039475999772549,
    "Mouth Drawn / Pursed":0.0,
    "Chin Short / Tall":-0.5876100063324,
    "Nose Sellion Thin / Wide":-0.20000000298023,
    "Jaw Neck Slope Low / High":-0.2150239944458,
    "Cheekbones Shallow / Pronounced":0.14309300482273,
    "Nose Sellion Shallow / Deep":-0.11999999731779,
    "Mouth Tilt Down / Up":-0.10000000149012,
    "Brow / Nose / Chin Ratio":0.0,
    "Brow Ridge Outer Down / Up":0.14970499277115,
    "Chin Small / Large":-0.16000099480152,
    "Mouth Retracted / Puckered":0.0,
    "Chin Thin / Wide":0.33092701435089,
    "Nose Nostrils Tilt Down / Up":0.0,
    "Face Gaunt / Round":0.0,
    "Cheekbones Thin / Wide":-0.11979100108147,
    "Forehead / Sellion / Nose Ratio":-0.012767000123858,
    "Cheekbones Low / High":0.036290194839239,
    "Nose Bridge Short / Long":0.0,
    "Forehead Short / Tall":-0.26680400967598,
    "Nose Bridge Shallow / Deep":0.0,
    "Mouth Chin Short / Long":0.0,
    "Face Light / Heavy":0.20166300237179,
    "Nose Region Concave / Convex":0.0,
    "Mouth Retracted / Protruding":0.0,
    "Cheeks Concave / Convex":-0.20580300688744,
    "Nose Nostrils Small / Large":0.0,
    "Jaw Concave / Convex":-0.004060999955982,
    "Nose Down / Up":0.0,
    "Mouth Low / High":-0.22761000692844,
    "Eyes Down / Up":-0.052278757095337,
    "Chin Shallow / Deep":-0.17005300521851,
    "Eyes Apart / Together":0.44943800568581,
    "Brow Ridge Inner Down / Up":0.049885999411345,
    "Nose Sellion Lower Shallow / Deep":-0.059999998658895,
    "Nose Nostrils Thin / Wide":0.0,
    "Forehead Small / Large":-0.48092898726463
  },
  "EyeMaterial":"/Game/Art/Character/Modular/Eyes_Human/MIC_Human_Eyes_Blue1.MIC_Human_Eyes_Blue1",
  "HairColorsL":{
    "1":{
      "A":1.0,
      "B":0.08398400247097,
      "G":0.1452250033617,
      "R":0.22395800054073
    },
    "2":{
      "A":1.0,
      "B":0.061027999967337,
      "G":0.10424599796534,
      "R":0.16145800054073
    },
    "0":{
      "A":1.0,
      "B":1.0,
      "G":1.0,
      "R":1.0
    }
  },
  "SkinParametersMap":{
    "Complexion":0.49438199400902,
    "Freckles":0.0,
    "Ombre Amount":1.0,
    "Root Redness":0.0,
    "Cheek Blush Light/Red":0.34082400798798,
    "Ombre Constrast":0.0,
    "Tip Color":0.75460702180862,
    "Eye socket Bruised/Bright":-0.0711610019207,
    "Eyebrows Color Intensity":0.50561797618866,
    "Tip Redness":0.0,
    "Salt And Pepper":0.0,
    "Eyebrows Redness Intensity":0.0,
    "Khajiit Pattern Number":0.0,
    "Root Color":0.0,
    "Cheekbones Flushed/Pale":0.0,
    "Eyelids Pale/Red":0.0,
    "Lipstick Amount":0.014980999752879
  },
  "Mustache":"/Game/Dev/Phenotypes/Mustache/HP_Nord_MS_Short.HP_Nord_MS_Short",
  "SenescenceLevel":4,
  "Sex":0,
  "Description":"saved from in-game",
  "Beard":"/Game/Dev/Phenotypes/Beard/HP_New_ChinGoatee.HP_New_ChinGoatee",
  "ModCreator":"animandan",
  "ModVersion":"1.1.0",
  "APIVersion":"v2",
  "Hair":"/Game/Dev/Phenotypes/Hair/HP_HighElf_HR_Classic.HP_HighElf_HR_Classic",
  "Race":"TESRace /Game/Forms/actors/race/Nord.Nord",
  "Body":"SkeletalMesh /Game/Art/Character/Imperial/SK_Imperial_Body_m.SK_Imperial_Body_m"
}