{
  "Name":"BP_CGMythicDawnAssassinGeneric_C",
  "Sex":0,
  "APIVersion":"v2",
  "Description":"saved from in-game",
  "SkinParametersMap":{
    "Naso Labial Lines Light/Dark":0.0,
    "Salt And Pepper":0.0,
    "Complexion":0.41999998688698,
    "Eyelids Light/Dark":0.0,
    "Ombre Amount":1.0,
    "Ombre Constrast":1.0,
    "Skin Tint Purple/Yellow":0.0,
    "Eyebrows Color Intensity":0.0,
    "Tip Redness":0.5,
    "Tip Color":0.5799999833107,
    "Eye socket Bruised/Bright":0.0,
    "Eye Socket Dark/Light":0.0,
    "Cheekbones Flushed/Pale":0.56000000238419,
    "Lips Flushed/Pale":0.0,
    "Lipstick Dark Blue/Light Red":0.0,
    "Lipstick Amount":0.0,
    "Cheek Blush Light/Red":0.0,
    "Eye Sockets Bruised/Bright":0.0,
    "Eyebrows Redness Intensity":0.0,
    "Skin Dark/Light":0.0,
    "Skin Tint Orange/Blue":0.0,
    "Eyelids Pale/Red":0.0,
    "Lipstick Dark Red/Light Blue":0.0,
    "Root Color":0.10000000149012,
    "Eyeshadow Light/Dark":0.0,
    "Root Redness":0.5,
    "Eye Sockets Dark/Light":0.0,
    "Eylids Light/Dark":0.0,
    "Naso Small/Large":0.0,
    "Freckles":0.0,
    "Eyeliner Light/Dark":0.0,
    "Age":0.0
  },
  "Race":"TESRace /Game/Forms/actors/race/Imperial.Imperial",
  "Hair":"/Game/Dev/Phenotypes/Hair/HP_HR_Cropped.HP_HR_Cropped",
  "FaceMorphValuesMap":{
    "Brow Ridge Inner Down / Up":0.10699667036533,
    "Cheeks Gaunt / Round":-0.25145852565765,
    "Mouth Low / High":0.0,
    "Forehead Short / Tall":0.13088569045067,
    "Cheeks Concave / Convex":0.19780245423317,
    "Eyes Small / Large":-0.59896302223206,
    "Jaw Retracted / Jutting":-0.54682600498199,
    "Nose Sellion Down / Up":0.14000000059605,
    "Jaw Concave / Convex":0.32523408532143,
    "Hair Length":0.0,
    "Vampire":0.0,
    "Mouth Drawn / Pursed":0.0,
    "Nose Bridge Shallow / Deep":0.12797068059444,
    "Face Thin / Wide":0.12051635235548,
    "Chin Recessed / Pronounced":-0.1390687674284,
    "Cheekbones Low / High":0.16671651601791,
    "Forehead Small / Large":-0.20063599944115,
    "Forehead Back / Forward":-0.15277999639511,
    "Chin Backward / Forward":0.033135998994112,
    "Face Gaunt / Round":-0.086921744048595,
    "Eyes Apart / Together":0.58199000358582,
    "Jaw Neck Slope Low / High":0.21989695727825,
    "Nose Tilt Down / Up":0.0,
    "Nose Short / Long":0.0,
    "Nose Sellion Thin / Wide":0.0,
    "Mouth Retracted / Puckered":0.0,
    "Nose Region Concave / Convex":0.11999999731779,
    "Jaw Thin / Wide":0.49083542823792,
    "Nose Sellion Shallow / Deep":0.0,
    "Nose Nostrils Small / Large":-0.040396999567747,
    "Nose Sellion Lower Shallow / Deep":0.47999998927116,
    "Chin Thin / Wide":0.1164345741272,
    "Nose Nostrils Thin / Wide":0.0,
    "Nose Nostrils Tilt Down / Up":0.0,
    "Nose Flat / Pointed":-0.0589350014925,
    "Cheekbones Thin / Wide":0.20646399259567,
    "Brow Ridge Low / High":-0.425989985466,
    "Nose Down / Up":0.43938955664635,
    "Nose Bridge Short / Long":0.086017958819866,
    "Mouth Chin Short / Long":0.0,
    "Mouth Underbite / Overbite":0.0,
    "Eyes Inward / Outward":-0.011523077264428,
    "Mouth Retracted / Protruding":0.0,
    "Mouth Tilt Down / Up":0.0,
    "Chin Short / Tall":-0.1239620000124,
    "Chin Retracted / Jutting":-0.0032829807605594,
    "Forehead / Sellion / Nose Ratio":-0.42522755265236,
    "Mouth Sad / Happy":0.0,
    "Eyes Down / Up":-0.29449138045311,
    "Mouth Deflated / Inflated":0.0,
    "Chin Shallow / Deep":0.11143054813147,
    "Brow Ridge Outer Down / Up":0.47033900022507,
    "Chin Small / Large":0.25815802812576,
    "Face Light / Heavy":0.12446980923414,
    "Mouth Small / Large":0.0,
    "Brow / Nose / Chin Ratio":-0.0036515325773507,
    "Cheekbones Shallow / Pronounced":0.090069100260735
  },
  "Author":"Bethesda",
  "ModCreator":"animandan",
  "ModName":"RaceMenuUtilities",
  "SkinColorsMapL":{
    "Root DyeColor":{
      "B":1.0,
      "G":1.0,
      "R":1.0,
      "A":1.0
    },
    "Eyeliner Tone":{
      "B":1.0,
      "G":1.0,
      "R":1.0,
      "A":1.0
    },
    "Tip DyeColor":{
      "B":1.0,
      "G":1.0,
      "R":1.0,
      "A":1.0
    },
    "Lipstick Color":{
      "B":1.0,
      "G":1.0,
      "R":1.0,
      "A":1.0
    },
    "Skin Tone":{
      "B":0.84313601255417,
      "G":0.94270801544189,
      "R":0.94270801544189,
      "A":1.0
    }
  },
  "HairColorsL":{
    "0":{
      "B":1.0,
      "G":1.0,
      "R":1.0,
      "A":1.0
    }
  },
  "Body":"SkeletalMesh /Game/Art/Character/Imperial/SK_Imperial_Body_m.SK_Imperial_Body_m",
  "FaceBaseMesh":"/Game/Art/Character/Imperial/SK_Imperial_Head_m.SK_Imperial_Head_m",
  "EyeMaterial":"/Game/Art/Character/Modular/Eyes_Human/MIC_Human_Eyes_Red3.MIC_Human_Eyes_Red3",
  "ModVersion":"1.1.0",
  "SenescenceLevel":3,
  "Date":"2025-06-05 19:58:50"
}