{
  "ModName":"RaceMenuUtilities",
  "FaceBaseMesh":"/Game/Art/Character/Imperial/SK_Imperial_Head_F.SK_Imperial_Head_F",
  "Author":"Bethesda",
  "Date":"2025-06-04 20:30:52",
  "SkinColorsMapL":{
    "Lipstick Color":{
      "A":1.0,
      "B":0.0,
      "G":0.0,
      "R":0.52083301544189
    },
    "Eyeliner Tone":{
      "A":1.0,
      "B":0.2086368650198,
      "G":0.2086368650198,
      "R":0.2086368650198
    },
    "Root DyeColor":{
      "A":1.0,
      "B":1.0,
      "G":1.0,
      "R":1.0
    },
    "Tip DyeColor":{
      "A":1.0,
      "B":0.0082210004329681,
      "G":0.31397101283073,
      "R":0.97344499826431
    },
    "Skin Tone":{
      "A":1.0,
      "B":0.90196400880814,
      "G":0.98578900098801,
      "R":0.98958301544189
    }
  },
  "APIVersion":"v2",
  "FaceMorphValuesMap":{
    "Eyes Small / Large":-0.79738402366638,
    "Jaw Thin / Wide":0.69999998807907,
    "Brow Ridge Low / High":0.0,
    "Chin Retracted / Jutting":0.0,
    "Face Thin / Wide":-0.63088500499725,
    "Hair Length":0.0,
    "Chin Backward / Forward":0.0,
    "Vampire":0.0,
    "Mouth Underbite / Overbite":0.0,
    "Eyes Inward / Outward":0.18501399457455,
    "Mouth Sad / Happy":0.62000000476837,
    "Jaw Retracted / Jutting":0.36000001430511,
    "Nose Flat / Pointed":-0.18000000715256,
    "Chin Recessed / Pronounced":0.0,
    "Cheeks Gaunt / Round":0.28726598620415,
    "Forehead Back / Forward":0.20151400566101,
    "Nose Sellion Down / Up":0.0,
    "Mouth Deflated / Inflated":-0.25999999046326,
    "Mouth Small / Large":-0.34000000357628,
    "Nose Tilt Down / Up":-0.15999999642372,
    "Nose Short / Long":0.5799999833107,
    "Mouth Drawn / Pursed":0.66000002622604,
    "Chin Short / Tall":0.0,
    "Nose Sellion Thin / Wide":0.18000000715256,
    "Jaw Neck Slope Low / High":0.26647898554802,
    "Cheekbones Shallow / Pronounced":-0.53945797681808,
    "Nose Sellion Shallow / Deep":-0.40000000596046,
    "Mouth Tilt Down / Up":0.0,
    "Brow / Nose / Chin Ratio":0.11791951954365,
    "Brow Ridge Outer Down / Up":0.0,
    "Chin Small / Large":0.0,
    "Mouth Retracted / Puckered":0.0,
    "Chin Thin / Wide":0.0,
    "Nose Nostrils Tilt Down / Up":0.0,
    "Face Gaunt / Round":0.043980345129967,
    "Cheekbones Thin / Wide":-0.33358600735664,
    "Forehead / Sellion / Nose Ratio":0.0,
    "Cheekbones Low / High":0.34488847851753,
    "Nose Bridge Short / Long":0.0,
    "Forehead Short / Tall":0.24542300403118,
    "Nose Bridge Shallow / Deep":0.56000000238419,
    "Mouth Chin Short / Long":0.0,
    "Face Light / Heavy":0.15913699567318,
    "Nose Region Concave / Convex":-0.21999999880791,
    "Mouth Retracted / Protruding":0.0,
    "Cheeks Concave / Convex":0.23128700256348,
    "Nose Nostrils Small / Large":0.0,
    "Jaw Concave / Convex":-0.1553799957037,
    "Nose Down / Up":0.0,
    "Mouth Low / High":0.0,
    "Eyes Down / Up":0.30422142148018,
    "Chin Shallow / Deep":0.47999998927116,
    "Eyes Apart / Together":0.89392602443695,
    "Brow Ridge Inner Down / Up":0.0,
    "Nose Sellion Lower Shallow / Deep":0.0,
    "Nose Nostrils Thin / Wide":0.10000000149012,
    "Forehead Small / Large":0.28951498866081
  },
  "EyeMaterial":"/Game/Art/Character/Modular/Eyes_Human/MIC_Human_Eyes_Yellow3.MIC_Human_Eyes_Yellow3",
  "HairColorsL":{
    "0":{
      "A":1.0,
      "B":0.0060488330200315,
      "G":0.01032982300967,
      "R":0.021219009533525
    }
  },
  "SkinParametersMap":{
    "Eylids Light/Dark":0.0,
    "Ombre Amount":1.0,
    "Complexion":0.31999999284744,
    "Lipstick Dark Red/Light Blue":0.14000000059605,
    "Eyeshadow Light/Dark":0.0,
    "Root Color":0.20973800122738,
    "Skin Tint Orange/Blue":0.0,
    "Eyelids Light/Dark":0.0,
    "Naso Small/Large":0.0,
    "Tip Redness":0.0,
    "Skin Tint Purple/Yellow":0.0,
    "Lipstick Amount":0.10000000149012,
    "Cheek Blush Light/Red":0.68000000715256,
    "Root Redness":0.0,
    "Lips Flushed/Pale":0.30000001192093,
    "Ombre Constrast":1.0,
    "Tip Color":0.0,
    "Eye Sockets Bruised/Bright":0.0,
    "Freckles":0.0,
    "Cheekbones Flushed/Pale":0.0,
    "Eyebrows Color Intensity":0.69999998807907,
    "Naso Labial Lines Light/Dark":0.0,
    "Lipstick Dark Blue/Light Red":0.0,
    "Eye Socket Dark/Light":0.0,
    "Eye socket Bruised/Bright":0.0,
    "Salt And Pepper":0.0,
    "Eyebrows Redness Intensity":0.0,
    "Eyeliner Light/Dark":0.0,
    "Age":0.0,
    "Skin Dark/Light":0.0,
    "Eyelids Pale/Red":0.5799999833107,
    "Eye Sockets Dark/Light":0.0
  },
  "SenescenceLevel":4,
  "Sex":1,
  "Description":"saved from in-game",
  "ModCreator":"animandan",
  "ModVersion":"1.1.0",
  "Hair":"/Game/Dev/Phenotypes/Hair/HP_Imperial_HR_Coil.HP_Imperial_HR_Coil",
  "Name":"BP_CaeliaDraconis_C",
  "Race":"TESRace /Game/Forms/actors/race/Imperial.Imperial",
  "Body":"SkeletalMesh /Game/Art/Character/Imperial/SK_Imperial_Body_m.SK_Imperial_Body_m"
}