{
  "APIVersion":"v2",
  "SkinParametersMap":{
    "Tip Color":0.5,
    "Ombre Constrast":1.0,
    "Complexion":0.20000000298023,
    "Ombre Amount":1.0,
    "Khajiit Pattern Number":0.0,
    "Lipstick Amount":-0.019999999552965,
    "Salt And Pepper":0.0,
    "Skin Dark/Light":0.0,
    "Root Redness":0.0,
    "Eye socket Bruised/Bright":0.0,
    "Freckles":0.0,
    "Eyeliner Light/Dark":0.0,
    "Eyebrows Redness Intensity":1.0,
    "Eye Socket Dark/Light":0.0,
    "Eyebrows Color Intensity":0.61910098791122,
    "Root Color":0.20973800122738,
    "Cheek Blush Light/Red":0.0,
    "Eylids Light/Dark":0.0,
    "Skin Tint Orange/Blue":0.0,
    "Tip Redness":1.0,
    "Cheekbones Flushed/Pale":0.0,
    "Eyelids Pale/Red":0.28000000119209,
    "Skin Tint Purple/Yellow":0.15999999642372
  },
  "Author":"Bethesda",
  "Race":"TESRace /Game/Forms/actors/race/Breton.Breton",
  "HairColorsL":{
    "0":{
      "R":0.0051819998770952,
      "G":0.0018210000125691,
      "B":0.0018210000125691,
      "A":1.0
    }
  },
  "Body":"SkeletalMesh /Game/Art/Character/Imperial/SK_Imperial_Body_m.SK_Imperial_Body_m",
  "Date":"2025-06-04 19:28:12",
  "SkinColorsMapL":{
    "Root DyeColor":{
      "R":1.0,
      "G":1.0,
      "B":1.0,
      "A":1.0
    },
    "Eyeliner Tone":{
      "R":0.56770801544189,
      "G":0.56770801544189,
      "B":0.56770801544189,
      "A":1.0
    },
    "Lipstick Color":{
      "R":1.0,
      "G":1.0,
      "B":1.0,
      "A":1.0
    },
    "Skin Tone":{
      "R":1.0,
      "G":0.88123202323914,
      "B":0.95620399713516,
      "A":1.0
    },
    "Tip DyeColor":{
      "R":1.0,
      "G":1.0,
      "B":1.0,
      "A":1.0
    }
  },
  "ModCreator":"animandan",
  "Sex":1,
  "ModName":"RaceMenuUtilities",
  "EyeMaterial":"/Game/Art/Character/Modular/Eyes_Human/MIC_Human_Eyes_Red1.MIC_Human_Eyes_Red1",
  "ModVersion":"1.1.0",
  "FaceBaseMesh":"/Game/Art/Character/Breton/SK_Breton_Head_f.SK_Breton_Head_f",
  "Hair":"/Game/Dev/Phenotypes/Hair/HP_Human_HR_Short.HP_Human_HR_Short",
  "Description":"saved from in-game",
  "SenescenceLevel":1,
  "FaceMorphValuesMap":{
    "Face Gaunt / Round":-0.37924534082413,
    "Nose Short / Long":-0.15999999642372,
    "Nose Tilt Down / Up":0.0,
    "Mouth Sad / Happy":-0.57018345594406,
    "Mouth Retracted / Protruding":-0.42708799242973,
    "Chin Short / Tall":-0.5,
    "Cheekbones Low / High":-0.27209958434105,
    "Nose Nostrils Tilt Down / Up":0.0,
    "Mouth Deflated / Inflated":-0.34900999069214,
    "Hair Length":0.0,
    "Nose Sellion Shallow / Deep":0.0,
    "Chin Shallow / Deep":-0.74301701784134,
    "Jaw Concave / Convex":0.4551460146904,
    "Brow Ridge Low / High":-0.29807323217392,
    "Chin Recessed / Pronounced":0.18713949620724,
    "Mouth Tilt Down / Up":-0.08390399813652,
    "Nose Sellion Thin / Wide":0.0,
    "Cheeks Gaunt / Round":-0.052085023373365,
    "Nose Sellion Lower Shallow / Deep":0.0,
    "Nose Sellion Down / Up":0.0,
    "Cheeks Concave / Convex":0.50330400466919,
    "Nose Region Concave / Convex":0.0,
    "Eyes Inward / Outward":0.16734901070595,
    "Nose Nostrils Thin / Wide":0.0,
    "Brow Ridge Inner Down / Up":0.26873499155045,
    "Eyes Apart / Together":0.23510000109673,
    "Mouth Underbite / Overbite":0.0,
    "Chin Retracted / Jutting":-0.016596477478743,
    "Brow / Nose / Chin Ratio":0.28669887781143,
    "Nose Bridge Short / Long":0.0,
    "Mouth Low / High":-0.082483999431133,
    "Forehead Small / Large":0.11999999731779,
    "Nose Bridge Shallow / Deep":0.0,
    "Eyes Small / Large":0.0,
    "Forehead / Sellion / Nose Ratio":0.2882713675499,
    "Mouth Chin Short / Long":0.0,
    "Forehead Short / Tall":-0.37999999523163,
    "Eyes Down / Up":0.0,
    "Vampire":0.0,
    "Mouth Retracted / Puckered":-0.031834382563829,
    "Jaw Retracted / Jutting":0.36747148633003,
    "Mouth Drawn / Pursed":-0.23654547333717,
    "Cheekbones Thin / Wide":0.31790241599083,
    "Nose Down / Up":0.0,
    "Jaw Neck Slope Low / High":0.31017199158669,
    "Chin Thin / Wide":0.55123400688171,
    "Cheekbones Shallow / Pronounced":0.075641982257366,
    "Nose Nostrils Small / Large":0.0,
    "Nose Flat / Pointed":0.0,
    "Face Thin / Wide":-0.19535729289055,
    "Chin Backward / Forward":0.18712213635445,
    "Face Light / Heavy":-0.26245877146721,
    "Mouth Small / Large":-0.16241100430489,
    "Forehead Back / Forward":0.34717804193497,
    "Jaw Thin / Wide":0.83999997377396,
    "Brow Ridge Outer Down / Up":0.19434699416161,
    "Chin Small / Large":0.37309199571609
  },
  "Name":"BP_Courier4_C"
}