{
  "Sex":1,
  "HairColorsL":{
    "0":{
      "A":1.0,
      "R":0.0,
      "G":0.0,
      "B":0.0
    }
  },
  "EyeMaterial":"/Game/Art/Character/Argonian/MIC_Argonian_Eyes.MIC_Argonian_Eyes",
  "Author":"Bethesda",
  "Date":"2025-06-04 19:33:39",
  "Description":"saved from in-game",
  "Name":"BP_CitySwimmer_C",
  "ModCreator":"animandan",
  "ModName":"RaceMenuUtilities",
  "FaceBaseMesh":"/Game/Art/Character/Argonian/SK_Argonian_Head_f.SK_Argonian_Head_f",
  "ModVersion":"1.1.0",
  "Body":"SkeletalMesh /Game/Art/Character/Imperial/SK_Imperial_Body_m.SK_Imperial_Body_m",
  "FaceMorphValuesMap":{
    "Nose Nostrils Thin / Wide":-0.10609302669764,
    "Forehead / Sellion / Nose Ratio":-0.0017753839492798,
    "Cheekbones Thin / Wide":-0.23342500627041,
    "Forehead Small / Large":-0.12911902368069,
    "Chin Recessed / Pronounced":-0.11275396496058,
    "Brow / Nose / Chin Ratio":0.036043453961611,
    "Jaw Thin / Wide":0.24025300145149,
    "Cheeks Gaunt / Round":0.22767905890942,
    "Chin Backward / Forward":-0.12250553816557,
    "Chin Thin / Wide":0.12082152813673,
    "Forehead Short / Tall":-0.023335933685303,
    "Face Thin / Wide":0.27237510681152,
    "Brow Ridge Inner Down / Up":-0.24120040237904,
    "Mouth Underbite / Overbite":0.40004435181618,
    "Mouth Low / High":0.058530986309052,
    "Vampire":0.0,
    "Face Gaunt / Round":0.21672800183296,
    "Eyes Small / Large":-0.38335800170898,
    "Mouth Drawn / Pursed":0.22818057239056,
    "Chin Retracted / Jutting":-0.1761554479599,
    "Nose Tilt Down / Up":0.0,
    "Mouth Small / Large":0.0684644728899,
    "Nose Short / Long":0.0,
    "Nose Bridge Shallow / Deep":0.13728232681751,
    "Nose Sellion Thin / Wide":0.0,
    "Mouth Retracted / Protruding":0.17553873360157,
    "Nose Sellion Shallow / Deep":0.0,
    "Jaw Retracted / Jutting":0.069902181625366,
    "Nose Sellion Down / Up":-0.043072413653135,
    "Eyes Inward / Outward":0.1672647446394,
    "Nose Region Concave / Convex":0.0091191297397017,
    "Brow Ridge Outer Down / Up":-0.21852712333202,
    "Nose Nostrils Small / Large":-0.11242117732763,
    "Eyes Apart / Together":0.021050835028291,
    "Nose Nostrils Tilt Down / Up":-0.2616979777813,
    "Nose Flat / Pointed":0.1021756157279,
    "Mouth Tilt Down / Up":0.062743477523327,
    "Jaw Concave / Convex":-0.17816486954689,
    "Mouth Sad / Happy":-0.12177314609289,
    "Cheekbones Shallow / Pronounced":0.065539203584194,
    "Face Light / Heavy":-0.20391777157784,
    "Nose Down / Up":0.014304256998003,
    "Chin Short / Tall":0.00074827671051025,
    "Eyes Down / Up":0.13806648552418,
    "Cheeks Concave / Convex":0.24589221179485,
    "Nose Bridge Short / Long":-0.022131729871035,
    "Mouth Chin Short / Long":-0.072146467864513,
    "Nose Sellion Lower Shallow / Deep":0.0,
    "Mouth Retracted / Puckered":-0.057971574366093,
    "Hair Length":0.0,
    "Mouth Deflated / Inflated":0.12950077652931,
    "Chin Shallow / Deep":0.17539103329182,
    "Jaw Neck Slope Low / High":-0.018387127667665,
    "Brow Ridge Low / High":-0.050509739667177,
    "Cheekbones Low / High":0.10949482768774,
    "Forehead Back / Forward":-0.06872034072876,
    "Chin Small / Large":0.062704674899578
  },
  "Hair":"/Game/Dev/Phenotypes/Hair/HP_Argonian_HR_FinsJeweled.HP_Argonian_HR_FinsJeweled",
  "SenescenceLevel":1,
  "APIVersion":"v2",
  "SkinParametersMap":{
    "Complexion":-0.30000001192093,
    "Eyelids Pale/Red":0.21999999880791,
    "Eye socket Bruised/Bright":-0.23999999463558,
    "Hair Desaturation for Argonian":0.0,
    "Eyeliner Light/Dark":0.0,
    "Eye Socket Dark/Light":0.0,
    "Eylids Light/Dark":0.0
  },
  "Race":"TESRace /Game/Forms/actors/race/Argonian.Argonian",
  "SkinColorsMapL":{
    "Color 1":{
      "A":1.0,
      "R":0.86805498600006,
      "G":0.62166899442673,
      "B":0.39183101058006
    },
    "Eyeliner Tone":{
      "A":1.0,
      "R":1.0,
      "G":1.0,
      "B":1.0
    },
    "Color 2":{
      "A":1.0,
      "R":1.0,
      "G":0.33329701423645,
      "B":0.23263899981976
    },
    "Color 3":{
      "A":1.0,
      "R":1.0,
      "G":0.31358200311661,
      "B":0.28041198849678
    }
  }
}