{
  "Sex":0,
  "HairColorsL":{
    "1":{
      "A":1.0,
      "R":0.22322796285152,
      "G":0.14412847161293,
      "B":0.084376208484173
    },
    "2":{
      "A":1.0,
      "R":0.22322796285152,
      "G":0.14412847161293,
      "B":0.084376208484173
    },
    "0":{
      "A":1.0,
      "R":1.0,
      "G":1.0,
      "B":1.0
    }
  },
  "EyeMaterial":"/Game/Art/Character/Modular/Eyes_Human/MIC_Human_Eyes_Brown2.MIC_Human_Eyes_Brown2",
  "SkinColorsMapL":{
    "Root DyeColor":{
      "A":1.0,
      "R":1.0,
      "G":1.0,
      "B":1.0
    },
    "Eyeliner Tone":{
      "A":1.0,
      "R":1.0,
      "G":1.0,
      "B":1.0
    },
    "Tip DyeColor":{
      "A":1.0,
      "R":1.0,
      "G":1.0,
      "B":1.0
    },
    "Skin Tone":{
      "A":1.0,
      "R":1.0,
      "G":0.94689297676086,
      "B":0.86458301544189
    },
    "Lipstick Color":{
      "A":1.0,
      "R":1.0,
      "G":1.0,
      "B":1.0
    }
  },
  "Date":"2025-06-04 19:33:30",
  "Description":"saved from in-game",
  "Name":"BP_CheydinhalGuardCityPostDay02_C",
  "ModCreator":"animandan",
  "ModName":"RaceMenuUtilities",
  "ModVersion":"1.1.0",
  "Mustache":"/Game/Dev/Phenotypes/Mustache/HP_Imperial_MS_Scruffy.HP_Imperial_MS_Scruffy",
  "Author":"Bethesda",
  "APIVersion":"v2",
  "Body":"SkeletalMesh /Game/Art/Character/Imperial/SK_Imperial_Body_m.SK_Imperial_Body_m",
  "FaceMorphValuesMap":{
    "Nose Nostrils Thin / Wide":0.0,
    "Forehead / Sellion / Nose Ratio":0.50344198942184,
    "Cheekbones Thin / Wide":0.030931999906898,
    "Forehead Small / Large":0.60000002384186,
    "Chin Recessed / Pronounced":0.0,
    "Brow / Nose / Chin Ratio":0.0,
    "Jaw Thin / Wide":-0.14004144072533,
    "Cheeks Gaunt / Round":0.030559999868274,
    "Chin Backward / Forward":0.0,
    "Chin Thin / Wide":0.0,
    "Forehead Short / Tall":-0.36000001430511,
    "Face Thin / Wide":-0.42124739289284,
    "Brow Ridge Inner Down / Up":-0.12408600002527,
    "Mouth Underbite / Overbite":0.0,
    "Mouth Low / High":0.0,
    "Vampire":0.0,
    "Face Gaunt / Round":-0.088691979646683,
    "Eyes Small / Large":-0.56068700551987,
    "Mouth Drawn / Pursed":0.0,
    "Chin Retracted / Jutting":0.0,
    "Nose Tilt Down / Up":0.0,
    "Mouth Small / Large":0.0,
    "Nose Short / Long":0.0,
    "Nose Bridge Shallow / Deep":0.68000000715256,
    "Nose Sellion Thin / Wide":0.0,
    "Mouth Retracted / Protruding":0.0,
    "Nose Sellion Shallow / Deep":0.0,
    "Jaw Retracted / Jutting":-0.1159635335207,
    "Nose Sellion Down / Up":0.0,
    "Eyes Inward / Outward":0.078321121633053,
    "Nose Region Concave / Convex":0.0,
    "Brow Ridge Outer Down / Up":0.090251065790653,
    "Nose Nostrils Small / Large":0.0,
    "Eyes Apart / Together":0.58579802513123,
    "Nose Nostrils Tilt Down / Up":0.0,
    "Nose Flat / Pointed":0.34000000357628,
    "Mouth Tilt Down / Up":0.0,
    "Jaw Concave / Convex":-0.13091979920864,
    "Mouth Sad / Happy":0.0,
    "Cheekbones Shallow / Pronounced":-0.096661649644375,
    "Face Light / Heavy":-0.023998491466045,
    "Nose Down / Up":0.0,
    "Chin Short / Tall":0.0,
    "Eyes Down / Up":0.54207801818848,
    "Cheeks Concave / Convex":0.11647009849548,
    "Nose Bridge Short / Long":0.66000002622604,
    "Mouth Chin Short / Long":0.0,
    "Nose Sellion Lower Shallow / Deep":0.079999998211861,
    "Mouth Retracted / Puckered":0.0,
    "Hair Length":0.0,
    "Mouth Deflated / Inflated":0.0,
    "Chin Shallow / Deep":0.0,
    "Jaw Neck Slope Low / High":-0.092959173023701,
    "Brow Ridge Low / High":0.4516290128231,
    "Cheekbones Low / High":-0.26641416549683,
    "Forehead Back / Forward":0.0,
    "Chin Small / Large":0.0
  },
  "Hair":"/Game/Dev/Phenotypes/Hair/HP_Elf_HR_Braid.HP_Elf_HR_Braid",
  "Beard":"/Game/Dev/Phenotypes/Beard/HP_Imperial_BD_Scruffy.HP_Imperial_BD_Scruffy",
  "SkinParametersMap":{
    "Complexion":0.5799999833107,
    "Eye Sockets Bruised/Bright":0.0,
    "Ombre Constrast":1.0,
    "Skin Tint Purple/Yellow":0.0,
    "Eye Sockets Dark/Light":0.0,
    "Root Redness":0.5,
    "Naso Small/Large":0.0,
    "Ombre Amount":0.86000001430511,
    "Eyebrows Redness Intensity":0.0,
    "Root Color":0.10000000149012,
    "Age":0.0,
    "Lipstick Dark Blue/Light Red":0.0,
    "Lipstick Dark Red/Light Blue":0.0,
    "Eye socket Bruised/Bright":0.0,
    "Freckles":0.0,
    "Eylids Light/Dark":0.0,
    "Eye Socket Dark/Light":0.0,
    "Cheek Blush Light/Red":0.23999999463558,
    "Eyebrows Color Intensity":0.5,
    "Cheekbones Flushed/Pale":0.51999998092651,
    "Lipstick Amount":0.0,
    "Skin Tint Orange/Blue":0.019999999552965,
    "Eyelids Light/Dark":0.0,
    "Naso Labial Lines Light/Dark":0.0,
    "Tip Redness":0.5,
    "Eyeshadow Light/Dark":0.0,
    "Eyelids Pale/Red":0.0,
    "Tip Color":0.41999998688698,
    "Lips Flushed/Pale":0.0,
    "Eyeliner Light/Dark":0.0,
    "Salt And Pepper":0.0,
    "Skin Dark/Light":0.14000000059605
  },
  "FaceBaseMesh":"/Game/Art/Character/Imperial/SK_Imperial_Head_m.SK_Imperial_Head_m",
  "Race":"TESRace /Game/Forms/actors/race/Imperial.Imperial",
  "SenescenceLevel":6
}