{
  "Sex":1,
  "HairColorsL":{
    "0":{
      "A":1.0,
      "R":0.22322796285152,
      "G":0.14412847161293,
      "B":0.084376208484173
    }
  },
  "EyeMaterial":"/Game/Art/Character/Modular/Eyes_Human/MIC_Human_Eyes_Red4.MIC_Human_Eyes_Red4",
  "Author":"Bethesda",
  "Date":"2025-06-04 19:35:17",
  "Description":"saved from in-game",
  "Name":"BP_CarmanaSintav_C",
  "ModCreator":"animandan",
  "ModName":"RaceMenuUtilities",
  "FaceBaseMesh":"/Game/Art/Character/Imperial/SK_Imperial_Head_F.SK_Imperial_Head_F",
  "ModVersion":"1.1.0",
  "Body":"SkeletalMesh /Game/Art/Character/Imperial/SK_Imperial_Body_m.SK_Imperial_Body_m",
  "FaceMorphValuesMap":{
    "Nose Nostrils Thin / Wide":0.75457602739334,
    "Forehead / Sellion / Nose Ratio":0.071126997470856,
    "Cheekbones Thin / Wide":0.17055800557137,
    "Forehead Small / Large":-0.66600102186203,
    "Chin Recessed / Pronounced":0.20576900243759,
    "Brow / Nose / Chin Ratio":-0.41782999038696,
    "Jaw Thin / Wide":-0.5,
    "Cheeks Gaunt / Round":-0.3260860145092,
    "Chin Backward / Forward":-0.059612989425659,
    "Chin Thin / Wide":0.042695999145508,
    "Forehead Short / Tall":-0.23015500605106,
    "Face Thin / Wide":0.17102199792862,
    "Brow Ridge Inner Down / Up":0.23999999463558,
    "Mouth Underbite / Overbite":-0.22155700623989,
    "Mouth Low / High":-0.059810999780893,
    "Vampire":0.0,
    "Face Gaunt / Round":-0.09833449870348,
    "Eyes Small / Large":-0.027667999267578,
    "Mouth Drawn / Pursed":0.20806600153446,
    "Chin Retracted / Jutting":0.091521993279457,
    "Nose Tilt Down / Up":0.0,
    "Mouth Small / Large":0.66000002622604,
    "Nose Short / Long":0.21999999880791,
    "Nose Bridge Shallow / Deep":-0.17865331470966,
    "Nose Sellion Thin / Wide":0.0,
    "Mouth Retracted / Protruding":-0.58431500196457,
    "Nose Sellion Shallow / Deep":0.0,
    "Jaw Retracted / Jutting":0.1278990060091,
    "Nose Sellion Down / Up":0.042871534824371,
    "Eyes Inward / Outward":-0.16406278312206,
    "Nose Region Concave / Convex":0.11592111736536,
    "Brow Ridge Outer Down / Up":0.0,
    "Nose Nostrils Small / Large":-0.073541961610317,
    "Eyes Apart / Together":0.34219500422478,
    "Nose Nostrils Tilt Down / Up":-0.12082580476999,
    "Nose Flat / Pointed":0.32220301032066,
    "Mouth Tilt Down / Up":-0.31139498949051,
    "Jaw Concave / Convex":0.26122200489044,
    "Mouth Sad / Happy":0.37999999523163,
    "Cheekbones Shallow / Pronounced":0.3530361354351,
    "Face Light / Heavy":0.48290100693703,
    "Nose Down / Up":-0.91999900341034,
    "Chin Short / Tall":0.18000000715256,
    "Eyes Down / Up":-0.39608600735664,
    "Cheeks Concave / Convex":-0.15708427131176,
    "Nose Bridge Short / Long":-0.037884704768658,
    "Mouth Chin Short / Long":0.11143954843283,
    "Nose Sellion Lower Shallow / Deep":0.0,
    "Mouth Retracted / Puckered":0.079998999834061,
    "Hair Length":0.0,
    "Mouth Deflated / Inflated":-0.31999999284744,
    "Chin Shallow / Deep":0.018562000244856,
    "Jaw Neck Slope Low / High":0.10112223774195,
    "Brow Ridge Low / High":-0.29999899864197,
    "Cheekbones Low / High":-0.1270497739315,
    "Forehead Back / Forward":-0.2296030074358,
    "Chin Small / Large":-0.09714599698782
  },
  "Hair":"/Game/Dev/Phenotypes/Hair/HP_HR_Ponytail.HP_HR_Ponytail",
  "SenescenceLevel":4,
  "APIVersion":"v2",
  "SkinParametersMap":{
    "Complexion":0.20000000298023,
    "Eye Sockets Bruised/Bright":0.18000000715256,
    "Ombre Constrast":0.0,
    "Skin Tint Purple/Yellow":0.0,
    "Eye Sockets Dark/Light":0.80000001192093,
    "Root Redness":1.0,
    "Naso Small/Large":0.0,
    "Ombre Amount":0.0,
    "Eyebrows Redness Intensity":0.0,
    "Root Color":1.0,
    "Age":0.0,
    "Lipstick Dark Blue/Light Red":0.0,
    "Lipstick Dark Red/Light Blue":0.0,
    "Eye socket Bruised/Bright":0.0,
    "Freckles":0.46000000834465,
    "Eylids Light/Dark":0.20000000298023,
    "Eye Socket Dark/Light":0.0,
    "Cheek Blush Light/Red":0.21999999880791,
    "Eyebrows Color Intensity":0.40000000596046,
    "Cheekbones Flushed/Pale":0.68000000715256,
    "Lipstick Amount":0.050000000745058,
    "Skin Tint Orange/Blue":0.0,
    "Eyelids Light/Dark":0.14000099897385,
    "Naso Labial Lines Light/Dark":0.25999999046326,
    "Tip Redness":1.0,
    "Eyeshadow Light/Dark":0.0,
    "Eyelids Pale/Red":0.54000002145767,
    "Tip Color":0.47940099239349,
    "Lips Flushed/Pale":0.0,
    "Eyeliner Light/Dark":0.66000002622604,
    "Salt And Pepper":0.044943999499083,
    "Skin Dark/Light":0.0
  },
  "Race":"TESRace /Game/Forms/actors/race/Imperial.Imperial",
  "SkinColorsMapL":{
    "Root DyeColor":{
      "A":1.0,
      "R":1.0,
      "G":1.0,
      "B":1.0
    },
    "Eyeliner Tone":{
      "A":1.0,
      "R":0.063010014593601,
      "G":0.0018211619462818,
      "B":0.021219009533525
    },
    "Tip DyeColor":{
      "A":1.0,
      "R":1.0,
      "G":1.0,
      "B":1.0
    },
    "Skin Tone":{
      "A":1.0,
      "R":0.984375,
      "G":0.984375,
      "B":0.984375
    },
    "Lipstick Color":{
      "A":1.0,
      "R":0.49479201436043,
      "G":0.014170000329614,
      "B":0.0
    }
  }
}