{
  "Race":"TESRace /Game/Forms/actors/race/WoodElf.WoodElf",
  "FaceBaseMesh":"/Game/Art/Character/WoodElf/SK_WoodElf_Head_f.SK_WoodElf_Head_f",
  "Date":"2025-06-04 18:34:19",
  "HairColorsL":{
    "0":{
      "B":0.0060488330200315,
      "G":0.01032982300967,
      "R":0.021219009533525,
      "A":1.0
    }
  },
  "SkinParametersMap":{
    "Cheekbones Flushed/Pale":0.15999999642372,
    "Eyelids Pale/Red":0.37999999523163,
    "Skin Tint Purple/Yellow":0.0,
    "Lipstick Amount":0.029999999329448,
    "Cheek Blush Light/Red":0.25999999046326,
    "Skin Dark/Light":0.0,
    "Complexion":0.0,
    "Salt And Pepper":0.0,
    "Eye Socket Dark/Light":0.0,
    "Eylids Light/Dark":0.0,
    "Ombre Amount":1.0,
    "Freckles":-0.43999999761581,
    "Root Color":0.20973800122738,
    "Ombre Constrast":1.0,
    "Eyeliner Light/Dark":0.0,
    "Tip Color":0.0099999997764826,
    "Eyebrows Redness Intensity":0.0,
    "Root Redness":0.0,
    "Skin Tint Orange/Blue":0.0,
    "Eye socket Bruised/Bright":0.0,
    "Tip Redness":0.0,
    "Eyebrows Color Intensity":0.0
  },
  "Sex":1,
  "FaceMorphValuesMap":{
    "Hair Length":0.0,
    "Vampire":0.0,
    "Nose Sellion Down / Up":0.74000000953674,
    "Forehead Back / Forward":-0.86000001430511,
    "Mouth Deflated / Inflated":0.0,
    "Chin Backward / Forward":0.037118148058653,
    "Eyes Apart / Together":0.98000001907349,
    "Nose Tilt Down / Up":0.0,
    "Mouth Sad / Happy":0.83999997377396,
    "Brow Ridge Outer Down / Up":0.24469700455666,
    "Nose Sellion Thin / Wide":0.0,
    "Nose Short / Long":0.0,
    "Nose Sellion Shallow / Deep":0.0,
    "Brow / Nose / Chin Ratio":0.031018782407045,
    "Chin Small / Large":0.3999989926815,
    "Nose Flat / Pointed":0.3356200158596,
    "Jaw Thin / Wide":0.0,
    "Nose Nostrils Tilt Down / Up":0.11303351074457,
    "Eyes Inward / Outward":0.41557827591896,
    "Cheekbones Shallow / Pronounced":-0.31840440630913,
    "Nose Nostrils Thin / Wide":-0.14570660889149,
    "Chin Shallow / Deep":0.95999997854233,
    "Nose Down / Up":-0.81999999284744,
    "Nose Bridge Short / Long":-0.68590492010117,
    "Mouth Tilt Down / Up":-0.10000099986792,
    "Chin Thin / Wide":-0.60000002384186,
    "Face Light / Heavy":-0.20000100135803,
    "Mouth Chin Short / Long":-0.26626151800156,
    "Jaw Concave / Convex":0.68000000715256,
    "Brow Ridge Low / High":0.47999998927116,
    "Chin Recessed / Pronounced":0.080869488418102,
    "Cheeks Gaunt / Round":0.21999999880791,
    "Face Thin / Wide":-0.94999998807907,
    "Eyes Down / Up":-0.42524001002312,
    "Jaw Retracted / Jutting":0.77999997138977,
    "Chin Short / Tall":-0.059999998658895,
    "Jaw Neck Slope Low / High":0.29999899864197,
    "Nose Bridge Shallow / Deep":0.0065789222717285,
    "Mouth Retracted / Protruding":0.0,
    "Cheekbones Thin / Wide":-0.44005700945854,
    "Mouth Low / High":-0.016983000561595,
    "Mouth Retracted / Puckered":0.0,
    "Mouth Small / Large":-0.19362300634384,
    "Forehead Short / Tall":0.35978099703789,
    "Nose Nostrils Small / Large":-0.77999997138977,
    "Chin Retracted / Jutting":0.25768598914146,
    "Forehead Small / Large":-0.98000001907349,
    "Cheekbones Low / High":0.0,
    "Eyes Small / Large":0.9200000166893,
    "Cheeks Concave / Convex":0.0,
    "Brow Ridge Inner Down / Up":-0.50426697731018,
    "Nose Sellion Lower Shallow / Deep":0.0,
    "Face Gaunt / Round":0.30000001192093,
    "Mouth Underbite / Overbite":0.48482000827789,
    "Nose Region Concave / Convex":0.010795000009239,
    "Forehead / Sellion / Nose Ratio":-0.37784889340401,
    "Mouth Drawn / Pursed":0.5799999833107
  },
  "Author":"Bethesda",
  "SkinColorsMapL":{
    "Lipstick Color":{
      "B":0.0,
      "G":0.0,
      "R":0.078187420964241,
      "A":1.0
    },
    "Tip DyeColor":{
      "B":0.125,
      "G":0.36645799875259,
      "R":1.0,
      "A":1.0
    },
    "Root DyeColor":{
      "B":1.0,
      "G":1.0,
      "R":1.0,
      "A":1.0
    },
    "Eyeliner Tone":{
      "B":1.0,
      "G":1.0,
      "R":1.0,
      "A":1.0
    },
    "Skin Tone":{
      "B":0.87430202960968,
      "G":0.84025102853775,
      "R":0.921875,
      "A":1.0
    }
  },
  "ModVersion":"1.1.0",
  "EyeMaterial":"/Game/Art/Character/Modular/Eyes_WoodElf/MIC_WoodElf_Eyes_Goldgreen.MIC_WoodElf_Eyes_Goldgreen",
  "Body":"SkeletalMesh /Game/Art/Character/Imperial/SK_Imperial_Body_m.SK_Imperial_Body_m",
  "Description":"saved from in-game",
  "SenescenceLevel":0,
  "APIVersion":"v2",
  "ModCreator":"animandan",
  "ModName":"RaceMenuUtilities",
  "Hair":"/Game/Dev/Phenotypes/Hair/HP_Elf_HR_Braid.HP_Elf_HR_Braid",
  "Name":"BP_Carwen_C"
}