{
  "Name":"BP_CGMythicDawnAssassin04_C",
  "Sex":0,
  "SkinColorsMapL":{
    "Root DyeColor":{
      "A":1.0,
      "B":0.014443843625486,
      "G":0.035601314157248,
      "R":0.093058958649635
    },
    "Lipstick Color":{
      "A":1.0,
      "B":1.0,
      "G":1.0,
      "R":1.0
    },
    "Eyeliner Tone":{
      "A":1.0,
      "B":1.0,
      "G":1.0,
      "R":1.0
    },
    "Skin Tone":{
      "A":1.0,
      "B":0.80078101158142,
      "G":0.9375,
      "R":0.85783100128174
    },
    "Tip DyeColor":{
      "A":1.0,
      "B":0.0,
      "G":0.093058958649635,
      "R":0.3662526011467
    }
  },
  "ModName":"RaceMenuUtilities",
  "EyeMaterial":"/Game/Art/Character/Modular/Eyes_Human/MIC_Human_Eyes_Blue1.MIC_Human_Eyes_Blue1",
  "FaceMorphValuesMap":{
    "Nose Nostrils Tilt Down / Up":0.0,
    "Brow Ridge Outer Down / Up":0.52779501676559,
    "Chin Shallow / Deep":0.040338009595871,
    "Mouth Chin Short / Long":0.0,
    "Mouth Retracted / Protruding":0.0,
    "Face Gaunt / Round":-0.27104932069778,
    "Eyes Down / Up":-0.31324046850204,
    "Mouth Drawn / Pursed":0.54000002145767,
    "Brow Ridge Inner Down / Up":-0.31260699033737,
    "Brow Ridge Low / High":-0.36000001430511,
    "Mouth Retracted / Puckered":0.0,
    "Cheeks Concave / Convex":0.13979439437389,
    "Hair Length":0.0,
    "Eyes Apart / Together":0.69200497865677,
    "Jaw Neck Slope Low / High":0.13152348995209,
    "Jaw Thin / Wide":-0.38498398661613,
    "Vampire":0.0,
    "Nose Bridge Short / Long":0.0,
    "Forehead / Sellion / Nose Ratio":-0.055014789104462,
    "Chin Thin / Wide":0.43657800555229,
    "Cheekbones Low / High":0.1227398738265,
    "Nose Flat / Pointed":0.0,
    "Nose Sellion Shallow / Deep":0.0,
    "Nose Tilt Down / Up":0.0,
    "Chin Backward / Forward":0.010172999463975,
    "Forehead Short / Tall":-0.080791085958481,
    "Face Light / Heavy":0.33441099524498,
    "Nose Sellion Down / Up":0.0,
    "Nose Region Concave / Convex":0.0,
    "Cheeks Gaunt / Round":-0.15149717032909,
    "Chin Short / Tall":0.073325790464878,
    "Cheekbones Shallow / Pronounced":0.1833089441061,
    "Nose Sellion Thin / Wide":0.0,
    "Nose Nostrils Small / Large":0.0,
    "Nose Down / Up":0.0,
    "Cheekbones Thin / Wide":0.40258899331093,
    "Mouth Deflated / Inflated":-0.25999999046326,
    "Chin Recessed / Pronounced":0.0,
    "Brow / Nose / Chin Ratio":-0.10014495998621,
    "Nose Bridge Shallow / Deep":0.0,
    "Mouth Underbite / Overbite":0.0,
    "Chin Small / Large":0.32106333971024,
    "Face Thin / Wide":0.029728770256042,
    "Nose Nostrils Thin / Wide":0.0,
    "Nose Short / Long":0.0,
    "Jaw Retracted / Jutting":-0.57815188169479,
    "Jaw Concave / Convex":0.15936395525932,
    "Mouth Sad / Happy":0.0,
    "Eyes Inward / Outward":0.056942939758301,
    "Mouth Low / High":0.0,
    "Mouth Tilt Down / Up":0.0,
    "Nose Sellion Lower Shallow / Deep":0.0,
    "Chin Retracted / Jutting":-0.022904632613063,
    "Forehead Small / Large":-0.27986401319504,
    "Mouth Small / Large":0.23999999463558,
    "Forehead Back / Forward":-0.082963235676289,
    "Eyes Small / Large":-0.58786600828171
  },
  "Body":"SkeletalMesh /Game/Art/Character/Imperial/SK_Imperial_Body_m.SK_Imperial_Body_m",
  "HairColorsL":{
    "1":{
      "A":1.0,
      "B":0.084376208484173,
      "G":0.14412847161293,
      "R":0.22322796285152
    },
    "2":{
      "A":1.0,
      "B":0.084376208484173,
      "G":0.14412847161293,
      "R":0.22322796285152
    },
    "0":{
      "A":1.0,
      "B":0.0060488330200315,
      "G":0.01032982300967,
      "R":0.021219009533525
    }
  },
  "APIVersion":"v2",
  "Author":"Bethesda",
  "Race":"TESRace /Game/Forms/actors/race/Imperial.Imperial",
  "FaceBaseMesh":"/Game/Art/Character/Imperial/SK_Imperial_Head_m.SK_Imperial_Head_m",
  "SkinParametersMap":{
    "Eyeliner Light/Dark":0.0,
    "Eyeshadow Light/Dark":0.0,
    "Salt And Pepper":0.0,
    "Eylids Light/Dark":0.0,
    "Root Redness":1.0,
    "Skin Tint Purple/Yellow":0.15999999642372,
    "Skin Dark/Light":0.0,
    "Eyelids Light/Dark":0.0,
    "Eye Socket Dark/Light":0.0,
    "Eye Sockets Dark/Light":0.0,
    "Skin Tint Orange/Blue":0.0,
    "Tip Redness":0.93999999761581,
    "Ombre Amount":1.0,
    "Eye socket Bruised/Bright":0.0,
    "Tip Color":0.5799999833107,
    "Complexion":0.63999998569489,
    "Root Color":0.15999999642372,
    "Eye Sockets Bruised/Bright":0.0,
    "Naso Small/Large":0.0,
    "Lipstick Amount":0.0,
    "Freckles":0.0,
    "Lips Flushed/Pale":0.0,
    "Cheekbones Flushed/Pale":0.72000002861023,
    "Eyelids Pale/Red":0.0,
    "Eyebrows Redness Intensity":0.0,
    "Cheek Blush Light/Red":0.0,
    "Ombre Constrast":1.0,
    "Eyebrows Color Intensity":0.0,
    "Age":0.0,
    "Lipstick Dark Blue/Light Red":0.0,
    "Naso Labial Lines Light/Dark":0.0,
    "Lipstick Dark Red/Light Blue":0.0
  },
  "Description":"saved from in-game",
  "Hair":"/Game/Dev/Phenotypes/CustomHair/HP_HR_Glenroy.HP_HR_Glenroy",
  "Beard":"/Game/Dev/Phenotypes/Beard/HP_Imperial_BD_Scruffy.HP_Imperial_BD_Scruffy",
  "ModCreator":"animandan",
  "ModVersion":"1.1.0",
  "Mustache":"/Game/Dev/Phenotypes/Mustache/HP_Imperial_MS_Scruffy.HP_Imperial_MS_Scruffy",
  "Date":"2025-06-07 14:37:39",
  "SenescenceLevel":4
}