{
  "FaceMorphValuesMap":{
    "Nose Bridge Short / Long":0.0,
    "Mouth Tilt Down / Up":0.0,
    "Forehead Back / Forward":0.43999999761581,
    "Eyes Small / Large":0.98000001907349,
    "Chin Recessed / Pronounced":0.0,
    "Cheekbones Thin / Wide":0.48015001416206,
    "Jaw Neck Slope Low / High":0.10000000149012,
    "Chin Retracted / Jutting":0.0,
    "Jaw Retracted / Jutting":0.0,
    "Mouth Low / High":0.0,
    "Mouth Sad / Happy":0.74000000953674,
    "Forehead / Sellion / Nose Ratio":0.0,
    "Hair Length":0.0,
    "Vampire":0.0,
    "Forehead Short / Tall":0.0,
    "Jaw Concave / Convex":0.68531799316406,
    "Nose Nostrils Small / Large":0.0,
    "Cheeks Gaunt / Round":0.17071199417114,
    "Nose Tilt Down / Up":0.0,
    "Mouth Drawn / Pursed":0.0,
    "Nose Short / Long":0.0,
    "Cheekbones Shallow / Pronounced":-0.46000000834465,
    "Jaw Thin / Wide":0.37999999523163,
    "Eyes Apart / Together":0.21999999880791,
    "Chin Backward / Forward":0.0,
    "Nose Sellion Thin / Wide":0.0,
    "Nose Sellion Lower Shallow / Deep":0.0,
    "Nose Sellion Shallow / Deep":0.0,
    "Mouth Retracted / Protruding":0.0,
    "Eyes Down / Up":0.0,
    "Nose Region Concave / Convex":0.0,
    "Nose Down / Up":0.0,
    "Chin Shallow / Deep":0.25999999046326,
    "Nose Nostrils Tilt Down / Up":0.0,
    "Nose Flat / Pointed":0.0,
    "Eyes Inward / Outward":0.0,
    "Brow / Nose / Chin Ratio":0.40000000596046,
    "Chin Short / Tall":-0.81999999284744,
    "Brow Ridge Outer Down / Up":0.65977501869202,
    "Nose Nostrils Thin / Wide":0.0,
    "Face Thin / Wide":0.10000000149012,
    "Chin Thin / Wide":0.41041201353073,
    "Nose Bridge Shallow / Deep":0.0,
    "Mouth Underbite / Overbite":0.0,
    "Mouth Chin Short / Long":0.0,
    "Cheekbones Low / High":0.0,
    "Brow Ridge Inner Down / Up":0.0,
    "Mouth Small / Large":-0.55999898910522,
    "Mouth Deflated / Inflated":0.0,
    "Nose Sellion Down / Up":0.0,
    "Brow Ridge Low / High":0.44999998807907,
    "Chin Small / Large":-0.34000000357628,
    "Forehead Small / Large":-0.18000100553036,
    "Face Light / Heavy":0.36000001430511,
    "Cheeks Concave / Convex":0.39460700750351,
    "Mouth Retracted / Puckered":0.0,
    "Face Gaunt / Round":0.20000000298023
  },
  "Sex":0,
  "SkinParametersMap":{
    "Lipstick Amount":0.0,
    "Ombre Constrast":0.0,
    "Salt And Pepper":0.0,
    "Freckles":0.46441900730133,
    "Tip Color":0.059925001114607,
    "Eye socket Bruised/Bright":0.0,
    "Root Color":0.16479399800301,
    "Eyebrows Color Intensity":0.67415702342987,
    "Eyelids Pale/Red":0.0,
    "Cheekbones Flushed/Pale":0.53932601213455,
    "Root Redness":0.0,
    "Eyebrows Redness Intensity":0.0,
    "Cheek Blush Light/Red":0.49438199400902,
    "Ombre Amount":0.0,
    "Complexion":0.0,
    "Tip Redness":0.0
  },
  "Description":"saved from in-game",
  "FaceBaseMesh":"/Game/Art/Character/WoodElf/SK_WoodElf_Head_m.SK_WoodElf_Head_m",
  "Hair":"/Game/Dev/Phenotypes/Hair/HP_Human_HR_Short.HP_Human_HR_Short",
  "ModVersion":"1.1.0",
  "Date":"2025-06-04 19:13:49",
  "SenescenceLevel":0,
  "ModCreator":"animandan",
  "Name":"BP_Caenlin_C",
  "ModName":"RaceMenuUtilities",
  "Body":"SkeletalMesh /Game/Art/Character/Imperial/SK_Imperial_Body_m.SK_Imperial_Body_m",
  "APIVersion":"v2",
  "HairColorsL":{
    "0":{
      "B":0.0060488330200315,
      "G":0.01032982300967,
      "R":0.021219009533525,
      "A":1.0
    }
  },
  "Race":"TESRace /Game/Forms/actors/race/WoodElf.WoodElf",
  "SkinColorsMapL":{
    "Lipstick Color":{
      "B":0.0,
      "G":0.0,
      "R":0.2874408364296,
      "A":1.0
    },
    "Tip DyeColor":{
      "B":0.014444000087678,
      "G":0.21952599287033,
      "R":0.97344499826431,
      "A":1.0
    },
    "Skin Tone":{
      "B":1.0,
      "G":1.0,
      "R":1.0,
      "A":1.0
    },
    "Eyeliner Tone":{
      "B":1.0,
      "G":1.0,
      "R":1.0,
      "A":1.0
    },
    "Root DyeColor":{
      "B":0.014444000087678,
      "G":0.21952599287033,
      "R":0.97344499826431,
      "A":1.0
    }
  },
  "Author":"Bethesda"
}