{
  "Sex":0,
  "HairColorsL":{
    "0":{
      "A":1.0,
      "R":1.0,
      "G":1.0,
      "B":1.0
    }
  },
  "EyeMaterial":"/Game/Art/Character/Modular/Eyes_Human/MIC_Human_Eyes_Brown2.MIC_Human_Eyes_Brown2",
  "Author":"Bethesda",
  "Date":"2025-06-04 19:33:30",
  "Description":"saved from in-game",
  "Name":"BP_CheydinhalGuardCityPatrolDay02_C",
  "ModCreator":"animandan",
  "ModName":"RaceMenuUtilities",
  "FaceBaseMesh":"/Game/Art/Character/Imperial/SK_Imperial_Head_m.SK_Imperial_Head_m",
  "ModVersion":"1.1.0",
  "Body":"SkeletalMesh /Game/Art/Character/Imperial/SK_Imperial_Body_m.SK_Imperial_Body_m",
  "FaceMorphValuesMap":{
    "Nose Nostrils Thin / Wide":0.13001191616058,
    "Forehead / Sellion / Nose Ratio":0.24966774880886,
    "Cheekbones Thin / Wide":0.32579100131989,
    "Forehead Small / Large":-0.24752399325371,
    "Chin Recessed / Pronounced":0.23835189640522,
    "Brow / Nose / Chin Ratio":-0.070844285190105,
    "Jaw Thin / Wide":-0.08371713757515,
    "Cheeks Gaunt / Round":-0.23210802674294,
    "Chin Backward / Forward":-0.37564253807068,
    "Chin Thin / Wide":0.10986100137234,
    "Forehead Short / Tall":-0.019999999552965,
    "Face Thin / Wide":0.16588418185711,
    "Brow Ridge Inner Down / Up":0.15195059776306,
    "Mouth Underbite / Overbite":-0.059900999069214,
    "Mouth Low / High":0.0,
    "Vampire":0.0,
    "Face Gaunt / Round":0.49000644683838,
    "Eyes Small / Large":-0.086946219205856,
    "Mouth Drawn / Pursed":-0.35016062855721,
    "Chin Retracted / Jutting":0.089976578950882,
    "Nose Tilt Down / Up":0.0,
    "Mouth Small / Large":0.1345389932394,
    "Nose Short / Long":0.0,
    "Nose Bridge Shallow / Deep":-0.26585599780083,
    "Nose Sellion Thin / Wide":0.0,
    "Mouth Retracted / Protruding":-0.14387899637222,
    "Nose Sellion Shallow / Deep":0.0,
    "Jaw Retracted / Jutting":-0.10111643373966,
    "Nose Sellion Down / Up":0.14311100542545,
    "Eyes Inward / Outward":0.37606212496758,
    "Nose Region Concave / Convex":0.24107466638088,
    "Brow Ridge Outer Down / Up":0.13813596963882,
    "Nose Nostrils Small / Large":0.15949565172195,
    "Eyes Apart / Together":0.21293599903584,
    "Nose Nostrils Tilt Down / Up":0.12610231339931,
    "Nose Flat / Pointed":0.55395936965942,
    "Mouth Tilt Down / Up":-0.41114339232445,
    "Jaw Concave / Convex":0.12370300292969,
    "Mouth Sad / Happy":-0.035835988819599,
    "Cheekbones Shallow / Pronounced":-0.30377200245857,
    "Face Light / Heavy":0.65083163976669,
    "Nose Down / Up":-0.23999999463558,
    "Chin Short / Tall":0.095748998224735,
    "Eyes Down / Up":0.20414488017559,
    "Cheeks Concave / Convex":-0.17761613428593,
    "Nose Bridge Short / Long":0.032726000994444,
    "Mouth Chin Short / Long":-0.30310142040253,
    "Nose Sellion Lower Shallow / Deep":0.0,
    "Mouth Retracted / Puckered":-0.16385500133038,
    "Hair Length":0.0,
    "Mouth Deflated / Inflated":0.14534728229046,
    "Chin Shallow / Deep":0.20240822434425,
    "Jaw Neck Slope Low / High":-0.34613406658173,
    "Brow Ridge Low / High":-0.074753813445568,
    "Cheekbones Low / High":-0.17002853751183,
    "Forehead Back / Forward":-0.3457710146904,
    "Chin Small / Large":-0.51542145013809
  },
  "Hair":"/Game/Dev/Phenotypes/Hair/HP_HR_Cropped.HP_HR_Cropped",
  "SenescenceLevel":3,
  "APIVersion":"v2",
  "SkinParametersMap":{
    "Complexion":0.68000000715256,
    "Eye Sockets Bruised/Bright":0.0,
    "Ombre Constrast":1.0,
    "Skin Tint Purple/Yellow":0.11999999731779,
    "Eye Sockets Dark/Light":0.0,
    "Root Redness":0.5,
    "Naso Small/Large":0.0,
    "Ombre Amount":1.0,
    "Eyebrows Redness Intensity":0.0,
    "Root Color":0.10000000149012,
    "Age":0.0,
    "Lipstick Dark Blue/Light Red":0.0,
    "Lipstick Dark Red/Light Blue":0.0,
    "Eye socket Bruised/Bright":0.0,
    "Freckles":0.0,
    "Eylids Light/Dark":0.0,
    "Eye Socket Dark/Light":0.0,
    "Cheek Blush Light/Red":0.21999999880791,
    "Eyebrows Color Intensity":0.0,
    "Cheekbones Flushed/Pale":0.74000000953674,
    "Lipstick Amount":0.0,
    "Skin Tint Orange/Blue":0.0,
    "Eyelids Light/Dark":0.0,
    "Naso Labial Lines Light/Dark":0.0,
    "Tip Redness":0.5,
    "Eyeshadow Light/Dark":0.0,
    "Eyelids Pale/Red":0.0,
    "Tip Color":0.40000000596046,
    "Lips Flushed/Pale":0.0,
    "Eyeliner Light/Dark":0.0,
    "Salt And Pepper":0.0,
    "Skin Dark/Light":0.0
  },
  "Race":"TESRace /Game/Forms/actors/race/Imperial.Imperial",
  "SkinColorsMapL":{
    "Root DyeColor":{
      "A":1.0,
      "R":1.0,
      "G":1.0,
      "B":1.0
    },
    "Eyeliner Tone":{
      "A":1.0,
      "R":1.0,
      "G":1.0,
      "B":1.0
    },
    "Tip DyeColor":{
      "A":1.0,
      "R":1.0,
      "G":1.0,
      "B":1.0
    },
    "Skin Tone":{
      "A":1.0,
      "R":0.984375,
      "G":0.91681200265884,
      "B":0.82543897628784
    },
    "Lipstick Color":{
      "A":1.0,
      "R":1.0,
      "G":1.0,
      "B":1.0
    }
  }
}