{
  "Sex":0,
  "HairColorsL":{
    "1":{
      "A":1.0,
      "R":0.16202937066555,
      "G":0.1046164855361,
      "B":0.061246052384377
    },
    "2":{
      "A":1.0,
      "R":0.012286487966776,
      "G":0.0074990317225456,
      "B":0.0036765071563423
    },
    "0":{
      "A":1.0,
      "R":0.22322796285152,
      "G":0.14412847161293,
      "B":0.084376208484173
    }
  },
  "EyeMaterial":"/Game/Art/Character/Modular/Eyes_Human/MIC_Human_Eyes_Brown2.MIC_Human_Eyes_Brown2",
  "SkinColorsMapL":{
    "Root DyeColor":{
      "A":1.0,
      "R":1.0,
      "G":1.0,
      "B":1.0
    },
    "Eyeliner Tone":{
      "A":1.0,
      "R":1.0,
      "G":1.0,
      "B":1.0
    },
    "Tip DyeColor":{
      "A":1.0,
      "R":1.0,
      "G":1.0,
      "B":1.0
    },
    "Skin Tone":{
      "A":1.0,
      "R":0.98958301544189,
      "G":0.96245402097702,
      "B":0.76795798540115
    },
    "Lipstick Color":{
      "A":1.0,
      "R":1.0,
      "G":1.0,
      "B":1.0
    }
  },
  "Date":"2025-06-04 19:33:30",
  "Description":"saved from in-game",
  "Name":"BP_CheydinhalGuardCityPatrolDay01_C",
  "ModCreator":"animandan",
  "ModName":"RaceMenuUtilities",
  "ModVersion":"1.1.0",
  "Mustache":"/Game/Dev/Phenotypes/Mustache/HP_Imperial_MS_Long.HP_Imperial_MS_Long",
  "Author":"Bethesda",
  "APIVersion":"v2",
  "Body":"SkeletalMesh /Game/Art/Character/Imperial/SK_Imperial_Body_m.SK_Imperial_Body_m",
  "FaceMorphValuesMap":{
    "Nose Nostrils Thin / Wide":0.51999998092651,
    "Forehead / Sellion / Nose Ratio":0.22487762570381,
    "Cheekbones Thin / Wide":0.32438799738884,
    "Forehead Small / Large":0.14238226413727,
    "Chin Recessed / Pronounced":0.0,
    "Brow / Nose / Chin Ratio":0.16158600151539,
    "Jaw Thin / Wide":0.049217998981476,
    "Cheeks Gaunt / Round":0.16116172075272,
    "Chin Backward / Forward":0.0,
    "Chin Thin / Wide":0.0,
    "Forehead Short / Tall":-0.34211999177933,
    "Face Thin / Wide":0.093826934695244,
    "Brow Ridge Inner Down / Up":0.13100600242615,
    "Mouth Underbite / Overbite":0.15395012497902,
    "Mouth Low / High":-0.11493598669767,
    "Vampire":0.0,
    "Face Gaunt / Round":0.32578071951866,
    "Eyes Small / Large":-0.51484179496765,
    "Mouth Drawn / Pursed":-0.1751109957695,
    "Chin Retracted / Jutting":0.5,
    "Nose Tilt Down / Up":0.0,
    "Mouth Small / Large":0.40717598795891,
    "Nose Short / Long":0.0,
    "Nose Bridge Shallow / Deep":0.0,
    "Nose Sellion Thin / Wide":0.0,
    "Mouth Retracted / Protruding":-0.065116003155708,
    "Nose Sellion Shallow / Deep":0.0,
    "Jaw Retracted / Jutting":-0.044340919703245,
    "Nose Sellion Down / Up":0.31999999284744,
    "Eyes Inward / Outward":0.30950298905373,
    "Nose Region Concave / Convex":0.0,
    "Brow Ridge Outer Down / Up":0.24824999272823,
    "Nose Nostrils Small / Large":0.63999998569489,
    "Eyes Apart / Together":0.8086040019989,
    "Nose Nostrils Tilt Down / Up":-0.53999900817871,
    "Nose Flat / Pointed":0.21999999880791,
    "Mouth Tilt Down / Up":-0.068861000239849,
    "Jaw Concave / Convex":-0.043654035776854,
    "Mouth Sad / Happy":-0.21999999880791,
    "Cheekbones Shallow / Pronounced":0.0039531411603093,
    "Face Light / Heavy":-0.027442336082458,
    "Nose Down / Up":0.0,
    "Chin Short / Tall":0.0,
    "Eyes Down / Up":0.10919163376093,
    "Cheeks Concave / Convex":-0.088394619524479,
    "Nose Bridge Short / Long":0.0,
    "Mouth Chin Short / Long":0.27620300650597,
    "Nose Sellion Lower Shallow / Deep":0.31999999284744,
    "Mouth Retracted / Puckered":0.062608003616333,
    "Hair Length":0.0,
    "Mouth Deflated / Inflated":0.17122800648212,
    "Chin Shallow / Deep":0.0,
    "Jaw Neck Slope Low / High":0.45641100406647,
    "Brow Ridge Low / High":-0.41136801242828,
    "Cheekbones Low / High":-0.15249584615231,
    "Forehead Back / Forward":-0.1823008954525,
    "Chin Small / Large":0.0
  },
  "Hair":"/Game/Dev/Phenotypes/Hair/HP_Elf_HR_PonyTail.HP_Elf_HR_PonyTail",
  "Beard":"/Game/Dev/Phenotypes/Beard/HP_Nord_BD_Goatee.HP_Nord_BD_Goatee",
  "SkinParametersMap":{
    "Complexion":0.43999999761581,
    "Eye Sockets Bruised/Bright":0.0,
    "Ombre Constrast":1.0,
    "Skin Tint Purple/Yellow":0.18000000715256,
    "Eye Sockets Dark/Light":0.0,
    "Root Redness":0.5,
    "Naso Small/Large":0.0,
    "Ombre Amount":1.0,
    "Eyebrows Redness Intensity":0.0,
    "Root Color":0.10000000149012,
    "Age":0.0,
    "Lipstick Dark Blue/Light Red":0.0,
    "Lipstick Dark Red/Light Blue":0.0,
    "Eye socket Bruised/Bright":0.0,
    "Freckles":0.0,
    "Eylids Light/Dark":0.0,
    "Eye Socket Dark/Light":0.0,
    "Cheek Blush Light/Red":0.34000000357628,
    "Eyebrows Color Intensity":0.5,
    "Cheekbones Flushed/Pale":0.25999999046326,
    "Lipstick Amount":0.0,
    "Skin Tint Orange/Blue":0.0,
    "Eyelids Light/Dark":0.0,
    "Naso Labial Lines Light/Dark":0.0,
    "Tip Redness":0.5,
    "Eyeshadow Light/Dark":0.0,
    "Eyelids Pale/Red":0.0,
    "Tip Color":0.43999999761581,
    "Lips Flushed/Pale":0.0,
    "Eyeliner Light/Dark":0.0,
    "Salt And Pepper":0.0,
    "Skin Dark/Light":0.0
  },
  "FaceBaseMesh":"/Game/Art/Character/Imperial/SK_Imperial_Head_m.SK_Imperial_Head_m",
  "Race":"TESRace /Game/Forms/actors/race/Imperial.Imperial",
  "SenescenceLevel":4
}