{
  "ModName":"RaceMenuUtilities",
  "FaceBaseMesh":"/Game/Art/Character/HighElf/SK_HighElf_Head_f.SK_HighElf_Head_f",
  "Author":"Bethesda",
  "Date":"2025-06-04 20:30:52",
  "SkinColorsMapL":{
    "Lipstick Color":{
      "A":1.0,
      "B":0.0084520000964403,
      "G":0.022541999816895,
      "R":0.28314900398254
    },
    "Eyeliner Tone":{
      "A":1.0,
      "B":0.052860647439957,
      "G":0.052860647439957,
      "R":0.052860647439957
    },
    "Root DyeColor":{
      "A":1.0,
      "B":0.0,
      "G":0.0,
      "R":0.0
    },
    "Tip DyeColor":{
      "A":1.0,
      "B":0.0,
      "G":0.0,
      "R":0.0
    },
    "Skin Tone":{
      "A":1.0,
      "B":1.0,
      "G":1.0,
      "R":1.0
    }
  },
  "APIVersion":"v2",
  "FaceMorphValuesMap":{
    "Eyes Small / Large":-0.28000000119209,
    "Jaw Thin / Wide":0.10000000149012,
    "Brow Ridge Low / High":0.43999999761581,
    "Chin Retracted / Jutting":0.14000000059605,
    "Face Thin / Wide":-0.69999998807907,
    "Hair Length":0.0,
    "Chin Backward / Forward":0.11999999731779,
    "Vampire":0.0,
    "Mouth Underbite / Overbite":0.0,
    "Eyes Inward / Outward":-0.15999999642372,
    "Mouth Sad / Happy":0.95999997854233,
    "Jaw Retracted / Jutting":-0.66000002622604,
    "Nose Flat / Pointed":-0.34000000357628,
    "Chin Recessed / Pronounced":-0.019999999552965,
    "Cheeks Gaunt / Round":0.15999999642372,
    "Forehead Back / Forward":0.0,
    "Nose Sellion Down / Up":0.0,
    "Mouth Deflated / Inflated":0.0,
    "Mouth Small / Large":0.40000000596046,
    "Nose Tilt Down / Up":0.0,
    "Nose Short / Long":0.25999999046326,
    "Mouth Drawn / Pursed":0.21999999880791,
    "Chin Short / Tall":0.60000002384186,
    "Nose Sellion Thin / Wide":0.0,
    "Jaw Neck Slope Low / High":0.80000001192093,
    "Cheekbones Shallow / Pronounced":-0.20000000298023,
    "Nose Sellion Shallow / Deep":0.0,
    "Mouth Tilt Down / Up":-0.89999997615814,
    "Brow / Nose / Chin Ratio":0.0,
    "Brow Ridge Outer Down / Up":0.41999998688698,
    "Chin Small / Large":0.9200000166893,
    "Mouth Retracted / Puckered":0.03999900072813,
    "Chin Thin / Wide":-0.25999900698662,
    "Nose Nostrils Tilt Down / Up":0.30000001192093,
    "Face Gaunt / Round":0.11999999731779,
    "Cheekbones Thin / Wide":-0.059999998658895,
    "Forehead / Sellion / Nose Ratio":0.0,
    "Cheekbones Low / High":-0.30000001192093,
    "Nose Bridge Short / Long":0.0,
    "Forehead Short / Tall":0.75999999046326,
    "Nose Bridge Shallow / Deep":0.0,
    "Mouth Chin Short / Long":0.0,
    "Face Light / Heavy":-0.03999999910593,
    "Nose Region Concave / Convex":0.0,
    "Mouth Retracted / Protruding":0.0,
    "Cheeks Concave / Convex":0.0,
    "Nose Nostrils Small / Large":-0.34000000357628,
    "Jaw Concave / Convex":0.62000000476837,
    "Nose Down / Up":-0.81999999284744,
    "Mouth Low / High":-0.20000000298023,
    "Eyes Down / Up":-0.14000000059605,
    "Chin Shallow / Deep":-0.059999000281096,
    "Eyes Apart / Together":0.9200000166893,
    "Brow Ridge Inner Down / Up":0.41999998688698,
    "Nose Sellion Lower Shallow / Deep":0.0,
    "Nose Nostrils Thin / Wide":-0.14000000059605,
    "Forehead Small / Large":-0.87999999523163
  },
  "EyeMaterial":"/Game/Art/Character/Modular/Eyes_HighElf/MIC_HighElf_Eyes_Darkbrown.MIC_HighElf_Eyes_Darkbrown",
  "HairColorsL":{
    "0":{
      "A":1.0,
      "B":0.16826939582825,
      "G":0.29177063703537,
      "R":0.44520118832588
    }
  },
  "SkinParametersMap":{
    "Complexion":0.61423200368881,
    "Freckles":0.0,
    "Ombre Amount":0.68000000715256,
    "Eylids Light/Dark":0.41999998688698,
    "Skin Tint Purple/Yellow":0.0,
    "Cheek Blush Light/Red":-0.33999899029732,
    "Ombre Constrast":0.0,
    "Tip Color":1.0,
    "Eye socket Bruised/Bright":0.46000000834465,
    "Skin Tint Orange/Blue":0.0,
    "Eyebrows Color Intensity":0.46000000834465,
    "Tip Redness":1.0,
    "Root Redness":0.5,
    "Root Color":0.10000000149012,
    "Skin Dark/Light":0.0,
    "Salt And Pepper":0.0,
    "Eyebrows Redness Intensity":0.14000000059605,
    "Eyeliner Light/Dark":0.23999999463558,
    "Eyelids Pale/Red":0.83999997377396,
    "Cheekbones Flushed/Pale":1.0,
    "Eye Socket Dark/Light":0.93999999761581,
    "Lipstick Amount":0.30000001192093
  },
  "SenescenceLevel":4,
  "Sex":1,
  "Description":"saved from in-game",
  "ModCreator":"animandan",
  "ModVersion":"1.1.0",
  "Hair":"/Game/Dev/Phenotypes/Hair/HP_DarkElf_HR_Fringe.HP_DarkElf_HR_Fringe",
  "Name":"BP_Caranya_C",
  "Race":"TESRace /Game/Forms/actors/race/HighElf.HighElf",
  "Body":"SkeletalMesh /Game/Art/Character/Imperial/SK_Imperial_Body_m.SK_Imperial_Body_m"
}