{
  "Sex":0,
  "HairColorsL":{
    "0":{
      "A":1.0,
      "R":1.0,
      "G":1.0,
      "B":1.0
    }
  },
  "EyeMaterial":"/Game/Art/Character/Modular/Eyes_Human/MIC_Human_Eyes_Brown2.MIC_Human_Eyes_Brown2",
  "Author":"Bethesda",
  "Date":"2025-06-04 19:33:30",
  "Description":"saved from in-game",
  "Name":"BP_CheydinhalGuardCastlePostNight02_C",
  "ModCreator":"animandan",
  "ModName":"RaceMenuUtilities",
  "FaceBaseMesh":"/Game/Art/Character/Imperial/SK_Imperial_Head_m.SK_Imperial_Head_m",
  "ModVersion":"1.1.0",
  "Body":"SkeletalMesh /Game/Art/Character/Imperial/SK_Imperial_Body_m.SK_Imperial_Body_m",
  "FaceMorphValuesMap":{
    "Nose Nostrils Thin / Wide":0.0,
    "Forehead / Sellion / Nose Ratio":0.070288650691509,
    "Cheekbones Thin / Wide":0.057312998920679,
    "Forehead Small / Large":0.14035700261593,
    "Chin Recessed / Pronounced":0.0091989999637008,
    "Brow / Nose / Chin Ratio":0.1282359957695,
    "Jaw Thin / Wide":-0.5799999833107,
    "Cheeks Gaunt / Round":0.15821500122547,
    "Chin Backward / Forward":0.32140699028969,
    "Chin Thin / Wide":-0.081459999084473,
    "Forehead Short / Tall":0.2892219722271,
    "Face Thin / Wide":0.078374996781349,
    "Brow Ridge Inner Down / Up":-0.13208000361919,
    "Mouth Underbite / Overbite":0.18006902933121,
    "Mouth Low / High":-0.2208513468504,
    "Vampire":0.0,
    "Face Gaunt / Round":-0.20859932899475,
    "Eyes Small / Large":-0.58463901281357,
    "Mouth Drawn / Pursed":0.45305299758911,
    "Chin Retracted / Jutting":0.16048400104046,
    "Nose Tilt Down / Up":0.0,
    "Mouth Small / Large":0.45236998796463,
    "Nose Short / Long":0.0,
    "Nose Bridge Shallow / Deep":-0.10000000149012,
    "Nose Sellion Thin / Wide":0.0,
    "Mouth Retracted / Protruding":-0.034692525863647,
    "Nose Sellion Shallow / Deep":0.0,
    "Jaw Retracted / Jutting":-0.58288651704788,
    "Nose Sellion Down / Up":0.0,
    "Eyes Inward / Outward":0.7770419716835,
    "Nose Region Concave / Convex":0.0,
    "Brow Ridge Outer Down / Up":-0.46250501275063,
    "Nose Nostrils Small / Large":0.0,
    "Eyes Apart / Together":0.9200000166893,
    "Nose Nostrils Tilt Down / Up":0.0,
    "Nose Flat / Pointed":0.0,
    "Mouth Tilt Down / Up":-0.33125200867653,
    "Jaw Concave / Convex":-0.10911899805069,
    "Mouth Sad / Happy":0.043938424438238,
    "Cheekbones Shallow / Pronounced":-0.32093098759651,
    "Face Light / Heavy":0.34499308466911,
    "Nose Down / Up":0.0,
    "Chin Short / Tall":0.032623998820782,
    "Eyes Down / Up":-0.028681000694633,
    "Cheeks Concave / Convex":-0.11051300168037,
    "Nose Bridge Short / Long":0.29999899864197,
    "Mouth Chin Short / Long":-0.40760764479637,
    "Nose Sellion Lower Shallow / Deep":0.0,
    "Mouth Retracted / Puckered":-0.44929024577141,
    "Hair Length":0.0,
    "Mouth Deflated / Inflated":0.11119599640369,
    "Chin Shallow / Deep":-0.083781786262989,
    "Jaw Neck Slope Low / High":-0.57181018590927,
    "Brow Ridge Low / High":-0.462621986866,
    "Cheekbones Low / High":-0.16399200260639,
    "Forehead Back / Forward":-0.65515226125717,
    "Chin Small / Large":-0.25465977191925
  },
  "Hair":"/Game/Dev/Phenotypes/Hair/HP_Elf_HR_Braid.HP_Elf_HR_Braid",
  "SenescenceLevel":3,
  "APIVersion":"v2",
  "SkinParametersMap":{
    "Complexion":0.41999998688698,
    "Eye Sockets Bruised/Bright":0.0,
    "Ombre Constrast":0.0,
    "Skin Tint Purple/Yellow":0.0,
    "Eye Sockets Dark/Light":0.0,
    "Root Redness":1.0,
    "Naso Small/Large":0.0,
    "Ombre Amount":0.0,
    "Eyebrows Redness Intensity":0.0,
    "Root Color":1.0,
    "Age":0.0,
    "Lipstick Dark Blue/Light Red":0.0,
    "Lipstick Dark Red/Light Blue":0.0,
    "Eye socket Bruised/Bright":0.0,
    "Freckles":0.0,
    "Eylids Light/Dark":0.0,
    "Eye Socket Dark/Light":0.0,
    "Cheek Blush Light/Red":0.0,
    "Eyebrows Color Intensity":0.0,
    "Cheekbones Flushed/Pale":1.0,
    "Lipstick Amount":0.0,
    "Skin Tint Orange/Blue":0.0,
    "Eyelids Light/Dark":0.0,
    "Naso Labial Lines Light/Dark":0.0,
    "Tip Redness":1.0,
    "Eyeshadow Light/Dark":0.0,
    "Eyelids Pale/Red":0.0,
    "Tip Color":0.47940099239349,
    "Lips Flushed/Pale":0.0,
    "Eyeliner Light/Dark":0.0,
    "Salt And Pepper":0.044943999499083,
    "Skin Dark/Light":0.0
  },
  "Race":"TESRace /Game/Forms/actors/race/Imperial.Imperial",
  "SkinColorsMapL":{
    "Root DyeColor":{
      "A":1.0,
      "R":1.0,
      "G":1.0,
      "B":1.0
    },
    "Eyeliner Tone":{
      "A":1.0,
      "R":1.0,
      "G":1.0,
      "B":1.0
    },
    "Tip DyeColor":{
      "A":1.0,
      "R":1.0,
      "G":1.0,
      "B":1.0
    },
    "Skin Tone":{
      "A":1.0,
      "R":0.96354198455811,
      "G":0.84553802013397,
      "B":0.76280397176743
    },
    "Lipstick Color":{
      "A":1.0,
      "R":1.0,
      "G":1.0,
      "B":1.0
    }
  }
}