{
  "Sex":0,
  "HairColorsL":{
    "1":{
      "A":1.0,
      "R":0.16202937066555,
      "G":0.1046164855361,
      "B":0.061246052384377
    },
    "2":{
      "A":1.0,
      "R":0.16202937066555,
      "G":0.1046164855361,
      "B":0.061246052384377
    },
    "0":{
      "A":1.0,
      "R":0.021219009533525,
      "G":0.01032982300967,
      "B":0.0060488330200315
    }
  },
  "EyeMaterial":"/Game/Art/Character/Modular/Eyes_Human/MIC_Human_Eyes_Brown2.MIC_Human_Eyes_Brown2",
  "Author":"Bethesda",
  "Date":"2025-06-04 19:33:30",
  "Description":"saved from in-game",
  "Name":"BP_CheydinhalGuardCastlePatrolDay01_C",
  "ModCreator":"animandan",
  "ModName":"RaceMenuUtilities",
  "FaceBaseMesh":"/Game/Art/Character/Imperial/SK_Imperial_Head_m.SK_Imperial_Head_m",
  "ModVersion":"1.1.0",
  "Body":"SkeletalMesh /Game/Art/Character/Imperial/SK_Imperial_Body_m.SK_Imperial_Body_m",
  "FaceMorphValuesMap":{
    "Nose Nostrils Thin / Wide":0.18281389772892,
    "Forehead / Sellion / Nose Ratio":0.32040521502495,
    "Cheekbones Thin / Wide":0.044425398111343,
    "Forehead Small / Large":0.13113002479076,
    "Chin Recessed / Pronounced":0.0,
    "Brow / Nose / Chin Ratio":0.246979996562,
    "Jaw Thin / Wide":0.0088320001959801,
    "Cheeks Gaunt / Round":0.36506608128548,
    "Chin Backward / Forward":0.0,
    "Chin Thin / Wide":0.0,
    "Forehead Short / Tall":0.6997441649437,
    "Face Thin / Wide":-0.35025700926781,
    "Brow Ridge Inner Down / Up":-0.12286800146103,
    "Mouth Underbite / Overbite":0.0,
    "Mouth Low / High":0.0,
    "Vampire":0.0,
    "Face Gaunt / Round":0.19611665606499,
    "Eyes Small / Large":-0.87470799684525,
    "Mouth Drawn / Pursed":0.0,
    "Chin Retracted / Jutting":0.0,
    "Nose Tilt Down / Up":0.0,
    "Mouth Small / Large":0.0,
    "Nose Short / Long":0.0,
    "Nose Bridge Shallow / Deep":0.23687301576138,
    "Nose Sellion Thin / Wide":0.0,
    "Mouth Retracted / Protruding":0.0,
    "Nose Sellion Shallow / Deep":0.0,
    "Jaw Retracted / Jutting":-0.45667740702629,
    "Nose Sellion Down / Up":0.54680097103119,
    "Eyes Inward / Outward":0.31729865074158,
    "Nose Region Concave / Convex":-0.052501138299704,
    "Brow Ridge Outer Down / Up":-0.11573600023985,
    "Nose Nostrils Small / Large":-0.51057463884354,
    "Eyes Apart / Together":0.48025798797607,
    "Nose Nostrils Tilt Down / Up":-0.631187915802,
    "Nose Flat / Pointed":-0.47623714804649,
    "Mouth Tilt Down / Up":0.0,
    "Jaw Concave / Convex":-0.11385847628117,
    "Mouth Sad / Happy":0.0,
    "Cheekbones Shallow / Pronounced":-0.12856505811214,
    "Face Light / Heavy":0.23957680165768,
    "Nose Down / Up":-0.33399957418442,
    "Chin Short / Tall":0.0,
    "Eyes Down / Up":-0.13606199622154,
    "Cheeks Concave / Convex":-0.15790121257305,
    "Nose Bridge Short / Long":-0.24854519963264,
    "Mouth Chin Short / Long":0.0,
    "Nose Sellion Lower Shallow / Deep":0.0,
    "Mouth Retracted / Puckered":0.0,
    "Hair Length":0.0,
    "Mouth Deflated / Inflated":0.0,
    "Chin Shallow / Deep":0.0,
    "Jaw Neck Slope Low / High":0.1269652992487,
    "Brow Ridge Low / High":-0.43999999761581,
    "Cheekbones Low / High":0.1432266831398,
    "Forehead Back / Forward":-0.32981190085411,
    "Chin Small / Large":0.0
  },
  "Hair":"/Game/Dev/Phenotypes/Hair/HP_HR_Ponytail.HP_HR_Ponytail",
  "SenescenceLevel":5,
  "APIVersion":"v2",
  "SkinParametersMap":{
    "Complexion":0.11985000222921,
    "Cheek Blush Light/Red":0.0,
    "Eyebrows Color Intensity":0.0,
    "Eye socket Bruised/Bright":0.0,
    "Lipstick Amount":0.0,
    "Root Redness":0.0,
    "Freckles":0.0,
    "Cheekbones Flushed/Pale":0.0,
    "Eyebrows Redness Intensity":0.0,
    "Root Color":0.0,
    "Eyelids Pale/Red":0.0,
    "Tip Color":0.0,
    "Tip Redness":0.0,
    "Ombre Amount":0.0,
    "Salt And Pepper":0.0,
    "Ombre Constrast":0.0
  },
  "Race":"TESRace /Game/Forms/actors/race/Imperial.Imperial",
  "SkinColorsMapL":{
    "Root DyeColor":{
      "A":1.0,
      "R":0.0047769998200238,
      "G":0.0012140000471845,
      "B":0.0
    },
    "Eyeliner Tone":{
      "A":1.0,
      "R":1.0,
      "G":1.0,
      "B":1.0
    },
    "Tip DyeColor":{
      "A":1.0,
      "R":0.10702300071716,
      "G":0.034340001642704,
      "B":0.0056050000712276
    },
    "Skin Tone":{
      "A":1.0,
      "R":1.0,
      "G":1.0,
      "B":1.0
    },
    "Lipstick Color":{
      "A":1.0,
      "R":0.093058958649635,
      "G":0.0009105809731409,
      "B":0.0097212167456746
    }
  }
}