{
  "Sex":0,
  "HairColorsL":{
    "1":{
      "A":1.0,
      "R":0.16202937066555,
      "G":0.1046164855361,
      "B":0.061246052384377
    },
    "2":{
      "A":1.0,
      "R":0.16202937066555,
      "G":0.1046164855361,
      "B":0.061246052384377
    },
    "0":{
      "A":1.0,
      "R":0.021219009533525,
      "G":0.01032982300967,
      "B":0.0060488330200315
    }
  },
  "EyeMaterial":"/Game/Art/Character/Modular/Eyes_WoodElf/MIC_WoodElf_Eyes_Browngreen.MIC_WoodElf_Eyes_Browngreen",
  "SkinColorsMapL":{
    "Root DyeColor":{
      "A":1.0,
      "R":0.765625,
      "G":0.094077996909618,
      "B":0.071777001023293
    },
    "Eyeliner Tone":{
      "A":1.0,
      "R":1.0,
      "G":1.0,
      "B":1.0
    },
    "Tip DyeColor":{
      "A":1.0,
      "R":0.23839800059795,
      "G":0.012285999953747,
      "B":0.0047769998200238
    },
    "Skin Tone":{
      "A":1.0,
      "R":0.65625,
      "G":0.6448820233345,
      "B":0.54345697164536
    },
    "Lipstick Color":{
      "A":1.0,
      "R":1.0,
      "G":1.0,
      "B":1.0
    }
  },
  "Date":"2025-06-04 19:33:25",
  "Description":"saved from in-game",
  "Name":"BP_Cingaer_C",
  "ModCreator":"animandan",
  "ModName":"RaceMenuUtilities",
  "ModVersion":"1.1.0",
  "Mustache":"/Game/Dev/Phenotypes/Mustache/HP_WoodElf_MS_Medium.HP_WoodElf_MS_Medium",
  "Author":"Bethesda",
  "APIVersion":"v2",
  "Body":"SkeletalMesh /Game/Art/Character/Imperial/SK_Imperial_Body_m.SK_Imperial_Body_m",
  "FaceMorphValuesMap":{
    "Nose Nostrils Thin / Wide":0.0,
    "Forehead / Sellion / Nose Ratio":-0.5,
    "Cheekbones Thin / Wide":0.0,
    "Forehead Small / Large":-0.62809002399445,
    "Chin Recessed / Pronounced":0.0,
    "Brow / Nose / Chin Ratio":-0.41999998688698,
    "Jaw Thin / Wide":0.0,
    "Cheeks Gaunt / Round":0.31999999284744,
    "Chin Backward / Forward":0.0,
    "Chin Thin / Wide":0.46000000834465,
    "Forehead Short / Tall":0.23999999463558,
    "Face Thin / Wide":0.0,
    "Brow Ridge Inner Down / Up":0.10999900102615,
    "Mouth Underbite / Overbite":0.0,
    "Mouth Low / High":-0.86000001430511,
    "Vampire":0.0,
    "Face Gaunt / Round":0.25999999046326,
    "Eyes Small / Large":-1.0,
    "Mouth Drawn / Pursed":0.51999998092651,
    "Chin Retracted / Jutting":0.0,
    "Nose Tilt Down / Up":0.0,
    "Mouth Small / Large":0.0,
    "Nose Short / Long":0.0,
    "Nose Bridge Shallow / Deep":0.0,
    "Nose Sellion Thin / Wide":0.75999999046326,
    "Mouth Retracted / Protruding":0.0,
    "Nose Sellion Shallow / Deep":0.0,
    "Jaw Retracted / Jutting":-0.03999999910593,
    "Nose Sellion Down / Up":0.0,
    "Eyes Inward / Outward":0.0,
    "Nose Region Concave / Convex":0.0,
    "Brow Ridge Outer Down / Up":0.34999999403954,
    "Nose Nostrils Small / Large":0.0,
    "Eyes Apart / Together":0.11999999731779,
    "Nose Nostrils Tilt Down / Up":0.0,
    "Nose Flat / Pointed":0.0,
    "Mouth Tilt Down / Up":-0.11999999731779,
    "Jaw Concave / Convex":0.83999997377396,
    "Mouth Sad / Happy":0.66000002622604,
    "Cheekbones Shallow / Pronounced":-0.9200000166893,
    "Face Light / Heavy":0.60000002384186,
    "Nose Down / Up":-0.63999998569489,
    "Chin Short / Tall":-0.89999902248383,
    "Eyes Down / Up":-1.0,
    "Cheeks Concave / Convex":0.0,
    "Nose Bridge Short / Long":0.28000000119209,
    "Mouth Chin Short / Long":0.079999998211861,
    "Nose Sellion Lower Shallow / Deep":0.0,
    "Mouth Retracted / Puckered":0.0,
    "Hair Length":0.0,
    "Mouth Deflated / Inflated":0.0,
    "Chin Shallow / Deep":0.0,
    "Jaw Neck Slope Low / High":0.0,
    "Brow Ridge Low / High":-0.40000000596046,
    "Cheekbones Low / High":0.0,
    "Forehead Back / Forward":0.0,
    "Chin Small / Large":-9.9999999747524e-07
  },
  "Hair":"/Game/Dev/Phenotypes/Hair/HP_WoodElf_HR_Spiky.HP_WoodElf_HR_Spiky",
  "Beard":"/Game/Dev/Phenotypes/Beard/HP_WoodElf_BD_Goatee.HP_WoodElf_BD_Goatee",
  "SkinParametersMap":{
    "Complexion":0.0,
    "Ombre Constrast":-0.11999999731779,
    "Eye socket Bruised/Bright":0.51999998092651,
    "Root Redness":0.51999998092651,
    "Eyebrows Redness Intensity":0.0,
    "Root Color":0.0,
    "Eylids Light/Dark":0.0,
    "Cheek Blush Light/Red":0.56000000238419,
    "Eyebrows Color Intensity":0.0,
    "Cheekbones Flushed/Pale":0.10000000149012,
    "Lipstick Amount":0.0,
    "Skin Tint Orange/Blue":0.0,
    "Freckles":0.069288998842239,
    "Ombre Amount":0.03999999910593,
    "Tip Redness":9.9999999747524e-07,
    "Skin Tint Purple/Yellow":0.0,
    "Eyelids Pale/Red":0.31999999284744,
    "Tip Color":0.23999899625778,
    "Eyeliner Light/Dark":0.0,
    "Eye Socket Dark/Light":0.52000099420547,
    "Salt And Pepper":0.0,
    "Skin Dark/Light":0.0
  },
  "FaceBaseMesh":"/Game/Art/Character/WoodElf/SK_WoodElf_Head_m.SK_WoodElf_Head_m",
  "Race":"TESRace /Game/Forms/actors/race/WoodElf.WoodElf",
  "SenescenceLevel":0
}