{
  "Sex":0,
  "HairColorsL":{
    "0":{
      "A":1.0,
      "R":0.021219009533525,
      "G":0.01032982300967,
      "B":0.0060488330200315
    }
  },
  "EyeMaterial":"/Game/Art/Character/Modular/Eyes_HighElf/MIC_HighElf_Eyes_Black.MIC_HighElf_Eyes_Black",
  "Author":"Bethesda",
  "Date":"2025-06-04 19:39:06",
  "Description":"saved from in-game",
  "Name":"BP_CGMythicDawnAssassinFinal_C",
  "ModCreator":"animandan",
  "ModName":"RaceMenuUtilities",
  "FaceBaseMesh":"/Game/Art/Character/HighElf/SK_HighElf_Head_m.SK_HighElf_Head_m",
  "ModVersion":"1.1.0",
  "Body":"SkeletalMesh /Game/Art/Character/Imperial/SK_Imperial_Body_m.SK_Imperial_Body_m",
  "FaceMorphValuesMap":{
    "Nose Nostrils Thin / Wide":-0.51999998092651,
    "Forehead / Sellion / Nose Ratio":0.34000000357628,
    "Cheekbones Thin / Wide":0.0,
    "Forehead Small / Large":0.11999999731779,
    "Chin Recessed / Pronounced":-0.18000000715256,
    "Brow / Nose / Chin Ratio":0.0,
    "Jaw Thin / Wide":0.30000001192093,
    "Cheeks Gaunt / Round":0.0,
    "Chin Backward / Forward":0.0,
    "Chin Thin / Wide":0.87999999523163,
    "Forehead Short / Tall":0.0,
    "Face Thin / Wide":-0.21999999880791,
    "Brow Ridge Inner Down / Up":0.03999999910593,
    "Mouth Underbite / Overbite":0.0,
    "Mouth Low / High":0.059999998658895,
    "Vampire":0.0,
    "Face Gaunt / Round":0.23999999463558,
    "Eyes Small / Large":0.43999999761581,
    "Mouth Drawn / Pursed":0.0,
    "Chin Retracted / Jutting":-0.21999999880791,
    "Nose Tilt Down / Up":0.25999999046326,
    "Mouth Small / Large":0.0,
    "Nose Short / Long":-0.51999998092651,
    "Nose Bridge Shallow / Deep":0.0,
    "Nose Sellion Thin / Wide":0.0,
    "Mouth Retracted / Protruding":0.0,
    "Nose Sellion Shallow / Deep":0.0,
    "Jaw Retracted / Jutting":0.0,
    "Nose Sellion Down / Up":0.0,
    "Eyes Inward / Outward":0.0,
    "Nose Region Concave / Convex":0.28000000119209,
    "Brow Ridge Outer Down / Up":0.0,
    "Nose Nostrils Small / Large":0.0,
    "Eyes Apart / Together":0.0,
    "Nose Nostrils Tilt Down / Up":0.0,
    "Nose Flat / Pointed":0.22000099718571,
    "Mouth Tilt Down / Up":0.0,
    "Jaw Concave / Convex":0.36000001430511,
    "Mouth Sad / Happy":0.18000000715256,
    "Cheekbones Shallow / Pronounced":-0.14000000059605,
    "Face Light / Heavy":0.40000000596046,
    "Nose Down / Up":0.0,
    "Chin Short / Tall":0.079999998211861,
    "Eyes Down / Up":0.0,
    "Cheeks Concave / Convex":0.0,
    "Nose Bridge Short / Long":0.0,
    "Mouth Chin Short / Long":0.0,
    "Nose Sellion Lower Shallow / Deep":0.0,
    "Mouth Retracted / Puckered":0.0,
    "Hair Length":0.0,
    "Mouth Deflated / Inflated":0.0,
    "Chin Shallow / Deep":0.079999998211861,
    "Jaw Neck Slope Low / High":0.0,
    "Brow Ridge Low / High":0.10000000149012,
    "Cheekbones Low / High":0.0,
    "Forehead Back / Forward":0.0,
    "Chin Small / Large":0.15999999642372
  },
  "Hair":"/Game/Dev/Phenotypes/Hair/HP_HR_MediumLength.HP_HR_MediumLength",
  "SenescenceLevel":2,
  "APIVersion":"v2",
  "SkinParametersMap":{
    "Complexion":0.30000001192093,
    "Ombre Constrast":0.0,
    "Eye socket Bruised/Bright":0.0,
    "Root Redness":0.5,
    "Eyebrows Redness Intensity":0.0,
    "Root Color":0.10000000149012,
    "Eylids Light/Dark":0.34000000357628,
    "Cheek Blush Light/Red":0.0,
    "Eyebrows Color Intensity":0.0,
    "Cheekbones Flushed/Pale":0.0,
    "Lipstick Amount":0.0099999997764826,
    "Skin Tint Orange/Blue":0.0,
    "Freckles":0.56000000238419,
    "Ombre Amount":0.0,
    "Tip Redness":0.5,
    "Skin Tint Purple/Yellow":0.0,
    "Eyelids Pale/Red":0.34000000357628,
    "Tip Color":0.10000000149012,
    "Eyeliner Light/Dark":0.34000000357628,
    "Eye Socket Dark/Light":0.0,
    "Salt And Pepper":0.0,
    "Skin Dark/Light":0.0
  },
  "Race":"TESRace /Game/Forms/actors/race/HighElf.HighElf",
  "SkinColorsMapL":{
    "Root DyeColor":{
      "A":1.0,
      "R":0.0,
      "G":0.0,
      "B":0.0
    },
    "Eyeliner Tone":{
      "A":1.0,
      "R":0.47353148460388,
      "G":0.67954248189926,
      "B":1.0
    },
    "Tip DyeColor":{
      "A":1.0,
      "R":0.0,
      "G":0.0,
      "B":0.0
    },
    "Skin Tone":{
      "A":1.0,
      "R":0.67954248189926,
      "G":0.62396037578583,
      "B":0.5647115111351
    },
    "Lipstick Color":{
      "A":1.0,
      "R":1.0,
      "G":0.38132601976395,
      "B":0.46207699179649
    }
  }
}