{
  "Sex":0,
  "HairColorsL":{
    "1":{
      "A":1.0,
      "R":0.16145800054073,
      "G":0.10424599796534,
      "B":0.061027999967337
    },
    "2":{
      "A":1.0,
      "R":0.16145800054073,
      "G":0.10424599796534,
      "B":0.061027999967337
    },
    "0":{
      "A":1.0,
      "R":0.22395800054073,
      "G":0.1452250033617,
      "B":0.08398400247097
    }
  },
  "EyeMaterial":"/Game/Art/Character/Modular/Eyes_Human/MIC_Human_Eyes_Brown2.MIC_Human_Eyes_Brown2",
  "SkinColorsMapL":{
    "Root DyeColor":{
      "A":1.0,
      "R":0.23839800059795,
      "G":0.012285999953747,
      "B":0.0047769998200238
    },
    "Eyeliner Tone":{
      "A":1.0,
      "R":1.0,
      "G":1.0,
      "B":1.0
    },
    "Tip DyeColor":{
      "A":1.0,
      "R":0.23839800059795,
      "G":0.012285999953747,
      "B":0.0047769998200238
    },
    "Skin Tone":{
      "A":1.0,
      "R":1.0,
      "G":1.0,
      "B":1.0
    },
    "Lipstick Color":{
      "A":1.0,
      "R":1.0,
      "G":1.0,
      "B":1.0
    }
  },
  "Date":"2025-06-04 19:33:38",
  "Description":"saved from in-game",
  "Name":"BP_ChorrolGuardPostStablesNight_C",
  "ModCreator":"animandan",
  "ModName":"RaceMenuUtilities",
  "ModVersion":"1.1.0",
  "Mustache":"/Game/Dev/Phenotypes/Mustache/HP_Imperial_MS_Medium.HP_Imperial_MS_Medium",
  "Author":"Bethesda",
  "APIVersion":"v2",
  "Body":"SkeletalMesh /Game/Art/Character/Imperial/SK_Imperial_Body_m.SK_Imperial_Body_m",
  "FaceMorphValuesMap":{
    "Nose Nostrils Thin / Wide":0.66799145936966,
    "Forehead / Sellion / Nose Ratio":0.50891828536987,
    "Cheekbones Thin / Wide":0.29345399141312,
    "Forehead Small / Large":-0.27763599157333,
    "Chin Recessed / Pronounced":0.11999999731779,
    "Brow / Nose / Chin Ratio":-0.076185002923012,
    "Jaw Thin / Wide":-0.046567998826504,
    "Cheeks Gaunt / Round":0.42921540141106,
    "Chin Backward / Forward":0.0,
    "Chin Thin / Wide":0.0,
    "Forehead Short / Tall":0.084546998143196,
    "Face Thin / Wide":0.052387144416571,
    "Brow Ridge Inner Down / Up":-0.0039349999278784,
    "Mouth Underbite / Overbite":0.23595559597015,
    "Mouth Low / High":-0.48741701245308,
    "Vampire":0.0,
    "Face Gaunt / Round":-0.011717000044882,
    "Eyes Small / Large":-0.4578549861908,
    "Mouth Drawn / Pursed":-0.073536202311516,
    "Chin Retracted / Jutting":0.0,
    "Nose Tilt Down / Up":0.0,
    "Mouth Small / Large":-0.15107600390911,
    "Nose Short / Long":0.0,
    "Nose Bridge Shallow / Deep":0.32907971739769,
    "Nose Sellion Thin / Wide":0.0,
    "Mouth Retracted / Protruding":-0.4022254049778,
    "Nose Sellion Shallow / Deep":0.0,
    "Jaw Retracted / Jutting":-0.10940908640623,
    "Nose Sellion Down / Up":0.31238594651222,
    "Eyes Inward / Outward":0.11375339329243,
    "Nose Region Concave / Convex":-0.62386965751648,
    "Brow Ridge Outer Down / Up":0.22818866372108,
    "Nose Nostrils Small / Large":-0.51776438951492,
    "Eyes Apart / Together":0.38919600844383,
    "Nose Nostrils Tilt Down / Up":0.097053430974483,
    "Nose Flat / Pointed":-0.16189420223236,
    "Mouth Tilt Down / Up":0.74058818817139,
    "Jaw Concave / Convex":0.35503542423248,
    "Mouth Sad / Happy":0.60286897420883,
    "Cheekbones Shallow / Pronounced":-0.10165200382471,
    "Face Light / Heavy":0.18128679692745,
    "Nose Down / Up":0.052754022181034,
    "Chin Short / Tall":0.0,
    "Eyes Down / Up":0.45369800925255,
    "Cheeks Concave / Convex":-0.10349182039499,
    "Nose Bridge Short / Long":-0.51268422603607,
    "Mouth Chin Short / Long":0.31924656033516,
    "Nose Sellion Lower Shallow / Deep":0.0,
    "Mouth Retracted / Puckered":-0.22587350010872,
    "Hair Length":0.0,
    "Mouth Deflated / Inflated":0.1932609975338,
    "Chin Shallow / Deep":0.0,
    "Jaw Neck Slope Low / High":0.19151100516319,
    "Brow Ridge Low / High":-0.20778900384903,
    "Cheekbones Low / High":-0.085110001266003,
    "Forehead Back / Forward":0.048074003309011,
    "Chin Small / Large":0.0
  },
  "Hair":"/Game/Dev/Phenotypes/Hair/HP_Elf_HR_PonyTail.HP_Elf_HR_PonyTail",
  "Beard":"/Game/Dev/Phenotypes/Beard/HP_Imperial_BD_Goatee.HP_Imperial_BD_Goatee",
  "SkinParametersMap":{
    "Complexion":0.51999998092651,
    "Eye Sockets Bruised/Bright":0.0,
    "Ombre Constrast":-0.11999999731779,
    "Skin Tint Purple/Yellow":0.11999999731779,
    "Eye Sockets Dark/Light":0.0,
    "Root Redness":0.51999998092651,
    "Naso Small/Large":0.0,
    "Ombre Amount":0.03999999910593,
    "Eyebrows Redness Intensity":0.0,
    "Root Color":1.0,
    "Age":0.0,
    "Lipstick Dark Blue/Light Red":0.0,
    "Lipstick Dark Red/Light Blue":0.0,
    "Eye socket Bruised/Bright":0.0,
    "Freckles":0.41999998688698,
    "Eylids Light/Dark":0.0,
    "Eye Socket Dark/Light":0.18000000715256,
    "Cheek Blush Light/Red":0.14000000059605,
    "Eyebrows Color Intensity":0.5,
    "Cheekbones Flushed/Pale":0.0,
    "Lipstick Amount":0.0,
    "Skin Tint Orange/Blue":0.0,
    "Eyelids Light/Dark":0.0,
    "Naso Labial Lines Light/Dark":0.0,
    "Tip Redness":9.9999999747524e-07,
    "Eyeshadow Light/Dark":0.0,
    "Eyelids Pale/Red":0.0,
    "Tip Color":0.23999899625778,
    "Lips Flushed/Pale":0.0,
    "Eyeliner Light/Dark":0.0,
    "Salt And Pepper":0.0,
    "Skin Dark/Light":0.18000000715256
  },
  "FaceBaseMesh":"/Game/Art/Character/Imperial/SK_Imperial_Head_m.SK_Imperial_Head_m",
  "Race":"TESRace /Game/Forms/actors/race/Imperial.Imperial",
  "SenescenceLevel":3
}