{
  "APIVersion":"v2",
  "SkinParametersMap":{
    "Eyebrows Redness Intensity":0.0,
    "Naso Small/Large":0.0,
    "Ombre Amount":1.0,
    "Tip Color":0.36000001430511,
    "Root Redness":0.5,
    "Tip Redness":0.5,
    "Ombre Constrast":1.0,
    "Root Color":0.10000000149012,
    "Eyelids Light/Dark":0.0,
    "Eyeshadow Light/Dark":0.0,
    "Complexion":0.46000000834465,
    "Eye Sockets Bruised/Bright":0.0,
    "Freckles":0.15999999642372,
    "Cheekbones Flushed/Pale":0.47999900579453,
    "Cheek Blush Light/Red":0.25999999046326,
    "Salt And Pepper":0.0,
    "Skin Dark/Light":0.059999998658895,
    "Eyebrows Color Intensity":0.0,
    "Eye socket Bruised/Bright":0.0,
    "Eye Socket Dark/Light":0.0,
    "Lipstick Dark Blue/Light Red":0.0,
    "Eyelids Pale/Red":0.0,
    "Age":0.0,
    "Skin Tint Orange/Blue":0.0,
    "Lipstick Amount":0.0049999998882413,
    "Eyeliner Light/Dark":0.0,
    "Eylids Light/Dark":0.0,
    "Eye Sockets Dark/Light":0.0,
    "Lipstick Dark Red/Light Blue":0.0,
    "Naso Labial Lines Light/Dark":0.0,
    "Lips Flushed/Pale":0.0,
    "Skin Tint Purple/Yellow":0.10000000149012
  },
  "Author":"Bethesda",
  "Race":"TESRace /Game/Forms/actors/race/Imperial.Imperial",
  "HairColorsL":{
    "0":{
      "R":0.0051819998770952,
      "G":0.0018210000125691,
      "B":0.0018210000125691,
      "A":1.0
    }
  },
  "Body":"SkeletalMesh /Game/Art/Character/Imperial/SK_Imperial_Body_m.SK_Imperial_Body_m",
  "Date":"2025-06-04 19:29:34",
  "SkinColorsMapL":{
    "Root DyeColor":{
      "R":1.0,
      "G":1.0,
      "B":1.0,
      "A":1.0
    },
    "Eyeliner Tone":{
      "R":1.0,
      "G":1.0,
      "B":1.0,
      "A":1.0
    },
    "Lipstick Color":{
      "R":1.0,
      "G":1.0,
      "B":1.0,
      "A":1.0
    },
    "Skin Tone":{
      "R":1.0,
      "G":1.0,
      "B":1.0,
      "A":1.0
    },
    "Tip DyeColor":{
      "R":1.0,
      "G":1.0,
      "B":1.0,
      "A":1.0
    }
  },
  "ModCreator":"animandan",
  "Sex":0,
  "ModName":"RaceMenuUtilities",
  "EyeMaterial":"/Game/Art/Character/Modular/Eyes_Human/MIC_Human_Eyes_Brown2.MIC_Human_Eyes_Brown2",
  "ModVersion":"1.1.0",
  "FaceBaseMesh":"/Game/Art/Character/Imperial/SK_Imperial_Head_m.SK_Imperial_Head_m",
  "Hair":"/Game/Dev/Phenotypes/Hair/HP_Human_HR_MessyBalding.HP_Human_HR_MessyBalding",
  "Description":"saved from in-game",
  "SenescenceLevel":2,
  "FaceMorphValuesMap":{
    "Face Gaunt / Round":-0.1786642819643,
    "Nose Short / Long":0.0,
    "Nose Tilt Down / Up":0.0,
    "Mouth Sad / Happy":0.18630526959896,
    "Mouth Retracted / Protruding":-0.45397779345512,
    "Chin Short / Tall":0.0,
    "Cheekbones Low / High":-0.24767918884754,
    "Nose Nostrils Tilt Down / Up":-0.012639000080526,
    "Mouth Deflated / Inflated":0.10277547687292,
    "Hair Length":0.0,
    "Nose Sellion Shallow / Deep":0.0,
    "Chin Shallow / Deep":0.0,
    "Jaw Concave / Convex":0.20849768817425,
    "Brow Ridge Low / High":-0.3688679933548,
    "Chin Recessed / Pronounced":0.41999998688698,
    "Mouth Tilt Down / Up":0.19433817267418,
    "Nose Sellion Thin / Wide":0.0,
    "Cheeks Gaunt / Round":0.39150354266167,
    "Nose Sellion Lower Shallow / Deep":0.0,
    "Nose Sellion Down / Up":-0.20953916013241,
    "Cheeks Concave / Convex":-0.26641398668289,
    "Nose Region Concave / Convex":-0.14262352883816,
    "Eyes Inward / Outward":-0.090536400675774,
    "Nose Nostrils Thin / Wide":0.27301093935966,
    "Brow Ridge Inner Down / Up":0.055236998945475,
    "Eyes Apart / Together":0.24691900610924,
    "Mouth Underbite / Overbite":-0.071935623884201,
    "Chin Retracted / Jutting":0.0,
    "Brow / Nose / Chin Ratio":0.21223999559879,
    "Nose Bridge Short / Long":0.50906735658646,
    "Mouth Low / High":-0.57986599206924,
    "Forehead Small / Large":-0.10287548601627,
    "Nose Bridge Shallow / Deep":0.056061327457428,
    "Eyes Small / Large":-0.36237299442291,
    "Forehead / Sellion / Nose Ratio":-0.18555901944637,
    "Mouth Chin Short / Long":-0.38289973139763,
    "Forehead Short / Tall":0.28960099816322,
    "Eyes Down / Up":-0.10559774935246,
    "Vampire":0.0,
    "Mouth Retracted / Puckered":-0.086361810564995,
    "Jaw Retracted / Jutting":0.28667858242989,
    "Mouth Drawn / Pursed":-0.16987417638302,
    "Cheekbones Thin / Wide":0.27519699931145,
    "Nose Down / Up":-0.26145198941231,
    "Jaw Neck Slope Low / High":0.44480699300766,
    "Chin Thin / Wide":0.0,
    "Cheekbones Shallow / Pronounced":-0.016432585194707,
    "Nose Nostrils Small / Large":0.11129369586706,
    "Nose Flat / Pointed":-0.16168563067913,
    "Face Thin / Wide":0.20437622070312,
    "Chin Backward / Forward":0.0,
    "Face Light / Heavy":0.047272000461817,
    "Mouth Small / Large":0.21487312018871,
    "Forehead Back / Forward":0.32339453697205,
    "Jaw Thin / Wide":0.041728999465704,
    "Brow Ridge Outer Down / Up":-0.088080756366253,
    "Chin Small / Large":0.0
  },
  "Name":"BP_ChorrolGuardPrivateQuarters01_C"
}