{
  "APIVersion":"v2",
  "SkinParametersMap":{
    "Eyebrows Redness Intensity":0.0,
    "Naso Small/Large":0.0,
    "Ombre Amount":1.0,
    "Tip Color":0.36000001430511,
    "Root Redness":0.5,
    "Tip Redness":0.5,
    "Ombre Constrast":1.0,
    "Root Color":0.10000000149012,
    "Eyelids Light/Dark":0.0,
    "Eyeshadow Light/Dark":0.0,
    "Complexion":0.30000001192093,
    "Eye Sockets Bruised/Bright":0.0,
    "Freckles":0.0,
    "Cheekbones Flushed/Pale":0.0,
    "Cheek Blush Light/Red":0.0,
    "Salt And Pepper":0.0,
    "Skin Dark/Light":0.0,
    "Eyebrows Color Intensity":0.0,
    "Eye socket Bruised/Bright":0.0,
    "Eye Socket Dark/Light":0.0,
    "Lipstick Dark Blue/Light Red":0.0,
    "Eyelids Pale/Red":0.0,
    "Age":0.0,
    "Skin Tint Orange/Blue":0.0,
    "Lipstick Amount":0.0,
    "Eyeliner Light/Dark":0.0,
    "Eylids Light/Dark":0.0,
    "Eye Sockets Dark/Light":0.0,
    "Lipstick Dark Red/Light Blue":0.0,
    "Naso Labial Lines Light/Dark":0.0,
    "Lips Flushed/Pale":0.0,
    "Skin Tint Purple/Yellow":0.0
  },
  "Author":"Bethesda",
  "Race":"TESRace /Game/Forms/actors/race/Imperial.Imperial",
  "HairColorsL":[],
  "Body":"SkeletalMesh /Game/Art/Character/Imperial/SK_Imperial_Body_m.SK_Imperial_Body_m",
  "Date":"2025-06-04 19:29:33",
  "SkinColorsMapL":{
    "Tip DyeColor":{
      "R":1.0,
      "G":1.0,
      "B":1.0,
      "A":1.0
    },
    "Lipstick Color":{
      "R":1.0,
      "G":1.0,
      "B":1.0,
      "A":1.0
    },
    "Root DyeColor":{
      "R":1.0,
      "G":1.0,
      "B":1.0,
      "A":1.0
    }
  },
  "Sex":0,
  "ModCreator":"animandan",
  "ModVersion":"1.1.0",
  "ModName":"RaceMenuUtilities",
  "FaceBaseMesh":"/Game/Art/Character/Imperial/SK_Imperial_Head_m.SK_Imperial_Head_m",
  "Hair":"/Game/Dev/Phenotypes/Hair/HP_HR_Loose.HP_HR_Loose",
  "Description":"saved from in-game",
  "SenescenceLevel":4,
  "FaceMorphValuesMap":{
    "Face Gaunt / Round":0.22813037037849,
    "Nose Short / Long":0.0,
    "Nose Tilt Down / Up":0.0,
    "Mouth Sad / Happy":-0.050494000315666,
    "Mouth Retracted / Protruding":0.073387421667576,
    "Chin Short / Tall":-0.47663956880569,
    "Cheekbones Low / High":0.11253207921982,
    "Nose Nostrils Tilt Down / Up":-0.36587798595428,
    "Mouth Deflated / Inflated":0.66541695594788,
    "Hair Length":0.0,
    "Nose Sellion Shallow / Deep":0.0,
    "Chin Shallow / Deep":0.31258115172386,
    "Jaw Concave / Convex":0.26717561483383,
    "Brow Ridge Low / High":-0.28760865330696,
    "Chin Recessed / Pronounced":0.066866405308247,
    "Mouth Tilt Down / Up":0.024091999977827,
    "Nose Sellion Thin / Wide":0.0,
    "Cheeks Gaunt / Round":0.31920886039734,
    "Nose Sellion Lower Shallow / Deep":0.0,
    "Nose Sellion Down / Up":-0.19859939813614,
    "Cheeks Concave / Convex":-0.36569222807884,
    "Nose Region Concave / Convex":0.34059193730354,
    "Eyes Inward / Outward":0.019664635881782,
    "Nose Nostrils Thin / Wide":-0.018016321584582,
    "Brow Ridge Inner Down / Up":0.33286508917809,
    "Eyes Apart / Together":0.39676401019096,
    "Mouth Underbite / Overbite":0.18792437016964,
    "Chin Retracted / Jutting":0.36990550160408,
    "Brow / Nose / Chin Ratio":0.23355834186077,
    "Nose Bridge Short / Long":0.060516711324453,
    "Mouth Low / High":-0.10505899786949,
    "Forehead Small / Large":0.1033900976181,
    "Nose Bridge Shallow / Deep":-0.23934599757195,
    "Eyes Small / Large":-0.61048716306686,
    "Forehead / Sellion / Nose Ratio":0.026948912069201,
    "Mouth Chin Short / Long":0.040678028017282,
    "Forehead Short / Tall":-0.026423571631312,
    "Eyes Down / Up":-0.033383920788765,
    "Vampire":0.0,
    "Mouth Retracted / Puckered":-0.60597097873688,
    "Jaw Retracted / Jutting":-0.54060882329941,
    "Mouth Drawn / Pursed":-0.25579881668091,
    "Cheekbones Thin / Wide":-0.29649215936661,
    "Nose Down / Up":0.064012050628662,
    "Jaw Neck Slope Low / High":0.034060474485159,
    "Chin Thin / Wide":-0.38780006766319,
    "Cheekbones Shallow / Pronounced":0.3904924094677,
    "Nose Nostrils Small / Large":-0.04712275788188,
    "Nose Flat / Pointed":-0.041216999292374,
    "Face Thin / Wide":-0.01227271836251,
    "Chin Backward / Forward":-0.21183359622955,
    "Face Light / Heavy":0.081094086170197,
    "Mouth Small / Large":-0.19081997871399,
    "Forehead Back / Forward":-0.13245216012001,
    "Jaw Thin / Wide":-0.18669085204601,
    "Brow Ridge Outer Down / Up":-0.0027732320595533,
    "Chin Small / Large":0.11143751442432
  },
  "Name":"BP_ChorrolGuardPrivateQuarters03_C"
}