{
  "Sex":0,
  "HairColorsL":{
    "0":{
      "A":1.0,
      "R":0.021219009533525,
      "G":0.01032982300967,
      "B":0.0060488330200315
    },
    "2":{
      "A":1.0,
      "R":0.012286487966776,
      "G":0.0074990317225456,
      "B":0.0036765071563423
    }
  },
  "EyeMaterial":"/Game/Art/Character/Modular/Eyes_Human/MIC_Human_Eyes_Brown2.MIC_Human_Eyes_Brown2",
  "Author":"Bethesda",
  "Date":"2025-06-04 19:33:30",
  "Description":"saved from in-game",
  "Name":"BP_CheydinhalGuardCastlePatrolNight01_C",
  "ModCreator":"animandan",
  "ModName":"RaceMenuUtilities",
  "FaceBaseMesh":"/Game/Art/Character/Imperial/SK_Imperial_Head_m.SK_Imperial_Head_m",
  "ModVersion":"1.1.0",
  "Body":"SkeletalMesh /Game/Art/Character/Imperial/SK_Imperial_Body_m.SK_Imperial_Body_m",
  "FaceMorphValuesMap":{
    "Nose Nostrils Thin / Wide":0.0,
    "Forehead / Sellion / Nose Ratio":0.51196879148483,
    "Cheekbones Thin / Wide":0.035585001111031,
    "Forehead Small / Large":-0.4851196706295,
    "Chin Recessed / Pronounced":0.058799084275961,
    "Brow / Nose / Chin Ratio":0.31845280528069,
    "Jaw Thin / Wide":-0.13357099890709,
    "Cheeks Gaunt / Round":0.49062085151672,
    "Chin Backward / Forward":-0.085715070366859,
    "Chin Thin / Wide":-0.30802747607231,
    "Forehead Short / Tall":0.44452509284019,
    "Face Thin / Wide":-0.21786370873451,
    "Brow Ridge Inner Down / Up":0.03957499936223,
    "Mouth Underbite / Overbite":-0.18902400135994,
    "Mouth Low / High":0.23671343922615,
    "Vampire":0.0,
    "Face Gaunt / Round":-0.51356863975525,
    "Eyes Small / Large":-0.4067539870739,
    "Mouth Drawn / Pursed":-0.16514192521572,
    "Chin Retracted / Jutting":0.16167844831944,
    "Nose Tilt Down / Up":0.0,
    "Mouth Small / Large":0.47701200842857,
    "Nose Short / Long":0.0,
    "Nose Bridge Shallow / Deep":0.0,
    "Nose Sellion Thin / Wide":0.0,
    "Mouth Retracted / Protruding":0.14422500133514,
    "Nose Sellion Shallow / Deep":0.0,
    "Jaw Retracted / Jutting":-0.44741135835648,
    "Nose Sellion Down / Up":0.0,
    "Eyes Inward / Outward":0.78630000352859,
    "Nose Region Concave / Convex":0.0,
    "Brow Ridge Outer Down / Up":0.059312254190445,
    "Nose Nostrils Small / Large":0.0,
    "Eyes Apart / Together":0.74775898456573,
    "Nose Nostrils Tilt Down / Up":0.0,
    "Nose Flat / Pointed":0.0,
    "Mouth Tilt Down / Up":-0.050407905131578,
    "Jaw Concave / Convex":0.03846500068903,
    "Mouth Sad / Happy":-0.19485899806023,
    "Cheekbones Shallow / Pronounced":-0.4334029853344,
    "Face Light / Heavy":0.25223332643509,
    "Nose Down / Up":0.0,
    "Chin Short / Tall":-0.065981730818748,
    "Eyes Down / Up":0.54042333364487,
    "Cheeks Concave / Convex":-0.14469721913338,
    "Nose Bridge Short / Long":0.0,
    "Mouth Chin Short / Long":0.48591169714928,
    "Nose Sellion Lower Shallow / Deep":0.0,
    "Mouth Retracted / Puckered":0.50316900014877,
    "Hair Length":0.0,
    "Mouth Deflated / Inflated":0.26876500248909,
    "Chin Shallow / Deep":0.30993017554283,
    "Jaw Neck Slope Low / High":0.002717993920669,
    "Brow Ridge Low / High":-0.48571801185608,
    "Cheekbones Low / High":0.090715996921062,
    "Forehead Back / Forward":0.046769868582487,
    "Chin Small / Large":-0.015697961673141
  },
  "Hair":"/Game/Dev/Phenotypes/Hair/HP_HR_MediumLength.HP_HR_MediumLength",
  "SenescenceLevel":2,
  "APIVersion":"v2",
  "SkinParametersMap":{
    "Complexion":0.54000002145767,
    "Eye Sockets Bruised/Bright":0.0,
    "Ombre Constrast":1.0,
    "Skin Tint Purple/Yellow":0.37999999523163,
    "Eye Sockets Dark/Light":0.0,
    "Root Redness":1.0,
    "Naso Small/Large":0.0,
    "Ombre Amount":1.0,
    "Eyebrows Redness Intensity":0.0,
    "Root Color":0.014980999752879,
    "Age":0.0,
    "Lipstick Dark Blue/Light Red":0.0,
    "Lipstick Dark Red/Light Blue":0.0,
    "Eye socket Bruised/Bright":0.0,
    "Freckles":0.0,
    "Eylids Light/Dark":0.0,
    "Eye Socket Dark/Light":0.0,
    "Cheek Blush Light/Red":0.31999999284744,
    "Eyebrows Color Intensity":0.40000000596046,
    "Cheekbones Flushed/Pale":0.0,
    "Lipstick Amount":0.0049999998882413,
    "Skin Tint Orange/Blue":0.0,
    "Eyelids Light/Dark":0.0,
    "Naso Labial Lines Light/Dark":0.0,
    "Tip Redness":1.0,
    "Eyeshadow Light/Dark":0.0,
    "Eyelids Pale/Red":0.0,
    "Tip Color":0.029962999746203,
    "Lips Flushed/Pale":0.0,
    "Eyeliner Light/Dark":0.0,
    "Salt And Pepper":0.0,
    "Skin Dark/Light":0.0
  },
  "Race":"TESRace /Game/Forms/actors/race/Imperial.Imperial",
  "SkinColorsMapL":{
    "Root DyeColor":{
      "A":1.0,
      "R":1.0,
      "G":1.0,
      "B":1.0
    },
    "Eyeliner Tone":{
      "A":1.0,
      "R":1.0,
      "G":1.0,
      "B":1.0
    },
    "Tip DyeColor":{
      "A":1.0,
      "R":0.088541999459267,
      "G":0.027039999142289,
      "B":0.0073779998347163
    },
    "Skin Tone":{
      "A":1.0,
      "R":0.99479198455811,
      "G":0.88616001605988,
      "B":0.67873799800873
    },
    "Lipstick Color":{
      "A":1.0,
      "R":1.0,
      "G":1.0,
      "B":1.0
    }
  }
}