{
  "APIVersion":"v2",
  "SkinParametersMap":{
    "Tip Color":0.5799999833107,
    "Ombre Constrast":0.98000001907349,
    "Complexion":0.77999997138977,
    "Ombre Amount":1.0,
    "Lipstick Amount":0.019999999552965,
    "Salt And Pepper":0.079999998211861,
    "Skin Dark/Light":0.18000000715256,
    "Root Redness":0.5,
    "Eye socket Bruised/Bright":0.0,
    "Freckles":0.31999999284744,
    "Eyeliner Light/Dark":0.0,
    "Eyebrows Redness Intensity":0.0,
    "Eye Socket Dark/Light":0.0,
    "Eyebrows Color Intensity":0.0,
    "Root Color":0.10000000149012,
    "Cheek Blush Light/Red":0.0,
    "Eylids Light/Dark":0.0,
    "Skin Tint Orange/Blue":0.0,
    "Tip Redness":0.5,
    "Cheekbones Flushed/Pale":0.0,
    "Eyelids Pale/Red":0.0,
    "Skin Tint Purple/Yellow":0.0
  },
  "Author":"Bethesda",
  "Race":"TESRace /Game/Forms/actors/race/Breton.Breton",
  "HairColorsL":{
    "1":{
      "R":0.16145800054073,
      "G":0.10424599796534,
      "B":0.061027999967337,
      "A":1.0
    },
    "2":{
      "R":0.16145800054073,
      "G":0.10424599796534,
      "B":0.061027999967337,
      "A":1.0
    },
    "0":{
      "R":0.020833000540733,
      "G":0.010127999819815,
      "B":0.0061369999311864,
      "A":1.0
    }
  },
  "Body":"SkeletalMesh /Game/Art/Character/Imperial/SK_Imperial_Body_m.SK_Imperial_Body_m",
  "Date":"2025-06-04 19:27:58",
  "ModCreator":"animandan",
  "ModName":"RaceMenuUtilities",
  "SkinColorsMapL":{
    "Root DyeColor":{
      "R":1.0,
      "G":1.0,
      "B":1.0,
      "A":1.0
    },
    "Eyeliner Tone":{
      "R":1.0,
      "G":1.0,
      "B":1.0,
      "A":1.0
    },
    "Lipstick Color":{
      "R":1.0,
      "G":1.0,
      "B":1.0,
      "A":1.0
    },
    "Skin Tone":{
      "R":1.0,
      "G":1.0,
      "B":1.0,
      "A":1.0
    },
    "Tip DyeColor":{
      "R":1.0,
      "G":1.0,
      "B":1.0,
      "A":1.0
    }
  },
  "Beard":"/Game/Dev/Phenotypes/Beard/HP_Breton_BD_Goatee.HP_Breton_BD_Goatee",
  "Sex":0,
  "ModVersion":"1.1.0",
  "EyeMaterial":"/Game/Art/Character/Modular/Eyes_Human/MIC_Human_Eyes_Green2.MIC_Human_Eyes_Green2",
  "Description":"saved from in-game",
  "FaceBaseMesh":"/Game/Art/Character/Breton/SK_Breton_Head_m.SK_Breton_Head_m",
  "FaceMorphValuesMap":{
    "Face Gaunt / Round":0.29725098609924,
    "Nose Short / Long":0.0,
    "Nose Tilt Down / Up":0.0,
    "Mouth Sad / Happy":0.0,
    "Mouth Retracted / Protruding":-0.28000000119209,
    "Chin Short / Tall":0.095770001411438,
    "Cheekbones Low / High":-0.035038933157921,
    "Nose Nostrils Tilt Down / Up":0.0,
    "Mouth Deflated / Inflated":0.03999999910593,
    "Hair Length":0.0,
    "Nose Sellion Shallow / Deep":0.0,
    "Chin Shallow / Deep":0.50654673576355,
    "Jaw Concave / Convex":0.57586097717285,
    "Brow Ridge Low / High":0.19530299305916,
    "Chin Recessed / Pronounced":0.14482489228249,
    "Mouth Tilt Down / Up":0.0,
    "Nose Sellion Thin / Wide":0.56000000238419,
    "Cheeks Gaunt / Round":0.27207699418068,
    "Nose Sellion Lower Shallow / Deep":0.0,
    "Nose Sellion Down / Up":0.40000000596046,
    "Cheeks Concave / Convex":0.37453898787498,
    "Nose Region Concave / Convex":0.0,
    "Eyes Inward / Outward":0.056448098272085,
    "Nose Nostrils Thin / Wide":0.0,
    "Brow Ridge Inner Down / Up":0.41746100783348,
    "Eyes Apart / Together":-0.21469900012016,
    "Mouth Underbite / Overbite":-0.20000000298023,
    "Chin Retracted / Jutting":-0.16972349584103,
    "Brow / Nose / Chin Ratio":0.11765547841787,
    "Nose Bridge Short / Long":-0.47999998927116,
    "Mouth Low / High":0.0,
    "Forehead Small / Large":0.29996362328529,
    "Nose Bridge Shallow / Deep":0.0,
    "Eyes Small / Large":0.47297701239586,
    "Forehead / Sellion / Nose Ratio":0.16531300544739,
    "Mouth Chin Short / Long":-0.019999999552965,
    "Forehead Short / Tall":-0.15860000252724,
    "Eyes Down / Up":0.63444399833679,
    "Vampire":0.0,
    "Mouth Retracted / Puckered":0.14000000059605,
    "Jaw Retracted / Jutting":0.037228487432003,
    "Mouth Drawn / Pursed":0.0,
    "Cheekbones Thin / Wide":0.6275680065155,
    "Nose Down / Up":0.0,
    "Jaw Neck Slope Low / High":0.13615351915359,
    "Chin Thin / Wide":0.77598601579666,
    "Cheekbones Shallow / Pronounced":-0.30935600399971,
    "Nose Nostrils Small / Large":0.0,
    "Nose Flat / Pointed":0.0,
    "Face Thin / Wide":-0.37821599841118,
    "Chin Backward / Forward":-0.71161299943924,
    "Face Light / Heavy":0.0,
    "Mouth Small / Large":0.47999998927116,
    "Forehead Back / Forward":0.10000000149012,
    "Jaw Thin / Wide":0.29040798544884,
    "Brow Ridge Outer Down / Up":0.4678690135479,
    "Chin Small / Large":0.19351300597191
  },
  "Hair":"/Game/Dev/Phenotypes/Hair/HP_HR_MediumLength.HP_HR_MediumLength",
  "Mustache":"/Game/Dev/Phenotypes/Mustache/HP_Breton_MS_Medium.HP_Breton_MS_Medium",
  "SenescenceLevel":2,
  "Name":"BP_CorrickNorthwode_C"
}