{
  "Race":"TESRace /Game/Forms/actors/race/Imperial.Imperial",
  "FaceBaseMesh":"/Game/Art/Character/Imperial/SK_Imperial_Head_m.SK_Imperial_Head_m",
  "Date":"2025-06-04 18:37:15",
  "HairColorsL":{
    "0":{
      "B":0.0060488330200315,
      "G":0.01032982300967,
      "R":0.021219009533525,
      "A":1.0
    }
  },
  "SkinParametersMap":{
    "Cheekbones Flushed/Pale":0.60000002384186,
    "Eyelids Pale/Red":0.0,
    "Eyebrows Redness Intensity":0.0,
    "Lipstick Dark Red/Light Blue":0.0,
    "Cheek Blush Light/Red":0.18000000715256,
    "Eye Sockets Bruised/Bright":0.0,
    "Eyelids Light/Dark":0.0,
    "Eyeshadow Light/Dark":0.0,
    "Complexion":0.47999998927116,
    "Salt And Pepper":0.0,
    "Lips Flushed/Pale":0.0,
    "Eye Sockets Dark/Light":0.0,
    "Lipstick Amount":0.0,
    "Freckles":0.5799999833107,
    "Eye Socket Dark/Light":0.0,
    "Eye socket Bruised/Bright":0.0,
    "Naso Small/Large":0.0,
    "Ombre Amount":1.0,
    "Root Color":0.014980999752879,
    "Ombre Constrast":1.0,
    "Root Redness":1.0,
    "Tip Color":0.029962999746203,
    "Eyebrows Color Intensity":0.0,
    "Naso Labial Lines Light/Dark":0.0,
    "Lipstick Dark Blue/Light Red":0.0,
    "Eyeliner Light/Dark":0.0,
    "Tip Redness":1.0,
    "Age":0.0
  },
  "Sex":0,
  "FaceMorphValuesMap":{
    "Hair Length":0.0,
    "Vampire":0.0,
    "Nose Sellion Down / Up":-0.019999999552965,
    "Forehead Back / Forward":0.0,
    "Mouth Deflated / Inflated":0.0,
    "Chin Backward / Forward":0.0,
    "Eyes Apart / Together":0.7905570268631,
    "Nose Tilt Down / Up":0.0,
    "Mouth Sad / Happy":0.027664398774505,
    "Brow Ridge Outer Down / Up":0.17033332586288,
    "Nose Sellion Thin / Wide":0.37999999523163,
    "Nose Short / Long":0.0,
    "Nose Sellion Shallow / Deep":0.059999998658895,
    "Brow / Nose / Chin Ratio":0.0,
    "Chin Small / Large":0.0,
    "Nose Flat / Pointed":0.0,
    "Jaw Thin / Wide":-0.41078400611877,
    "Nose Nostrils Tilt Down / Up":0.31999999284744,
    "Eyes Inward / Outward":0.60700339078903,
    "Cheekbones Shallow / Pronounced":-0.72000002861023,
    "Nose Nostrils Thin / Wide":0.0,
    "Chin Shallow / Deep":0.0,
    "Nose Down / Up":0.0,
    "Nose Bridge Short / Long":0.41999998688698,
    "Mouth Tilt Down / Up":0.0,
    "Chin Thin / Wide":0.0,
    "Face Light / Heavy":0.34543699026108,
    "Mouth Chin Short / Long":0.0,
    "Jaw Concave / Convex":0.0,
    "Brow Ridge Low / High":-0.46391299366951,
    "Chin Recessed / Pronounced":0.0,
    "Cheeks Gaunt / Round":0.48381799459457,
    "Face Thin / Wide":0.15999899804592,
    "Eyes Down / Up":0.29729247093201,
    "Jaw Retracted / Jutting":-0.44184890389442,
    "Chin Short / Tall":0.0,
    "Jaw Neck Slope Low / High":0.19018000364304,
    "Nose Bridge Shallow / Deep":-0.18000000715256,
    "Mouth Retracted / Protruding":0.0,
    "Cheekbones Thin / Wide":-0.2882060110569,
    "Mouth Low / High":-0.035735998302698,
    "Mouth Retracted / Puckered":0.0,
    "Mouth Small / Large":0.0,
    "Forehead Short / Tall":0.23999999463558,
    "Nose Nostrils Small / Large":0.0,
    "Chin Retracted / Jutting":0.0,
    "Forehead Small / Large":0.094958268105984,
    "Cheekbones Low / High":0.24664199352264,
    "Eyes Small / Large":-0.56473100185394,
    "Cheeks Concave / Convex":-0.037498001009226,
    "Brow Ridge Inner Down / Up":0.0057729999534786,
    "Nose Sellion Lower Shallow / Deep":0.30000001192093,
    "Face Gaunt / Round":0.68392997980118,
    "Mouth Underbite / Overbite":0.0,
    "Nose Region Concave / Convex":0.0,
    "Forehead / Sellion / Nose Ratio":-0.050073001533747,
    "Mouth Drawn / Pursed":-0.18843266367912
  },
  "Author":"Bethesda",
  "SkinColorsMapL":{
    "Lipstick Color":{
      "B":1.0,
      "G":1.0,
      "R":1.0,
      "A":1.0
    },
    "Skin Tone":{
      "B":0.84843599796295,
      "G":0.89080101251602,
      "R":0.97916698455811,
      "A":1.0
    },
    "Root DyeColor":{
      "B":1.0,
      "G":1.0,
      "R":1.0,
      "A":1.0
    },
    "Tip DyeColor":{
      "B":0.00043399998685345,
      "G":0.0038159999530762,
      "R":0.041666999459267,
      "A":1.0
    },
    "Eyeliner Tone":{
      "B":1.0,
      "G":1.0,
      "R":1.0,
      "A":1.0
    }
  },
  "ModVersion":"1.1.0",
  "EyeMaterial":"/Game/Art/Character/Modular/Eyes_Human/MIC_Human_Eyes_Green2.MIC_Human_Eyes_Green2",
  "Body":"SkeletalMesh /Game/Art/Character/Imperial/SK_Imperial_Body_m.SK_Imperial_Body_m",
  "Description":"saved from in-game",
  "SenescenceLevel":4,
  "APIVersion":"v2",
  "ModCreator":"animandan",
  "ModName":"RaceMenuUtilities",
  "Hair":"/Game/Dev/Phenotypes/Hair/HP_HR_Ponytail.HP_HR_Ponytail",
  "Name":"BP_ChorrolGuardGreatHallDay01_C"
}