{
  "ModName":"RaceMenuUtilities",
  "FaceBaseMesh":"/Game/Art/Character/Imperial/SK_Imperial_Head_m.SK_Imperial_Head_m",
  "Author":"Bethesda",
  "Date":"2025-06-04 20:30:53",
  "SkinColorsMapL":{
    "Lipstick Color":{
      "A":1.0,
      "B":1.0,
      "G":1.0,
      "R":1.0
    },
    "Eyeliner Tone":{
      "A":1.0,
      "B":1.0,
      "G":1.0,
      "R":1.0
    },
    "Root DyeColor":{
      "A":1.0,
      "B":1.0,
      "G":1.0,
      "R":1.0
    },
    "Tip DyeColor":{
      "A":1.0,
      "B":1.0,
      "G":1.0,
      "R":1.0
    },
    "Skin Tone":{
      "A":1.0,
      "B":0.78645801544189,
      "G":0.87223899364471,
      "R":1.0
    }
  },
  "Name":"BP_CheydinhalGuardCityPostNight04_C",
  "FaceMorphValuesMap":{
    "Eyes Small / Large":-0.75275498628616,
    "Jaw Thin / Wide":0.059387344866991,
    "Brow Ridge Low / High":0.0038007169496268,
    "Chin Retracted / Jutting":0.015462689101696,
    "Face Thin / Wide":0.20500500500202,
    "Hair Length":0.0,
    "Chin Backward / Forward":-0.2623830139637,
    "Vampire":0.0,
    "Mouth Underbite / Overbite":0.2708891928196,
    "Eyes Inward / Outward":0.11128132790327,
    "Mouth Sad / Happy":0.048657402396202,
    "Jaw Retracted / Jutting":-0.0071739293634892,
    "Nose Flat / Pointed":0.079072996973991,
    "Chin Recessed / Pronounced":-0.041034322232008,
    "Cheeks Gaunt / Round":0.1142877265811,
    "Forehead Back / Forward":-0.22174847126007,
    "Nose Sellion Down / Up":-0.36935970187187,
    "Mouth Deflated / Inflated":-0.21794499456882,
    "Mouth Small / Large":0.027717003598809,
    "Nose Tilt Down / Up":0.0,
    "Nose Short / Long":0.0,
    "Mouth Drawn / Pursed":-0.086971402168274,
    "Chin Short / Tall":-0.0082068191841245,
    "Nose Sellion Thin / Wide":0.23999999463558,
    "Jaw Neck Slope Low / High":-0.11743699759245,
    "Cheekbones Shallow / Pronounced":0.061233151704073,
    "Nose Sellion Shallow / Deep":0.0,
    "Mouth Tilt Down / Up":0.47316953539848,
    "Brow / Nose / Chin Ratio":-0.14576134085655,
    "Brow Ridge Outer Down / Up":0.072036512196064,
    "Chin Small / Large":0.3201610147953,
    "Mouth Retracted / Puckered":-0.15523499250412,
    "Chin Thin / Wide":0.4866209924221,
    "Nose Nostrils Tilt Down / Up":0.38961654901505,
    "Face Gaunt / Round":-0.42534205317497,
    "Cheekbones Thin / Wide":-0.15288238227367,
    "Forehead / Sellion / Nose Ratio":-0.4128001332283,
    "Cheekbones Low / High":-0.11092156171799,
    "Nose Bridge Short / Long":0.60700100660324,
    "Forehead Short / Tall":-0.39791399240494,
    "Nose Bridge Shallow / Deep":0.80101001262665,
    "Mouth Chin Short / Long":-0.61329078674316,
    "Face Light / Heavy":0.38222599029541,
    "Nose Region Concave / Convex":-0.064503818750381,
    "Mouth Retracted / Protruding":0.19162581861019,
    "Cheeks Concave / Convex":0.081528149545193,
    "Nose Nostrils Small / Large":0.46940898895264,
    "Jaw Concave / Convex":0.23453399538994,
    "Nose Down / Up":0.16769903898239,
    "Mouth Low / High":0.13821299374104,
    "Eyes Down / Up":0.028346840292215,
    "Chin Shallow / Deep":-0.07957948744297,
    "Eyes Apart / Together":0.35282900929451,
    "Brow Ridge Inner Down / Up":0.16530148684978,
    "Nose Sellion Lower Shallow / Deep":0.0,
    "Nose Nostrils Thin / Wide":0.43999999761581,
    "Forehead Small / Large":-0.42152899503708
  },
  "EyeMaterial":"/Game/Art/Character/Modular/Eyes_Human/MIC_Human_Eyes_Brown2.MIC_Human_Eyes_Brown2",
  "HairColorsL":{
    "1":{
      "A":1.0,
      "B":0.061246052384377,
      "G":0.1046164855361,
      "R":0.16202937066555
    },
    "2":{
      "A":1.0,
      "B":0.061246052384377,
      "G":0.1046164855361,
      "R":0.16202937066555
    },
    "0":{
      "A":1.0,
      "B":0.0060488330200315,
      "G":0.01032982300967,
      "R":0.021219009533525
    }
  },
  "SkinParametersMap":{
    "Eylids Light/Dark":0.0,
    "Ombre Amount":1.0,
    "Complexion":0.54000002145767,
    "Lipstick Dark Red/Light Blue":0.0,
    "Eyeshadow Light/Dark":0.0,
    "Root Color":0.10000000149012,
    "Skin Tint Orange/Blue":0.0,
    "Eyelids Light/Dark":0.0,
    "Naso Small/Large":0.0,
    "Tip Redness":0.5,
    "Skin Tint Purple/Yellow":0.0,
    "Lipstick Amount":0.0,
    "Cheek Blush Light/Red":0.28000000119209,
    "Root Redness":0.5,
    "Lips Flushed/Pale":0.0,
    "Ombre Constrast":1.0,
    "Tip Color":0.5,
    "Eye Sockets Bruised/Bright":0.0,
    "Freckles":0.0,
    "Cheekbones Flushed/Pale":0.40000000596046,
    "Eyebrows Color Intensity":0.5,
    "Naso Labial Lines Light/Dark":0.0,
    "Lipstick Dark Blue/Light Red":0.0,
    "Eye Socket Dark/Light":0.0,
    "Eye socket Bruised/Bright":0.0,
    "Salt And Pepper":0.0,
    "Eyebrows Redness Intensity":0.0,
    "Eyeliner Light/Dark":0.0,
    "Age":0.0,
    "Skin Dark/Light":0.0,
    "Eyelids Pale/Red":0.0,
    "Eye Sockets Dark/Light":0.0
  },
  "Mustache":"/Game/Dev/Phenotypes/Mustache/HP_Imperial_MS_Medium.HP_Imperial_MS_Medium",
  "SenescenceLevel":5,
  "Sex":0,
  "Description":"saved from in-game",
  "Beard":"/Game/Dev/Phenotypes/Beard/HP_Imperial_BD_Short.HP_Imperial_BD_Short",
  "ModCreator":"animandan",
  "ModVersion":"1.1.0",
  "APIVersion":"v2",
  "Hair":"/Game/Dev/Phenotypes/Hair/HP_Imperial_HR_Headband.HP_Imperial_HR_Headband",
  "Race":"TESRace /Game/Forms/actors/race/Imperial.Imperial",
  "Body":"SkeletalMesh /Game/Art/Character/Imperial/SK_Imperial_Body_m.SK_Imperial_Body_m"
}