{
  "ModName":"RaceMenuUtilities",
  "FaceBaseMesh":"/Game/Art/Character/Redguard/SK_Redguard_Head_m.SK_Redguard_Head_m",
  "Author":"Bethesda",
  "Date":"2025-06-04 20:30:55",
  "SkinColorsMapL":{
    "Lipstick Color":{
      "A":1.0,
      "B":1.0,
      "G":1.0,
      "R":1.0
    },
    "Eyeliner Tone":{
      "A":1.0,
      "B":1.0,
      "G":1.0,
      "R":1.0
    },
    "Root DyeColor":{
      "A":1.0,
      "B":1.0,
      "G":1.0,
      "R":1.0
    },
    "Tip DyeColor":{
      "A":1.0,
      "B":1.0,
      "G":1.0,
      "R":1.0
    },
    "Skin Tone":{
      "A":1.0,
      "B":1.0,
      "G":1.0,
      "R":1.0
    }
  },
  "APIVersion":"v2",
  "FaceMorphValuesMap":{
    "Eyes Small / Large":-0.11542099714279,
    "Jaw Thin / Wide":0.69999998807907,
    "Brow Ridge Low / High":-0.58340901136398,
    "Chin Retracted / Jutting":0.071084454655647,
    "Face Thin / Wide":0.0010461092460901,
    "Hair Length":0.0,
    "Chin Backward / Forward":0.093713000416756,
    "Vampire":0.0,
    "Mouth Underbite / Overbite":-0.34580335021019,
    "Eyes Inward / Outward":-0.244908452034,
    "Mouth Sad / Happy":-0.51892602443695,
    "Jaw Retracted / Jutting":0.0,
    "Nose Flat / Pointed":0.0,
    "Chin Recessed / Pronounced":0.16323402523994,
    "Cheeks Gaunt / Round":-0.0052379998378456,
    "Forehead Back / Forward":0.13235521316528,
    "Nose Sellion Down / Up":0.25764399766922,
    "Mouth Deflated / Inflated":0.32591590285301,
    "Mouth Small / Large":0.39717808365822,
    "Nose Tilt Down / Up":0.0,
    "Nose Short / Long":0.0,
    "Mouth Drawn / Pursed":0.4891420006752,
    "Chin Short / Tall":-0.44242024421692,
    "Nose Sellion Thin / Wide":0.0,
    "Jaw Neck Slope Low / High":0.71200102567673,
    "Cheekbones Shallow / Pronounced":-0.11533191055059,
    "Nose Sellion Shallow / Deep":0.0,
    "Mouth Tilt Down / Up":-0.18784575164318,
    "Brow / Nose / Chin Ratio":0.22980010509491,
    "Brow Ridge Outer Down / Up":0.43925198912621,
    "Chin Small / Large":0.16331760585308,
    "Mouth Retracted / Puckered":-0.2033866494894,
    "Chin Thin / Wide":0.044316347688437,
    "Nose Nostrils Tilt Down / Up":-0.062847003340721,
    "Face Gaunt / Round":-0.084862411022186,
    "Cheekbones Thin / Wide":-0.050043001770973,
    "Forehead / Sellion / Nose Ratio":-0.13589683175087,
    "Cheekbones Low / High":-0.2005809545517,
    "Nose Bridge Short / Long":0.29467707872391,
    "Forehead Short / Tall":0.25067442655563,
    "Nose Bridge Shallow / Deep":-0.62633818387985,
    "Mouth Chin Short / Long":0.054844953119755,
    "Face Light / Heavy":-0.22627274692059,
    "Nose Region Concave / Convex":0.12170399725437,
    "Mouth Retracted / Protruding":-0.094806216657162,
    "Cheeks Concave / Convex":0.13362599909306,
    "Nose Nostrils Small / Large":-0.055429000407457,
    "Jaw Concave / Convex":0.088700726628304,
    "Nose Down / Up":-0.11278134584427,
    "Mouth Low / High":0.093448519706726,
    "Eyes Down / Up":-0.4549820125103,
    "Chin Shallow / Deep":0.14496797323227,
    "Eyes Apart / Together":-0.17534424364567,
    "Brow Ridge Inner Down / Up":-0.32447600364685,
    "Nose Sellion Lower Shallow / Deep":0.0,
    "Nose Nostrils Thin / Wide":-0.30712801218033,
    "Forehead Small / Large":-0.41417479515076
  },
  "EyeMaterial":"/Game/Art/Character/Modular/Eyes_Human/MIC_Human_Eyes_Brown2.MIC_Human_Eyes_Brown2",
  "HairColorsL":{
    "1":{
      "A":1.0,
      "B":0.061027999967337,
      "G":0.10424599796534,
      "R":0.16145800054073
    },
    "0":{
      "A":1.0,
      "B":0.0,
      "G":0.0,
      "R":0.0
    }
  },
  "SkinParametersMap":{
    "Tip Color":0.43445700407028,
    "Eye socket Bruised/Bright":0.0,
    "Complexion":0.32958799600601,
    "Freckles":0.0,
    "Eyebrows Color Intensity":0.0,
    "Lipstick Amount":0.0,
    "Root Redness":0.0,
    "Tip Redness":0.0,
    "Cheekbones Flushed/Pale":0.0,
    "Salt And Pepper":0.0,
    "Eyebrows Redness Intensity":0.0,
    "Ombre Amount":0.0,
    "Cheek Blush Light/Red":0.0,
    "Eyelids Pale/Red":0.0,
    "Root Color":1.0,
    "Ombre Constrast":0.0
  },
  "SenescenceLevel":3,
  "Sex":0,
  "Description":"saved from in-game",
  "Beard":"/Game/Dev/Phenotypes/Beard/HP_Redguard_BD_Goatee.HP_Redguard_BD_Goatee",
  "ModCreator":"animandan",
  "ModVersion":"1.1.0",
  "Name":"BP_Cyrus_C",
  "Hair":"/Game/Dev/Phenotypes/Hair/HP_Redguard_HR_Classic.HP_Redguard_HR_Classic",
  "Race":"TESRace /Game/Forms/actors/race/Redguard.Redguard",
  "Body":"SkeletalMesh /Game/Art/Character/Imperial/SK_Imperial_Body_m.SK_Imperial_Body_m"
}