{
  "ModName":"RaceMenuUtilities",
  "FaceBaseMesh":"/Game/Art/Character/Breton/SK_Breton_Head_f.SK_Breton_Head_f",
  "Author":"Bethesda",
  "Date":"2025-06-04 20:30:53",
  "SkinColorsMapL":{
    "Lipstick Color":{
      "A":1.0,
      "B":1.0,
      "G":1.0,
      "R":1.0
    },
    "Eyeliner Tone":{
      "A":1.0,
      "B":1.0,
      "G":1.0,
      "R":1.0
    },
    "Root DyeColor":{
      "A":1.0,
      "B":0.0,
      "G":0.0,
      "R":0.0
    },
    "Tip DyeColor":{
      "A":1.0,
      "B":0.0,
      "G":0.0,
      "R":0.0
    },
    "Skin Tone":{
      "A":1.0,
      "B":1.0,
      "G":1.0,
      "R":1.0
    }
  },
  "APIVersion":"v2",
  "FaceMorphValuesMap":{
    "Eyes Small / Large":0.1778019964695,
    "Jaw Thin / Wide":0.1073670014739,
    "Brow Ridge Low / High":0.440564006567,
    "Chin Retracted / Jutting":-0.1636071652174,
    "Face Thin / Wide":0.092093996703625,
    "Hair Length":0.0,
    "Chin Backward / Forward":0.059944476932287,
    "Vampire":0.0,
    "Mouth Underbite / Overbite":0.30354776978493,
    "Eyes Inward / Outward":0.47274127602577,
    "Mouth Sad / Happy":-0.67295598983765,
    "Jaw Retracted / Jutting":0.39661601185799,
    "Nose Flat / Pointed":0.41999998688698,
    "Chin Recessed / Pronounced":-0.17577777802944,
    "Cheeks Gaunt / Round":-0.20499651134014,
    "Forehead Back / Forward":-0.47999998927116,
    "Nose Sellion Down / Up":0.0,
    "Mouth Deflated / Inflated":-0.021722000092268,
    "Mouth Small / Large":0.56000000238419,
    "Nose Tilt Down / Up":0.0,
    "Nose Short / Long":0.0,
    "Mouth Drawn / Pursed":0.35048198699951,
    "Chin Short / Tall":0.27832731604576,
    "Nose Sellion Thin / Wide":0.0,
    "Jaw Neck Slope Low / High":0.0,
    "Cheekbones Shallow / Pronounced":-0.19388799369335,
    "Nose Sellion Shallow / Deep":0.54000002145767,
    "Mouth Tilt Down / Up":-0.30347898602486,
    "Brow / Nose / Chin Ratio":-0.08819056302309,
    "Brow Ridge Outer Down / Up":0.24388299882412,
    "Chin Small / Large":0.024981692433357,
    "Mouth Retracted / Puckered":0.45254427194595,
    "Chin Thin / Wide":1.0,
    "Nose Nostrils Tilt Down / Up":0.0,
    "Face Gaunt / Round":-0.090423002839088,
    "Cheekbones Thin / Wide":0.073211066424847,
    "Forehead / Sellion / Nose Ratio":-0.11413564532995,
    "Cheekbones Low / High":0.038852259516716,
    "Nose Bridge Short / Long":0.0,
    "Forehead Short / Tall":0.0,
    "Nose Bridge Shallow / Deep":0.0,
    "Mouth Chin Short / Long":-0.14732700586319,
    "Face Light / Heavy":0.7243589758873,
    "Nose Region Concave / Convex":0.0,
    "Mouth Retracted / Protruding":0.20458140969276,
    "Cheeks Concave / Convex":0.12530997395515,
    "Nose Nostrils Small / Large":0.28000000119209,
    "Jaw Concave / Convex":-0.17083413898945,
    "Nose Down / Up":0.54000002145767,
    "Mouth Low / High":0.64108997583389,
    "Eyes Down / Up":0.1799930036068,
    "Chin Shallow / Deep":-0.044198501855135,
    "Eyes Apart / Together":0.31171599030495,
    "Brow Ridge Inner Down / Up":-0.41689699888229,
    "Nose Sellion Lower Shallow / Deep":0.36000001430511,
    "Nose Nostrils Thin / Wide":0.25999999046326,
    "Forehead Small / Large":0.40123611688614
  },
  "EyeMaterial":"/Game/Art/Character/Modular/Eyes_Human/MIC_Human_Eyes_Brown2.MIC_Human_Eyes_Brown2",
  "HairColorsL":{
    "0":{
      "A":1.0,
      "B":0.08398400247097,
      "G":0.1452250033617,
      "R":0.22395800054073
    }
  },
  "SkinParametersMap":{
    "Tip Color":0.0,
    "Eye socket Bruised/Bright":0.0,
    "Complexion":0.21999999880791,
    "Freckles":0.0,
    "Eyebrows Color Intensity":0.0,
    "Lipstick Amount":0.0,
    "Root Redness":0.0,
    "Tip Redness":0.0,
    "Cheekbones Flushed/Pale":0.0,
    "Salt And Pepper":0.0,
    "Eyebrows Redness Intensity":0.0,
    "Ombre Amount":0.0,
    "Cheek Blush Light/Red":0.0,
    "Eyelids Pale/Red":0.0,
    "Root Color":0.0,
    "Ombre Constrast":0.0
  },
  "SenescenceLevel":1,
  "Sex":1,
  "Description":"saved from in-game",
  "ModCreator":"animandan",
  "ModVersion":"1.1.0",
  "Hair":"/Game/Dev/Phenotypes/Hair/HP_HR_Ponytail.HP_HR_Ponytail",
  "Name":"BP_Caroline_C",
  "Race":"TESRace /Game/Forms/actors/race/Breton.Breton",
  "Body":"SkeletalMesh /Game/Art/Character/Imperial/SK_Imperial_Body_m.SK_Imperial_Body_m"
}