{
  "Sex":0,
  "HairColorsL":{
    "1":{
      "A":1.0,
      "R":0.22395800054073,
      "G":0.1452250033617,
      "B":0.08398400247097
    },
    "2":{
      "A":1.0,
      "R":0.22395800054073,
      "G":0.1452250033617,
      "B":0.08398400247097
    },
    "0":{
      "A":1.0,
      "R":1.0,
      "G":1.0,
      "B":1.0
    }
  },
  "EyeMaterial":"/Game/Art/Character/Modular/Eyes_Human/MIC_Human_Eyes_Yellow1.MIC_Human_Eyes_Yellow1",
  "SkinColorsMapL":{
    "Root DyeColor":{
      "A":1.0,
      "R":1.0,
      "G":1.0,
      "B":1.0
    },
    "Eyeliner Tone":{
      "A":1.0,
      "R":1.0,
      "G":1.0,
      "B":1.0
    },
    "Tip DyeColor":{
      "A":1.0,
      "R":1.0,
      "G":1.0,
      "B":1.0
    },
    "Skin Tone":{
      "A":1.0,
      "R":1.0,
      "G":1.0,
      "B":1.0
    },
    "Lipstick Color":{
      "A":1.0,
      "R":1.0,
      "G":1.0,
      "B":1.0
    }
  },
  "Date":"2025-06-04 19:35:08",
  "Description":"saved from in-game",
  "Name":"BP_CiceroVerus_C",
  "ModCreator":"animandan",
  "ModName":"RaceMenuUtilities",
  "ModVersion":"1.1.0",
  "Mustache":"/Game/Dev/Phenotypes/Mustache/HP_Imperial_MS_Short.HP_Imperial_MS_Short",
  "Author":"Bethesda",
  "APIVersion":"v2",
  "Body":"SkeletalMesh /Game/Art/Character/Imperial/SK_Imperial_Body_m.SK_Imperial_Body_m",
  "FaceMorphValuesMap":{
    "Nose Nostrils Thin / Wide":0.5283300280571,
    "Forehead / Sellion / Nose Ratio":0.13504949212074,
    "Cheekbones Thin / Wide":0.45747500658035,
    "Forehead Small / Large":-0.58812499046326,
    "Chin Recessed / Pronounced":0.0,
    "Brow / Nose / Chin Ratio":-0.0092548429965973,
    "Jaw Thin / Wide":-0.2977460026741,
    "Cheeks Gaunt / Round":-0.016394000500441,
    "Chin Backward / Forward":0.0,
    "Chin Thin / Wide":0.60000002384186,
    "Forehead Short / Tall":-0.01999899931252,
    "Face Thin / Wide":-0.18392500281334,
    "Brow Ridge Inner Down / Up":0.0,
    "Mouth Underbite / Overbite":0.0,
    "Mouth Low / High":0.0,
    "Vampire":0.0,
    "Face Gaunt / Round":0.70799398422241,
    "Eyes Small / Large":-0.54272001981735,
    "Mouth Drawn / Pursed":0.51999998092651,
    "Chin Retracted / Jutting":0.0,
    "Nose Tilt Down / Up":0.0,
    "Mouth Small / Large":0.43999999761581,
    "Nose Short / Long":0.21999999880791,
    "Nose Bridge Shallow / Deep":0.66000002622604,
    "Nose Sellion Thin / Wide":0.41999998688698,
    "Mouth Retracted / Protruding":0.0,
    "Nose Sellion Shallow / Deep":0.23999999463558,
    "Jaw Retracted / Jutting":-0.079166129231453,
    "Nose Sellion Down / Up":-0.19098199903965,
    "Eyes Inward / Outward":0.32032588124275,
    "Nose Region Concave / Convex":0.27108949422836,
    "Brow Ridge Outer Down / Up":0.0,
    "Nose Nostrils Small / Large":0.30204901099205,
    "Eyes Apart / Together":0.50998401641846,
    "Nose Nostrils Tilt Down / Up":0.089932262897491,
    "Nose Flat / Pointed":0.19288000464439,
    "Mouth Tilt Down / Up":0.03999999910593,
    "Jaw Concave / Convex":0.0069129997864366,
    "Mouth Sad / Happy":0.83999997377396,
    "Cheekbones Shallow / Pronounced":-0.41163399815559,
    "Face Light / Heavy":0.73660498857498,
    "Nose Down / Up":0.44536501169205,
    "Chin Short / Tall":0.0,
    "Eyes Down / Up":0.0,
    "Cheeks Concave / Convex":-0.31900173425674,
    "Nose Bridge Short / Long":0.090430796146393,
    "Mouth Chin Short / Long":0.0,
    "Nose Sellion Lower Shallow / Deep":0.0,
    "Mouth Retracted / Puckered":0.0,
    "Hair Length":0.0,
    "Mouth Deflated / Inflated":0.0,
    "Chin Shallow / Deep":0.0,
    "Jaw Neck Slope Low / High":-0.34481650590897,
    "Brow Ridge Low / High":0.36417001485825,
    "Cheekbones Low / High":-0.060854434967041,
    "Forehead Back / Forward":0.012933358550072,
    "Chin Small / Large":0.0
  },
  "Hair":"/Game/Dev/Phenotypes/Hair/HP_HR_Cropped.HP_HR_Cropped",
  "Beard":"/Game/Dev/Phenotypes/Beard/HP_Imperial_BD_Scruffy.HP_Imperial_BD_Scruffy",
  "SkinParametersMap":{
    "Complexion":0.0,
    "Eye Sockets Bruised/Bright":0.0,
    "Ombre Constrast":0.0,
    "Skin Tint Purple/Yellow":0.0,
    "Eye Sockets Dark/Light":0.0,
    "Root Redness":1.0,
    "Naso Small/Large":0.0,
    "Ombre Amount":0.0,
    "Eyebrows Redness Intensity":0.0,
    "Root Color":1.0,
    "Age":0.0,
    "Lipstick Dark Blue/Light Red":0.0,
    "Lipstick Dark Red/Light Blue":0.0,
    "Eye socket Bruised/Bright":0.0,
    "Freckles":0.0,
    "Eylids Light/Dark":0.0,
    "Eye Socket Dark/Light":0.0,
    "Cheek Blush Light/Red":0.0,
    "Eyebrows Color Intensity":0.40000000596046,
    "Cheekbones Flushed/Pale":0.0,
    "Lipstick Amount":0.0,
    "Skin Tint Orange/Blue":0.0,
    "Eyelids Light/Dark":0.0,
    "Naso Labial Lines Light/Dark":0.0,
    "Tip Redness":1.0,
    "Eyeshadow Light/Dark":0.71910101175308,
    "Eyelids Pale/Red":0.0,
    "Tip Color":0.0010000000474975,
    "Lips Flushed/Pale":0.0,
    "Eyeliner Light/Dark":0.0,
    "Salt And Pepper":0.0,
    "Skin Dark/Light":0.0
  },
  "FaceBaseMesh":"/Game/Art/Character/Imperial/SK_Imperial_Head_m.SK_Imperial_Head_m",
  "Race":"TESRace /Game/Forms/actors/race/Imperial.Imperial",
  "SenescenceLevel":5
}