{
  "Name":"BP_CGMythicDawnAssassin01_C",
  "Sex":0,
  "SkinColorsMapL":{
    "Root DyeColor":{
      "A":1.0,
      "B":1.0,
      "G":1.0,
      "R":1.0
    },
    "Lipstick Color":{
      "A":1.0,
      "B":1.0,
      "G":1.0,
      "R":1.0
    },
    "Eyeliner Tone":{
      "A":1.0,
      "B":0.37123766541481,
      "G":0.37123766541481,
      "R":0.37123766541481
    },
    "Skin Tone":{
      "A":1.0,
      "B":0.39157247543335,
      "G":0.39157247543335,
      "R":0.39157247543335
    },
    "Tip DyeColor":{
      "A":1.0,
      "B":1.0,
      "G":1.0,
      "R":1.0
    }
  },
  "ModName":"RaceMenuUtilities",
  "EyeMaterial":"/Game/Art/Character/Modular/Eyes_Human/MIC_Human_Eyes_Red1.MIC_Human_Eyes_Red1",
  "FaceMorphValuesMap":{
    "Nose Nostrils Tilt Down / Up":-0.30919525027275,
    "Brow Ridge Outer Down / Up":0.37148919701576,
    "Chin Shallow / Deep":0.037272740155458,
    "Mouth Chin Short / Long":-0.20022104680538,
    "Mouth Retracted / Protruding":0.0,
    "Face Gaunt / Round":-0.27995175123215,
    "Eyes Down / Up":-0.31815052032471,
    "Mouth Drawn / Pursed":0.090101562440395,
    "Brow Ridge Inner Down / Up":0.14903862774372,
    "Brow Ridge Low / High":-0.15736530721188,
    "Mouth Retracted / Puckered":0.0,
    "Cheeks Concave / Convex":0.14017103612423,
    "Hair Length":0.0,
    "Eyes Apart / Together":0.53255897760391,
    "Jaw Neck Slope Low / High":0.13424161076546,
    "Jaw Thin / Wide":0.25690084695816,
    "Vampire":0.0,
    "Nose Bridge Short / Long":-0.15382400155067,
    "Forehead / Sellion / Nose Ratio":-0.064403831958771,
    "Chin Thin / Wide":0.089802503585815,
    "Cheekbones Low / High":0.11997335404158,
    "Nose Flat / Pointed":-0.5604887008667,
    "Nose Sellion Shallow / Deep":0.0,
    "Nose Tilt Down / Up":0.0,
    "Chin Backward / Forward":0.31624498963356,
    "Forehead Short / Tall":-0.078887462615967,
    "Face Light / Heavy":-0.14991806447506,
    "Nose Sellion Down / Up":0.4791060090065,
    "Nose Region Concave / Convex":0.10228423029184,
    "Cheeks Gaunt / Round":-0.15370164811611,
    "Chin Short / Tall":0.0,
    "Cheekbones Shallow / Pronounced":0.18098211288452,
    "Nose Sellion Thin / Wide":0.0,
    "Nose Nostrils Small / Large":0.10405565798283,
    "Nose Down / Up":-0.29116690158844,
    "Cheekbones Thin / Wide":-0.1972533762455,
    "Mouth Deflated / Inflated":0.0,
    "Chin Recessed / Pronounced":-0.060081999748945,
    "Brow / Nose / Chin Ratio":-0.1029259711504,
    "Nose Bridge Shallow / Deep":0.23623779416084,
    "Mouth Underbite / Overbite":-0.17329375445843,
    "Chin Small / Large":0.32825103402138,
    "Face Thin / Wide":0.031032277271152,
    "Nose Nostrils Thin / Wide":0.043706364929676,
    "Nose Short / Long":0.46000000834465,
    "Jaw Retracted / Jutting":-0.57854002714157,
    "Jaw Concave / Convex":0.16444085538387,
    "Mouth Sad / Happy":-0.19067354500294,
    "Eyes Inward / Outward":0.052299536764622,
    "Mouth Low / High":0.16215772926807,
    "Mouth Tilt Down / Up":0.0,
    "Nose Sellion Lower Shallow / Deep":0.5,
    "Chin Retracted / Jutting":-0.020384948700666,
    "Forehead Small / Large":0.17959700524807,
    "Mouth Small / Large":0.0,
    "Forehead Back / Forward":-0.08748834580183,
    "Eyes Small / Large":-0.5622889995575
  },
  "Body":"SkeletalMesh /Game/Art/Character/Imperial/SK_Imperial_Body_m.SK_Imperial_Body_m",
  "SenescenceLevel":2,
  "APIVersion":"v2",
  "Author":"Bethesda",
  "Race":"TESRace /Game/Forms/actors/race/Imperial.Imperial",
  "FaceBaseMesh":"/Game/Art/Character/Imperial/SK_Imperial_Head_m.SK_Imperial_Head_m",
  "SkinParametersMap":{
    "Eyeliner Light/Dark":0.0,
    "Eyeshadow Light/Dark":0.0,
    "Salt And Pepper":0.0,
    "Eylids Light/Dark":0.0,
    "Root Redness":0.5,
    "Skin Tint Purple/Yellow":0.0,
    "Skin Dark/Light":0.0,
    "Eyelids Light/Dark":0.0,
    "Eye Socket Dark/Light":0.0,
    "Eye Sockets Dark/Light":0.0,
    "Skin Tint Orange/Blue":0.0,
    "Tip Redness":0.5,
    "Ombre Amount":1.0,
    "Eye socket Bruised/Bright":0.0,
    "Tip Color":0.41999998688698,
    "Complexion":0.0,
    "Root Color":0.10000000149012,
    "Eye Sockets Bruised/Bright":0.0,
    "Naso Small/Large":0.0,
    "Lipstick Amount":0.0,
    "Freckles":0.95999997854233,
    "Lips Flushed/Pale":0.0,
    "Cheekbones Flushed/Pale":0.37999999523163,
    "Eyelids Pale/Red":0.0,
    "Eyebrows Redness Intensity":0.0,
    "Cheek Blush Light/Red":0.0,
    "Ombre Constrast":1.0,
    "Eyebrows Color Intensity":0.40000000596046,
    "Age":0.0,
    "Lipstick Dark Blue/Light Red":0.0,
    "Naso Labial Lines Light/Dark":0.0,
    "Lipstick Dark Red/Light Blue":0.0
  },
  "Description":"saved from in-game",
  "Hair":"/Game/Dev/Phenotypes/CustomHair/HP_HR_Sheogorath.HP_HR_Sheogorath",
  "ModVersion":"1.1.0",
  "ModCreator":"animandan",
  "Date":"2025-06-07 14:37:39",
  "HairColorsL":{
    "0":{
      "A":1.0,
      "B":0.0060488330200315,
      "G":0.01032982300967,
      "R":0.021219009533525
    }
  }
}