{
  "Sex":0,
  "HairColorsL":{
    "1":{
      "A":1.0,
      "R":0.16202937066555,
      "G":0.1046164855361,
      "B":0.061246052384377
    },
    "2":{
      "A":1.0,
      "R":0.16202937066555,
      "G":0.1046164855361,
      "B":0.061246052384377
    },
    "0":{
      "A":1.0,
      "R":1.0,
      "G":1.0,
      "B":1.0
    }
  },
  "EyeMaterial":"/Game/Art/Character/Modular/Eyes_Human/MIC_Human_Eyes_Brown2.MIC_Human_Eyes_Brown2",
  "SkinColorsMapL":{
    "Root DyeColor":{
      "A":1.0,
      "R":1.0,
      "G":1.0,
      "B":1.0
    },
    "Eyeliner Tone":{
      "A":1.0,
      "R":1.0,
      "G":1.0,
      "B":1.0
    },
    "Tip DyeColor":{
      "A":1.0,
      "R":0.17464700341225,
      "G":0.091310001909733,
      "B":0.022740000858903
    },
    "Skin Tone":{
      "A":1.0,
      "R":1.0,
      "G":0.89616298675537,
      "B":0.81366097927094
    },
    "Lipstick Color":{
      "A":1.0,
      "R":1.0,
      "G":1.0,
      "B":1.0
    }
  },
  "Date":"2025-06-04 19:33:30",
  "Description":"saved from in-game",
  "Name":"BP_CheydinhalGuardCityPostNight02_C",
  "ModCreator":"animandan",
  "ModName":"RaceMenuUtilities",
  "ModVersion":"1.1.0",
  "Mustache":"/Game/Dev/Phenotypes/Mustache/HP_Imperial_MS_Medium.HP_Imperial_MS_Medium",
  "Author":"Bethesda",
  "APIVersion":"v2",
  "Body":"SkeletalMesh /Game/Art/Character/Imperial/SK_Imperial_Body_m.SK_Imperial_Body_m",
  "FaceMorphValuesMap":{
    "Nose Nostrils Thin / Wide":0.16072599589825,
    "Forehead / Sellion / Nose Ratio":0.56176948547363,
    "Cheekbones Thin / Wide":0.29659900069237,
    "Forehead Small / Large":0.44210600852966,
    "Chin Recessed / Pronounced":0.014379999600351,
    "Brow / Nose / Chin Ratio":0.28294199705124,
    "Jaw Thin / Wide":0.25290498137474,
    "Cheeks Gaunt / Round":0.43324199318886,
    "Chin Backward / Forward":-0.2872120141983,
    "Chin Thin / Wide":0.41863399744034,
    "Forehead Short / Tall":0.12556278705597,
    "Face Thin / Wide":-0.57430994510651,
    "Brow Ridge Inner Down / Up":0.17646099627018,
    "Mouth Underbite / Overbite":0.45383098721504,
    "Mouth Low / High":0.079194001853466,
    "Vampire":0.0,
    "Face Gaunt / Round":-0.36548900604248,
    "Eyes Small / Large":-0.43183401226997,
    "Mouth Drawn / Pursed":-0.057727001607418,
    "Chin Retracted / Jutting":0.23382797837257,
    "Nose Tilt Down / Up":0.0,
    "Mouth Small / Large":0.10743899643421,
    "Nose Short / Long":0.0,
    "Nose Bridge Shallow / Deep":0.21762199699879,
    "Nose Sellion Thin / Wide":0.0,
    "Mouth Retracted / Protruding":0.0,
    "Nose Sellion Shallow / Deep":0.0,
    "Jaw Retracted / Jutting":0.20346133410931,
    "Nose Sellion Down / Up":0.014822567813098,
    "Eyes Inward / Outward":0.63131415843964,
    "Nose Region Concave / Convex":0.30456298589706,
    "Brow Ridge Outer Down / Up":0.13394403457642,
    "Nose Nostrils Small / Large":0.29755398631096,
    "Eyes Apart / Together":0.50235199928284,
    "Nose Nostrils Tilt Down / Up":0.16042299568653,
    "Nose Flat / Pointed":0.472012758255,
    "Mouth Tilt Down / Up":0.0,
    "Jaw Concave / Convex":0.36219099164009,
    "Mouth Sad / Happy":0.20555324852467,
    "Cheekbones Shallow / Pronounced":-0.18994799256325,
    "Face Light / Heavy":0.42628198862076,
    "Nose Down / Up":-0.37190601229668,
    "Chin Short / Tall":-0.33166998624802,
    "Eyes Down / Up":-0.04904792457819,
    "Cheeks Concave / Convex":0.21499815583229,
    "Nose Bridge Short / Long":-0.14376920461655,
    "Mouth Chin Short / Long":-0.26728674769402,
    "Nose Sellion Lower Shallow / Deep":0.0,
    "Mouth Retracted / Puckered":-0.0050909998826683,
    "Hair Length":0.0,
    "Mouth Deflated / Inflated":0.47091901302338,
    "Chin Shallow / Deep":0.53083902597427,
    "Jaw Neck Slope Low / High":-0.036028001457453,
    "Brow Ridge Low / High":-0.35179200768471,
    "Cheekbones Low / High":0.13986599445343,
    "Forehead Back / Forward":-0.082751996815205,
    "Chin Small / Large":-0.024465108290315
  },
  "Hair":"/Game/Dev/Phenotypes/Hair/HP_HR_MediumLength.HP_HR_MediumLength",
  "Beard":"/Game/Dev/Phenotypes/Beard/HP_Nord_BD_Goatee.HP_Nord_BD_Goatee",
  "SkinParametersMap":{
    "Complexion":0.54000002145767,
    "Eye Sockets Bruised/Bright":0.0,
    "Ombre Constrast":1.0,
    "Skin Tint Purple/Yellow":0.0,
    "Eye Sockets Dark/Light":0.0,
    "Root Redness":1.0,
    "Naso Small/Large":0.0,
    "Ombre Amount":1.0,
    "Eyebrows Redness Intensity":0.0,
    "Root Color":0.014980999752879,
    "Age":0.0,
    "Lipstick Dark Blue/Light Red":0.0,
    "Lipstick Dark Red/Light Blue":0.0,
    "Eye socket Bruised/Bright":0.0,
    "Freckles":0.0,
    "Eylids Light/Dark":0.0,
    "Eye Socket Dark/Light":0.0,
    "Cheek Blush Light/Red":0.20000000298023,
    "Eyebrows Color Intensity":0.60000002384186,
    "Cheekbones Flushed/Pale":0.56000000238419,
    "Lipstick Amount":0.0,
    "Skin Tint Orange/Blue":0.03999999910593,
    "Eyelids Light/Dark":0.0,
    "Naso Labial Lines Light/Dark":0.0,
    "Tip Redness":1.0,
    "Eyeshadow Light/Dark":0.0,
    "Eyelids Pale/Red":0.0,
    "Tip Color":0.36996299028397,
    "Lips Flushed/Pale":0.5,
    "Eyeliner Light/Dark":0.0,
    "Salt And Pepper":0.0,
    "Skin Dark/Light":0.0
  },
  "FaceBaseMesh":"/Game/Art/Character/Imperial/SK_Imperial_Head_m.SK_Imperial_Head_m",
  "Race":"TESRace /Game/Forms/actors/race/Imperial.Imperial",
  "SenescenceLevel":3
}