{
  "APIVersion":"v2",
  "SkinParametersMap":{
    "Tip Color":0.47940099239349,
    "Ombre Constrast":0.0,
    "Complexion":0.0,
    "Ombre Amount":0.0,
    "Lipstick Amount":0.0099999997764826,
    "Salt And Pepper":0.044943999499083,
    "Skin Dark/Light":0.15999999642372,
    "Root Redness":1.0,
    "Eye socket Bruised/Bright":-0.079999998211861,
    "Freckles":-0.51999998092651,
    "Eyeliner Light/Dark":0.019999999552965,
    "Eyebrows Redness Intensity":-0.019999999552965,
    "Eye Socket Dark/Light":0.69999998807907,
    "Eyebrows Color Intensity":-0.68000000715256,
    "Root Color":0.5,
    "Cheek Blush Light/Red":0.54000002145767,
    "Eylids Light/Dark":0.079999998211861,
    "Skin Tint Orange/Blue":0.0,
    "Tip Redness":1.0,
    "Cheekbones Flushed/Pale":-0.25999999046326,
    "Eyelids Pale/Red":-0.79999899864197,
    "Skin Tint Purple/Yellow":-0.03999999910593
  },
  "Author":"Bethesda",
  "Race":"TESRace /Game/Forms/actors/race/DarkElf.DarkElf",
  "HairColorsL":{
    "0":{
      "R":0.021219009533525,
      "G":0.01032982300967,
      "B":0.0060488330200315,
      "A":1.0
    }
  },
  "Body":"SkeletalMesh /Game/Art/Character/Imperial/SK_Imperial_Body_m.SK_Imperial_Body_m",
  "Date":"2025-06-04 19:28:47",
  "SkinColorsMapL":{
    "Root DyeColor":{
      "R":1.0,
      "G":1.0,
      "B":1.0,
      "A":1.0
    },
    "Eyeliner Tone":{
      "R":1.0,
      "G":1.0,
      "B":1.0,
      "A":1.0
    },
    "Lipstick Color":{
      "R":1.0,
      "G":1.0,
      "B":1.0,
      "A":1.0
    },
    "Skin Tone":{
      "R":1.0,
      "G":0.7401949763298,
      "B":0.55729198455811,
      "A":1.0
    },
    "Tip DyeColor":{
      "R":1.0,
      "G":1.0,
      "B":1.0,
      "A":1.0
    }
  },
  "ModCreator":"animandan",
  "Sex":0,
  "ModName":"RaceMenuUtilities",
  "EyeMaterial":"/Game/Art/Character/Modular/Eyes_DarkElf/MIC_DarkElf_Eyes_Red.MIC_DarkElf_Eyes_Red",
  "ModVersion":"1.1.0",
  "FaceBaseMesh":"/Game/Art/Character/DarkElf/SK_DarkElf_Head_m.SK_DarkElf_Head_m",
  "Hair":"/Game/Dev/Phenotypes/Hair/HP_DarkElf_HR_Mane.HP_DarkElf_HR_Mane",
  "Description":"saved from in-game",
  "SenescenceLevel":2,
  "FaceMorphValuesMap":{
    "Face Gaunt / Round":-0.072476997971535,
    "Nose Short / Long":0.5,
    "Nose Tilt Down / Up":0.0,
    "Mouth Sad / Happy":-0.18000000715256,
    "Mouth Retracted / Protruding":-0.03999999910593,
    "Chin Short / Tall":-0.029288999736309,
    "Cheekbones Low / High":-0.18282121419907,
    "Nose Nostrils Tilt Down / Up":-0.044137693941593,
    "Mouth Deflated / Inflated":0.059999998658895,
    "Hair Length":0.0,
    "Nose Sellion Shallow / Deep":0.0,
    "Chin Shallow / Deep":0.020374679937959,
    "Jaw Concave / Convex":-0.059999998658895,
    "Brow Ridge Low / High":0.0,
    "Chin Recessed / Pronounced":0.17263154685497,
    "Mouth Tilt Down / Up":0.15999999642372,
    "Nose Sellion Thin / Wide":0.69999998807907,
    "Cheeks Gaunt / Round":0.20144100487232,
    "Nose Sellion Lower Shallow / Deep":0.0,
    "Nose Sellion Down / Up":-0.016744662076235,
    "Cheeks Concave / Convex":0.21255500614643,
    "Nose Region Concave / Convex":0.38383841514587,
    "Eyes Inward / Outward":-0.35999900102615,
    "Nose Nostrils Thin / Wide":0.39779016375542,
    "Brow Ridge Inner Down / Up":-0.44999998807907,
    "Eyes Apart / Together":0.68639302253723,
    "Mouth Underbite / Overbite":-0.14000000059605,
    "Chin Retracted / Jutting":0.089850001037121,
    "Brow / Nose / Chin Ratio":-0.61204200983047,
    "Nose Bridge Short / Long":0.17412699759007,
    "Mouth Low / High":-0.40000000596046,
    "Forehead Small / Large":-0.21999999880791,
    "Nose Bridge Shallow / Deep":0.0,
    "Eyes Small / Large":0.87999999523163,
    "Forehead / Sellion / Nose Ratio":0.0,
    "Mouth Chin Short / Long":0.03999999910593,
    "Forehead Short / Tall":0.0,
    "Eyes Down / Up":-0.094487383961678,
    "Vampire":0.0,
    "Mouth Retracted / Puckered":-0.019999999552965,
    "Jaw Retracted / Jutting":0.033666998147964,
    "Mouth Drawn / Pursed":-0.69999897480011,
    "Cheekbones Thin / Wide":-0.15999999642372,
    "Nose Down / Up":0.0,
    "Jaw Neck Slope Low / High":0.20865899324417,
    "Chin Thin / Wide":0.46644100546837,
    "Cheekbones Shallow / Pronounced":0.0,
    "Nose Nostrils Small / Large":-0.14710463583469,
    "Nose Flat / Pointed":-0.14223556220531,
    "Face Thin / Wide":-0.3299860060215,
    "Chin Backward / Forward":-0.36733636260033,
    "Face Light / Heavy":0.0,
    "Mouth Small / Large":-0.34000000357628,
    "Forehead Back / Forward":0.22029499709606,
    "Jaw Thin / Wide":0.11999999731779,
    "Brow Ridge Outer Down / Up":0.49164399504662,
    "Chin Small / Large":0.30668589472771
  },
  "Name":"BP_CylbenDolovas_C"
}