{
  "ModName":"RaceMenuUtilities",
  "FaceBaseMesh":"/Game/Art/Character/Imperial/SK_Imperial_Head_m.SK_Imperial_Head_m",
  "Author":"Bethesda",
  "Date":"2025-06-04 20:30:53",
  "SkinColorsMapL":{
    "Lipstick Color":{
      "A":1.0,
      "B":1.0,
      "G":1.0,
      "R":1.0
    },
    "Eyeliner Tone":{
      "A":1.0,
      "B":1.0,
      "G":1.0,
      "R":1.0
    },
    "Root DyeColor":{
      "A":1.0,
      "B":1.0,
      "G":1.0,
      "R":1.0
    },
    "Tip DyeColor":{
      "A":1.0,
      "B":0.014322999864817,
      "G":0.037436001002789,
      "R":0.083333000540733
    },
    "Skin Tone":{
      "A":1.0,
      "B":0.8045009970665,
      "G":0.8916540145874,
      "R":1.0
    }
  },
  "APIVersion":"v2",
  "FaceMorphValuesMap":{
    "Eyes Small / Large":-0.9200000166893,
    "Jaw Thin / Wide":-0.64815300703049,
    "Brow Ridge Low / High":0.18972034752369,
    "Chin Retracted / Jutting":0.43518373370171,
    "Face Thin / Wide":0.10711999982595,
    "Hair Length":0.0,
    "Chin Backward / Forward":-0.27269220352173,
    "Vampire":0.0,
    "Mouth Underbite / Overbite":0.41874200105667,
    "Eyes Inward / Outward":0.43691998720169,
    "Mouth Sad / Happy":-0.34305599331856,
    "Jaw Retracted / Jutting":-0.095156997442245,
    "Nose Flat / Pointed":0.0,
    "Chin Recessed / Pronounced":0.22196093201637,
    "Cheeks Gaunt / Round":-0.03999999910593,
    "Forehead Back / Forward":0.0,
    "Nose Sellion Down / Up":0.0,
    "Mouth Deflated / Inflated":0.25725802779198,
    "Mouth Small / Large":-0.037000998854637,
    "Nose Tilt Down / Up":0.0,
    "Nose Short / Long":0.0,
    "Mouth Drawn / Pursed":-0.20327787101269,
    "Chin Short / Tall":-0.38005998730659,
    "Nose Sellion Thin / Wide":0.0,
    "Jaw Neck Slope Low / High":0.16872300207615,
    "Cheekbones Shallow / Pronounced":-0.10000099986792,
    "Nose Sellion Shallow / Deep":0.18000000715256,
    "Mouth Tilt Down / Up":-0.051327001303434,
    "Brow / Nose / Chin Ratio":0.08152898401022,
    "Brow Ridge Outer Down / Up":0.026800328865647,
    "Chin Small / Large":-0.30666393041611,
    "Mouth Retracted / Puckered":-0.049082111567259,
    "Chin Thin / Wide":0.40824100375175,
    "Nose Nostrils Tilt Down / Up":0.0,
    "Face Gaunt / Round":0.21999999880791,
    "Cheekbones Thin / Wide":0.03999999910593,
    "Forehead / Sellion / Nose Ratio":0.020356297492981,
    "Cheekbones Low / High":-0.057345654815435,
    "Nose Bridge Short / Long":0.0,
    "Forehead Short / Tall":0.18000000715256,
    "Nose Bridge Shallow / Deep":0.0,
    "Mouth Chin Short / Long":-0.14348405599594,
    "Face Light / Heavy":0.090473003685474,
    "Nose Region Concave / Convex":0.0,
    "Mouth Retracted / Protruding":-0.40594512224197,
    "Cheeks Concave / Convex":0.25999999046326,
    "Nose Nostrils Small / Large":0.0,
    "Jaw Concave / Convex":0.2012714445591,
    "Nose Down / Up":0.0,
    "Mouth Low / High":-0.12361647188663,
    "Eyes Down / Up":-0.012187999673188,
    "Chin Shallow / Deep":0.142119333148,
    "Eyes Apart / Together":0.69999998807907,
    "Brow Ridge Inner Down / Up":0.26781609654427,
    "Nose Sellion Lower Shallow / Deep":0.37999999523163,
    "Nose Nostrils Thin / Wide":0.0,
    "Forehead Small / Large":-0.41999998688698
  },
  "EyeMaterial":"/Game/Art/Character/Modular/Eyes_Human/MIC_Human_Eyes_Brown2.MIC_Human_Eyes_Brown2",
  "HairColorsL":{
    "0":{
      "A":1.0,
      "B":0.0060488330200315,
      "G":0.01032982300967,
      "R":0.021219009533525
    }
  },
  "SkinParametersMap":{
    "Eylids Light/Dark":0.0,
    "Ombre Amount":1.0,
    "Complexion":0.54000002145767,
    "Lipstick Dark Red/Light Blue":0.0,
    "Eyeshadow Light/Dark":0.0,
    "Root Color":0.014980999752879,
    "Skin Tint Orange/Blue":0.0,
    "Eyelids Light/Dark":0.0,
    "Naso Small/Large":0.0,
    "Tip Redness":1.0,
    "Skin Tint Purple/Yellow":0.18000000715256,
    "Lipstick Amount":0.0,
    "Cheek Blush Light/Red":0.03999999910593,
    "Root Redness":1.0,
    "Lips Flushed/Pale":0.0,
    "Ombre Constrast":1.0,
    "Tip Color":0.30996298789978,
    "Eye Sockets Bruised/Bright":0.0,
    "Freckles":0.43999999761581,
    "Cheekbones Flushed/Pale":0.23999999463558,
    "Eyebrows Color Intensity":0.69999998807907,
    "Naso Labial Lines Light/Dark":0.0,
    "Lipstick Dark Blue/Light Red":0.0,
    "Eye Socket Dark/Light":0.18000000715256,
    "Eye socket Bruised/Bright":0.0,
    "Salt And Pepper":0.0,
    "Eyebrows Redness Intensity":0.0,
    "Eyeliner Light/Dark":0.0,
    "Age":0.0,
    "Skin Dark/Light":0.11999999731779,
    "Eyelids Pale/Red":0.0,
    "Eye Sockets Dark/Light":0.0
  },
  "SenescenceLevel":5,
  "Sex":0,
  "Description":"saved from in-game",
  "ModCreator":"animandan",
  "ModVersion":"1.1.0",
  "Hair":"/Game/Dev/Phenotypes/Hair/HP_HR_Loose.HP_HR_Loose",
  "Name":"BP_CheydinhalGuardCityPostNight03_C",
  "Race":"TESRace /Game/Forms/actors/race/Imperial.Imperial",
  "Body":"SkeletalMesh /Game/Art/Character/Imperial/SK_Imperial_Body_m.SK_Imperial_Body_m"
}