{
  "APIVersion":"v2",
  "SkinParametersMap":{
    "Tip Color":0.56000000238419,
    "Ombre Constrast":1.0,
    "Complexion":0.40000000596046,
    "Ombre Amount":1.0,
    "Lipstick Amount":0.019999999552965,
    "Salt And Pepper":0.0,
    "Skin Dark/Light":0.079999998211861,
    "Root Redness":1.0,
    "Eye socket Bruised/Bright":0.0,
    "Freckles":0.37999999523163,
    "Eyeliner Light/Dark":0.0,
    "Eyebrows Redness Intensity":0.0,
    "Eye Socket Dark/Light":0.0,
    "Eyebrows Color Intensity":0.0,
    "Root Color":0.10000000149012,
    "Cheek Blush Light/Red":0.23999999463558,
    "Eylids Light/Dark":0.0,
    "Skin Tint Orange/Blue":0.0,
    "Tip Redness":1.0,
    "Cheekbones Flushed/Pale":0.31999999284744,
    "Eyelids Pale/Red":0.0,
    "Skin Tint Purple/Yellow":0.0
  },
  "Author":"Bethesda",
  "Race":"TESRace /Game/Forms/actors/race/Breton.Breton",
  "HairColorsL":{
    "1":{
      "R":0.22395800054073,
      "G":0.1452250033617,
      "B":0.08398400247097,
      "A":1.0
    },
    "2":{
      "R":0.22395800054073,
      "G":0.1452250033617,
      "B":0.08398400247097,
      "A":1.0
    },
    "0":{
      "R":0.020833000540733,
      "G":0.010127999819815,
      "B":0.0061369999311864,
      "A":1.0
    }
  },
  "Body":"SkeletalMesh /Game/Art/Character/Imperial/SK_Imperial_Body_m.SK_Imperial_Body_m",
  "Date":"2025-06-04 19:28:28",
  "SkinColorsMapL":{
    "Root DyeColor":{
      "R":1.0,
      "G":1.0,
      "B":1.0,
      "A":1.0
    },
    "Eyeliner Tone":{
      "R":1.0,
      "G":1.0,
      "B":1.0,
      "A":1.0
    },
    "Lipstick Color":{
      "R":1.0,
      "G":1.0,
      "B":1.0,
      "A":1.0
    },
    "Skin Tone":{
      "R":1.0,
      "G":1.0,
      "B":1.0,
      "A":1.0
    },
    "Tip DyeColor":{
      "R":0.17464700341225,
      "G":0.10172300040722,
      "B":0.095206998288631,
      "A":1.0
    }
  },
  "ModCreator":"animandan",
  "Sex":0,
  "ModName":"RaceMenuUtilities",
  "EyeMaterial":"/Game/Art/Character/Modular/Eyes_Human/MIC_Human_Eyes_Brown2.MIC_Human_Eyes_Brown2",
  "ModVersion":"1.1.0",
  "FaceBaseMesh":"/Game/Art/Character/Breton/SK_Breton_Head_m.SK_Breton_Head_m",
  "Hair":"/Game/Dev/Phenotypes/Hair/HP_HR_MediumLength.HP_HR_MediumLength",
  "Description":"saved from in-game",
  "SenescenceLevel":3,
  "FaceMorphValuesMap":{
    "Face Gaunt / Round":0.0,
    "Nose Short / Long":0.0,
    "Nose Tilt Down / Up":0.0,
    "Mouth Sad / Happy":0.56000000238419,
    "Mouth Retracted / Protruding":-0.41999998688698,
    "Chin Short / Tall":0.28000000119209,
    "Cheekbones Low / High":0.0,
    "Nose Nostrils Tilt Down / Up":0.0,
    "Mouth Deflated / Inflated":0.0,
    "Hair Length":0.0,
    "Nose Sellion Shallow / Deep":0.0,
    "Chin Shallow / Deep":0.0,
    "Jaw Concave / Convex":0.23999999463558,
    "Brow Ridge Low / High":0.43999999761581,
    "Chin Recessed / Pronounced":-0.30000001192093,
    "Mouth Tilt Down / Up":-0.60000002384186,
    "Nose Sellion Thin / Wide":0.43999999761581,
    "Cheeks Gaunt / Round":0.40000000596046,
    "Nose Sellion Lower Shallow / Deep":0.0,
    "Nose Sellion Down / Up":-0.25999999046326,
    "Cheeks Concave / Convex":0.079999998211861,
    "Nose Region Concave / Convex":0.0,
    "Eyes Inward / Outward":0.0,
    "Nose Nostrils Thin / Wide":0.0,
    "Brow Ridge Inner Down / Up":-0.34000000357628,
    "Eyes Apart / Together":0.14000000059605,
    "Mouth Underbite / Overbite":0.0,
    "Chin Retracted / Jutting":0.0,
    "Brow / Nose / Chin Ratio":-0.14000000059605,
    "Nose Bridge Short / Long":0.0,
    "Mouth Low / High":-0.40000000596046,
    "Forehead Small / Large":0.0,
    "Nose Bridge Shallow / Deep":0.0,
    "Eyes Small / Large":0.37999999523163,
    "Forehead / Sellion / Nose Ratio":0.0,
    "Mouth Chin Short / Long":0.0,
    "Forehead Short / Tall":0.0,
    "Eyes Down / Up":0.80000001192093,
    "Vampire":0.0,
    "Mouth Retracted / Puckered":0.11999999731779,
    "Jaw Retracted / Jutting":0.0,
    "Mouth Drawn / Pursed":0.0,
    "Cheekbones Thin / Wide":0.20000000298023,
    "Nose Down / Up":0.28000000119209,
    "Jaw Neck Slope Low / High":0.0,
    "Chin Thin / Wide":0.0,
    "Cheekbones Shallow / Pronounced":0.0,
    "Nose Nostrils Small / Large":0.0,
    "Nose Flat / Pointed":0.0,
    "Face Thin / Wide":-0.34000000357628,
    "Chin Backward / Forward":0.21999999880791,
    "Face Light / Heavy":0.51011198759079,
    "Mouth Small / Large":0.33999899029732,
    "Forehead Back / Forward":0.0,
    "Jaw Thin / Wide":-0.20000000298023,
    "Brow Ridge Outer Down / Up":0.41999998688698,
    "Chin Small / Large":0.0
  },
  "Name":"BP_ColinStedrine_C"
}