{
  "Sex":0,
  "HairColorsL":{
    "1":{
      "A":1.0,
      "R":0.22322796285152,
      "G":0.14412847161293,
      "B":0.084376208484173
    },
    "2":{
      "A":1.0,
      "R":0.22322796285152,
      "G":0.14412847161293,
      "B":0.084376208484173
    },
    "0":{
      "A":1.0,
      "R":0.021219009533525,
      "G":0.01032982300967,
      "B":0.0060488330200315
    }
  },
  "EyeMaterial":"/Game/Art/Character/Modular/Eyes_Human/MIC_Human_Eyes_Brown2.MIC_Human_Eyes_Brown2",
  "Author":"Bethesda",
  "Date":"2025-06-04 19:33:30",
  "Description":"saved from in-game",
  "Name":"BP_CheydinhalGuardCastlePostDay02_C",
  "ModCreator":"animandan",
  "ModName":"RaceMenuUtilities",
  "FaceBaseMesh":"/Game/Art/Character/Imperial/SK_Imperial_Head_m.SK_Imperial_Head_m",
  "ModVersion":"1.1.0",
  "Body":"SkeletalMesh /Game/Art/Character/Imperial/SK_Imperial_Body_m.SK_Imperial_Body_m",
  "FaceMorphValuesMap":{
    "Nose Nostrils Thin / Wide":0.36000001430511,
    "Forehead / Sellion / Nose Ratio":-0.15280508995056,
    "Cheekbones Thin / Wide":0.17859199643135,
    "Forehead Small / Large":0.20154070854187,
    "Chin Recessed / Pronounced":0.023766431957483,
    "Brow / Nose / Chin Ratio":0.16343347728252,
    "Jaw Thin / Wide":-0.19526299834251,
    "Cheeks Gaunt / Round":0.12441000342369,
    "Chin Backward / Forward":-0.22437012195587,
    "Chin Thin / Wide":-0.12009378522635,
    "Forehead Short / Tall":-0.40500500798225,
    "Face Thin / Wide":-0.31749698519707,
    "Brow Ridge Inner Down / Up":0.25678393244743,
    "Mouth Underbite / Overbite":0.0,
    "Mouth Low / High":0.0,
    "Vampire":0.0,
    "Face Gaunt / Round":0.267648011446,
    "Eyes Small / Large":-0.30863973498344,
    "Mouth Drawn / Pursed":0.40000000596046,
    "Chin Retracted / Jutting":0.30986204743385,
    "Nose Tilt Down / Up":0.0,
    "Mouth Small / Large":0.46000000834465,
    "Nose Short / Long":0.0,
    "Nose Bridge Shallow / Deep":0.0,
    "Nose Sellion Thin / Wide":0.0,
    "Mouth Retracted / Protruding":0.0,
    "Nose Sellion Shallow / Deep":0.21999999880791,
    "Jaw Retracted / Jutting":-0.38160520792007,
    "Nose Sellion Down / Up":0.0,
    "Eyes Inward / Outward":0.18107199668884,
    "Nose Region Concave / Convex":0.0,
    "Brow Ridge Outer Down / Up":-0.055274873971939,
    "Nose Nostrils Small / Large":0.0,
    "Eyes Apart / Together":0.7459260225296,
    "Nose Nostrils Tilt Down / Up":0.15999999642372,
    "Nose Flat / Pointed":0.0,
    "Mouth Tilt Down / Up":0.0,
    "Jaw Concave / Convex":0.23074099421501,
    "Mouth Sad / Happy":0.0,
    "Cheekbones Shallow / Pronounced":0.020479999482632,
    "Face Light / Heavy":0.48691400885582,
    "Nose Down / Up":0.0,
    "Chin Short / Tall":-0.16527900099754,
    "Eyes Down / Up":-0.14858643710613,
    "Cheeks Concave / Convex":-0.013496000319719,
    "Nose Bridge Short / Long":0.37999999523163,
    "Mouth Chin Short / Long":0.0,
    "Nose Sellion Lower Shallow / Deep":0.0,
    "Mouth Retracted / Puckered":0.0,
    "Hair Length":0.0,
    "Mouth Deflated / Inflated":-0.28000000119209,
    "Chin Shallow / Deep":0.28950169682503,
    "Jaw Neck Slope Low / High":0.1130805015564,
    "Brow Ridge Low / High":-0.22773189842701,
    "Cheekbones Low / High":0.16871550679207,
    "Forehead Back / Forward":-0.057109016925097,
    "Chin Small / Large":0.044251665472984
  },
  "Hair":"/Game/Dev/Phenotypes/Hair/HP_Imperial_HR_Headband.HP_Imperial_HR_Headband",
  "SenescenceLevel":4,
  "APIVersion":"v2",
  "SkinParametersMap":{
    "Complexion":0.21999999880791,
    "Eye Sockets Bruised/Bright":0.0,
    "Ombre Constrast":1.0,
    "Skin Tint Purple/Yellow":0.0,
    "Eye Sockets Dark/Light":0.0,
    "Root Redness":0.5,
    "Naso Small/Large":0.0,
    "Ombre Amount":1.0,
    "Eyebrows Redness Intensity":0.0,
    "Root Color":0.10000000149012,
    "Age":0.0,
    "Lipstick Dark Blue/Light Red":0.0,
    "Lipstick Dark Red/Light Blue":0.0,
    "Eye socket Bruised/Bright":0.0,
    "Freckles":0.0,
    "Eylids Light/Dark":0.0,
    "Eye Socket Dark/Light":0.21999999880791,
    "Cheek Blush Light/Red":0.31999999284744,
    "Eyebrows Color Intensity":0.0,
    "Cheekbones Flushed/Pale":0.56000000238419,
    "Lipstick Amount":0.0,
    "Skin Tint Orange/Blue":0.0,
    "Eyelids Light/Dark":0.0,
    "Naso Labial Lines Light/Dark":0.0,
    "Tip Redness":0.5,
    "Eyeshadow Light/Dark":0.0,
    "Eyelids Pale/Red":0.0,
    "Tip Color":0.46000000834465,
    "Lips Flushed/Pale":0.0,
    "Eyeliner Light/Dark":0.0,
    "Salt And Pepper":0.0,
    "Skin Dark/Light":0.0
  },
  "Race":"TESRace /Game/Forms/actors/race/Imperial.Imperial",
  "SkinColorsMapL":{
    "Root DyeColor":{
      "A":1.0,
      "R":1.0,
      "G":1.0,
      "B":1.0
    },
    "Eyeliner Tone":{
      "A":1.0,
      "R":1.0,
      "G":1.0,
      "B":1.0
    },
    "Tip DyeColor":{
      "A":1.0,
      "R":1.0,
      "G":1.0,
      "B":1.0
    },
    "Skin Tone":{
      "A":1.0,
      "R":0.99479198455811,
      "G":0.91162800788879,
      "B":0.78236198425293
    },
    "Lipstick Color":{
      "A":1.0,
      "R":1.0,
      "G":1.0,
      "B":1.0
    }
  }
}