{
  "Race":"TESRace /Game/Forms/actors/race/WoodElf.WoodElf",
  "FaceBaseMesh":"/Game/Art/Character/WoodElf/SK_WoodElf_Head_f.SK_WoodElf_Head_f",
  "Date":"2025-06-04 18:34:06",
  "HairColorsL":{
    "0":{
      "B":0.0061369999311864,
      "G":0.010127999819815,
      "R":0.020833000540733,
      "A":1.0
    }
  },
  "SkinParametersMap":{
    "Cheekbones Flushed/Pale":0.0,
    "Eyelids Pale/Red":0.0,
    "Skin Tint Purple/Yellow":0.0,
    "Lipstick Amount":0.0,
    "Cheek Blush Light/Red":0.0,
    "Skin Dark/Light":-0.36000001430511,
    "Complexion":0.0,
    "Salt And Pepper":0.10000000149012,
    "Eye Socket Dark/Light":0.0,
    "Eylids Light/Dark":0.28000000119209,
    "Ombre Amount":0.0,
    "Freckles":-0.51999998092651,
    "Root Color":0.20000000298023,
    "Ombre Constrast":0.0,
    "Eyeliner Light/Dark":0.25999900698662,
    "Tip Color":0.47940099239349,
    "Eyebrows Redness Intensity":0.0,
    "Root Redness":1.0,
    "Skin Tint Orange/Blue":0.0,
    "Eye socket Bruised/Bright":0.0,
    "Tip Redness":1.0,
    "Eyebrows Color Intensity":0.0
  },
  "Sex":1,
  "FaceMorphValuesMap":{
    "Hair Length":0.0,
    "Vampire":0.0,
    "Nose Sellion Down / Up":0.14048899710178,
    "Forehead Back / Forward":-0.20756700634956,
    "Mouth Deflated / Inflated":0.0,
    "Chin Backward / Forward":-0.61247402429581,
    "Eyes Apart / Together":0.51999998092651,
    "Nose Tilt Down / Up":0.0,
    "Mouth Sad / Happy":-0.30000001192093,
    "Brow Ridge Outer Down / Up":0.11999999731779,
    "Nose Sellion Thin / Wide":0.0,
    "Nose Short / Long":0.9200000166893,
    "Nose Sellion Shallow / Deep":0.36000001430511,
    "Brow / Nose / Chin Ratio":-0.63999897241592,
    "Chin Small / Large":0.44740599393845,
    "Nose Flat / Pointed":-0.27243000268936,
    "Jaw Thin / Wide":0.20000000298023,
    "Nose Nostrils Tilt Down / Up":-0.30038300156593,
    "Eyes Inward / Outward":-0.80000001192093,
    "Cheekbones Shallow / Pronounced":-0.43999999761581,
    "Nose Nostrils Thin / Wide":-0.52472597360611,
    "Chin Shallow / Deep":0.03999900072813,
    "Nose Down / Up":-0.5,
    "Nose Bridge Short / Long":0.0,
    "Mouth Tilt Down / Up":0.0,
    "Chin Thin / Wide":0.0,
    "Face Light / Heavy":0.53999799489975,
    "Mouth Chin Short / Long":0.0,
    "Jaw Concave / Convex":0.89999997615814,
    "Brow Ridge Low / High":0.49000000953674,
    "Chin Recessed / Pronounced":0.42109128832817,
    "Cheeks Gaunt / Round":0.33279499411583,
    "Face Thin / Wide":-0.9200000166893,
    "Eyes Down / Up":0.03999999910593,
    "Jaw Retracted / Jutting":0.059999998658895,
    "Chin Short / Tall":0.40000000596046,
    "Jaw Neck Slope Low / High":0.40000000596046,
    "Nose Bridge Shallow / Deep":0.5,
    "Mouth Retracted / Protruding":0.0,
    "Cheekbones Thin / Wide":0.012632000260055,
    "Mouth Low / High":-0.53999900817871,
    "Mouth Retracted / Puckered":0.0,
    "Mouth Small / Large":0.0,
    "Forehead Short / Tall":0.28000000119209,
    "Nose Nostrils Small / Large":0.46000000834465,
    "Chin Retracted / Jutting":0.30287799239159,
    "Forehead Small / Large":-0.78461599349976,
    "Cheekbones Low / High":0.34000000357628,
    "Eyes Small / Large":0.0,
    "Cheeks Concave / Convex":0.47999900579453,
    "Brow Ridge Inner Down / Up":0.28745600581169,
    "Nose Sellion Lower Shallow / Deep":0.14000000059605,
    "Face Gaunt / Round":-0.76886701583862,
    "Mouth Underbite / Overbite":0.0,
    "Nose Region Concave / Convex":0.10000000149012,
    "Forehead / Sellion / Nose Ratio":-0.60668736696243,
    "Mouth Drawn / Pursed":0.62000000476837
  },
  "Author":"Bethesda",
  "SkinColorsMapL":{
    "Lipstick Color":{
      "B":1.0,
      "G":1.0,
      "R":1.0,
      "A":1.0
    },
    "Tip DyeColor":{
      "B":1.0,
      "G":1.0,
      "R":1.0,
      "A":1.0
    },
    "Root DyeColor":{
      "B":1.0,
      "G":1.0,
      "R":1.0,
      "A":1.0
    },
    "Eyeliner Tone":{
      "B":1.0,
      "G":1.0,
      "R":1.0,
      "A":1.0
    },
    "Skin Tone":{
      "B":1.0,
      "G":1.0,
      "R":1.0,
      "A":1.0
    }
  },
  "ModVersion":"1.1.0",
  "EyeMaterial":"/Game/Art/Character/Modular/Eyes_WoodElf/MIC_WoodElf_Eyes_Black.MIC_WoodElf_Eyes_Black",
  "Body":"SkeletalMesh /Game/Art/Character/Imperial/SK_Imperial_Body_m.SK_Imperial_Body_m",
  "Description":"saved from in-game",
  "SenescenceLevel":4,
  "APIVersion":"v2",
  "ModCreator":"animandan",
  "ModName":"RaceMenuUtilities",
  "Hair":"/Game/Dev/Phenotypes/Hair/HP_Elf_HR_Braid.HP_Elf_HR_Braid",
  "Name":"BP_Ciindil_C"
}