{
  "Race":"TESRace /Game/Forms/actors/race/Imperial.Imperial",
  "FaceBaseMesh":"/Game/Art/Character/Imperial/SK_Imperial_Head_m.SK_Imperial_Head_m",
  "Date":"2025-06-04 18:37:13",
  "HairColorsL":{
    "1":{
      "B":0.061246052384377,
      "G":0.1046164855361,
      "R":0.16202937066555,
      "A":1.0
    },
    "2":{
      "B":0.061246052384377,
      "G":0.1046164855361,
      "R":0.16202937066555,
      "A":1.0
    },
    "0":{
      "B":0.0060488330200315,
      "G":0.01032982300967,
      "R":0.021219009533525,
      "A":1.0
    }
  },
  "SkinParametersMap":{
    "Cheekbones Flushed/Pale":0.15999999642372,
    "Eyelids Pale/Red":0.0,
    "Lipstick Dark Blue/Light Red":0.0,
    "Skin Tint Purple/Yellow":0.03999999910593,
    "Lipstick Dark Red/Light Blue":0.0,
    "Ombre Amount":1.0,
    "Cheek Blush Light/Red":0.63999998569489,
    "Skin Dark/Light":0.0,
    "Eyelids Light/Dark":0.0,
    "Eyeshadow Light/Dark":0.0,
    "Ombre Constrast":1.0,
    "Complexion":0.43999999761581,
    "Salt And Pepper":0.0,
    "Eye socket Bruised/Bright":0.0,
    "Lips Flushed/Pale":0.0,
    "Eye Sockets Dark/Light":0.0,
    "Root Redness":1.0,
    "Eyebrows Color Intensity":0.5,
    "Lipstick Amount":0.0,
    "Eyebrows Redness Intensity":0.0,
    "Naso Small/Large":0.0,
    "Freckles":0.0,
    "Root Color":0.014980999752879,
    "Eye Socket Dark/Light":0.0,
    "Eyeliner Light/Dark":0.0,
    "Tip Color":0.20996299386024,
    "Eylids Light/Dark":0.20000000298023,
    "Naso Labial Lines Light/Dark":0.0,
    "Skin Tint Orange/Blue":0.0,
    "Eye Sockets Bruised/Bright":0.0,
    "Tip Redness":1.0,
    "Age":0.0
  },
  "Sex":0,
  "FaceMorphValuesMap":{
    "Hair Length":0.0,
    "Vampire":0.0,
    "Nose Sellion Down / Up":0.0,
    "Forehead Back / Forward":-0.14350116252899,
    "Mouth Deflated / Inflated":0.3764605820179,
    "Chin Backward / Forward":-0.33851799368858,
    "Eyes Apart / Together":0.42967599630356,
    "Nose Tilt Down / Up":0.0,
    "Mouth Sad / Happy":-0.1760990023613,
    "Brow Ridge Outer Down / Up":-0.071520000696182,
    "Nose Sellion Thin / Wide":0.0,
    "Nose Short / Long":0.21999999880791,
    "Nose Sellion Shallow / Deep":0.0,
    "Brow / Nose / Chin Ratio":-0.016292000189424,
    "Chin Small / Large":-0.22861607372761,
    "Nose Flat / Pointed":0.0,
    "Jaw Thin / Wide":-0.45847973227501,
    "Nose Nostrils Tilt Down / Up":0.0,
    "Eyes Inward / Outward":-0.20500445365906,
    "Cheekbones Shallow / Pronounced":-0.1914409995079,
    "Nose Nostrils Thin / Wide":0.0,
    "Chin Shallow / Deep":0.064509443938732,
    "Nose Down / Up":0.0,
    "Nose Bridge Short / Long":0.0,
    "Mouth Tilt Down / Up":-0.59215033054352,
    "Chin Thin / Wide":0.43230700492859,
    "Face Light / Heavy":0.077292002737522,
    "Mouth Chin Short / Long":0.18867075443268,
    "Jaw Concave / Convex":0.2688649892807,
    "Brow Ridge Low / High":-0.43999999761581,
    "Chin Recessed / Pronounced":-0.17727570235729,
    "Cheeks Gaunt / Round":0.15765526890755,
    "Face Thin / Wide":-0.14994296431541,
    "Eyes Down / Up":0.2820819914341,
    "Jaw Retracted / Jutting":0.0014952243072912,
    "Chin Short / Tall":-0.13199800252914,
    "Jaw Neck Slope Low / High":0.057136531919241,
    "Nose Bridge Shallow / Deep":0.0,
    "Mouth Retracted / Protruding":-0.19214388728142,
    "Cheekbones Thin / Wide":-0.033550001680851,
    "Mouth Low / High":-0.047540191560984,
    "Mouth Retracted / Puckered":0.076866008341312,
    "Mouth Small / Large":0.083743028342724,
    "Forehead Short / Tall":0.26073053479195,
    "Nose Nostrils Small / Large":0.0,
    "Chin Retracted / Jutting":0.044550936669111,
    "Forehead Small / Large":0.096121467649937,
    "Cheekbones Low / High":0.19971500337124,
    "Eyes Small / Large":-0.49393138289452,
    "Cheeks Concave / Convex":0.34727901220322,
    "Brow Ridge Inner Down / Up":-0.37440899014473,
    "Nose Sellion Lower Shallow / Deep":0.5,
    "Face Gaunt / Round":0.30288130044937,
    "Mouth Underbite / Overbite":0.11250914633274,
    "Nose Region Concave / Convex":0.0,
    "Forehead / Sellion / Nose Ratio":-0.25617301464081,
    "Mouth Drawn / Pursed":-0.37500441074371
  },
  "Mustache":"/Game/Dev/Phenotypes/Mustache/HP_Imperial_MS_Medium.HP_Imperial_MS_Medium",
  "ModCreator":"animandan",
  "SkinColorsMapL":{
    "Lipstick Color":{
      "B":1.0,
      "G":1.0,
      "R":1.0,
      "A":1.0
    },
    "Tip DyeColor":{
      "B":0.014915999956429,
      "G":0.053546998649836,
      "R":0.17464700341225,
      "A":1.0
    },
    "Root DyeColor":{
      "B":1.0,
      "G":1.0,
      "R":1.0,
      "A":1.0
    },
    "Eyeliner Tone":{
      "B":1.0,
      "G":1.0,
      "R":1.0,
      "A":1.0
    },
    "Skin Tone":{
      "B":0.9332680106163,
      "G":0.97916698455811,
      "R":0.96361500024796,
      "A":1.0
    }
  },
  "ModVersion":"1.1.0",
  "EyeMaterial":"/Game/Art/Character/Modular/Eyes_Human/MIC_Human_Eyes_Brown2.MIC_Human_Eyes_Brown2",
  "ModName":"RaceMenuUtilities",
  "Body":"SkeletalMesh /Game/Art/Character/Imperial/SK_Imperial_Body_m.SK_Imperial_Body_m",
  "Description":"saved from in-game",
  "SenescenceLevel":4,
  "APIVersion":"v2",
  "Author":"Bethesda",
  "Hair":"/Game/Dev/Phenotypes/Hair/HP_HR_MediumLength.HP_HR_MediumLength",
  "Beard":"/Game/Dev/Phenotypes/Beard/HP_Imperial_BD_Medium.HP_Imperial_BD_Medium",
  "Name":"BP_ChorrolGuardGreatHallNight01_C"
}