{
  "Race":"TESRace /Game/Forms/actors/race/Imperial.Imperial",
  "FaceBaseMesh":"/Game/Art/Character/Imperial/SK_Imperial_Head_m.SK_Imperial_Head_m",
  "Date":"2025-06-04 18:35:38",
  "HairColorsL":{
    "0":{
      "B":0.08398400247097,
      "G":0.1452250033617,
      "R":0.22395800054073,
      "A":1.0
    }
  },
  "SkinParametersMap":{
    "Cheekbones Flushed/Pale":0.18000000715256,
    "Eyelids Pale/Red":0.0,
    "Lipstick Dark Blue/Light Red":0.0,
    "Skin Tint Purple/Yellow":0.079999998211861,
    "Lipstick Dark Red/Light Blue":0.0,
    "Ombre Amount":1.0,
    "Cheek Blush Light/Red":0.20000000298023,
    "Skin Dark/Light":0.0,
    "Eyelids Light/Dark":0.0,
    "Eyeshadow Light/Dark":0.0,
    "Ombre Constrast":1.0,
    "Complexion":0.31999999284744,
    "Salt And Pepper":0.0,
    "Eye socket Bruised/Bright":0.0,
    "Lips Flushed/Pale":0.0,
    "Eye Sockets Dark/Light":0.0,
    "Root Redness":0.5,
    "Eyebrows Color Intensity":0.60000002384186,
    "Lipstick Amount":0.0,
    "Eyebrows Redness Intensity":0.0,
    "Naso Small/Large":0.0,
    "Freckles":0.56000000238419,
    "Root Color":0.10000000149012,
    "Eye Socket Dark/Light":0.0,
    "Eyeliner Light/Dark":0.0,
    "Tip Color":0.36000001430511,
    "Eylids Light/Dark":0.0,
    "Naso Labial Lines Light/Dark":0.0,
    "Skin Tint Orange/Blue":0.0,
    "Eye Sockets Bruised/Bright":0.0,
    "Tip Redness":0.5,
    "Age":0.0
  },
  "Sex":0,
  "FaceMorphValuesMap":{
    "Hair Length":0.0,
    "Vampire":0.0,
    "Nose Sellion Down / Up":0.31542098522186,
    "Forehead Back / Forward":-0.098352000117302,
    "Mouth Deflated / Inflated":0.0,
    "Chin Backward / Forward":-0.22769500315189,
    "Eyes Apart / Together":0.67633402347565,
    "Nose Tilt Down / Up":0.0,
    "Mouth Sad / Happy":0.0,
    "Brow Ridge Outer Down / Up":0.47999998927116,
    "Nose Sellion Thin / Wide":0.86000001430511,
    "Nose Short / Long":0.0,
    "Nose Sellion Shallow / Deep":0.0,
    "Brow / Nose / Chin Ratio":-0.056232001632452,
    "Chin Small / Large":0.098430998623371,
    "Nose Flat / Pointed":0.0,
    "Jaw Thin / Wide":-0.63948398828506,
    "Nose Nostrils Tilt Down / Up":0.0,
    "Eyes Inward / Outward":0.48658499121666,
    "Cheekbones Shallow / Pronounced":0.14481499791145,
    "Nose Nostrils Thin / Wide":0.5,
    "Chin Shallow / Deep":0.17919400334358,
    "Nose Down / Up":-0.68000000715256,
    "Nose Bridge Short / Long":0.43999999761581,
    "Mouth Tilt Down / Up":0.0,
    "Chin Thin / Wide":0.78808701038361,
    "Face Light / Heavy":0.38812699913979,
    "Mouth Chin Short / Long":0.0,
    "Jaw Concave / Convex":0.43999999761581,
    "Brow Ridge Low / High":-0.43999999761581,
    "Chin Recessed / Pronounced":0.16863399744034,
    "Cheeks Gaunt / Round":0.23233500123024,
    "Face Thin / Wide":-0.62000000476837,
    "Eyes Down / Up":-0.63317000865936,
    "Jaw Retracted / Jutting":-0.31890177726746,
    "Chin Short / Tall":-0.5161349773407,
    "Jaw Neck Slope Low / High":0.22725999355316,
    "Nose Bridge Shallow / Deep":-0.25999999046326,
    "Mouth Retracted / Protruding":0.0,
    "Cheekbones Thin / Wide":0.44506400823593,
    "Mouth Low / High":-0.41999998688698,
    "Mouth Retracted / Puckered":0.0,
    "Mouth Small / Large":-0.28000000119209,
    "Forehead Short / Tall":0.12436168640852,
    "Nose Nostrils Small / Large":0.0,
    "Chin Retracted / Jutting":0.3060829937458,
    "Forehead Small / Large":0.1713819950819,
    "Cheekbones Low / High":-0.13062946498394,
    "Eyes Small / Large":-0.11999999731779,
    "Cheeks Concave / Convex":0.32628899812698,
    "Brow Ridge Inner Down / Up":-0.41720300912857,
    "Nose Sellion Lower Shallow / Deep":0.0,
    "Face Gaunt / Round":-0.14135999977589,
    "Mouth Underbite / Overbite":0.0,
    "Nose Region Concave / Convex":0.0,
    "Forehead / Sellion / Nose Ratio":-0.19266599416733,
    "Mouth Drawn / Pursed":0.40000000596046
  },
  "Author":"Bethesda",
  "SkinColorsMapL":{
    "Lipstick Color":{
      "B":1.0,
      "G":1.0,
      "R":1.0,
      "A":1.0
    },
    "Tip DyeColor":{
      "B":1.0,
      "G":1.0,
      "R":1.0,
      "A":1.0
    },
    "Root DyeColor":{
      "B":1.0,
      "G":1.0,
      "R":1.0,
      "A":1.0
    },
    "Eyeliner Tone":{
      "B":1.0,
      "G":1.0,
      "R":1.0,
      "A":1.0
    },
    "Skin Tone":{
      "B":1.0,
      "G":1.0,
      "R":1.0,
      "A":1.0
    }
  },
  "ModVersion":"1.1.0",
  "EyeMaterial":"/Game/Art/Character/Modular/Eyes_Human/MIC_Human_Eyes_Red1.MIC_Human_Eyes_Red1",
  "Body":"SkeletalMesh /Game/Art/Character/Imperial/SK_Imperial_Body_m.SK_Imperial_Body_m",
  "Description":"saved from in-game",
  "SenescenceLevel":7,
  "APIVersion":"v2",
  "ModCreator":"animandan",
  "ModName":"RaceMenuUtilities",
  "Hair":"/Game/Dev/Phenotypes/Hair/HP_New_HR_Receding.HP_New_HR_Receding",
  "Name":"BP_ContumeliorusFlorius_C"
}