{
  "Sex":0,
  "HairColorsL":{
    "0":{
      "A":1.0,
      "R":1.0,
      "G":1.0,
      "B":1.0
    }
  },
  "EyeMaterial":"/Game/Art/Character/Nord/MIC_Nord_Eye.MIC_Nord_Eye",
  "Author":"Bethesda",
  "Date":"2025-06-04 19:33:28",
  "Description":"saved from in-game",
  "Name":"BP_Carsten_C",
  "ModCreator":"animandan",
  "ModName":"RaceMenuUtilities",
  "FaceBaseMesh":"/Game/Art/Character/Nord/SK_Nord_Head_m.SK_Nord_Head_m",
  "ModVersion":"1.1.0",
  "Body":"SkeletalMesh /Game/Art/Character/Imperial/SK_Imperial_Body_m.SK_Imperial_Body_m",
  "FaceMorphValuesMap":{
    "Nose Nostrils Thin / Wide":0.20973800122738,
    "Forehead / Sellion / Nose Ratio":-0.037987001240253,
    "Cheekbones Thin / Wide":0.055070001631975,
    "Forehead Small / Large":-0.2727530002594,
    "Chin Recessed / Pronounced":0.31620499491692,
    "Brow / Nose / Chin Ratio":0.0,
    "Jaw Thin / Wide":0.24479399621487,
    "Cheeks Gaunt / Round":0.20000000298023,
    "Chin Backward / Forward":-0.55217999219894,
    "Chin Thin / Wide":0.34692600369453,
    "Forehead Short / Tall":0.0,
    "Face Thin / Wide":0.23359499871731,
    "Brow Ridge Inner Down / Up":-0.5,
    "Mouth Underbite / Overbite":0.1552722454071,
    "Mouth Low / High":-0.49550598859787,
    "Vampire":0.0,
    "Face Gaunt / Round":0.25999999046326,
    "Eyes Small / Large":-0.55044198036194,
    "Mouth Drawn / Pursed":0.37121200561523,
    "Chin Retracted / Jutting":0.23965899646282,
    "Nose Tilt Down / Up":0.0,
    "Mouth Small / Large":-0.16583131253719,
    "Nose Short / Long":0.0,
    "Nose Bridge Shallow / Deep":0.0,
    "Nose Sellion Thin / Wide":-0.30337101221085,
    "Mouth Retracted / Protruding":-0.045876920223236,
    "Nose Sellion Shallow / Deep":0.0,
    "Jaw Retracted / Jutting":-0.087572000920773,
    "Nose Sellion Down / Up":0.0,
    "Eyes Inward / Outward":-0.16943599283695,
    "Nose Region Concave / Convex":0.0,
    "Brow Ridge Outer Down / Up":0.31999999284744,
    "Nose Nostrils Small / Large":0.25468200445175,
    "Eyes Apart / Together":-0.05706699937582,
    "Nose Nostrils Tilt Down / Up":0.0,
    "Nose Flat / Pointed":0.0,
    "Mouth Tilt Down / Up":-0.38183799386024,
    "Jaw Concave / Convex":0.25842699408531,
    "Mouth Sad / Happy":0.60551297664642,
    "Cheekbones Shallow / Pronounced":0.64220297336578,
    "Face Light / Heavy":0.51543098688126,
    "Nose Down / Up":0.0,
    "Chin Short / Tall":0.22119399905205,
    "Eyes Down / Up":-0.61553698778152,
    "Cheeks Concave / Convex":0.10000000149012,
    "Nose Bridge Short / Long":0.0,
    "Mouth Chin Short / Long":-0.16944490373135,
    "Nose Sellion Lower Shallow / Deep":0.0,
    "Mouth Retracted / Puckered":0.38817411661148,
    "Hair Length":0.0,
    "Mouth Deflated / Inflated":0.14673399925232,
    "Chin Shallow / Deep":-0.53274101018906,
    "Jaw Neck Slope Low / High":-0.36843299865723,
    "Brow Ridge Low / High":-0.5,
    "Cheekbones Low / High":0.41999998688698,
    "Forehead Back / Forward":-0.39118900895119,
    "Chin Small / Large":0.1799989938736
  },
  "Hair":"/Game/Dev/Phenotypes/Hair/HP_HR_Cropped.HP_HR_Cropped",
  "SenescenceLevel":6,
  "APIVersion":"v2",
  "SkinParametersMap":{
    "Complexion":0.44943898916245,
    "Cheek Blush Light/Red":0.0,
    "Eyebrows Color Intensity":0.43445700407028,
    "Eye socket Bruised/Bright":0.0,
    "Lipstick Amount":0.0,
    "Root Redness":0.0,
    "Freckles":0.2846440076828,
    "Cheekbones Flushed/Pale":0.0,
    "Eyebrows Redness Intensity":0.0,
    "Root Color":0.0,
    "Eyelids Pale/Red":0.0,
    "Tip Color":0.0,
    "Tip Redness":0.0,
    "Ombre Amount":0.0,
    "Salt And Pepper":0.65917599201202,
    "Ombre Constrast":0.0
  },
  "Race":"TESRace /Game/Forms/actors/race/Nord.Nord",
  "SkinColorsMapL":{
    "Root DyeColor":{
      "A":1.0,
      "R":0.0047769998200238,
      "G":0.0012140000471845,
      "B":0.0
    },
    "Eyeliner Tone":{
      "A":1.0,
      "R":1.0,
      "G":1.0,
      "B":1.0
    },
    "Tip DyeColor":{
      "A":1.0,
      "R":0.10702300071716,
      "G":0.034340001642704,
      "B":0.0056050000712276
    },
    "Skin Tone":{
      "A":1.0,
      "R":1.0,
      "G":1.0,
      "B":1.0
    },
    "Lipstick Color":{
      "A":1.0,
      "R":0.093058958649635,
      "G":0.0009105809731409,
      "B":0.0097212167456746
    }
  }
}