{
  "Sex":0,
  "HairColorsL":{
    "1":{
      "A":1.0,
      "R":0.16202937066555,
      "G":0.1046164855361,
      "B":0.061246052384377
    },
    "2":{
      "A":1.0,
      "R":0.16202937066555,
      "G":0.1046164855361,
      "B":0.061246052384377
    },
    "0":{
      "A":1.0,
      "R":1.0,
      "G":1.0,
      "B":1.0
    }
  },
  "EyeMaterial":"/Game/Art/Character/Modular/Eyes_Human/MIC_Human_Eyes_Yellow1.MIC_Human_Eyes_Yellow1",
  "Author":"Bethesda",
  "Date":"2025-06-04 19:33:31",
  "Description":"saved from in-game",
  "Name":"BP_CheydinhalGuardJailorNight_C",
  "ModCreator":"animandan",
  "ModName":"RaceMenuUtilities",
  "FaceBaseMesh":"/Game/Art/Character/Imperial/SK_Imperial_Head_m.SK_Imperial_Head_m",
  "ModVersion":"1.1.0",
  "Body":"SkeletalMesh /Game/Art/Character/Imperial/SK_Imperial_Body_m.SK_Imperial_Body_m",
  "FaceMorphValuesMap":{
    "Nose Nostrils Thin / Wide":0.98000001907349,
    "Forehead / Sellion / Nose Ratio":-0.14329107105732,
    "Cheekbones Thin / Wide":0.24028700590134,
    "Forehead Small / Large":0.096752606332302,
    "Chin Recessed / Pronounced":0.11205121129751,
    "Brow / Nose / Chin Ratio":0.21999999880791,
    "Jaw Thin / Wide":-0.17820200324059,
    "Cheeks Gaunt / Round":0.23209308087826,
    "Chin Backward / Forward":-0.30623164772987,
    "Chin Thin / Wide":0.21626499295235,
    "Forehead Short / Tall":0.08509100228548,
    "Face Thin / Wide":-0.16067877411842,
    "Brow Ridge Inner Down / Up":0.34191492199898,
    "Mouth Underbite / Overbite":0.0,
    "Mouth Low / High":0.0,
    "Vampire":0.0,
    "Face Gaunt / Round":0.32698899507523,
    "Eyes Small / Large":-0.5268229842186,
    "Mouth Drawn / Pursed":0.63999998569489,
    "Chin Retracted / Jutting":-0.24160638451576,
    "Nose Tilt Down / Up":0.0,
    "Mouth Small / Large":0.21999999880791,
    "Nose Short / Long":0.0,
    "Nose Bridge Shallow / Deep":0.0,
    "Nose Sellion Thin / Wide":0.60000002384186,
    "Mouth Retracted / Protruding":0.0,
    "Nose Sellion Shallow / Deep":0.21999999880791,
    "Jaw Retracted / Jutting":0.02468453720212,
    "Nose Sellion Down / Up":0.0,
    "Eyes Inward / Outward":0.28664499521255,
    "Nose Region Concave / Convex":-0.14000000059605,
    "Brow Ridge Outer Down / Up":-0.18709489703178,
    "Nose Nostrils Small / Large":0.0,
    "Eyes Apart / Together":0.79999899864197,
    "Nose Nostrils Tilt Down / Up":-0.6799989938736,
    "Nose Flat / Pointed":0.0,
    "Mouth Tilt Down / Up":0.0,
    "Jaw Concave / Convex":0.23010973632336,
    "Mouth Sad / Happy":0.69999998807907,
    "Cheekbones Shallow / Pronounced":0.0,
    "Face Light / Heavy":0.22201299667358,
    "Nose Down / Up":0.0,
    "Chin Short / Tall":-0.44651699066162,
    "Eyes Down / Up":0.0,
    "Cheeks Concave / Convex":-0.020077999681234,
    "Nose Bridge Short / Long":0.0,
    "Mouth Chin Short / Long":0.0,
    "Nose Sellion Lower Shallow / Deep":0.18000000715256,
    "Mouth Retracted / Puckered":0.0,
    "Hair Length":0.0,
    "Mouth Deflated / Inflated":-0.51999998092651,
    "Chin Shallow / Deep":0.338109344244,
    "Jaw Neck Slope Low / High":0.23574440181255,
    "Brow Ridge Low / High":0.0,
    "Cheekbones Low / High":-0.059945892542601,
    "Forehead Back / Forward":-0.23300018906593,
    "Chin Small / Large":0.15015189349651
  },
  "Hair":"/Game/Dev/Phenotypes/Hair/HP_HR_Cropped.HP_HR_Cropped",
  "SenescenceLevel":5,
  "APIVersion":"v2",
  "SkinParametersMap":{
    "Complexion":0.36000001430511,
    "Eye Sockets Bruised/Bright":0.0,
    "Ombre Constrast":1.0,
    "Skin Tint Purple/Yellow":0.14000000059605,
    "Eye Sockets Dark/Light":0.0,
    "Root Redness":1.0,
    "Naso Small/Large":0.0,
    "Ombre Amount":1.0,
    "Eyebrows Redness Intensity":0.0,
    "Root Color":0.10000000149012,
    "Age":0.0,
    "Lipstick Dark Blue/Light Red":0.0,
    "Lipstick Dark Red/Light Blue":0.0,
    "Eye socket Bruised/Bright":0.0,
    "Freckles":0.0,
    "Eylids Light/Dark":0.0,
    "Eye Socket Dark/Light":0.0,
    "Cheek Blush Light/Red":0.21999999880791,
    "Eyebrows Color Intensity":0.5,
    "Cheekbones Flushed/Pale":0.54000002145767,
    "Lipstick Amount":0.0,
    "Skin Tint Orange/Blue":0.079999998211861,
    "Eyelids Light/Dark":0.0,
    "Naso Labial Lines Light/Dark":0.0,
    "Tip Redness":1.0,
    "Eyeshadow Light/Dark":0.0,
    "Eyelids Pale/Red":0.0,
    "Tip Color":0.46000000834465,
    "Lips Flushed/Pale":0.0,
    "Eyeliner Light/Dark":0.0,
    "Salt And Pepper":0.0,
    "Skin Dark/Light":0.0
  },
  "Race":"TESRace /Game/Forms/actors/race/Imperial.Imperial",
  "SkinColorsMapL":{
    "Root DyeColor":{
      "A":1.0,
      "R":1.0,
      "G":1.0,
      "B":1.0
    },
    "Eyeliner Tone":{
      "A":1.0,
      "R":1.0,
      "G":1.0,
      "B":1.0
    },
    "Tip DyeColor":{
      "A":1.0,
      "R":1.0,
      "G":1.0,
      "B":1.0
    },
    "Skin Tone":{
      "A":1.0,
      "R":0.98782700300217,
      "G":1.0,
      "B":0.92708301544189
    },
    "Lipstick Color":{
      "A":1.0,
      "R":1.0,
      "G":1.0,
      "B":1.0
    }
  }
}