{
  "ModName":"RaceMenuUtilities",
  "FaceBaseMesh":"/Game/Art/Character/HighElf/SK_HighElf_Head_m.SK_HighElf_Head_m",
  "Author":"Bethesda",
  "Date":"2025-06-04 20:30:54",
  "SkinColorsMapL":{
    "Lipstick Color":{
      "A":1.0,
      "B":0.11193242669106,
      "G":0.16202937066555,
      "R":1.0
    },
    "Eyeliner Tone":{
      "A":1.0,
      "B":0.048171821981668,
      "G":0.048171821981668,
      "R":0.1714410930872
    },
    "Root DyeColor":{
      "A":1.0,
      "B":0.0047769998200238,
      "G":0.012285999953747,
      "R":0.23839800059795
    },
    "Tip DyeColor":{
      "A":1.0,
      "B":0.0047769998200238,
      "G":0.012285999953747,
      "R":0.23839800059795
    },
    "Skin Tone":{
      "A":1.0,
      "B":1.0,
      "G":1.0,
      "R":1.0
    }
  },
  "APIVersion":"v2",
  "FaceMorphValuesMap":{
    "Eyes Small / Large":-0.55999898910522,
    "Jaw Thin / Wide":-0.079999998211861,
    "Brow Ridge Low / High":0.0,
    "Chin Retracted / Jutting":0.0,
    "Face Thin / Wide":-0.40000000596046,
    "Hair Length":0.0,
    "Chin Backward / Forward":0.34000000357628,
    "Vampire":0.0,
    "Mouth Underbite / Overbite":0.0,
    "Eyes Inward / Outward":-0.10000000149012,
    "Mouth Sad / Happy":-0.19999900460243,
    "Jaw Retracted / Jutting":0.0,
    "Nose Flat / Pointed":0.0,
    "Chin Recessed / Pronounced":-0.019999999552965,
    "Cheeks Gaunt / Round":0.5,
    "Forehead Back / Forward":0.0,
    "Nose Sellion Down / Up":0.0,
    "Mouth Deflated / Inflated":-0.79999899864197,
    "Mouth Small / Large":0.079999998211861,
    "Nose Tilt Down / Up":0.0,
    "Nose Short / Long":0.36000001430511,
    "Mouth Drawn / Pursed":0.0,
    "Chin Short / Tall":-0.73999899625778,
    "Nose Sellion Thin / Wide":0.0,
    "Jaw Neck Slope Low / High":0.14000000059605,
    "Cheekbones Shallow / Pronounced":0.0,
    "Nose Sellion Shallow / Deep":0.0,
    "Mouth Tilt Down / Up":0.11999999731779,
    "Brow / Nose / Chin Ratio":0.41999998688698,
    "Brow Ridge Outer Down / Up":-0.14000000059605,
    "Chin Small / Large":-0.47999998927116,
    "Mouth Retracted / Puckered":0.0,
    "Chin Thin / Wide":0.75999999046326,
    "Nose Nostrils Tilt Down / Up":0.36000001430511,
    "Face Gaunt / Round":0.0,
    "Cheekbones Thin / Wide":-0.019999999552965,
    "Forehead / Sellion / Nose Ratio":0.059999998658895,
    "Cheekbones Low / High":0.0,
    "Nose Bridge Short / Long":0.0,
    "Forehead Short / Tall":0.11999999731779,
    "Nose Bridge Shallow / Deep":0.0,
    "Mouth Chin Short / Long":0.0,
    "Face Light / Heavy":0.30000001192093,
    "Nose Region Concave / Convex":0.0,
    "Mouth Retracted / Protruding":0.5799999833107,
    "Cheeks Concave / Convex":0.37999999523163,
    "Nose Nostrils Small / Large":0.0,
    "Jaw Concave / Convex":0.66000002622604,
    "Nose Down / Up":0.0,
    "Mouth Low / High":-0.54000002145767,
    "Eyes Down / Up":0.0,
    "Chin Shallow / Deep":0.30000001192093,
    "Eyes Apart / Together":0.60000002384186,
    "Brow Ridge Inner Down / Up":-0.10000000149012,
    "Nose Sellion Lower Shallow / Deep":0.0,
    "Nose Nostrils Thin / Wide":-0.9200000166893,
    "Forehead Small / Large":0.54000002145767
  },
  "EyeMaterial":"/Game/Art/Character/Modular/Eyes_HighElf/MIC_HighElf_Eyes_Darkbrown.MIC_HighElf_Eyes_Darkbrown",
  "HairColorsL":{
    "0":{
      "A":1.0,
      "B":0.0060488330200315,
      "G":0.01032982300967,
      "R":0.021219009533525
    }
  },
  "SkinParametersMap":{
    "Complexion":0.0,
    "Freckles":-0.95999997854233,
    "Ombre Amount":0.03999999910593,
    "Eylids Light/Dark":0.41999998688698,
    "None":0.0,
    "Skin Tint Purple/Yellow":0.0,
    "Cheek Blush Light/Red":-0.46000000834465,
    "Ombre Constrast":-0.11999999731779,
    "Tip Color":0.23999899625778,
    "Eye socket Bruised/Bright":-0.51999998092651,
    "Eyelids Pale/Red":0.0,
    "Eyebrows Color Intensity":0.0,
    "Skin Tint Orange/Blue":0.079999998211861,
    "Tip Redness":9.9999999747524e-07,
    "Root Color":1.0,
    "Root Redness":0.51999998092651,
    "Salt And Pepper":0.0,
    "Eyebrows Redness Intensity":0.0,
    "Eyeliner Light/Dark":0.50000101327896,
    "Eye Socket Dark/Light":-0.30000001192093,
    "Cheekbones Flushed/Pale":1.0,
    "Skin Dark/Light":0.0,
    "Lipstick Amount":0.0
  },
  "SenescenceLevel":2,
  "Sex":0,
  "Description":"saved from in-game",
  "ModCreator":"animandan",
  "ModVersion":"1.1.0",
  "Hair":"/Game/Dev/Phenotypes/Hair/HP_DarkElf_HR_Mane.HP_DarkElf_HR_Mane",
  "Name":"BP_ConjurerBossMaleHighElf_C",
  "Race":"TESRace /Game/Forms/actors/race/HighElf.HighElf",
  "Body":"SkeletalMesh /Game/Art/Character/Imperial/SK_Imperial_Body_m.SK_Imperial_Body_m"
}