{
  "APIVersion":"v2",
  "Sex":0,
  "SkinParametersMap":{
    "Eyebrows Redness Intensity":0.23595499992371,
    "Freckles":-0.89999997615814,
    "Eyelids Pale/Red":-0.080000996589661,
    "Root Redness":0.34000000357628,
    "Tip Redness":0.60000002384186,
    "Complexion":0.31999999284744,
    "Salt And Pepper":-0.28000000119209,
    "Eye Socket Dark/Light":-0.37999999523163,
    "Eye socket Bruised/Bright":0.68000000715256,
    "Eyebrows Color Intensity":0.44561699032784,
    "Ombre Constrast":0.0,
    "Khajiit Pattern Number":0.0,
    "Eylids Light/Dark":-0.63999998569489,
    "Root Color":0.10000000149012,
    "Eyeliner Light/Dark":-0.75999999046326,
    "Skin Dark/Light":-0.5799999833107,
    "Cheekbones Flushed/Pale":0.69999998807907,
    "Skin Tint Orange/Blue":0.14000000059605,
    "Skin Tint Purple/Yellow":0.059999998658895,
    "Cheek Blush Light/Red":0.80000001192093,
    "Ombre Amount":0.0,
    "Lipstick Amount":0.03999999910593,
    "Tip Color":0.23999999463558
  },
  "Description":"saved from in-game",
  "FaceBaseMesh":"/Game/Art/Character/Orc/SK_Orc_Head_m.SK_Orc_Head_m",
  "Hair":"/Game/Dev/Phenotypes/Hair/HP_Orc_HR_TwoBraids.HP_Orc_HR_TwoBraids",
  "ModVersion":"1.1.0",
  "Date":"2025-06-04 19:13:42",
  "SenescenceLevel":4,
  "ModCreator":"animandan",
  "Mustache":"/Game/Dev/Phenotypes/Mustache/HP_New_MS_Twisted.HP_New_MS_Twisted",
  "ModName":"RaceMenuUtilities",
  "Name":"BP_ClarabellaPirate2_C",
  "FaceMorphValuesMap":{
    "Nose Bridge Short / Long":-0.80000001192093,
    "Mouth Tilt Down / Up":-0.057250000536442,
    "Forehead Back / Forward":0.06760560721159,
    "Eyes Small / Large":-0.66738498210907,
    "Chin Recessed / Pronounced":-0.17068879306316,
    "Cheekbones Thin / Wide":0.066757000982761,
    "Jaw Neck Slope Low / High":-0.65974998474121,
    "Chin Retracted / Jutting":0.50311601161957,
    "Jaw Retracted / Jutting":-0.70962584018707,
    "Mouth Low / High":-0.30000001192093,
    "Mouth Sad / Happy":0.76086097955704,
    "Forehead / Sellion / Nose Ratio":-0.50300198793411,
    "Hair Length":0.0,
    "Vampire":0.0,
    "Forehead Short / Tall":0.29566100239754,
    "Jaw Concave / Convex":-0.23874400556087,
    "Nose Nostrils Small / Large":0.9200000166893,
    "Cheeks Gaunt / Round":0.53693735599518,
    "Nose Tilt Down / Up":0.3999989926815,
    "Mouth Drawn / Pursed":0.49206501245499,
    "Nose Short / Long":0.80000001192093,
    "Cheekbones Shallow / Pronounced":-0.19742099940777,
    "Jaw Thin / Wide":-0.13063099980354,
    "Eyes Apart / Together":-0.0264110006392,
    "Chin Backward / Forward":-0.024688888341188,
    "Nose Sellion Thin / Wide":0.87999999523163,
    "Nose Sellion Lower Shallow / Deep":0.19999900460243,
    "Nose Sellion Shallow / Deep":0.46000000834465,
    "Mouth Retracted / Protruding":-0.77999997138977,
    "Eyes Down / Up":-0.084283001720905,
    "Nose Region Concave / Convex":-0.3603729903698,
    "Nose Down / Up":-0.76085197925568,
    "Chin Shallow / Deep":-0.12381000071764,
    "Nose Nostrils Tilt Down / Up":0.11999999731779,
    "Nose Flat / Pointed":-0.32278767228127,
    "Eyes Inward / Outward":0.39520335197449,
    "Brow / Nose / Chin Ratio":-0.050579000264406,
    "Chin Short / Tall":-0.086139999330044,
    "Brow Ridge Outer Down / Up":-0.27232399582863,
    "Nose Nostrils Thin / Wide":-0.34081500768661,
    "Face Thin / Wide":-0.85299199819565,
    "Chin Thin / Wide":-0.22215700149536,
    "Nose Bridge Shallow / Deep":-0.37423899769783,
    "Mouth Underbite / Overbite":0.61642599105835,
    "Mouth Chin Short / Long":0.56049501895905,
    "Cheekbones Low / High":-0.70174700021744,
    "Brow Ridge Inner Down / Up":-0.49354401230812,
    "Mouth Small / Large":-0.6799989938736,
    "Mouth Deflated / Inflated":-0.77999997138977,
    "Nose Sellion Down / Up":-0.47999998927116,
    "Brow Ridge Low / High":-0.41342800855637,
    "Chin Small / Large":0.028244292363524,
    "Forehead Small / Large":-0.092110998928547,
    "Face Light / Heavy":-0.36877200007439,
    "Cheeks Concave / Convex":0.00075516704237089,
    "Mouth Retracted / Puckered":-0.31799599528313,
    "Face Gaunt / Round":-0.69032472372055
  },
  "Body":"SkeletalMesh /Game/Art/Character/Imperial/SK_Imperial_Body_m.SK_Imperial_Body_m",
  "Beard":"/Game/Dev/Phenotypes/Beard/HP_New_LongFullBeard.HP_New_LongFullBeard",
  "Race":"TESRace /Game/Forms/actors/race/Orc.Orc",
  "HairColorsL":{
    "1":{
      "B":0.061027999967337,
      "G":0.10424599796534,
      "R":0.16145800054073,
      "A":1.0
    },
    "2":{
      "B":0.061027999967337,
      "G":0.10424599796534,
      "R":0.16145800054073,
      "A":1.0
    },
    "0":{
      "B":0.0859379991889,
      "G":0.096546001732349,
      "R":0.125,
      "A":1.0
    }
  },
  "SkinColorsMapL":{
    "Lipstick Color":{
      "B":1.0,
      "G":1.0,
      "R":1.0,
      "A":1.0
    },
    "Tip DyeColor":{
      "B":1.0,
      "G":1.0,
      "R":1.0,
      "A":1.0
    },
    "Skin Tone":{
      "B":1.0,
      "G":1.0,
      "R":1.0,
      "A":1.0
    },
    "Eyeliner Tone":{
      "B":1.0,
      "G":1.0,
      "R":1.0,
      "A":1.0
    },
    "Root DyeColor":{
      "B":1.0,
      "G":1.0,
      "R":1.0,
      "A":1.0
    }
  },
  "Author":"Bethesda"
}