{
  "Race":"TESRace /Game/Forms/actors/race/HighElf.HighElf",
  "FaceBaseMesh":"/Game/Art/Character/HighElf/SK_HighElf_Head_f.SK_HighElf_Head_f",
  "Date":"2025-06-04 18:52:53",
  "HairColorsL":{
    "0":{
      "B":0.16826939582825,
      "G":0.29177063703537,
      "R":0.44520118832588,
      "A":1.0
    }
  },
  "SkinParametersMap":{
    "Cheekbones Flushed/Pale":0.75999999046326,
    "Eyelids Pale/Red":0.30000001192093,
    "Skin Tint Purple/Yellow":0.0,
    "Lipstick Amount":0.0099999997764826,
    "Cheek Blush Light/Red":-0.18000000715256,
    "Skin Dark/Light":0.0,
    "Complexion":0.0,
    "Salt And Pepper":0.0,
    "Eye Socket Dark/Light":0.0,
    "Eylids Light/Dark":-0.30000001192093,
    "Ombre Amount":1.0,
    "Freckles":-0.34000000357628,
    "Root Color":-0.1302620023489,
    "Ombre Constrast":1.0,
    "Eyeliner Light/Dark":0.54000097513199,
    "Tip Color":0.02988800033927,
    "Eyebrows Redness Intensity":0.0,
    "Root Redness":0.0,
    "Skin Tint Orange/Blue":0.0,
    "Eye socket Bruised/Bright":-0.66000002622604,
    "Tip Redness":0.0,
    "Eyebrows Color Intensity":0.0
  },
  "Sex":1,
  "FaceMorphValuesMap":{
    "Hair Length":0.0,
    "Vampire":0.0,
    "Nose Sellion Down / Up":0.0,
    "Forehead Back / Forward":0.0,
    "Mouth Deflated / Inflated":0.69999998807907,
    "Chin Backward / Forward":-0.13999900221825,
    "Eyes Apart / Together":0.89999997615814,
    "Nose Tilt Down / Up":0.31999999284744,
    "Mouth Sad / Happy":0.83999997377396,
    "Brow Ridge Outer Down / Up":0.0,
    "Nose Sellion Thin / Wide":0.14000000059605,
    "Nose Short / Long":0.18000000715256,
    "Nose Sellion Shallow / Deep":0.0,
    "Brow / Nose / Chin Ratio":0.0,
    "Chin Small / Large":0.14000000059605,
    "Nose Flat / Pointed":-0.25999999046326,
    "Jaw Thin / Wide":0.62000000476837,
    "Nose Nostrils Tilt Down / Up":0.28000000119209,
    "Eyes Inward / Outward":0.0,
    "Cheekbones Shallow / Pronounced":0.079999998211861,
    "Nose Nostrils Thin / Wide":0.21999999880791,
    "Chin Shallow / Deep":-0.15999999642372,
    "Nose Down / Up":-0.83999997377396,
    "Nose Bridge Short / Long":0.0,
    "Mouth Tilt Down / Up":-0.43999999761581,
    "Chin Thin / Wide":0.18000000715256,
    "Face Light / Heavy":0.14000000059605,
    "Mouth Chin Short / Long":0.0,
    "Jaw Concave / Convex":0.31999999284744,
    "Brow Ridge Low / High":0.41999998688698,
    "Chin Recessed / Pronounced":0.15999999642372,
    "Cheeks Gaunt / Round":0.18000000715256,
    "Face Thin / Wide":-0.62000000476837,
    "Eyes Down / Up":0.019999999552965,
    "Jaw Retracted / Jutting":0.0,
    "Chin Short / Tall":0.10000000149012,
    "Jaw Neck Slope Low / High":0.36000001430511,
    "Nose Bridge Shallow / Deep":0.0,
    "Mouth Retracted / Protruding":0.0,
    "Cheekbones Thin / Wide":-0.20000000298023,
    "Mouth Low / High":-0.03999999910593,
    "Mouth Retracted / Puckered":0.0,
    "Mouth Small / Large":-0.23999999463558,
    "Forehead Short / Tall":0.87999999523163,
    "Nose Nostrils Small / Large":-0.29999899864197,
    "Chin Retracted / Jutting":-0.28000000119209,
    "Forehead Small / Large":0.60000002384186,
    "Cheekbones Low / High":-0.36000001430511,
    "Eyes Small / Large":0.51999998092651,
    "Cheeks Concave / Convex":0.25999999046326,
    "Brow Ridge Inner Down / Up":-0.10000000149012,
    "Nose Sellion Lower Shallow / Deep":0.25999999046326,
    "Face Gaunt / Round":-0.059999998658895,
    "Mouth Underbite / Overbite":0.0,
    "Nose Region Concave / Convex":0.36000001430511,
    "Forehead / Sellion / Nose Ratio":0.0,
    "Mouth Drawn / Pursed":0.0
  },
  "Author":"Bethesda",
  "SkinColorsMapL":{
    "Lipstick Color":{
      "B":0.672443151474,
      "G":0.080219820141792,
      "R":1.0,
      "A":1.0
    },
    "Tip DyeColor":{
      "B":0.35957399010658,
      "G":0.58802199363708,
      "R":0.97344499826431,
      "A":1.0
    },
    "Root DyeColor":{
      "B":1.0,
      "G":1.0,
      "R":1.0,
      "A":1.0
    },
    "Eyeliner Tone":{
      "B":0.015996292233467,
      "G":0.018500220030546,
      "R":0.03688944876194,
      "A":1.0
    },
    "Skin Tone":{
      "B":1.0,
      "G":1.0,
      "R":1.0,
      "A":1.0
    }
  },
  "ModVersion":"1.1.0",
  "EyeMaterial":"/Game/Art/Character/Modular/Eyes_HighElf/MIC_HighElf_Eyes_Greyblue.MIC_HighElf_Eyes_Greyblue",
  "Body":"SkeletalMesh /Game/Art/Character/Imperial/SK_Imperial_Body_m.SK_Imperial_Body_m",
  "Description":"saved from in-game",
  "SenescenceLevel":2,
  "APIVersion":"v2",
  "ModCreator":"animandan",
  "ModName":"RaceMenuUtilities",
  "Hair":"/Game/Dev/Phenotypes/Hair/HP_DarkElf_HR_Fringe.HP_DarkElf_HR_Fringe",
  "Name":"BP_Carahil_C"
}