{
  "Race":"TESRace /Game/Forms/actors/race/Imperial.Imperial",
  "FaceBaseMesh":"/Game/Art/Character/Imperial/SK_Imperial_Head_m.SK_Imperial_Head_m",
  "Date":"2025-06-04 18:37:08",
  "HairColorsL":{
    "1":{
      "B":0.084376208484173,
      "G":0.14412847161293,
      "R":0.22322796285152,
      "A":1.0
    },
    "2":{
      "B":0.061246052384377,
      "G":0.1046164855361,
      "R":0.16202937066555,
      "A":1.0
    },
    "0":{
      "B":0.0060488330200315,
      "G":0.01032982300967,
      "R":0.021219009533525,
      "A":1.0
    }
  },
  "SkinParametersMap":{
    "Cheekbones Flushed/Pale":0.9200000166893,
    "Eyelids Pale/Red":0.0,
    "Lipstick Dark Blue/Light Red":0.0,
    "Skin Tint Purple/Yellow":0.079999998211861,
    "Lipstick Dark Red/Light Blue":0.0,
    "Ombre Amount":0.0,
    "Cheek Blush Light/Red":0.25999999046326,
    "Skin Dark/Light":0.0,
    "Eyelids Light/Dark":0.0,
    "Eyeshadow Light/Dark":0.0,
    "Ombre Constrast":0.0,
    "Complexion":0.21999999880791,
    "Salt And Pepper":0.0,
    "Eye socket Bruised/Bright":0.0,
    "Lips Flushed/Pale":0.0,
    "Eye Sockets Dark/Light":0.0,
    "Root Redness":0.5,
    "Eyebrows Color Intensity":0.0,
    "Lipstick Amount":0.0,
    "Eyebrows Redness Intensity":0.0,
    "Naso Small/Large":0.0,
    "Freckles":0.0,
    "Root Color":0.10000000149012,
    "Eye Socket Dark/Light":0.0,
    "Eyeliner Light/Dark":0.0,
    "Tip Color":0.10000000149012,
    "Eylids Light/Dark":0.0,
    "Naso Labial Lines Light/Dark":0.0,
    "Skin Tint Orange/Blue":0.0,
    "Eye Sockets Bruised/Bright":0.0,
    "Tip Redness":0.5,
    "Age":0.0
  },
  "Sex":0,
  "FaceMorphValuesMap":{
    "Hair Length":0.0,
    "Vampire":0.0,
    "Nose Sellion Down / Up":0.084459505975246,
    "Forehead Back / Forward":-0.52107208967209,
    "Mouth Deflated / Inflated":0.2490074634552,
    "Chin Backward / Forward":-0.28097999095917,
    "Eyes Apart / Together":0.81474697589874,
    "Nose Tilt Down / Up":0.0,
    "Mouth Sad / Happy":0.25779101252556,
    "Brow Ridge Outer Down / Up":-0.13376599550247,
    "Nose Sellion Thin / Wide":0.34000000357628,
    "Nose Short / Long":0.0,
    "Nose Sellion Shallow / Deep":0.0,
    "Brow / Nose / Chin Ratio":-0.19001500308514,
    "Chin Small / Large":0.47370100021362,
    "Nose Flat / Pointed":-0.14904855191708,
    "Jaw Thin / Wide":0.062858998775482,
    "Nose Nostrils Tilt Down / Up":0.0,
    "Eyes Inward / Outward":0.38391000032425,
    "Cheekbones Shallow / Pronounced":0.05358599871397,
    "Nose Nostrils Thin / Wide":-0.016961000859737,
    "Chin Shallow / Deep":0.072835154831409,
    "Nose Down / Up":0.56487447023392,
    "Nose Bridge Short / Long":0.32818499207497,
    "Mouth Tilt Down / Up":-0.28081300854683,
    "Chin Thin / Wide":0.67423301935196,
    "Face Light / Heavy":0.1743970066309,
    "Mouth Chin Short / Long":-0.094106189906597,
    "Jaw Concave / Convex":-0.333929002285,
    "Brow Ridge Low / High":-0.42687600851059,
    "Chin Recessed / Pronounced":0.21677699685097,
    "Cheeks Gaunt / Round":-0.36582401394844,
    "Face Thin / Wide":0.0,
    "Eyes Down / Up":0.6668329834938,
    "Jaw Retracted / Jutting":0.085183471441269,
    "Chin Short / Tall":-0.65671199560165,
    "Jaw Neck Slope Low / High":-0.01780604571104,
    "Nose Bridge Shallow / Deep":-0.086527369916439,
    "Mouth Retracted / Protruding":0.03906400129199,
    "Cheekbones Thin / Wide":0.091738998889923,
    "Mouth Low / High":0.3932009935379,
    "Mouth Retracted / Puckered":0.01262899953872,
    "Mouth Small / Large":-0.070684000849724,
    "Forehead Short / Tall":-0.026463000103831,
    "Nose Nostrils Small / Large":0.18174950778484,
    "Chin Retracted / Jutting":-0.022309999912977,
    "Forehead Small / Large":0.14277748763561,
    "Cheekbones Low / High":-0.082471624016762,
    "Eyes Small / Large":-0.84672302007675,
    "Cheeks Concave / Convex":0.24972300231457,
    "Brow Ridge Inner Down / Up":0.10013899952173,
    "Nose Sellion Lower Shallow / Deep":0.0,
    "Face Gaunt / Round":0.28000000119209,
    "Mouth Underbite / Overbite":-0.082622416317463,
    "Nose Region Concave / Convex":-0.0079776216298342,
    "Forehead / Sellion / Nose Ratio":0.091456301510334,
    "Mouth Drawn / Pursed":0.36000001430511
  },
  "Mustache":"/Game/Dev/Phenotypes/Mustache/HP_Imperial_MS_Medium.HP_Imperial_MS_Medium",
  "ModCreator":"animandan",
  "SkinColorsMapL":{
    "Lipstick Color":{
      "B":1.0,
      "G":1.0,
      "R":1.0,
      "A":1.0
    },
    "Tip DyeColor":{
      "B":0.0,
      "G":0.0,
      "R":0.0,
      "A":1.0
    },
    "Root DyeColor":{
      "B":0.0,
      "G":0.0,
      "R":0.0,
      "A":1.0
    },
    "Eyeliner Tone":{
      "B":0.95833301544189,
      "G":0.95833301544189,
      "R":1.0,
      "A":1.0
    },
    "Skin Tone":{
      "B":0.83417397737503,
      "G":0.91346001625061,
      "R":0.99479198455811,
      "A":1.0
    }
  },
  "ModVersion":"1.1.0",
  "EyeMaterial":"/Game/Art/Character/Modular/Eyes_Human/MIC_Human_Eyes_Brown2.MIC_Human_Eyes_Brown2",
  "ModName":"RaceMenuUtilities",
  "Body":"SkeletalMesh /Game/Art/Character/Imperial/SK_Imperial_Body_m.SK_Imperial_Body_m",
  "Description":"saved from in-game",
  "SenescenceLevel":3,
  "APIVersion":"v2",
  "Author":"Bethesda",
  "Hair":"/Game/Dev/Phenotypes/Hair/HP_Elf_HR_Braid.HP_Elf_HR_Braid",
  "Beard":"/Game/Dev/Phenotypes/Beard/HP_Imperial_BD_Scruffy.HP_Imperial_BD_Scruffy",
  "Name":"BP_ChorrolGuardPatrolDay01_C"
}