{
  "Name":"BP_CGMythicDawnAssassin06_C",
  "Sex":0,
  "APIVersion":"v2",
  "Description":"saved from in-game",
  "SkinParametersMap":{
    "Naso Labial Lines Light/Dark":0.0,
    "Salt And Pepper":0.0,
    "Complexion":0.54000002145767,
    "Eyelids Light/Dark":0.0,
    "Ombre Amount":1.0,
    "Ombre Constrast":1.0,
    "Skin Tint Purple/Yellow":0.14000000059605,
    "Eyebrows Color Intensity":0.0,
    "Tip Redness":1.0,
    "Tip Color":0.43999999761581,
    "Eye socket Bruised/Bright":0.0,
    "Eye Socket Dark/Light":0.0,
    "Cheekbones Flushed/Pale":0.74000000953674,
    "Lips Flushed/Pale":0.0,
    "Lipstick Dark Blue/Light Red":0.0,
    "Lipstick Amount":0.0,
    "Cheek Blush Light/Red":0.0,
    "Eye Sockets Bruised/Bright":0.0,
    "Eyebrows Redness Intensity":0.0,
    "Skin Dark/Light":0.0,
    "Skin Tint Orange/Blue":0.0,
    "Eyelids Pale/Red":0.0,
    "Lipstick Dark Red/Light Blue":0.0,
    "Root Color":0.10000000149012,
    "Eyeshadow Light/Dark":0.31999999284744,
    "Root Redness":1.0,
    "Eye Sockets Dark/Light":0.0,
    "Eylids Light/Dark":0.0,
    "Naso Small/Large":0.0,
    "Freckles":0.0,
    "Eyeliner Light/Dark":0.0,
    "Age":0.0
  },
  "Race":"TESRace /Game/Forms/actors/race/Imperial.Imperial",
  "Hair":"/Game/Dev/Phenotypes/Hair/HP_HighElf_HR_Classic.HP_HighElf_HR_Classic",
  "FaceMorphValuesMap":{
    "Brow Ridge Inner Down / Up":0.14739300310612,
    "Cheeks Gaunt / Round":0.088503003120422,
    "Mouth Low / High":0.16516700387001,
    "Forehead Short / Tall":-0.080790996551514,
    "Cheeks Concave / Convex":0.1397940069437,
    "Eyes Small / Large":-0.77999997138977,
    "Jaw Retracted / Jutting":-0.21815200150013,
    "Nose Sellion Down / Up":0.078258998692036,
    "Jaw Concave / Convex":0.30000001192093,
    "Hair Length":0.0,
    "Vampire":0.0,
    "Mouth Drawn / Pursed":0.084720999002457,
    "Nose Bridge Shallow / Deep":0.22543199360371,
    "Face Thin / Wide":0.029728999361396,
    "Chin Recessed / Pronounced":0.000538999971468,
    "Cheekbones Low / High":0.12274000048637,
    "Forehead Small / Large":0.18013599514961,
    "Forehead Back / Forward":-0.08296299725771,
    "Chin Backward / Forward":0.010173000395298,
    "Face Gaunt / Round":0.52894997596741,
    "Eyes Apart / Together":0.55200499296188,
    "Jaw Neck Slope Low / High":0.13152299821377,
    "Nose Tilt Down / Up":0.0,
    "Nose Short / Long":0.0,
    "Nose Sellion Thin / Wide":0.34000000357628,
    "Mouth Retracted / Puckered":0.33667999505997,
    "Nose Region Concave / Convex":-0.3364639878273,
    "Jaw Thin / Wide":-0.36498400568962,
    "Nose Sellion Shallow / Deep":0.0,
    "Nose Nostrils Small / Large":0.53049999475479,
    "Nose Sellion Lower Shallow / Deep":0.0,
    "Chin Thin / Wide":0.036577999591827,
    "Nose Nostrils Thin / Wide":0.044968001544476,
    "Nose Nostrils Tilt Down / Up":-0.080715000629425,
    "Nose Flat / Pointed":-0.24175700545311,
    "Cheekbones Thin / Wide":-0.19741000235081,
    "Brow Ridge Low / High":-0.43732398748398,
    "Nose Down / Up":0.018743999302387,
    "Nose Bridge Short / Long":0.37575000524521,
    "Mouth Chin Short / Long":-0.20386800169945,
    "Mouth Underbite / Overbite":-0.37057399749756,
    "Eyes Inward / Outward":0.35694301128387,
    "Mouth Retracted / Protruding":-0.14839799702168,
    "Mouth Tilt Down / Up":-0.57699501514435,
    "Chin Short / Tall":0.073325999081135,
    "Chin Retracted / Jutting":-0.022904999554157,
    "Forehead / Sellion / Nose Ratio":-0.055015001446009,
    "Mouth Sad / Happy":-0.32795798778534,
    "Eyes Down / Up":-0.31323999166489,
    "Mouth Deflated / Inflated":-0.071445003151894,
    "Chin Shallow / Deep":0.04033799842,
    "Brow Ridge Outer Down / Up":0.36779499053955,
    "Chin Small / Large":0.32106301188469,
    "Face Light / Heavy":-0.14558799564838,
    "Mouth Small / Large":0.035236999392509,
    "Brow / Nose / Chin Ratio":-0.10014499723911,
    "Cheekbones Shallow / Pronounced":0.18330900371075
  },
  "Mustache":"/Game/Dev/Phenotypes/Mustache/HP_Imperial_MS_Short.HP_Imperial_MS_Short",
  "Beard":"/Game/Dev/Phenotypes/Beard/HP_Imperial_BD_Goatee.HP_Imperial_BD_Goatee",
  "Author":"Bethesda",
  "ModCreator":"animandan",
  "ModName":"RaceMenuUtilities",
  "SkinColorsMapL":{
    "Root DyeColor":{
      "B":0.0,
      "G":0.0012140000471845,
      "R":0.0047769998200238,
      "A":1.0
    },
    "Eyeliner Tone":{
      "B":1.0,
      "G":1.0,
      "R":1.0,
      "A":1.0
    },
    "Tip DyeColor":{
      "B":0.0056050000712276,
      "G":0.034340001642704,
      "R":0.10702300071716,
      "A":1.0
    },
    "Lipstick Color":{
      "B":0.0097212167456746,
      "G":0.0009105809731409,
      "R":0.093058958649635,
      "A":1.0
    },
    "Skin Tone":{
      "B":1.0,
      "G":1.0,
      "R":1.0,
      "A":1.0
    }
  },
  "Body":"SkeletalMesh /Game/Art/Character/Imperial/SK_Imperial_Body_m.SK_Imperial_Body_m",
  "FaceBaseMesh":"/Game/Art/Character/Imperial/SK_Imperial_Head_m.SK_Imperial_Head_m",
  "HairColorsL":{
    "1":{
      "B":0.061246052384377,
      "G":0.1046164855361,
      "R":0.16202937066555,
      "A":1.0
    },
    "2":{
      "B":0.061246052384377,
      "G":0.1046164855361,
      "R":0.16202937066555,
      "A":1.0
    },
    "0":{
      "B":0.0060488330200315,
      "G":0.01032982300967,
      "R":0.021219009533525,
      "A":1.0
    }
  },
  "EyeMaterial":"/Game/Art/Character/Modular/Eyes_Human/MIC_Human_Eyes_Brown2.MIC_Human_Eyes_Brown2",
  "ModVersion":"1.1.0",
  "SenescenceLevel":2,
  "Date":"2025-06-05 19:58:50"
}