{
  "APIVersion":"v2",
  "SkinParametersMap":{
    "Ombre Constrast":0.0,
    "Eyelids Light/Dark":0.0,
    "Complexion":0.0,
    "Eye Sockets Bruised/Bright":0.0,
    "Salt And Pepper":0.0,
    "Skin Dark/Light":0.0,
    "Freckles":0.0,
    "Eyebrows Redness Intensity":0.0,
    "Age":0.0,
    "Root Color":0.0,
    "Cheek Blush Light/Red":0.51999998092651,
    "Eye Sockets Dark/Light":0.0,
    "Lipstick Dark Red/Light Blue":0.0,
    "Naso Labial Lines Light/Dark":0.0,
    "Naso Small/Large":0.0,
    "Tip Color":0.0,
    "Ombre Amount":0.0,
    "None":0.0,
    "Eyebrows Color Intensity":0.5,
    "Eye socket Bruised/Bright":0.0,
    "Eyelids Pale/Red":0.0,
    "Skin Tint Orange/Blue":0.0,
    "Eylids Light/Dark":0.0,
    "Lips Flushed/Pale":0.0,
    "Eyeshadow Light/Dark":0.0,
    "Lipstick Amount":0.0,
    "Eyeliner Light/Dark":0.0,
    "Root Redness":0.0,
    "Lipstick Dark Blue/Light Red":0.0,
    "Tip Redness":0.0,
    "Cheekbones Flushed/Pale":0.0,
    "Eye Socket Dark/Light":0.10000000149012,
    "Skin Tint Purple/Yellow":0.23999999463558
  },
  "Author":"Bethesda",
  "Race":"TESRace /Game/Forms/actors/race/Imperial.Imperial",
  "HairColorsL":{
    "0":{
      "R":0.22322796285152,
      "G":0.14412847161293,
      "B":0.084376208484173,
      "A":1.0
    }
  },
  "Body":"SkeletalMesh /Game/Art/Character/Imperial/SK_Imperial_Body_m.SK_Imperial_Body_m",
  "Date":"2025-06-04 19:28:16",
  "SkinColorsMapL":{
    "Root DyeColor":{
      "R":1.0,
      "G":1.0,
      "B":1.0,
      "A":1.0
    },
    "Eyeliner Tone":{
      "R":1.0,
      "G":1.0,
      "B":1.0,
      "A":1.0
    },
    "Lipstick Color":{
      "R":1.0,
      "G":1.0,
      "B":1.0,
      "A":1.0
    },
    "Skin Tone":{
      "R":0.97131901979446,
      "G":1.0,
      "B":0.953125,
      "A":1.0
    },
    "Tip DyeColor":{
      "R":1.0,
      "G":1.0,
      "B":1.0,
      "A":1.0
    }
  },
  "ModCreator":"animandan",
  "Sex":0,
  "ModName":"RaceMenuUtilities",
  "EyeMaterial":"/Game/Art/Character/Modular/Eyes_Human/MIC_Human_Eyes_Red3.MIC_Human_Eyes_Red3",
  "ModVersion":"1.1.0",
  "FaceBaseMesh":"/Game/Art/Character/Imperial/SK_Imperial_Head_m.SK_Imperial_Head_m",
  "Hair":"/Game/Dev/Phenotypes/Hair/HP_HR_Ponytail.HP_HR_Ponytail",
  "Description":"saved from in-game",
  "SenescenceLevel":7,
  "FaceMorphValuesMap":{
    "Face Gaunt / Round":0.22581227123737,
    "Nose Short / Long":0.0,
    "Nose Tilt Down / Up":0.0,
    "Mouth Sad / Happy":0.0,
    "Mouth Retracted / Protruding":0.0,
    "Chin Short / Tall":0.0,
    "Cheekbones Low / High":0.1824709624052,
    "Nose Nostrils Tilt Down / Up":-0.18578000366688,
    "Mouth Deflated / Inflated":-0.20000000298023,
    "Hair Length":0.0,
    "Nose Sellion Shallow / Deep":0.0,
    "Chin Shallow / Deep":0.0,
    "Jaw Concave / Convex":0.5,
    "Brow Ridge Low / High":0.028426999226213,
    "Chin Recessed / Pronounced":0.0,
    "Mouth Tilt Down / Up":0.0,
    "Nose Sellion Thin / Wide":0.66000002622604,
    "Cheeks Gaunt / Round":0.23445799946785,
    "Nose Sellion Lower Shallow / Deep":0.0,
    "Nose Sellion Down / Up":0.077206745743752,
    "Cheeks Concave / Convex":0.17673200368881,
    "Nose Region Concave / Convex":-0.024289578199387,
    "Eyes Inward / Outward":0.039473004639149,
    "Nose Nostrils Thin / Wide":0.29784399271011,
    "Brow Ridge Inner Down / Up":0.10000000149012,
    "Eyes Apart / Together":0.83385699987411,
    "Mouth Underbite / Overbite":0.0,
    "Chin Retracted / Jutting":0.0,
    "Brow / Nose / Chin Ratio":0.12546999752522,
    "Nose Bridge Short / Long":0.0073790000751615,
    "Mouth Low / High":0.0,
    "Forehead Small / Large":-0.31660053133965,
    "Nose Bridge Shallow / Deep":0.70062899589539,
    "Eyes Small / Large":-0.47999998927116,
    "Forehead / Sellion / Nose Ratio":0.13461814820766,
    "Mouth Chin Short / Long":0.0,
    "Forehead Short / Tall":0.16485853493214,
    "Eyes Down / Up":0.050876297056675,
    "Vampire":0.0,
    "Mouth Retracted / Puckered":0.0,
    "Jaw Retracted / Jutting":0.19351899623871,
    "Mouth Drawn / Pursed":0.56000000238419,
    "Cheekbones Thin / Wide":0.12216000258923,
    "Nose Down / Up":0.010792000219226,
    "Jaw Neck Slope Low / High":-0.036568101495504,
    "Chin Thin / Wide":0.0,
    "Cheekbones Shallow / Pronounced":-0.14985699951649,
    "Nose Nostrils Small / Large":-0.18986430764198,
    "Nose Flat / Pointed":-0.27232900261879,
    "Face Thin / Wide":0.066132001578808,
    "Chin Backward / Forward":0.0,
    "Face Light / Heavy":0.48559999465942,
    "Mouth Small / Large":0.37999999523163,
    "Forehead Back / Forward":0.12067539989948,
    "Jaw Thin / Wide":-0.4392029941082,
    "Brow Ridge Outer Down / Up":0.41999998688698,
    "Chin Small / Large":0.0
  },
  "Name":"BP_CastaFlavus_C"
}