{
  "ModName":"RaceMenuUtilities",
  "FaceBaseMesh":"/Game/Art/Character/Imperial/SK_Imperial_Head_m.SK_Imperial_Head_m",
  "Author":"Bethesda",
  "Date":"2025-06-04 20:30:53",
  "SkinColorsMapL":{
    "Lipstick Color":{
      "A":1.0,
      "B":1.0,
      "G":1.0,
      "R":1.0
    },
    "Eyeliner Tone":{
      "A":1.0,
      "B":1.0,
      "G":1.0,
      "R":1.0
    },
    "Root DyeColor":{
      "A":1.0,
      "B":1.0,
      "G":1.0,
      "R":1.0
    },
    "Tip DyeColor":{
      "A":1.0,
      "B":1.0,
      "G":1.0,
      "R":1.0
    },
    "Skin Tone":{
      "A":1.0,
      "B":0.85127699375153,
      "G":0.84391301870346,
      "R":0.953125
    }
  },
  "APIVersion":"v2",
  "FaceMorphValuesMap":{
    "Eyes Small / Large":-0.81999897956848,
    "Jaw Thin / Wide":-0.25999999046326,
    "Brow Ridge Low / High":-0.25861269235611,
    "Chin Retracted / Jutting":0.41999998688698,
    "Face Thin / Wide":0.0,
    "Hair Length":0.0,
    "Chin Backward / Forward":0.31999999284744,
    "Vampire":0.0,
    "Mouth Underbite / Overbite":0.0,
    "Eyes Inward / Outward":0.0,
    "Mouth Sad / Happy":-0.28000000119209,
    "Jaw Retracted / Jutting":0.31999999284744,
    "Nose Flat / Pointed":0.11290699988604,
    "Chin Recessed / Pronounced":-0.11999999731779,
    "Cheeks Gaunt / Round":0.28253921866417,
    "Forehead Back / Forward":0.28000000119209,
    "Nose Sellion Down / Up":0.0,
    "Mouth Deflated / Inflated":-0.25999999046326,
    "Mouth Small / Large":0.60000002384186,
    "Nose Tilt Down / Up":0.0,
    "Nose Short / Long":0.0,
    "Mouth Drawn / Pursed":0.0,
    "Chin Short / Tall":-0.53999900817871,
    "Nose Sellion Thin / Wide":0.0,
    "Jaw Neck Slope Low / High":-0.38941344618797,
    "Cheekbones Shallow / Pronounced":0.086744971573353,
    "Nose Sellion Shallow / Deep":0.0,
    "Mouth Tilt Down / Up":0.0,
    "Brow / Nose / Chin Ratio":0.26258000731468,
    "Brow Ridge Outer Down / Up":-0.0020804197993129,
    "Chin Small / Large":0.0,
    "Mouth Retracted / Puckered":0.0,
    "Chin Thin / Wide":0.0,
    "Nose Nostrils Tilt Down / Up":0.20799699425697,
    "Face Gaunt / Round":0.10000000149012,
    "Cheekbones Thin / Wide":-0.1519879847765,
    "Forehead / Sellion / Nose Ratio":0.42813301086426,
    "Cheekbones Low / High":-0.12114196270704,
    "Nose Bridge Short / Long":0.39440831542015,
    "Forehead Short / Tall":-0.34000000357628,
    "Nose Bridge Shallow / Deep":0.42952001094818,
    "Mouth Chin Short / Long":0.0,
    "Face Light / Heavy":0.3613874912262,
    "Nose Region Concave / Convex":0.019999999552965,
    "Mouth Retracted / Protruding":0.0,
    "Cheeks Concave / Convex":0.15277871489525,
    "Nose Nostrils Small / Large":0.0,
    "Jaw Concave / Convex":0.30467444658279,
    "Nose Down / Up":0.22742299735546,
    "Mouth Low / High":0.0,
    "Eyes Down / Up":0.34689563512802,
    "Chin Shallow / Deep":0.0,
    "Eyes Apart / Together":0.57374900579453,
    "Brow Ridge Inner Down / Up":0.19492720067501,
    "Nose Sellion Lower Shallow / Deep":0.0,
    "Nose Nostrils Thin / Wide":0.0,
    "Forehead Small / Large":0.0
  },
  "EyeMaterial":"/Game/Art/Character/Modular/Eyes_Human/MIC_Human_Eyes_Brown2.MIC_Human_Eyes_Brown2",
  "HairColorsL":{
    "0":{
      "A":1.0,
      "B":0.0060488330200315,
      "G":0.01032982300967,
      "R":0.021219009533525
    }
  },
  "SkinParametersMap":{
    "Eylids Light/Dark":0.0,
    "Ombre Amount":1.0,
    "Complexion":0.51999998092651,
    "Lipstick Dark Red/Light Blue":0.0,
    "Eyeshadow Light/Dark":0.0,
    "Root Color":0.10000000149012,
    "Skin Tint Orange/Blue":0.059999998658895,
    "Eyelids Light/Dark":0.0,
    "Naso Small/Large":0.0,
    "Tip Redness":0.5,
    "Skin Tint Purple/Yellow":0.0,
    "Lipstick Amount":0.0,
    "Cheek Blush Light/Red":0.43999999761581,
    "Root Redness":0.5,
    "Lips Flushed/Pale":0.0,
    "Ombre Constrast":1.0,
    "Tip Color":0.5,
    "Eye Sockets Bruised/Bright":0.0,
    "Freckles":0.0,
    "Cheekbones Flushed/Pale":0.60000002384186,
    "Eyebrows Color Intensity":0.40000000596046,
    "Naso Labial Lines Light/Dark":0.0,
    "Lipstick Dark Blue/Light Red":0.0,
    "Eye Socket Dark/Light":0.0,
    "Eye socket Bruised/Bright":0.0,
    "Salt And Pepper":0.0,
    "Eyebrows Redness Intensity":0.0,
    "Eyeliner Light/Dark":0.0,
    "Age":0.0,
    "Skin Dark/Light":0.0,
    "Eyelids Pale/Red":0.0,
    "Eye Sockets Dark/Light":0.0
  },
  "SenescenceLevel":0,
  "Sex":0,
  "Description":"saved from in-game",
  "ModCreator":"animandan",
  "ModVersion":"1.1.0",
  "Hair":"/Game/Dev/Phenotypes/Hair/HP_HR_Ponytail.HP_HR_Ponytail",
  "Name":"BP_CheydinhalGuardCityPostDay04_C",
  "Race":"TESRace /Game/Forms/actors/race/Imperial.Imperial",
  "Body":"SkeletalMesh /Game/Art/Character/Imperial/SK_Imperial_Body_m.SK_Imperial_Body_m"
}