{
  "ModName":"RaceMenuUtilities",
  "FaceBaseMesh":"/Game/Art/Character/WoodElf/SK_WoodElf_Head_m.SK_WoodElf_Head_m",
  "Author":"Bethesda",
  "Date":"2025-06-04 20:30:53",
  "SkinColorsMapL":{
    "Lipstick Color":{
      "A":1.0,
      "B":1.0,
      "G":1.0,
      "R":1.0
    },
    "Eyeliner Tone":{
      "A":1.0,
      "B":1.0,
      "G":1.0,
      "R":1.0
    },
    "Root DyeColor":{
      "A":1.0,
      "B":0.0,
      "G":0.0,
      "R":0.0
    },
    "Tip DyeColor":{
      "A":1.0,
      "B":0.0,
      "G":0.0,
      "R":0.0
    },
    "Skin Tone":{
      "A":1.0,
      "B":0.58105498552322,
      "G":0.64320302009583,
      "R":0.72916698455811
    }
  },
  "Name":"BP_Cingor_C",
  "FaceMorphValuesMap":{
    "Eyes Small / Large":0.30000001192093,
    "Jaw Thin / Wide":0.23999999463558,
    "Brow Ridge Low / High":0.47999998927116,
    "Chin Retracted / Jutting":0.029904557392001,
    "Face Thin / Wide":0.0,
    "Hair Length":0.0,
    "Chin Backward / Forward":-0.34696623682976,
    "Vampire":0.0,
    "Mouth Underbite / Overbite":0.0,
    "Eyes Inward / Outward":0.43767854571342,
    "Mouth Sad / Happy":0.60000002384186,
    "Jaw Retracted / Jutting":0.0,
    "Nose Flat / Pointed":0.1004668995738,
    "Chin Recessed / Pronounced":-0.37851449847221,
    "Cheeks Gaunt / Round":0.0,
    "Forehead Back / Forward":-0.15930543839931,
    "Nose Sellion Down / Up":0.45999899506569,
    "Mouth Deflated / Inflated":0.0,
    "Mouth Small / Large":0.9200000166893,
    "Nose Tilt Down / Up":0.0,
    "Nose Short / Long":0.0,
    "Mouth Drawn / Pursed":0.81999999284744,
    "Chin Short / Tall":-0.74000000953674,
    "Nose Sellion Thin / Wide":0.87999999523163,
    "Jaw Neck Slope Low / High":0.0,
    "Cheekbones Shallow / Pronounced":0.0,
    "Nose Sellion Shallow / Deep":0.0,
    "Mouth Tilt Down / Up":-0.71999901533127,
    "Brow / Nose / Chin Ratio":-0.40000000596046,
    "Brow Ridge Outer Down / Up":0.38881188631058,
    "Chin Small / Large":0.3449020087719,
    "Mouth Retracted / Puckered":0.0,
    "Chin Thin / Wide":0.93999999761581,
    "Nose Nostrils Tilt Down / Up":-0.028982896357775,
    "Face Gaunt / Round":0.49133363366127,
    "Cheekbones Thin / Wide":0.0,
    "Forehead / Sellion / Nose Ratio":-0.49970027804375,
    "Cheekbones Low / High":0.60000002384186,
    "Nose Bridge Short / Long":0.0035244524478912,
    "Forehead Short / Tall":0.12483800202608,
    "Nose Bridge Shallow / Deep":0.56177693605423,
    "Mouth Chin Short / Long":0.0,
    "Face Light / Heavy":0.50983399152756,
    "Nose Region Concave / Convex":0.62000000476837,
    "Mouth Retracted / Protruding":0.0,
    "Cheeks Concave / Convex":0.30000001192093,
    "Nose Nostrils Small / Large":0.11601912975311,
    "Jaw Concave / Convex":0.18000000715256,
    "Nose Down / Up":-0.36000099778175,
    "Mouth Low / High":0.0,
    "Eyes Down / Up":-0.80000001192093,
    "Chin Shallow / Deep":0.42343091964722,
    "Eyes Apart / Together":0.36000001430511,
    "Brow Ridge Inner Down / Up":-0.49000000953674,
    "Nose Sellion Lower Shallow / Deep":0.0,
    "Nose Nostrils Thin / Wide":0.67004299163818,
    "Forehead Small / Large":0.93999999761581
  },
  "EyeMaterial":"/Game/Art/Character/Modular/Eyes_WoodElf/MIC_WoodElf_Eyes_Black.MIC_WoodElf_Eyes_Black",
  "HairColorsL":{
    "1":{
      "A":1.0,
      "B":0.061246052384377,
      "G":0.1046164855361,
      "R":0.16202937066555
    },
    "2":{
      "A":1.0,
      "B":0.0036765071563423,
      "G":0.0074990317225456,
      "R":0.012286487966776
    },
    "0":{
      "A":1.0,
      "B":0.16826939582825,
      "G":0.29177063703537,
      "R":0.44520118832588
    }
  },
  "SkinParametersMap":{
    "Complexion":0.0,
    "Freckles":-0.68000000715256,
    "Ombre Amount":0.0,
    "Eylids Light/Dark":-0.65999901294708,
    "Skin Tint Purple/Yellow":0.0,
    "Cheek Blush Light/Red":-0.30000001192093,
    "Ombre Constrast":0.0,
    "Tip Color":0.10000000149012,
    "Eye socket Bruised/Bright":0.40000000596046,
    "Skin Tint Orange/Blue":0.0,
    "Eyebrows Color Intensity":0.0,
    "Tip Redness":0.5,
    "Root Redness":0.5,
    "Root Color":0.10000000149012,
    "Skin Dark/Light":0.0,
    "Salt And Pepper":0.0,
    "Eyebrows Redness Intensity":0.0,
    "Eyeliner Light/Dark":-0.14000000059605,
    "Eyelids Pale/Red":0.23999999463558,
    "Cheekbones Flushed/Pale":0.0,
    "Eye Socket Dark/Light":0.41999998688698,
    "Lipstick Amount":0.0
  },
  "Mustache":"/Game/Dev/Phenotypes/Mustache/HP_WoodElf_MS_Long.HP_WoodElf_MS_Long",
  "SenescenceLevel":3,
  "Sex":0,
  "Description":"saved from in-game",
  "Beard":"/Game/Dev/Phenotypes/Beard/HP_WoodElf_BD_Goatee.HP_WoodElf_BD_Goatee",
  "ModCreator":"animandan",
  "ModVersion":"1.1.0",
  "APIVersion":"v2",
  "Hair":"/Game/Dev/Phenotypes/Hair/HP_WoodElf_HR_Pony.HP_WoodElf_HR_Pony",
  "Race":"TESRace /Game/Forms/actors/race/WoodElf.WoodElf",
  "Body":"SkeletalMesh /Game/Art/Character/Imperial/SK_Imperial_Body_m.SK_Imperial_Body_m"
}