{
  "ModName":"RaceMenuUtilities",
  "FaceBaseMesh":"/Game/Art/Character/Imperial/SK_Imperial_Head_m.SK_Imperial_Head_m",
  "Author":"Bethesda",
  "Date":"2025-06-04 20:30:52",
  "SkinColorsMapL":{
    "Lipstick Color":{
      "A":1.0,
      "B":1.0,
      "G":1.0,
      "R":1.0
    },
    "Eyeliner Tone":{
      "A":1.0,
      "B":1.0,
      "G":1.0,
      "R":1.0
    },
    "Root DyeColor":{
      "A":1.0,
      "B":1.0,
      "G":1.0,
      "R":1.0
    },
    "Tip DyeColor":{
      "A":1.0,
      "B":1.0,
      "G":1.0,
      "R":1.0
    },
    "Skin Tone":{
      "A":1.0,
      "B":0.98958301544189,
      "G":0.98958301544189,
      "R":0.98958301544189
    }
  },
  "Name":"BP_CariusRunellius_C",
  "FaceMorphValuesMap":{
    "Eyes Small / Large":-0.74911099672318,
    "Jaw Thin / Wide":-0.5,
    "Brow Ridge Low / High":-0.34000000357628,
    "Chin Retracted / Jutting":-0.11706644296646,
    "Face Thin / Wide":-0.60000002384186,
    "Hair Length":0.0,
    "Chin Backward / Forward":-0.068308375775814,
    "Vampire":0.0,
    "Mouth Underbite / Overbite":-0.048567336052656,
    "Eyes Inward / Outward":0.23892860114574,
    "Mouth Sad / Happy":-0.25077900290489,
    "Jaw Retracted / Jutting":0.24983277916908,
    "Nose Flat / Pointed":0.053065586835146,
    "Chin Recessed / Pronounced":-0.063375003635883,
    "Cheeks Gaunt / Round":0.0063999998383224,
    "Forehead Back / Forward":0.022933481261134,
    "Nose Sellion Down / Up":0.30113464593887,
    "Mouth Deflated / Inflated":-0.36000001430511,
    "Mouth Small / Large":0.14000000059605,
    "Nose Tilt Down / Up":-0.03999999910593,
    "Nose Short / Long":0.0,
    "Mouth Drawn / Pursed":0.50496900081635,
    "Chin Short / Tall":-0.45721900463104,
    "Nose Sellion Thin / Wide":0.28000000119209,
    "Jaw Neck Slope Low / High":0.014767189510167,
    "Cheekbones Shallow / Pronounced":0.21828790009022,
    "Nose Sellion Shallow / Deep":0.0,
    "Mouth Tilt Down / Up":0.045060001313686,
    "Brow / Nose / Chin Ratio":0.12664745748043,
    "Brow Ridge Outer Down / Up":0.15999999642372,
    "Chin Small / Large":0.14074774086475,
    "Mouth Retracted / Puckered":0.51825702190399,
    "Chin Thin / Wide":-0.08627899736166,
    "Nose Nostrils Tilt Down / Up":0.50175261497498,
    "Face Gaunt / Round":-0.017802786082029,
    "Cheekbones Thin / Wide":0.60639697313309,
    "Forehead / Sellion / Nose Ratio":-0.35402798652649,
    "Cheekbones Low / High":-0.10908867418766,
    "Nose Bridge Short / Long":0.23033100366592,
    "Forehead Short / Tall":-0.15523099899292,
    "Nose Bridge Shallow / Deep":0.23846080899239,
    "Mouth Chin Short / Long":0.053846895694733,
    "Face Light / Heavy":-0.024298556149006,
    "Nose Region Concave / Convex":-0.020602324977517,
    "Mouth Retracted / Protruding":0.0124487336725,
    "Cheeks Concave / Convex":0.392697006464,
    "Nose Nostrils Small / Large":-0.31262549757957,
    "Jaw Concave / Convex":-0.26935800909996,
    "Nose Down / Up":0.063696652650833,
    "Mouth Low / High":0.30108499526978,
    "Eyes Down / Up":0.42997300624847,
    "Chin Shallow / Deep":0.16355286538601,
    "Eyes Apart / Together":0.61553901433945,
    "Brow Ridge Inner Down / Up":0.059999998658895,
    "Nose Sellion Lower Shallow / Deep":0.0,
    "Nose Nostrils Thin / Wide":0.2332893460989,
    "Forehead Small / Large":-0.20393599569798
  },
  "EyeMaterial":"/Game/Art/Character/Modular/Eyes_Human/MIC_Human_Eyes_Yellow4.MIC_Human_Eyes_Yellow4",
  "HairColorsL":{
    "1":{
      "A":1.0,
      "B":0.061246052384377,
      "G":0.1046164855361,
      "R":0.16202937066555
    },
    "2":{
      "A":1.0,
      "B":0.061246052384377,
      "G":0.1046164855361,
      "R":0.16202937066555
    },
    "0":{
      "A":1.0,
      "B":0.084376208484173,
      "G":0.14412847161293,
      "R":0.22322796285152
    }
  },
  "SkinParametersMap":{
    "Eylids Light/Dark":0.0,
    "Ombre Amount":0.0,
    "Complexion":0.60000002384186,
    "Lipstick Dark Red/Light Blue":0.0,
    "Eyeshadow Light/Dark":0.0,
    "Root Color":1.0,
    "Skin Tint Orange/Blue":-0.059999998658895,
    "Eyelids Light/Dark":0.0,
    "Naso Small/Large":0.0,
    "Tip Redness":1.0,
    "Skin Tint Purple/Yellow":0.079999998211861,
    "Lipstick Amount":0.0,
    "Cheek Blush Light/Red":0.36000001430511,
    "Root Redness":1.0,
    "Lips Flushed/Pale":0.0,
    "Ombre Constrast":0.0,
    "Tip Color":0.47940099239349,
    "Eye Sockets Bruised/Bright":0.0,
    "Freckles":1.0,
    "Cheekbones Flushed/Pale":-0.37999999523163,
    "Eyebrows Color Intensity":0.40000000596046,
    "Naso Labial Lines Light/Dark":0.0,
    "Lipstick Dark Blue/Light Red":0.0,
    "Eye Socket Dark/Light":0.0,
    "Eye socket Bruised/Bright":0.0,
    "Salt And Pepper":0.18494400382042,
    "Eyebrows Redness Intensity":0.0,
    "Eyeliner Light/Dark":0.0,
    "Age":0.0,
    "Skin Dark/Light":-0.019999999552965,
    "Eyelids Pale/Red":0.0,
    "Eye Sockets Dark/Light":0.0
  },
  "Mustache":"/Game/Dev/Phenotypes/Mustache/HP_Imperial_MS_Medium.HP_Imperial_MS_Medium",
  "SenescenceLevel":2,
  "Sex":0,
  "Description":"saved from in-game",
  "Beard":"/Game/Dev/Phenotypes/Beard/HP_Nord_BD_Goatee.HP_Nord_BD_Goatee",
  "ModCreator":"animandan",
  "ModVersion":"1.1.0",
  "APIVersion":"v2",
  "Hair":"/Game/Dev/Phenotypes/Hair/HP_HR_Ponytail.HP_HR_Ponytail",
  "Race":"TESRace /Game/Forms/actors/race/Imperial.Imperial",
  "Body":"SkeletalMesh /Game/Art/Character/Imperial/SK_Imperial_Body_m.SK_Imperial_Body_m"
}