{
  "APIVersion":"v2",
  "SkinParametersMap":{
    "Tip Color":0.0099999997764826,
    "Ombre Constrast":1.0,
    "Complexion":0.23999999463558,
    "Ombre Amount":1.0,
    "Khajiit Pattern Number":0.0,
    "Lipstick Amount":-0.029999999329448,
    "Salt And Pepper":0.0,
    "Skin Dark/Light":0.18000000715256,
    "Root Redness":1.0,
    "Eye socket Bruised/Bright":0.0,
    "Freckles":0.11999999731779,
    "Eyeliner Light/Dark":0.23999999463558,
    "Eyebrows Redness Intensity":1.0,
    "Eye Socket Dark/Light":0.0,
    "Eyebrows Color Intensity":0.74981302022934,
    "Root Color":0.014980999752879,
    "Cheek Blush Light/Red":0.0,
    "Eylids Light/Dark":0.0,
    "Skin Tint Orange/Blue":0.0,
    "Tip Redness":1.0,
    "Cheekbones Flushed/Pale":0.62000000476837,
    "Eyelids Pale/Red":0.0,
    "Skin Tint Purple/Yellow":0.11999999731779
  },
  "Author":"Bethesda",
  "Race":"TESRace /Game/Forms/actors/race/Breton.Breton",
  "HairColorsL":{
    "0":{
      "R":0.0051819998770952,
      "G":0.0018210000125691,
      "B":0.0018210000125691,
      "A":1.0
    }
  },
  "Body":"SkeletalMesh /Game/Art/Character/Imperial/SK_Imperial_Body_m.SK_Imperial_Body_m",
  "Date":"2025-06-04 19:28:12",
  "SkinColorsMapL":{
    "Root DyeColor":{
      "R":1.0,
      "G":1.0,
      "B":1.0,
      "A":1.0
    },
    "Eyeliner Tone":{
      "R":0.61979198455811,
      "G":0.61979198455811,
      "B":0.61979198455811,
      "A":1.0
    },
    "Lipstick Color":{
      "R":1.0,
      "G":1.0,
      "B":1.0,
      "A":1.0
    },
    "Skin Tone":{
      "R":1.0,
      "G":0.921875,
      "B":0.98238098621368,
      "A":1.0
    },
    "Tip DyeColor":{
      "R":0.89583301544189,
      "G":0.11514300107956,
      "B":0.0,
      "A":1.0
    }
  },
  "ModCreator":"animandan",
  "Sex":1,
  "ModName":"RaceMenuUtilities",
  "EyeMaterial":"/Game/Art/Character/Modular/Eyes_Human/MIC_Human_Eyes_Red1.MIC_Human_Eyes_Red1",
  "ModVersion":"1.1.0",
  "FaceBaseMesh":"/Game/Art/Character/Breton/SK_Breton_Head_f.SK_Breton_Head_f",
  "Hair":"/Game/Dev/Phenotypes/Hair/HP_HR_Ponytail.HP_HR_Ponytail",
  "Description":"saved from in-game",
  "SenescenceLevel":2,
  "FaceMorphValuesMap":{
    "Face Gaunt / Round":-0.15666021406651,
    "Nose Short / Long":0.0,
    "Nose Tilt Down / Up":0.0,
    "Mouth Sad / Happy":0.15135490894318,
    "Mouth Retracted / Protruding":-0.17682674527168,
    "Chin Short / Tall":-0.45662000775337,
    "Cheekbones Low / High":0.6065000295639,
    "Nose Nostrils Tilt Down / Up":-0.25963199138641,
    "Mouth Deflated / Inflated":-0.080629996955395,
    "Hair Length":0.0,
    "Nose Sellion Shallow / Deep":0.0,
    "Chin Shallow / Deep":-0.089051999151707,
    "Jaw Concave / Convex":0.47934800386429,
    "Brow Ridge Low / High":0.12088199704885,
    "Chin Recessed / Pronounced":0.31596693396568,
    "Mouth Tilt Down / Up":0.13641194999218,
    "Nose Sellion Thin / Wide":0.28000000119209,
    "Cheeks Gaunt / Round":-0.097248688340187,
    "Nose Sellion Lower Shallow / Deep":0.0,
    "Nose Sellion Down / Up":0.089895479381084,
    "Cheeks Concave / Convex":0.69296097755432,
    "Nose Region Concave / Convex":0.080617003142834,
    "Eyes Inward / Outward":-0.37433144450188,
    "Nose Nostrils Thin / Wide":0.35710901021957,
    "Brow Ridge Inner Down / Up":-0.23346884548664,
    "Eyes Apart / Together":0.17600500583649,
    "Mouth Underbite / Overbite":0.089331761002541,
    "Chin Retracted / Jutting":-0.10027699917555,
    "Brow / Nose / Chin Ratio":0.30844956636429,
    "Nose Bridge Short / Long":0.35926198959351,
    "Mouth Low / High":-0.096505001187325,
    "Forehead Small / Large":-0.21984088420868,
    "Nose Bridge Shallow / Deep":0.072062738239765,
    "Eyes Small / Large":0.085610799491405,
    "Forehead / Sellion / Nose Ratio":0.16983440518379,
    "Mouth Chin Short / Long":0.50841844081879,
    "Forehead Short / Tall":-0.12803143262863,
    "Eyes Down / Up":0.097181998193264,
    "Vampire":0.0,
    "Mouth Retracted / Puckered":-0.024755524471402,
    "Jaw Retracted / Jutting":-0.27092716097832,
    "Mouth Drawn / Pursed":-0.47585099935532,
    "Cheekbones Thin / Wide":0.11887887865305,
    "Nose Down / Up":0.38252300024033,
    "Jaw Neck Slope Low / High":0.096184000372887,
    "Chin Thin / Wide":0.091150611639023,
    "Cheekbones Shallow / Pronounced":-0.39232170581818,
    "Nose Nostrils Small / Large":0.0073449998162687,
    "Nose Flat / Pointed":-0.3350909948349,
    "Face Thin / Wide":-0.47969099879265,
    "Chin Backward / Forward":0.40853315591812,
    "Face Light / Heavy":0.035043999552727,
    "Mouth Small / Large":0.041703000664711,
    "Forehead Back / Forward":-0.13753099739552,
    "Jaw Thin / Wide":0.81999999284744,
    "Brow Ridge Outer Down / Up":-0.29594400525093,
    "Chin Small / Large":0.14457100629807
  },
  "Name":"BP_Courier2_C"
}