{
  "Race":"TESRace /Game/Forms/actors/race/Imperial.Imperial",
  "FaceBaseMesh":"/Game/Art/Character/Imperial/SK_Imperial_Head_m.SK_Imperial_Head_m",
  "Date":"2025-06-04 18:35:46",
  "HairColorsL":{
    "1":{
      "B":0.061246052384377,
      "G":0.1046164855361,
      "R":0.16202937066555,
      "A":1.0
    },
    "2":{
      "B":0.061246052384377,
      "G":0.1046164855361,
      "R":0.16202937066555,
      "A":1.0
    },
    "0":{
      "B":1.0,
      "G":1.0,
      "R":1.0,
      "A":1.0
    }
  },
  "SkinParametersMap":{
    "Cheekbones Flushed/Pale":0.66000002622604,
    "Eyelids Pale/Red":0.0,
    "Lipstick Dark Blue/Light Red":0.0,
    "Skin Tint Purple/Yellow":0.019999999552965,
    "Lipstick Dark Red/Light Blue":0.0,
    "Ombre Amount":1.0,
    "Cheek Blush Light/Red":0.0,
    "Skin Dark/Light":0.10000000149012,
    "Eyelids Light/Dark":0.0,
    "Eyeshadow Light/Dark":0.0,
    "Ombre Constrast":1.0,
    "Complexion":0.41999998688698,
    "Salt And Pepper":0.0,
    "Eye socket Bruised/Bright":0.0,
    "Lips Flushed/Pale":0.0,
    "Eye Sockets Dark/Light":0.0,
    "Root Redness":0.5,
    "Eyebrows Color Intensity":0.5,
    "Lipstick Amount":0.0,
    "Eyebrows Redness Intensity":0.0,
    "Naso Small/Large":0.0,
    "Freckles":0.83999997377396,
    "Root Color":0.10000000149012,
    "Eye Socket Dark/Light":0.0,
    "Eyeliner Light/Dark":0.0,
    "Tip Color":0.5799999833107,
    "Eylids Light/Dark":0.0,
    "Naso Labial Lines Light/Dark":0.0,
    "Skin Tint Orange/Blue":-0.11999999731779,
    "Eye Sockets Bruised/Bright":0.0,
    "Tip Redness":0.5,
    "Age":0.0
  },
  "Sex":0,
  "FaceMorphValuesMap":{
    "Hair Length":0.0,
    "Vampire":0.0,
    "Nose Sellion Down / Up":0.0,
    "Forehead Back / Forward":0.048074003309011,
    "Mouth Deflated / Inflated":-0.56000000238419,
    "Chin Backward / Forward":-0.21816228330135,
    "Eyes Apart / Together":0.72919601202011,
    "Nose Tilt Down / Up":0.0,
    "Mouth Sad / Happy":0.5799999833107,
    "Brow Ridge Outer Down / Up":0.50818902254105,
    "Nose Sellion Thin / Wide":0.0,
    "Nose Short / Long":0.0,
    "Nose Sellion Shallow / Deep":0.0,
    "Brow / Nose / Chin Ratio":0.0,
    "Chin Small / Large":-0.0023802146315575,
    "Nose Flat / Pointed":0.0,
    "Jaw Thin / Wide":-0.40656799077988,
    "Nose Nostrils Tilt Down / Up":0.0,
    "Eyes Inward / Outward":0.35375300049782,
    "Cheekbones Shallow / Pronounced":0.0,
    "Nose Nostrils Thin / Wide":0.0,
    "Chin Shallow / Deep":0.31798386573792,
    "Nose Down / Up":0.0,
    "Nose Bridge Short / Long":0.54000002145767,
    "Mouth Tilt Down / Up":-0.21999999880791,
    "Chin Thin / Wide":0.47323700785637,
    "Face Light / Heavy":0.041287001222372,
    "Mouth Chin Short / Long":0.0,
    "Jaw Concave / Convex":0.35503542423248,
    "Brow Ridge Low / High":-0.68778902292252,
    "Chin Recessed / Pronounced":-0.1833404302597,
    "Cheeks Gaunt / Round":0.40000000596046,
    "Face Thin / Wide":-0.36761298775673,
    "Eyes Down / Up":0.29369822144508,
    "Jaw Retracted / Jutting":0.21059100329876,
    "Chin Short / Tall":0.47762867808342,
    "Jaw Neck Slope Low / High":0.25151100754738,
    "Nose Bridge Shallow / Deep":0.46000000834465,
    "Mouth Retracted / Protruding":0.0,
    "Cheekbones Thin / Wide":0.45345398783684,
    "Mouth Low / High":0.0,
    "Mouth Retracted / Puckered":0.0,
    "Mouth Small / Large":0.87999999523163,
    "Forehead Short / Tall":0.16454699635506,
    "Nose Nostrils Small / Large":0.0,
    "Chin Retracted / Jutting":-0.017039999365807,
    "Forehead Small / Large":-0.83763533830643,
    "Cheekbones Low / High":-0.70511001348495,
    "Eyes Small / Large":-0.47785401344299,
    "Cheeks Concave / Convex":0.18000000715256,
    "Brow Ridge Inner Down / Up":0.056063998490572,
    "Nose Sellion Lower Shallow / Deep":0.0,
    "Face Gaunt / Round":0.10828399658203,
    "Mouth Underbite / Overbite":-0.47999998927116,
    "Nose Region Concave / Convex":0.0,
    "Forehead / Sellion / Nose Ratio":0.50891828536987,
    "Mouth Drawn / Pursed":0.60000002384186
  },
  "Author":"Bethesda",
  "SkinColorsMapL":{
    "Lipstick Color":{
      "B":1.0,
      "G":1.0,
      "R":1.0,
      "A":1.0
    },
    "Tip DyeColor":{
      "B":1.0,
      "G":1.0,
      "R":1.0,
      "A":1.0
    },
    "Root DyeColor":{
      "B":1.0,
      "G":1.0,
      "R":1.0,
      "A":1.0
    },
    "Eyeliner Tone":{
      "B":1.0,
      "G":1.0,
      "R":1.0,
      "A":1.0
    },
    "Skin Tone":{
      "B":0.75520801544189,
      "G":0.80985397100449,
      "R":0.90625,
      "A":1.0
    }
  },
  "ModVersion":"1.1.0",
  "EyeMaterial":"/Game/Art/Character/Modular/Eyes_Human/MIC_Human_Eyes_Brown2.MIC_Human_Eyes_Brown2",
  "Body":"SkeletalMesh /Game/Art/Character/Imperial/SK_Imperial_Body_m.SK_Imperial_Body_m",
  "Description":"saved from in-game",
  "SenescenceLevel":2,
  "APIVersion":"v2",
  "ModCreator":"animandan",
  "ModName":"RaceMenuUtilities",
  "Hair":"/Game/Dev/Phenotypes/Hair/HP_Elf_HR_PonyTail.HP_Elf_HR_PonyTail",
  "Name":"BP_ChorrolGuardPostNight01_C"
}