{
  "Race":"TESRace /Game/Forms/actors/race/Imperial.Imperial",
  "FaceBaseMesh":"/Game/Art/Character/Imperial/SK_Imperial_Head_m.SK_Imperial_Head_m",
  "Date":"2025-06-04 18:50:08",
  "HairColorsL":{
    "0":{
      "B":0.0060488330200315,
      "G":0.01032982300967,
      "R":0.021219009533525,
      "A":1.0
    },
    "2":{
      "B":0.061246052384377,
      "G":0.1046164855361,
      "R":0.16202937066555,
      "A":1.0
    }
  },
  "SkinParametersMap":{
    "Cheekbones Flushed/Pale":0.25999999046326,
    "Eyelids Pale/Red":0.0,
    "Lipstick Dark Blue/Light Red":0.0,
    "Skin Tint Purple/Yellow":0.0,
    "Lipstick Dark Red/Light Blue":0.0,
    "Ombre Amount":0.03999999910593,
    "Cheek Blush Light/Red":0.41999998688698,
    "Skin Dark/Light":0.03999999910593,
    "Eyelids Light/Dark":0.0,
    "Eyeshadow Light/Dark":0.0,
    "Ombre Constrast":-0.11999999731779,
    "Complexion":0.34000000357628,
    "Salt And Pepper":0.0,
    "Eye socket Bruised/Bright":0.0,
    "Lips Flushed/Pale":0.0,
    "Eye Sockets Dark/Light":0.0,
    "Root Redness":0.51999998092651,
    "Eyebrows Color Intensity":0.5,
    "Lipstick Amount":0.0,
    "Eyebrows Redness Intensity":0.0,
    "Naso Small/Large":0.0,
    "Freckles":0.72000002861023,
    "Root Color":1.0,
    "Eye Socket Dark/Light":0.0,
    "Eyeliner Light/Dark":0.0,
    "Tip Color":0.23999899625778,
    "Eylids Light/Dark":0.0,
    "Naso Labial Lines Light/Dark":0.0,
    "Skin Tint Orange/Blue":-0.11999999731779,
    "Eye Sockets Bruised/Bright":0.0,
    "Tip Redness":9.9999999747524e-07,
    "Age":0.0
  },
  "Sex":0,
  "FaceMorphValuesMap":{
    "Hair Length":0.0,
    "Vampire":0.0,
    "Nose Sellion Down / Up":-0.27287444472313,
    "Forehead Back / Forward":-0.21725778281689,
    "Mouth Deflated / Inflated":0.56061273813248,
    "Chin Backward / Forward":-0.055225629359484,
    "Eyes Apart / Together":0.38011500239372,
    "Nose Tilt Down / Up":0.0,
    "Mouth Sad / Happy":-0.2243400067091,
    "Brow Ridge Outer Down / Up":0.3779079914093,
    "Nose Sellion Thin / Wide":0.56000000238419,
    "Nose Short / Long":0.0,
    "Nose Sellion Shallow / Deep":0.0,
    "Brow / Nose / Chin Ratio":0.32368755340576,
    "Chin Small / Large":0.078628174960613,
    "Nose Flat / Pointed":-0.14413008093834,
    "Jaw Thin / Wide":-0.34296295046806,
    "Nose Nostrils Tilt Down / Up":-0.28432539105415,
    "Eyes Inward / Outward":-0.043494999408722,
    "Cheekbones Shallow / Pronounced":0.055858265608549,
    "Nose Nostrils Thin / Wide":0.72530698776245,
    "Chin Shallow / Deep":0.056681346148252,
    "Nose Down / Up":0.19218994677067,
    "Nose Bridge Short / Long":-0.00017388016567566,
    "Mouth Tilt Down / Up":-0.42656299471855,
    "Chin Thin / Wide":-0.035908710211515,
    "Face Light / Heavy":0.28657400608063,
    "Mouth Chin Short / Long":0.13469906151295,
    "Jaw Concave / Convex":0.074718937277794,
    "Brow Ridge Low / High":-0.27427199482918,
    "Chin Recessed / Pronounced":-0.10258761793375,
    "Cheeks Gaunt / Round":0.24879153072834,
    "Face Thin / Wide":0.086129002273083,
    "Eyes Down / Up":-0.17036347091198,
    "Jaw Retracted / Jutting":-0.17094275355339,
    "Chin Short / Tall":-0.15288299322128,
    "Jaw Neck Slope Low / High":0.098967723548412,
    "Nose Bridge Shallow / Deep":0.022115999832749,
    "Mouth Retracted / Protruding":-0.034780245274305,
    "Cheekbones Thin / Wide":0.24928399920464,
    "Mouth Low / High":0.080346047878265,
    "Mouth Retracted / Puckered":0.11566013097763,
    "Mouth Small / Large":0.33637198805809,
    "Forehead Short / Tall":0.24097979068756,
    "Nose Nostrils Small / Large":0.1901900023222,
    "Chin Retracted / Jutting":0.21975164115429,
    "Forehead Small / Large":0.065616220235825,
    "Cheekbones Low / High":-0.080488651990891,
    "Eyes Small / Large":-0.098483003675938,
    "Cheeks Concave / Convex":-0.21053464710712,
    "Brow Ridge Inner Down / Up":-0.24840199947357,
    "Nose Sellion Lower Shallow / Deep":0.0,
    "Face Gaunt / Round":0.072728864848614,
    "Mouth Underbite / Overbite":0.063065715134144,
    "Nose Region Concave / Convex":0.2590443789959,
    "Forehead / Sellion / Nose Ratio":-0.27902999520302,
    "Mouth Drawn / Pursed":-0.34335312247276
  },
  "Author":"Bethesda",
  "SkinColorsMapL":{
    "Lipstick Color":{
      "B":1.0,
      "G":1.0,
      "R":1.0,
      "A":1.0
    },
    "Tip DyeColor":{
      "B":0.0047769998200238,
      "G":0.012285999953747,
      "R":0.23839800059795,
      "A":1.0
    },
    "Root DyeColor":{
      "B":0.0047769998200238,
      "G":0.012285999953747,
      "R":0.23839800059795,
      "A":1.0
    },
    "Eyeliner Tone":{
      "B":1.0,
      "G":1.0,
      "R":1.0,
      "A":1.0
    },
    "Skin Tone":{
      "B":0.9536679983139,
      "G":0.95867699384689,
      "R":0.97916698455811,
      "A":1.0
    }
  },
  "ModVersion":"1.1.0",
  "EyeMaterial":"/Game/Art/Character/Modular/Eyes_Human/MIC_Human_Eyes_Green2.MIC_Human_Eyes_Green2",
  "Body":"SkeletalMesh /Game/Art/Character/Imperial/SK_Imperial_Body_m.SK_Imperial_Body_m",
  "Description":"saved from in-game",
  "SenescenceLevel":5,
  "APIVersion":"v2",
  "ModCreator":"animandan",
  "ModName":"RaceMenuUtilities",
  "Hair":"/Game/Dev/Phenotypes/Hair/HP_HR_Ponytail.HP_HR_Ponytail",
  "Name":"BP_ChorrolGuardPostDay01_C"
}