{
  "Sex":1,
  "HairColorsL":{
    "0":{
      "A":0.0,
      "R":0.38132601976395,
      "G":0.38132601976395,
      "B":0.38132601976395
    }
  },
  "EyeMaterial":"/Game/Art/Character/Modular/Eyes_Human/MIC_Human_Eyes_Red1.MIC_Human_Eyes_Red1",
  "Author":"Bethesda",
  "Date":"2025-06-04 19:33:35",
  "Description":"saved from in-game",
  "Name":"BP_ChanaMona_C",
  "ModCreator":"animandan",
  "ModName":"RaceMenuUtilities",
  "FaceBaseMesh":"/Game/Art/Character/Breton/SK_Breton_Head_f.SK_Breton_Head_f",
  "ModVersion":"1.1.0",
  "Body":"SkeletalMesh /Game/Art/Character/Imperial/SK_Imperial_Body_m.SK_Imperial_Body_m",
  "FaceMorphValuesMap":{
    "Nose Nostrils Thin / Wide":0.54000002145767,
    "Forehead / Sellion / Nose Ratio":0.50785803794861,
    "Cheekbones Thin / Wide":-0.16401942074299,
    "Forehead Small / Large":0.0,
    "Chin Recessed / Pronounced":0.0,
    "Brow / Nose / Chin Ratio":0.0,
    "Jaw Thin / Wide":0.46770098805428,
    "Cheeks Gaunt / Round":0.36000001430511,
    "Chin Backward / Forward":-0.36000001430511,
    "Chin Thin / Wide":0.0,
    "Forehead Short / Tall":0.044791001826525,
    "Face Thin / Wide":0.0,
    "Brow Ridge Inner Down / Up":0.35506901144981,
    "Mouth Underbite / Overbite":0.13021084666252,
    "Mouth Low / High":-0.14208300411701,
    "Vampire":0.0,
    "Face Gaunt / Round":0.10435699671507,
    "Eyes Small / Large":0.11999999731779,
    "Mouth Drawn / Pursed":-0.072723679244518,
    "Chin Retracted / Jutting":0.0,
    "Nose Tilt Down / Up":0.0,
    "Mouth Small / Large":0.12978799641132,
    "Nose Short / Long":0.0,
    "Nose Bridge Shallow / Deep":0.0,
    "Nose Sellion Thin / Wide":0.0,
    "Mouth Retracted / Protruding":0.06874442845583,
    "Nose Sellion Shallow / Deep":0.51999998092651,
    "Jaw Retracted / Jutting":0.28520712256432,
    "Nose Sellion Down / Up":0.95999997854233,
    "Eyes Inward / Outward":0.25959745049477,
    "Nose Region Concave / Convex":0.0,
    "Brow Ridge Outer Down / Up":-0.014868780970573,
    "Nose Nostrils Small / Large":0.0,
    "Eyes Apart / Together":0.71373200416565,
    "Nose Nostrils Tilt Down / Up":0.0,
    "Nose Flat / Pointed":0.0,
    "Mouth Tilt Down / Up":-0.022731084376574,
    "Jaw Concave / Convex":0.57605302333832,
    "Mouth Sad / Happy":0.83999997377396,
    "Cheekbones Shallow / Pronounced":0.47501841187477,
    "Face Light / Heavy":0.37918499112129,
    "Nose Down / Up":0.46000000834465,
    "Chin Short / Tall":0.0,
    "Eyes Down / Up":0.0044780001044273,
    "Cheeks Concave / Convex":-0.15253500640392,
    "Nose Bridge Short / Long":0.0,
    "Mouth Chin Short / Long":-0.37848299741745,
    "Nose Sellion Lower Shallow / Deep":0.0,
    "Mouth Retracted / Puckered":-0.67319798469543,
    "Hair Length":0.97003698348999,
    "Mouth Deflated / Inflated":-0.38745200634003,
    "Chin Shallow / Deep":0.0,
    "Jaw Neck Slope Low / High":0.34000000357628,
    "Brow Ridge Low / High":0.36021199822426,
    "Cheekbones Low / High":0.28296998143196,
    "Forehead Back / Forward":-0.015827095136046,
    "Chin Small / Large":0.0
  },
  "Hair":"/Game/Dev/Phenotypes/Hair/HP_HR_Ponytail.HP_HR_Ponytail",
  "SenescenceLevel":7,
  "APIVersion":"v2",
  "SkinParametersMap":{
    "Complexion":0.28000000119209,
    "Ombre Constrast":0.0,
    "Eye socket Bruised/Bright":0.10000000149012,
    "Root Redness":0.5,
    "Khajiit Pattern Number":0.0,
    "Eyebrows Redness Intensity":0.0,
    "Root Color":0.4595499932766,
    "Eylids Light/Dark":0.14000000059605,
    "Cheek Blush Light/Red":0.0,
    "Eyebrows Color Intensity":0.82022500038147,
    "Cheekbones Flushed/Pale":0.0,
    "Lipstick Amount":0.0,
    "Skin Tint Orange/Blue":0.0,
    "Freckles":0.0,
    "Ombre Amount":0.0,
    "Tip Redness":0.5,
    "Skin Tint Purple/Yellow":0.0,
    "Eyelids Pale/Red":0.0,
    "Tip Color":0.27977499365807,
    "Eyeliner Light/Dark":0.14000000059605,
    "Eye Socket Dark/Light":-0.0,
    "Salt And Pepper":0.88951301574707,
    "Skin Dark/Light":0.0
  },
  "Race":"TESRace /Game/Forms/actors/race/Breton.Breton",
  "SkinColorsMapL":{
    "Root DyeColor":{
      "A":1.0,
      "R":1.0,
      "G":1.0,
      "B":1.0
    },
    "Eyeliner Tone":{
      "A":1.0,
      "R":0.79166698455811,
      "G":0.79166698455811,
      "B":0.79166698455811
    },
    "Tip DyeColor":{
      "A":1.0,
      "R":1.0,
      "G":1.0,
      "B":1.0
    },
    "Skin Tone":{
      "A":1.0,
      "R":1.0,
      "G":1.0,
      "B":1.0
    },
    "Lipstick Color":{
      "A":1.0,
      "R":1.0,
      "G":1.0,
      "B":1.0
    }
  }
}