{
  "ModName":"RaceMenuUtilities",
  "FaceBaseMesh":"/Game/Art/Character/Breton/SK_Breton_Head_m.SK_Breton_Head_m",
  "Author":"Bethesda",
  "Date":"2025-06-04 20:30:54",
  "SkinColorsMapL":{
    "Lipstick Color":{
      "A":1.0,
      "B":1.0,
      "G":1.0,
      "R":1.0
    },
    "Eyeliner Tone":{
      "A":1.0,
      "B":1.0,
      "G":1.0,
      "R":1.0
    },
    "Root DyeColor":{
      "A":1.0,
      "B":0.0,
      "G":0.0,
      "R":0.0
    },
    "Tip DyeColor":{
      "A":1.0,
      "B":0.0,
      "G":0.0,
      "R":0.0
    },
    "Skin Tone":{
      "A":1.0,
      "B":1.0,
      "G":1.0,
      "R":1.0
    }
  },
  "APIVersion":"v2",
  "FaceMorphValuesMap":{
    "Eyes Small / Large":-0.11733358353376,
    "Jaw Thin / Wide":-0.21739499270916,
    "Brow Ridge Low / High":-0.20838375389576,
    "Chin Retracted / Jutting":0.1149920374155,
    "Face Thin / Wide":0.30271899700165,
    "Hair Length":0.0,
    "Chin Backward / Forward":-0.028529450297356,
    "Vampire":0.0,
    "Mouth Underbite / Overbite":0.21539275348186,
    "Eyes Inward / Outward":-0.18439757823944,
    "Mouth Sad / Happy":-0.33152064681053,
    "Jaw Retracted / Jutting":-0.14085209369659,
    "Nose Flat / Pointed":0.15988300740719,
    "Chin Recessed / Pronounced":-0.14814794063568,
    "Cheeks Gaunt / Round":0.043635409325361,
    "Forehead Back / Forward":-0.11136185377836,
    "Nose Sellion Down / Up":-0.12556357681751,
    "Mouth Deflated / Inflated":-0.2474526911974,
    "Mouth Small / Large":0.26887899637222,
    "Nose Tilt Down / Up":0.0,
    "Nose Short / Long":0.0,
    "Mouth Drawn / Pursed":-0.06022635102272,
    "Chin Short / Tall":-0.33357560634613,
    "Nose Sellion Thin / Wide":0.0,
    "Jaw Neck Slope Low / High":0.12493727356195,
    "Cheekbones Shallow / Pronounced":0.23004923760891,
    "Nose Sellion Shallow / Deep":0.0,
    "Mouth Tilt Down / Up":-0.23562699556351,
    "Brow / Nose / Chin Ratio":-0.23171563446522,
    "Brow Ridge Outer Down / Up":0.22000825405121,
    "Chin Small / Large":-0.19770681858063,
    "Mouth Retracted / Puckered":-0.23502615094185,
    "Chin Thin / Wide":0.69654130935669,
    "Nose Nostrils Tilt Down / Up":0.063670858740807,
    "Face Gaunt / Round":0.095995999872684,
    "Cheekbones Thin / Wide":0.11153999716043,
    "Forehead / Sellion / Nose Ratio":0.14213536679745,
    "Cheekbones Low / High":0.28000000119209,
    "Nose Bridge Short / Long":0.16930322349072,
    "Forehead Short / Tall":0.1719828993082,
    "Nose Bridge Shallow / Deep":0.34497001767159,
    "Mouth Chin Short / Long":-0.40624618530273,
    "Face Light / Heavy":-0.10905640572309,
    "Nose Region Concave / Convex":0.1479456871748,
    "Mouth Retracted / Protruding":-0.16983486711979,
    "Cheeks Concave / Convex":0.20886600017548,
    "Nose Nostrils Small / Large":0.14183829724789,
    "Jaw Concave / Convex":0.14053694903851,
    "Nose Down / Up":-0.19647301733494,
    "Mouth Low / High":-0.07566399872303,
    "Eyes Down / Up":-0.093707360327244,
    "Chin Shallow / Deep":0.11059248447418,
    "Eyes Apart / Together":-0.34878692030907,
    "Brow Ridge Inner Down / Up":0.20139062404633,
    "Nose Sellion Lower Shallow / Deep":0.0,
    "Nose Nostrils Thin / Wide":0.16408424079418,
    "Forehead Small / Large":-0.1011850759387
  },
  "EyeMaterial":"/Game/Art/Character/Modular/Eyes_Human/MIC_Human_Eyes_Red1.MIC_Human_Eyes_Red1",
  "HairColorsL":{
    "0":{
      "A":1.0,
      "B":1.0,
      "G":1.0,
      "R":1.0
    }
  },
  "SkinParametersMap":{
    "Complexion":0.25999999046326,
    "Freckles":0.62000000476837,
    "Ombre Amount":0.0,
    "Eylids Light/Dark":0.0,
    "Skin Tint Purple/Yellow":0.0,
    "Cheek Blush Light/Red":0.20000000298023,
    "Ombre Constrast":0.0,
    "Tip Color":0.30000001192093,
    "Eye socket Bruised/Bright":0.0,
    "Skin Tint Orange/Blue":0.0,
    "Eyebrows Color Intensity":0.0,
    "Tip Redness":0.5,
    "Root Redness":0.5,
    "Root Color":0.10000000149012,
    "Skin Dark/Light":0.0,
    "Salt And Pepper":0.0,
    "Eyebrows Redness Intensity":0.0,
    "Eyeliner Light/Dark":0.0,
    "Eyelids Pale/Red":0.0,
    "Cheekbones Flushed/Pale":0.20000000298023,
    "Eye Socket Dark/Light":0.0,
    "Lipstick Amount":0.0
  },
  "SenescenceLevel":5,
  "Sex":0,
  "Description":"saved from in-game",
  "ModCreator":"animandan",
  "ModVersion":"1.1.0",
  "Hair":"/Game/Dev/Phenotypes/Hair/HP_Nord_HR_BaldPony.HP_Nord_HR_BaldPony",
  "Name":"BP_ConjurerMaleBreton2_C",
  "Race":"TESRace /Game/Forms/actors/race/Breton.Breton",
  "Body":"SkeletalMesh /Game/Art/Character/Imperial/SK_Imperial_Body_m.SK_Imperial_Body_m"
}