{
  "APIVersion":"v2",
  "SkinParametersMap":{
    "Tip Color":0.23999899625778,
    "Ombre Constrast":-0.11999999731779,
    "Complexion":0.36000001430511,
    "Ombre Amount":0.03999999910593,
    "Khajiit Pattern Number":0.0,
    "Lipstick Amount":0.0,
    "Salt And Pepper":0.0,
    "Skin Dark/Light":0.0,
    "Root Redness":0.51999998092651,
    "Eye socket Bruised/Bright":0.0,
    "Freckles":0.0,
    "Eyeliner Light/Dark":0.0,
    "Eyebrows Redness Intensity":0.0,
    "Eye Socket Dark/Light":0.0,
    "Eyebrows Color Intensity":0.0,
    "Root Color":1.0,
    "Cheek Blush Light/Red":0.0,
    "Eylids Light/Dark":0.0,
    "Skin Tint Orange/Blue":0.0,
    "Tip Redness":9.9999999747524e-07,
    "Cheekbones Flushed/Pale":0.0,
    "Eyelids Pale/Red":0.0,
    "Skin Tint Purple/Yellow":0.059999998658895
  },
  "Author":"Bethesda",
  "Race":"TESRace /Game/Forms/actors/race/Breton.Breton",
  "HairColorsL":{
    "0":{
      "R":0.0051819998770952,
      "G":0.0018210000125691,
      "B":0.0018210000125691,
      "A":1.0
    }
  },
  "Body":"SkeletalMesh /Game/Art/Character/Imperial/SK_Imperial_Body_m.SK_Imperial_Body_m",
  "Date":"2025-06-04 19:28:12",
  "SkinColorsMapL":{
    "Root DyeColor":{
      "R":0.23839800059795,
      "G":0.012285999953747,
      "B":0.0047769998200238,
      "A":1.0
    },
    "Eyeliner Tone":{
      "R":0.515625,
      "G":0.515625,
      "B":0.515625,
      "A":1.0
    },
    "Lipstick Color":{
      "R":1.0,
      "G":1.0,
      "B":1.0,
      "A":1.0
    },
    "Skin Tone":{
      "R":1.0,
      "G":0.85528701543808,
      "B":0.92826199531555,
      "A":1.0
    },
    "Tip DyeColor":{
      "R":0.23839800059795,
      "G":0.012285999953747,
      "B":0.0047769998200238,
      "A":1.0
    }
  },
  "ModCreator":"animandan",
  "Sex":1,
  "ModName":"RaceMenuUtilities",
  "EyeMaterial":"/Game/Art/Character/Modular/Eyes_Human/MIC_Human_Eyes_Brown2.MIC_Human_Eyes_Brown2",
  "ModVersion":"1.1.0",
  "FaceBaseMesh":"/Game/Art/Character/Breton/SK_Breton_Head_f.SK_Breton_Head_f",
  "Hair":"/Game/Dev/Phenotypes/Hair/HP_Imperial_HR_Headband.HP_Imperial_HR_Headband",
  "Description":"saved from in-game",
  "SenescenceLevel":0,
  "FaceMorphValuesMap":{
    "Face Gaunt / Round":-0.054473001509905,
    "Nose Short / Long":0.059999998658895,
    "Nose Tilt Down / Up":0.0,
    "Mouth Sad / Happy":0.073885001242161,
    "Mouth Retracted / Protruding":-0.62217801809311,
    "Chin Short / Tall":-0.20889699459076,
    "Cheekbones Low / High":-0.014783925376832,
    "Nose Nostrils Tilt Down / Up":0.0,
    "Mouth Deflated / Inflated":-0.21432000398636,
    "Hair Length":0.0,
    "Nose Sellion Shallow / Deep":0.25999999046326,
    "Chin Shallow / Deep":-0.81186598539352,
    "Jaw Concave / Convex":0.056196000427008,
    "Brow Ridge Low / High":-0.35681900382042,
    "Chin Recessed / Pronounced":0.083952941000462,
    "Mouth Tilt Down / Up":-0.18859100341797,
    "Nose Sellion Thin / Wide":0.0,
    "Cheeks Gaunt / Round":-0.089907057583332,
    "Nose Sellion Lower Shallow / Deep":0.0,
    "Nose Sellion Down / Up":0.23999999463558,
    "Cheeks Concave / Convex":0.38318198919296,
    "Nose Region Concave / Convex":0.0,
    "Eyes Inward / Outward":0.33072838187218,
    "Nose Nostrils Thin / Wide":0.23999999463558,
    "Brow Ridge Inner Down / Up":0.079405002295971,
    "Eyes Apart / Together":0.35496199131012,
    "Mouth Underbite / Overbite":0.55155897140503,
    "Chin Retracted / Jutting":-0.21964867413044,
    "Brow / Nose / Chin Ratio":-0.1262381374836,
    "Nose Bridge Short / Long":0.0,
    "Mouth Low / High":0.34846198558807,
    "Forehead Small / Large":0.069450996816158,
    "Nose Bridge Shallow / Deep":0.0,
    "Eyes Small / Large":0.0,
    "Forehead / Sellion / Nose Ratio":0.37514969706535,
    "Mouth Chin Short / Long":0.63590502738953,
    "Forehead Short / Tall":-0.361079454422,
    "Eyes Down / Up":0.0,
    "Vampire":0.0,
    "Mouth Retracted / Puckered":-0.1158189997077,
    "Jaw Retracted / Jutting":0.72000002861023,
    "Mouth Drawn / Pursed":0.53273099660873,
    "Cheekbones Thin / Wide":0.2130159586668,
    "Nose Down / Up":0.56000000238419,
    "Jaw Neck Slope Low / High":-0.019672999158502,
    "Chin Thin / Wide":0.54515898227692,
    "Cheekbones Shallow / Pronounced":-0.14900264143944,
    "Nose Nostrils Small / Large":0.72000002861023,
    "Nose Flat / Pointed":0.28000000119209,
    "Face Thin / Wide":-0.077014997601509,
    "Chin Backward / Forward":-0.0095610395073891,
    "Face Light / Heavy":0.19592300057411,
    "Mouth Small / Large":-0.30047500133514,
    "Forehead Back / Forward":0.0,
    "Jaw Thin / Wide":0.83999997377396,
    "Brow Ridge Outer Down / Up":-0.11764748394489,
    "Chin Small / Large":0.20405800640583
  },
  "Name":"BP_Courier3_C"
}