{
  "Sex":0,
  "HairColorsL":{
    "0":{
      "A":1.0,
      "R":1.0,
      "G":1.0,
      "B":1.0
    }
  },
  "EyeMaterial":"/Game/Art/Character/Modular/Eyes_Human/MIC_Human_Eyes_Brown2.MIC_Human_Eyes_Brown2",
  "Author":"Bethesda",
  "Date":"2025-06-04 19:33:38",
  "Description":"saved from in-game",
  "Name":"BP_CheydinhalGuardCityPostStablesDay_C",
  "ModCreator":"animandan",
  "ModName":"RaceMenuUtilities",
  "FaceBaseMesh":"/Game/Art/Character/Imperial/SK_Imperial_Head_m.SK_Imperial_Head_m",
  "ModVersion":"1.1.0",
  "Body":"SkeletalMesh /Game/Art/Character/Imperial/SK_Imperial_Body_m.SK_Imperial_Body_m",
  "FaceMorphValuesMap":{
    "Nose Nostrils Thin / Wide":0.0047741048038006,
    "Forehead / Sellion / Nose Ratio":0.14388203620911,
    "Cheekbones Thin / Wide":-0.019502578303218,
    "Forehead Small / Large":-0.28684815764427,
    "Chin Recessed / Pronounced":-0.054342001676559,
    "Brow / Nose / Chin Ratio":0.32959553599358,
    "Jaw Thin / Wide":0.066261157393456,
    "Cheeks Gaunt / Round":-0.19818499684334,
    "Chin Backward / Forward":0.064313001930714,
    "Chin Thin / Wide":0.094410352408886,
    "Forehead Short / Tall":0.20158779621124,
    "Face Thin / Wide":0.18839900195599,
    "Brow Ridge Inner Down / Up":0.39479798078537,
    "Mouth Underbite / Overbite":-0.027079999446869,
    "Mouth Low / High":0.061052229255438,
    "Vampire":0.0,
    "Face Gaunt / Round":0.2350891828537,
    "Eyes Small / Large":-0.43407300114632,
    "Mouth Drawn / Pursed":0.42348301410675,
    "Chin Retracted / Jutting":0.19999900460243,
    "Nose Tilt Down / Up":0.0,
    "Mouth Small / Large":0.43107199668884,
    "Nose Short / Long":0.23999999463558,
    "Nose Bridge Shallow / Deep":0.98064798116684,
    "Nose Sellion Thin / Wide":0.0,
    "Mouth Retracted / Protruding":-0.29233801364899,
    "Nose Sellion Shallow / Deep":0.0,
    "Jaw Retracted / Jutting":-0.68000000715256,
    "Nose Sellion Down / Up":0.036604456603527,
    "Eyes Inward / Outward":0.067751936614513,
    "Nose Region Concave / Convex":-0.042200408875942,
    "Brow Ridge Outer Down / Up":0.034224767237902,
    "Nose Nostrils Small / Large":-0.14610947668552,
    "Eyes Apart / Together":0.68186002969742,
    "Nose Nostrils Tilt Down / Up":-0.22873432934284,
    "Nose Flat / Pointed":-0.28143793344498,
    "Mouth Tilt Down / Up":-0.13345290720463,
    "Jaw Concave / Convex":0.6339790225029,
    "Mouth Sad / Happy":-0.28382301330566,
    "Cheekbones Shallow / Pronounced":-0.18384499847889,
    "Face Light / Heavy":0.12477900087833,
    "Nose Down / Up":-0.010855794884264,
    "Chin Short / Tall":0.093396998941898,
    "Eyes Down / Up":0.14137956500053,
    "Cheeks Concave / Convex":-0.15348899364471,
    "Nose Bridge Short / Long":-0.0051403953693807,
    "Mouth Chin Short / Long":-0.065727822482586,
    "Nose Sellion Lower Shallow / Deep":0.0,
    "Mouth Retracted / Puckered":0.63467699289322,
    "Hair Length":0.0,
    "Mouth Deflated / Inflated":0.33450099825859,
    "Chin Shallow / Deep":0.37443560361862,
    "Jaw Neck Slope Low / High":0.1182029992342,
    "Brow Ridge Low / High":-0.0031533357687294,
    "Cheekbones Low / High":0.082976005971432,
    "Forehead Back / Forward":0.1165647059679,
    "Chin Small / Large":0.098433002829552
  },
  "Hair":"/Game/Dev/Phenotypes/Hair/HP_Imperial_HR_Headband.HP_Imperial_HR_Headband",
  "SenescenceLevel":2,
  "APIVersion":"v2",
  "SkinParametersMap":{
    "Complexion":0.54000002145767,
    "Eye Sockets Bruised/Bright":0.0,
    "Ombre Constrast":1.0,
    "Skin Tint Purple/Yellow":0.019999999552965,
    "Eye Sockets Dark/Light":0.0,
    "Root Redness":0.5,
    "Naso Small/Large":0.0,
    "Ombre Amount":1.0,
    "Eyebrows Redness Intensity":0.0,
    "Root Color":0.10000000149012,
    "Age":0.0,
    "Lipstick Dark Blue/Light Red":0.0,
    "Lipstick Dark Red/Light Blue":0.0,
    "Eye socket Bruised/Bright":0.0,
    "Freckles":0.0,
    "Eylids Light/Dark":0.0,
    "Eye Socket Dark/Light":0.0,
    "Cheek Blush Light/Red":0.30000001192093,
    "Eyebrows Color Intensity":0.5,
    "Cheekbones Flushed/Pale":0.36000001430511,
    "Lipstick Amount":0.0,
    "Skin Tint Orange/Blue":0.03999999910593,
    "Eyelids Light/Dark":0.0,
    "Naso Labial Lines Light/Dark":0.0,
    "Tip Redness":0.5,
    "Eyeshadow Light/Dark":0.0,
    "Eyelids Pale/Red":0.0,
    "Tip Color":0.41999998688698,
    "Lips Flushed/Pale":0.0,
    "Eyeliner Light/Dark":0.0,
    "Salt And Pepper":0.0,
    "Skin Dark/Light":0.0
  },
  "Race":"TESRace /Game/Forms/actors/race/Imperial.Imperial",
  "SkinColorsMapL":{
    "Root DyeColor":{
      "A":1.0,
      "R":1.0,
      "G":1.0,
      "B":1.0
    },
    "Eyeliner Tone":{
      "A":1.0,
      "R":1.0,
      "G":1.0,
      "B":1.0
    },
    "Tip DyeColor":{
      "A":1.0,
      "R":0.60382735729218,
      "G":0.31854677200317,
      "B":0.043735027313232
    },
    "Skin Tone":{
      "A":1.0,
      "R":0.99479198455811,
      "G":0.9926900267601,
      "B":0.98961001634598
    },
    "Lipstick Color":{
      "A":1.0,
      "R":1.0,
      "G":1.0,
      "B":1.0
    }
  }
}