{
  "ModName":"RaceMenuUtilities",
  "FaceBaseMesh":"/Game/Art/Character/Breton/SK_Breton_Head_m.SK_Breton_Head_m",
  "Author":"Bethesda",
  "Date":"2025-06-04 20:30:54",
  "SkinColorsMapL":{
    "Lipstick Color":{
      "A":1.0,
      "B":1.0,
      "G":1.0,
      "R":1.0
    },
    "Eyeliner Tone":{
      "A":1.0,
      "B":1.0,
      "G":1.0,
      "R":1.0
    },
    "Root DyeColor":{
      "A":1.0,
      "B":0.0,
      "G":0.0,
      "R":0.0
    },
    "Tip DyeColor":{
      "A":1.0,
      "B":0.0,
      "G":0.0,
      "R":0.0
    },
    "Skin Tone":{
      "A":1.0,
      "B":1.0,
      "G":1.0,
      "R":1.0
    }
  },
  "APIVersion":"v2",
  "FaceMorphValuesMap":{
    "Eyes Small / Large":0.0,
    "Jaw Thin / Wide":0.086999997496605,
    "Brow Ridge Low / High":-0.46000000834465,
    "Chin Retracted / Jutting":0.0,
    "Face Thin / Wide":-0.79000002145767,
    "Hair Length":0.0,
    "Chin Backward / Forward":0.0,
    "Vampire":0.0,
    "Mouth Underbite / Overbite":-0.37999999523163,
    "Eyes Inward / Outward":-0.30000001192093,
    "Mouth Sad / Happy":-0.25999999046326,
    "Jaw Retracted / Jutting":-0.5,
    "Nose Flat / Pointed":0.25999999046326,
    "Chin Recessed / Pronounced":0.0,
    "Cheeks Gaunt / Round":0.40999999642372,
    "Forehead Back / Forward":-0.15500000119209,
    "Nose Sellion Down / Up":0.0,
    "Mouth Deflated / Inflated":0.44999998807907,
    "Mouth Small / Large":0.17000000178814,
    "Nose Tilt Down / Up":0.0,
    "Nose Short / Long":0.0,
    "Mouth Drawn / Pursed":0.090000003576279,
    "Chin Short / Tall":0.0,
    "Nose Sellion Thin / Wide":0.0,
    "Jaw Neck Slope Low / High":0.18000000715256,
    "Cheekbones Shallow / Pronounced":-0.0028500000480562,
    "Nose Sellion Shallow / Deep":0.36000001430511,
    "Mouth Tilt Down / Up":-0.20000000298023,
    "Brow / Nose / Chin Ratio":0.15421000123024,
    "Brow Ridge Outer Down / Up":0.31600001454353,
    "Chin Small / Large":0.0,
    "Mouth Retracted / Puckered":-0.20000000298023,
    "Chin Thin / Wide":0.0,
    "Nose Nostrils Tilt Down / Up":0.0,
    "Face Gaunt / Round":0.17290000617504,
    "Cheekbones Thin / Wide":0.45600000023842,
    "Forehead / Sellion / Nose Ratio":-0.18400000035763,
    "Cheekbones Low / High":-0.11879999935627,
    "Nose Bridge Short / Long":0.0,
    "Forehead Short / Tall":-0.046500001102686,
    "Nose Bridge Shallow / Deep":0.0,
    "Mouth Chin Short / Long":0.0,
    "Face Light / Heavy":-0.050200000405312,
    "Nose Region Concave / Convex":0.0,
    "Mouth Retracted / Protruding":-0.26100000739098,
    "Cheeks Concave / Convex":-0.14699999988079,
    "Nose Nostrils Small / Large":0.0,
    "Jaw Concave / Convex":0.43790000677109,
    "Nose Down / Up":0.0,
    "Mouth Low / High":-0.15299999713898,
    "Eyes Down / Up":0.0,
    "Chin Shallow / Deep":0.0,
    "Eyes Apart / Together":-0.36362498998642,
    "Brow Ridge Inner Down / Up":-0.49000000953674,
    "Nose Sellion Lower Shallow / Deep":0.31999999284744,
    "Nose Nostrils Thin / Wide":0.0,
    "Forehead Small / Large":0.55000001192093
  },
  "ModVersion":"1.1.0",
  "SkinParametersMap":{
    "Complexion":0.37999999523163,
    "Freckles":0.0,
    "Ombre Amount":0.0,
    "Eylids Light/Dark":0.0,
    "Skin Tint Purple/Yellow":0.0,
    "Cheek Blush Light/Red":0.0,
    "Ombre Constrast":0.0,
    "Tip Color":0.10000000149012,
    "Eye socket Bruised/Bright":0.0,
    "Khajiit Pattern Number":0.0,
    "Skin Tint Orange/Blue":0.0,
    "Eyebrows Color Intensity":0.0,
    "Tip Redness":0.5,
    "Root Redness":0.5,
    "Root Color":0.10000000149012,
    "Skin Dark/Light":0.0,
    "Salt And Pepper":0.0,
    "Eyebrows Redness Intensity":0.0,
    "Eyeliner Light/Dark":0.0,
    "Eyelids Pale/Red":0.0,
    "Cheekbones Flushed/Pale":0.0,
    "Eye Socket Dark/Light":0.0,
    "Lipstick Amount":0.0099999997764826
  },
  "SenescenceLevel":3,
  "Sex":0,
  "Description":"saved from in-game",
  "ModCreator":"animandan",
  "Hair":"/Game/Dev/Phenotypes/Hair/HP_HR_Loose.HP_HR_Loose",
  "Name":"BP_ConjurerMaleBreton3_C",
  "HairColorsL":{
    "0":{
      "A":1.0,
      "B":0.0018210000125691,
      "G":0.0018210000125691,
      "R":0.0051819998770952
    }
  },
  "Race":"TESRace /Game/Forms/actors/race/Breton.Breton",
  "Body":"SkeletalMesh /Game/Art/Character/Imperial/SK_Imperial_Body_m.SK_Imperial_Body_m"
}