{
  "Sex":0,
  "HairColorsL":{
    "0":{
      "A":1.0,
      "R":0.22322796285152,
      "G":0.14412847161293,
      "B":0.084376208484173
    }
  },
  "EyeMaterial":"/Game/Art/Character/Modular/Eyes_Human/MIC_Human_Eyes_Brown2.MIC_Human_Eyes_Brown2",
  "Author":"Bethesda",
  "Date":"2025-06-04 19:33:30",
  "Description":"saved from in-game",
  "Name":"BP_CheydinhalGuardCountEscort_C",
  "ModCreator":"animandan",
  "ModName":"RaceMenuUtilities",
  "FaceBaseMesh":"/Game/Art/Character/Imperial/SK_Imperial_Head_m.SK_Imperial_Head_m",
  "ModVersion":"1.1.0",
  "Body":"SkeletalMesh /Game/Art/Character/Imperial/SK_Imperial_Body_m.SK_Imperial_Body_m",
  "FaceMorphValuesMap":{
    "Nose Nostrils Thin / Wide":0.11999999731779,
    "Forehead / Sellion / Nose Ratio":-0.039747547358274,
    "Cheekbones Thin / Wide":0.43490898609161,
    "Forehead Small / Large":0.060430999845266,
    "Chin Recessed / Pronounced":-0.03999999910593,
    "Brow / Nose / Chin Ratio":-0.091210998594761,
    "Jaw Thin / Wide":-0.46255698800087,
    "Cheeks Gaunt / Round":0.10438799858093,
    "Chin Backward / Forward":0.14000000059605,
    "Chin Thin / Wide":0.0,
    "Forehead Short / Tall":-0.025940999388695,
    "Face Thin / Wide":0.0,
    "Brow Ridge Inner Down / Up":0.41370865702629,
    "Mouth Underbite / Overbite":-0.28000000119209,
    "Mouth Low / High":-0.099999003112316,
    "Vampire":0.0,
    "Face Gaunt / Round":0.019999999552965,
    "Eyes Small / Large":-0.47979399561882,
    "Mouth Drawn / Pursed":0.079999998211861,
    "Chin Retracted / Jutting":0.0,
    "Nose Tilt Down / Up":0.0,
    "Mouth Small / Large":0.0,
    "Nose Short / Long":0.0,
    "Nose Bridge Shallow / Deep":0.0,
    "Nose Sellion Thin / Wide":0.0,
    "Mouth Retracted / Protruding":-0.30000001192093,
    "Nose Sellion Shallow / Deep":0.0,
    "Jaw Retracted / Jutting":-0.39863452315331,
    "Nose Sellion Down / Up":0.0,
    "Eyes Inward / Outward":0.15041416883469,
    "Nose Region Concave / Convex":0.0,
    "Brow Ridge Outer Down / Up":0.19801199436188,
    "Nose Nostrils Small / Large":0.0,
    "Eyes Apart / Together":0.77000099420547,
    "Nose Nostrils Tilt Down / Up":0.0,
    "Nose Flat / Pointed":0.0,
    "Mouth Tilt Down / Up":-0.40000000596046,
    "Jaw Concave / Convex":0.40000000596046,
    "Mouth Sad / Happy":-0.019999999552965,
    "Cheekbones Shallow / Pronounced":-0.093271873891354,
    "Face Light / Heavy":0.1539727896452,
    "Nose Down / Up":-0.18000000715256,
    "Chin Short / Tall":0.0,
    "Eyes Down / Up":-0.10530800372362,
    "Cheeks Concave / Convex":0.14097400009632,
    "Nose Bridge Short / Long":0.30000001192093,
    "Mouth Chin Short / Long":0.0,
    "Nose Sellion Lower Shallow / Deep":0.0,
    "Mouth Retracted / Puckered":0.079999998211861,
    "Hair Length":0.0,
    "Mouth Deflated / Inflated":0.0,
    "Chin Shallow / Deep":0.0,
    "Jaw Neck Slope Low / High":-0.077043697237968,
    "Brow Ridge Low / High":-0.14000000059605,
    "Cheekbones Low / High":0.046530999243259,
    "Forehead Back / Forward":-0.10776728391647,
    "Chin Small / Large":0.0
  },
  "Hair":"/Game/Dev/Phenotypes/Hair/HP_Human_HR_MessyBalding.HP_Human_HR_MessyBalding",
  "SenescenceLevel":3,
  "APIVersion":"v2",
  "SkinParametersMap":{
    "Complexion":0.40000000596046,
    "Eye Sockets Bruised/Bright":0.0,
    "Ombre Constrast":0.0,
    "Skin Tint Purple/Yellow":0.15999999642372,
    "Eye Sockets Dark/Light":0.0,
    "Root Redness":1.0,
    "Naso Small/Large":0.0,
    "Ombre Amount":0.0,
    "Eyebrows Redness Intensity":0.0,
    "Root Color":1.0,
    "Age":0.0,
    "Lipstick Dark Blue/Light Red":0.0,
    "Lipstick Dark Red/Light Blue":0.0,
    "Eye socket Bruised/Bright":-0.28000000119209,
    "Freckles":0.0,
    "Eylids Light/Dark":0.0,
    "Eye Socket Dark/Light":-0.11999999731779,
    "Cheek Blush Light/Red":0.059999998658895,
    "Eyebrows Color Intensity":0.5,
    "Cheekbones Flushed/Pale":0.75999999046326,
    "Lipstick Amount":0.0,
    "Skin Tint Orange/Blue":0.019999999552965,
    "Eyelids Light/Dark":0.0,
    "Naso Labial Lines Light/Dark":0.0,
    "Tip Redness":1.0,
    "Eyeshadow Light/Dark":0.0,
    "Eyelids Pale/Red":0.0,
    "Tip Color":0.47940099239349,
    "Lips Flushed/Pale":0.0,
    "Eyeliner Light/Dark":0.0,
    "Salt And Pepper":0.044943999499083,
    "Skin Dark/Light":0.0
  },
  "Race":"TESRace /Game/Forms/actors/race/Imperial.Imperial",
  "SkinColorsMapL":{
    "Root DyeColor":{
      "A":1.0,
      "R":1.0,
      "G":1.0,
      "B":1.0
    },
    "Eyeliner Tone":{
      "A":1.0,
      "R":1.0,
      "G":1.0,
      "B":1.0
    },
    "Tip DyeColor":{
      "A":1.0,
      "R":1.0,
      "G":1.0,
      "B":1.0
    },
    "Skin Tone":{
      "A":1.0,
      "R":1.0,
      "G":0.93798798322678,
      "B":0.92708301544189
    },
    "Lipstick Color":{
      "A":1.0,
      "R":1.0,
      "G":1.0,
      "B":1.0
    }
  }
}