{
  "FaceMorphValuesMap":{
    "Nose Bridge Short / Long":-0.042958926409483,
    "Mouth Tilt Down / Up":-0.49784600734711,
    "Forehead Back / Forward":-0.10884523391724,
    "Eyes Small / Large":0.13770914077759,
    "Chin Recessed / Pronounced":-0.1665975600481,
    "Cheekbones Thin / Wide":0.10875868052244,
    "Jaw Neck Slope Low / High":0.32917919754982,
    "Chin Retracted / Jutting":-0.08890924602747,
    "Jaw Retracted / Jutting":0.09879632294178,
    "Mouth Low / High":-0.33076307177544,
    "Mouth Sad / Happy":-0.53993898630142,
    "Forehead / Sellion / Nose Ratio":-0.18843047320843,
    "Hair Length":0.0,
    "Vampire":0.0,
    "Forehead Short / Tall":0.62880498170853,
    "Jaw Concave / Convex":-0.25625878572464,
    "Nose Nostrils Small / Large":-0.017796946689487,
    "Cheeks Gaunt / Round":-0.17936764657497,
    "Nose Tilt Down / Up":0.0,
    "Mouth Drawn / Pursed":0.32528844475746,
    "Nose Short / Long":0.0,
    "Cheekbones Shallow / Pronounced":-0.44489368796349,
    "Jaw Thin / Wide":0.24343009293079,
    "Eyes Apart / Together":-0.66745001077652,
    "Chin Backward / Forward":0.27876126766205,
    "Nose Sellion Thin / Wide":0.0,
    "Nose Sellion Lower Shallow / Deep":0.0,
    "Nose Sellion Shallow / Deep":0.0,
    "Mouth Retracted / Protruding":0.0053477766923606,
    "Eyes Down / Up":0.20899334549904,
    "Nose Region Concave / Convex":0.16192761063576,
    "Nose Down / Up":0.012216187082231,
    "Chin Shallow / Deep":-0.3754408955574,
    "Nose Nostrils Tilt Down / Up":-0.25431528687477,
    "Nose Flat / Pointed":-0.073400020599365,
    "Eyes Inward / Outward":-0.21707500517368,
    "Brow / Nose / Chin Ratio":-0.17241878807545,
    "Chin Short / Tall":0.25252735614777,
    "Brow Ridge Outer Down / Up":0.48145300149918,
    "Nose Nostrils Thin / Wide":0.23209989070892,
    "Face Thin / Wide":-0.18078529834747,
    "Chin Thin / Wide":-0.22814479470253,
    "Nose Bridge Shallow / Deep":0.0042413710616529,
    "Mouth Underbite / Overbite":0.07625038921833,
    "Mouth Chin Short / Long":0.13350735604763,
    "Cheekbones Low / High":-0.15643499791622,
    "Brow Ridge Inner Down / Up":-0.46805199980736,
    "Mouth Small / Large":-0.53528302907944,
    "Mouth Deflated / Inflated":-0.12318959087133,
    "Nose Sellion Down / Up":-0.77216589450836,
    "Brow Ridge Low / High":-0.44351100921631,
    "Chin Small / Large":0.043361067771912,
    "Forehead Small / Large":0.19225263595581,
    "Face Light / Heavy":-0.051097322255373,
    "Cheeks Concave / Convex":0.65700352191925,
    "Mouth Retracted / Puckered":0.0942467674613,
    "Face Gaunt / Round":-0.51655906438828
  },
  "Sex":0,
  "SkinParametersMap":{
    "Eye Socket Dark/Light":0.15999899804592,
    "Eye socket Bruised/Bright":-0.68000000715256,
    "Eyeliner Light/Dark":0.0,
    "Hair Desaturation for Argonian":0.0,
    "Eylids Light/Dark":0.60000002384186,
    "Complexion":-0.30000001192093,
    "Eyelids Pale/Red":0.0
  },
  "Description":"saved from in-game",
  "FaceBaseMesh":"/Game/Art/Character/Argonian/SK_Argonian_Head_m.SK_Argonian_Head_m",
  "Hair":"/Game/Dev/Phenotypes/Hair/HP_Argonian_HR_Spikes.HP_Argonian_HR_Spikes",
  "ModVersion":"1.1.0",
  "Date":"2025-06-04 19:13:40",
  "SenescenceLevel":2,
  "ModCreator":"animandan",
  "EyeMaterial":"/Game/Art/Character/Argonian/MIC_Argonian_Eyes.MIC_Argonian_Eyes",
  "Name":"BP_ClarabellaPirate3_C",
  "ModName":"RaceMenuUtilities",
  "Body":"SkeletalMesh /Game/Art/Character/Imperial/SK_Imperial_Body_m.SK_Imperial_Body_m",
  "APIVersion":"v2",
  "HairColorsL":{
    "0":{
      "B":0.0,
      "G":0.0,
      "R":0.0,
      "A":1.0
    }
  },
  "Race":"TESRace /Game/Forms/actors/race/Argonian.Argonian",
  "SkinColorsMapL":{
    "Color 1":{
      "B":0.38107299804688,
      "G":0.57953000068665,
      "R":0.80208301544189,
      "A":1.0
    },
    "Eyeliner Tone":{
      "B":1.0,
      "G":1.0,
      "R":1.0,
      "A":1.0
    },
    "Color 3":{
      "B":0.67325097322464,
      "G":1.0,
      "R":0.63888901472092,
      "A":1.0
    },
    "Color 2":{
      "B":0.33522799611092,
      "G":0.29861098527908,
      "R":1.0,
      "A":1.0
    }
  },
  "Author":"Bethesda"
}