{
  "Sex":0,
  "HairColorsL":{
    "1":{
      "A":1.0,
      "R":0.16202937066555,
      "G":0.1046164855361,
      "B":0.061246052384377
    },
    "2":{
      "A":1.0,
      "R":0.16202937066555,
      "G":0.1046164855361,
      "B":0.061246052384377
    },
    "0":{
      "A":1.0,
      "R":0.021219009533525,
      "G":0.01032982300967,
      "B":0.0060488330200315
    }
  },
  "EyeMaterial":"/Game/Art/Character/Modular/Eyes_WoodElf/MIC_WoodElf_Eyes_Palegold.MIC_WoodElf_Eyes_Palegold",
  "SkinColorsMapL":{
    "Root DyeColor":{
      "A":1.0,
      "R":1.0,
      "G":0.12213899940252,
      "B":0.0
    },
    "Eyeliner Tone":{
      "A":1.0,
      "R":1.0,
      "G":1.0,
      "B":1.0
    },
    "Tip DyeColor":{
      "A":1.0,
      "R":1.0,
      "G":0.12342400103807,
      "B":0.0
    },
    "Skin Tone":{
      "A":1.0,
      "R":1.0,
      "G":1.0,
      "B":1.0
    },
    "Lipstick Color":{
      "A":1.0,
      "R":0.093058958649635,
      "G":0.0009105809731409,
      "B":0.0097212167456746
    }
  },
  "Date":"2025-06-04 19:33:45",
  "Description":"saved from in-game",
  "Name":"BP_Caenlorn_C",
  "ModCreator":"animandan",
  "ModName":"RaceMenuUtilities",
  "ModVersion":"1.1.0",
  "Mustache":"/Game/Dev/Phenotypes/Mustache/HP_WoodElf_MS_Medium.HP_WoodElf_MS_Medium",
  "Author":"Bethesda",
  "APIVersion":"v2",
  "Body":"SkeletalMesh /Game/Art/Character/Imperial/SK_Imperial_Body_m.SK_Imperial_Body_m",
  "FaceMorphValuesMap":{
    "Nose Nostrils Thin / Wide":0.80000001192093,
    "Forehead / Sellion / Nose Ratio":0.0,
    "Cheekbones Thin / Wide":0.0,
    "Forehead Small / Large":-0.77999997138977,
    "Chin Recessed / Pronounced":0.0,
    "Brow / Nose / Chin Ratio":0.0,
    "Jaw Thin / Wide":0.099999003112316,
    "Cheeks Gaunt / Round":0.19475699961185,
    "Chin Backward / Forward":0.0,
    "Chin Thin / Wide":0.0,
    "Forehead Short / Tall":-0.93812698125839,
    "Face Thin / Wide":0.21999999880791,
    "Brow Ridge Inner Down / Up":0.0,
    "Mouth Underbite / Overbite":0.0,
    "Mouth Low / High":0.0,
    "Vampire":0.0,
    "Face Gaunt / Round":-0.11985000222921,
    "Eyes Small / Large":0.0,
    "Mouth Drawn / Pursed":0.0,
    "Chin Retracted / Jutting":0.0,
    "Nose Tilt Down / Up":0.0,
    "Mouth Small / Large":0.0,
    "Nose Short / Long":0.87999999523163,
    "Nose Bridge Shallow / Deep":0.51196700334549,
    "Nose Sellion Thin / Wide":0.5799999833107,
    "Mouth Retracted / Protruding":0.0,
    "Nose Sellion Shallow / Deep":0.10000000149012,
    "Jaw Retracted / Jutting":0.3773689866066,
    "Nose Sellion Down / Up":0.2056999951601,
    "Eyes Inward / Outward":0.0,
    "Nose Region Concave / Convex":0.082249999046326,
    "Brow Ridge Outer Down / Up":0.0,
    "Nose Nostrils Small / Large":-0.10818599909544,
    "Eyes Apart / Together":0.0,
    "Nose Nostrils Tilt Down / Up":-0.3230220079422,
    "Nose Flat / Pointed":-0.35740599036217,
    "Mouth Tilt Down / Up":0.0,
    "Jaw Concave / Convex":0.94388800859451,
    "Mouth Sad / Happy":0.0,
    "Cheekbones Shallow / Pronounced":0.0,
    "Face Light / Heavy":0.30546799302101,
    "Nose Down / Up":-0.072311997413635,
    "Chin Short / Tall":0.0,
    "Eyes Down / Up":0.0,
    "Cheeks Concave / Convex":0.0,
    "Nose Bridge Short / Long":0.20740899443626,
    "Mouth Chin Short / Long":0.0,
    "Nose Sellion Lower Shallow / Deep":0.66000002622604,
    "Mouth Retracted / Puckered":0.0,
    "Hair Length":-0.53558099269867,
    "Mouth Deflated / Inflated":0.0,
    "Chin Shallow / Deep":0.0,
    "Jaw Neck Slope Low / High":0.0,
    "Brow Ridge Low / High":0.0,
    "Cheekbones Low / High":0.0,
    "Forehead Back / Forward":0.066702999174595,
    "Chin Small / Large":0.0
  },
  "Hair":"/Game/Dev/Phenotypes/Hair/HP_Elf_HR_Braid.HP_Elf_HR_Braid",
  "Beard":"/Game/Dev/Phenotypes/Beard/HP_WoodElf_BD_Goatee.HP_WoodElf_BD_Goatee",
  "SkinParametersMap":{
    "Complexion":0.0,
    "Ombre Constrast":0.0,
    "Eye socket Bruised/Bright":-0.23595499992371,
    "Root Redness":1.0,
    "Khajiit Pattern Number":0.0,
    "Eyebrows Redness Intensity":1.0,
    "Root Color":0.25468200445175,
    "Cheek Blush Light/Red":0.0,
    "Eyebrows Color Intensity":0.52434498071671,
    "Cheekbones Flushed/Pale":0.0,
    "Lipstick Amount":0.0,
    "Tip Redness":1.0,
    "Eyelids Pale/Red":0.37453201413155,
    "Tip Color":0.11985000222921,
    "Ombre Amount":0.0,
    "Salt And Pepper":0.0,
    "Freckles":0.0
  },
  "FaceBaseMesh":"/Game/Art/Character/WoodElf/SK_WoodElf_Head_m.SK_WoodElf_Head_m",
  "Race":"TESRace /Game/Forms/actors/race/WoodElf.WoodElf",
  "SenescenceLevel":3
}