{
  "Race":"TESRace /Game/Forms/actors/race/Imperial.Imperial",
  "FaceBaseMesh":"/Game/Art/Character/Imperial/SK_Imperial_Head_m.SK_Imperial_Head_m",
  "Date":"2025-06-04 18:36:14",
  "HairColorsL":{
    "1":{
      "B":0.084376208484173,
      "G":0.14412847161293,
      "R":0.22322796285152,
      "A":1.0
    },
    "2":{
      "B":0.084376208484173,
      "G":0.14412847161293,
      "R":0.22322796285152,
      "A":1.0
    },
    "0":{
      "B":1.0,
      "G":1.0,
      "R":1.0,
      "A":1.0
    }
  },
  "SkinParametersMap":{
    "Cheekbones Flushed/Pale":0.0,
    "Eyelids Pale/Red":0.0,
    "Freckles":0.0,
    "Eyebrows Redness Intensity":0.0,
    "Lipstick Amount":0.0,
    "Ombre Amount":0.0,
    "Root Color":0.0,
    "Cheek Blush Light/Red":0.0,
    "Root Redness":0.0,
    "Tip Color":0.0,
    "Eye socket Bruised/Bright":0.0,
    "Complexion":0.0,
    "Salt And Pepper":0.0,
    "Eyebrows Color Intensity":0.0,
    "Tip Redness":0.0,
    "Ombre Constrast":0.0
  },
  "Sex":0,
  "FaceMorphValuesMap":{
    "Hair Length":0.0,
    "Vampire":0.0,
    "Nose Sellion Down / Up":0.12423952668905,
    "Forehead Back / Forward":0.0,
    "Mouth Deflated / Inflated":0.36321857571602,
    "Chin Backward / Forward":0.36000001430511,
    "Eyes Apart / Together":0.52034801244736,
    "Nose Tilt Down / Up":0.0,
    "Mouth Sad / Happy":0.25373658537865,
    "Brow Ridge Outer Down / Up":-0.36515501141548,
    "Nose Sellion Thin / Wide":0.0,
    "Nose Short / Long":0.0,
    "Nose Sellion Shallow / Deep":0.0,
    "Brow / Nose / Chin Ratio":0.34000000357628,
    "Chin Small / Large":0.0,
    "Nose Flat / Pointed":-0.096635274589062,
    "Jaw Thin / Wide":-0.14928199350834,
    "Nose Nostrils Tilt Down / Up":-0.17037072777748,
    "Eyes Inward / Outward":0.11812476068735,
    "Cheekbones Shallow / Pronounced":-0.17337800562382,
    "Nose Nostrils Thin / Wide":0.40514969825745,
    "Chin Shallow / Deep":0.0,
    "Nose Down / Up":-0.45613870024681,
    "Nose Bridge Short / Long":0.40283915400505,
    "Mouth Tilt Down / Up":0.083988063037395,
    "Chin Thin / Wide":0.0,
    "Face Light / Heavy":0.0,
    "Mouth Chin Short / Long":-0.61313587427139,
    "Jaw Concave / Convex":0.37503701448441,
    "Brow Ridge Low / High":0.46017101407051,
    "Chin Recessed / Pronounced":-0.019999999552965,
    "Cheeks Gaunt / Round":0.52111506462097,
    "Face Thin / Wide":-0.53578597307205,
    "Eyes Down / Up":0.40000000596046,
    "Jaw Retracted / Jutting":0.21999999880791,
    "Chin Short / Tall":0.21999999880791,
    "Jaw Neck Slope Low / High":0.26448100805283,
    "Nose Bridge Shallow / Deep":0.21076266467571,
    "Mouth Retracted / Protruding":0.34998980164528,
    "Cheekbones Thin / Wide":0.34998399019241,
    "Mouth Low / High":-0.68965101242065,
    "Mouth Retracted / Puckered":0.50493597984314,
    "Mouth Small / Large":0.44445300102234,
    "Forehead Short / Tall":0.0,
    "Nose Nostrils Small / Large":0.095727480947971,
    "Chin Retracted / Jutting":0.23999999463558,
    "Forehead Small / Large":0.72000002861023,
    "Cheekbones Low / High":0.048027344048023,
    "Eyes Small / Large":-0.29268598556519,
    "Cheeks Concave / Convex":-0.10048677772284,
    "Brow Ridge Inner Down / Up":-0.48763701319695,
    "Nose Sellion Lower Shallow / Deep":0.0,
    "Face Gaunt / Round":-0.014497736468911,
    "Mouth Underbite / Overbite":0.10827451199293,
    "Nose Region Concave / Convex":-0.0095592429861426,
    "Forehead / Sellion / Nose Ratio":0.21010179817677,
    "Mouth Drawn / Pursed":0.0
  },
  "Author":"Bethesda",
  "SkinColorsMapL":{
    "Lipstick Color":{
      "B":0.0097212167456746,
      "G":0.0009105809731409,
      "R":0.093058958649635,
      "A":1.0
    },
    "Skin Tone":{
      "B":1.0,
      "G":1.0,
      "R":1.0,
      "A":1.0
    },
    "Root DyeColor":{
      "B":0.0,
      "G":0.0012140000471845,
      "R":0.0047769998200238,
      "A":1.0
    },
    "Tip DyeColor":{
      "B":0.0056050000712276,
      "G":0.034340001642704,
      "R":0.10702300071716,
      "A":1.0
    },
    "Eyeliner Tone":{
      "B":1.0,
      "G":1.0,
      "R":1.0,
      "A":1.0
    }
  },
  "ModVersion":"1.1.0",
  "EyeMaterial":"/Game/Art/Character/Modular/Eyes_Human/MIC_Human_Eyes_Brown2.MIC_Human_Eyes_Brown2",
  "Body":"SkeletalMesh /Game/Art/Character/Imperial/SK_Imperial_Body_m.SK_Imperial_Body_m",
  "Description":"saved from in-game",
  "SenescenceLevel":5,
  "APIVersion":"v2",
  "ModCreator":"animandan",
  "ModName":"RaceMenuUtilities",
  "Hair":"/Game/Dev/Phenotypes/Hair/HP_Elf_HR_Braid.HP_Elf_HR_Braid",
  "Name":"BP_ChorrolGuardPatrolNight03_C"
}