{
  "Race":"TESRace /Game/Forms/actors/race/Imperial.Imperial",
  "FaceBaseMesh":"/Game/Art/Character/Imperial/SK_Imperial_Head_m.SK_Imperial_Head_m",
  "Date":"2025-06-04 18:51:06",
  "HairColorsL":{
    "0":{
      "B":0.08398400247097,
      "G":0.1452250033617,
      "R":0.22395800054073,
      "A":1.0
    }
  },
  "SkinParametersMap":{
    "Cheekbones Flushed/Pale":0.25999999046326,
    "Eyelids Pale/Red":0.0,
    "Lipstick Dark Blue/Light Red":0.0,
    "Skin Tint Purple/Yellow":0.10000000149012,
    "Lipstick Dark Red/Light Blue":0.0,
    "Ombre Amount":0.0,
    "Cheek Blush Light/Red":0.25999999046326,
    "Skin Dark/Light":0.0,
    "Eyelids Light/Dark":0.0,
    "Eyeshadow Light/Dark":0.0,
    "Ombre Constrast":0.0,
    "Complexion":0.40000000596046,
    "Salt And Pepper":0.10494399815798,
    "Eye socket Bruised/Bright":0.0,
    "Lips Flushed/Pale":0.0,
    "Eye Sockets Dark/Light":0.0,
    "Root Redness":1.0,
    "Eyebrows Color Intensity":0.40000000596046,
    "Lipstick Amount":0.0,
    "Eyebrows Redness Intensity":0.0,
    "Naso Small/Large":0.0,
    "Freckles":0.18000000715256,
    "Root Color":1.0,
    "Eye Socket Dark/Light":0.0,
    "Eyeliner Light/Dark":0.0,
    "Tip Color":0.47940099239349,
    "Eylids Light/Dark":0.0,
    "Naso Labial Lines Light/Dark":0.0,
    "Skin Tint Orange/Blue":0.0,
    "Eye Sockets Bruised/Bright":0.0,
    "Tip Redness":1.0,
    "Age":0.0
  },
  "Sex":0,
  "FaceMorphValuesMap":{
    "Hair Length":0.0,
    "Vampire":0.0,
    "Nose Sellion Down / Up":0.0,
    "Forehead Back / Forward":0.0,
    "Mouth Deflated / Inflated":0.0,
    "Chin Backward / Forward":0.0,
    "Eyes Apart / Together":0.51999998092651,
    "Nose Tilt Down / Up":0.0,
    "Mouth Sad / Happy":0.68000000715256,
    "Brow Ridge Outer Down / Up":0.47999998927116,
    "Nose Sellion Thin / Wide":0.0,
    "Nose Short / Long":0.0,
    "Nose Sellion Shallow / Deep":0.0,
    "Brow / Nose / Chin Ratio":0.0,
    "Chin Small / Large":0.0,
    "Nose Flat / Pointed":0.0,
    "Jaw Thin / Wide":-0.34000000357628,
    "Nose Nostrils Tilt Down / Up":0.0,
    "Eyes Inward / Outward":0.0,
    "Cheekbones Shallow / Pronounced":0.0,
    "Nose Nostrils Thin / Wide":0.0,
    "Chin Shallow / Deep":0.0,
    "Nose Down / Up":0.0,
    "Nose Bridge Short / Long":0.5799999833107,
    "Mouth Tilt Down / Up":-0.11999999731779,
    "Chin Thin / Wide":0.51999998092651,
    "Face Light / Heavy":0.0,
    "Mouth Chin Short / Long":0.0,
    "Jaw Concave / Convex":-0.10000000149012,
    "Brow Ridge Low / High":-0.47999998927116,
    "Chin Recessed / Pronounced":0.0,
    "Cheeks Gaunt / Round":0.31999999284744,
    "Face Thin / Wide":0.0,
    "Eyes Down / Up":-0.5,
    "Jaw Retracted / Jutting":0.0,
    "Chin Short / Tall":0.0,
    "Jaw Neck Slope Low / High":0.18000000715256,
    "Nose Bridge Shallow / Deep":0.5,
    "Mouth Retracted / Protruding":0.0,
    "Cheekbones Thin / Wide":0.0,
    "Mouth Low / High":0.0,
    "Mouth Retracted / Puckered":0.0,
    "Mouth Small / Large":0.0,
    "Forehead Short / Tall":0.0,
    "Nose Nostrils Small / Large":0.0,
    "Chin Retracted / Jutting":0.0,
    "Forehead Small / Large":-0.5799999833107,
    "Cheekbones Low / High":0.0,
    "Eyes Small / Large":-0.77999901771545,
    "Cheeks Concave / Convex":0.03999999910593,
    "Brow Ridge Inner Down / Up":0.18000000715256,
    "Nose Sellion Lower Shallow / Deep":0.0,
    "Face Gaunt / Round":0.31999999284744,
    "Mouth Underbite / Overbite":0.0,
    "Nose Region Concave / Convex":0.0,
    "Forehead / Sellion / Nose Ratio":0.0,
    "Mouth Drawn / Pursed":0.0
  },
  "Author":"Bethesda",
  "SkinColorsMapL":{
    "Lipstick Color":{
      "B":1.0,
      "G":1.0,
      "R":1.0,
      "A":1.0
    },
    "Tip DyeColor":{
      "B":0.027320891618729,
      "G":0.1746474057436,
      "R":0.53327637910843,
      "A":1.0
    },
    "Root DyeColor":{
      "B":1.0,
      "G":1.0,
      "R":1.0,
      "A":1.0
    },
    "Eyeliner Tone":{
      "B":1.0,
      "G":1.0,
      "R":1.0,
      "A":1.0
    },
    "Skin Tone":{
      "B":1.0,
      "G":1.0,
      "R":1.0,
      "A":1.0
    }
  },
  "ModVersion":"1.1.0",
  "EyeMaterial":"/Game/Art/Character/Modular/Eyes_Human/MIC_Human_Eyes_Brown2.MIC_Human_Eyes_Brown2",
  "Body":"SkeletalMesh /Game/Art/Character/Imperial/SK_Imperial_Body_m.SK_Imperial_Body_m",
  "Description":"saved from in-game",
  "SenescenceLevel":3,
  "APIVersion":"v2",
  "ModCreator":"animandan",
  "ModName":"RaceMenuUtilities",
  "Hair":"/Game/Dev/Phenotypes/Hair/HP_HR_Ponytail.HP_HR_Ponytail",
  "Name":"BP_CollatinusVedius_C"
}