{
  "ModName":"RaceMenuUtilities",
  "FaceBaseMesh":"/Game/Art/Character/Argonian/SK_Argonian_Head_m.SK_Argonian_Head_m",
  "Author":"Bethesda",
  "Date":"2025-06-04 20:30:53",
  "SkinColorsMapL":{
    "Color 1":{
      "A":1.0,
      "B":0.12213876843452,
      "G":0.14702726900578,
      "R":0.40724021196365
    },
    "Eyeliner Tone":{
      "A":1.0,
      "B":1.0,
      "G":1.0,
      "R":1.0
    },
    "Color 3":{
      "A":1.0,
      "B":0.54443597793579,
      "G":1.0,
      "R":0.49652799963951
    },
    "Color 2":{
      "A":1.0,
      "B":0.15625,
      "G":0.18628799915314,
      "R":1.0
    }
  },
  "APIVersion":"v2",
  "FaceMorphValuesMap":{
    "Eyes Small / Large":0.42838400602341,
    "Jaw Thin / Wide":0.18063800036907,
    "Brow Ridge Low / High":0.33831998705864,
    "Chin Retracted / Jutting":0.029919028282166,
    "Face Thin / Wide":0.060335673391819,
    "Hair Length":0.0,
    "Chin Backward / Forward":0.13877299427986,
    "Vampire":0.0,
    "Mouth Underbite / Overbite":-0.14548717439175,
    "Eyes Inward / Outward":0.11280512809753,
    "Mouth Sad / Happy":0.02775545231998,
    "Jaw Retracted / Jutting":0.068329997360706,
    "Nose Flat / Pointed":0.23235741257668,
    "Chin Recessed / Pronounced":-0.080636002123356,
    "Cheeks Gaunt / Round":-0.04848463460803,
    "Forehead Back / Forward":0.021274000406265,
    "Nose Sellion Down / Up":-0.064459227025509,
    "Mouth Deflated / Inflated":-0.18231408298016,
    "Mouth Small / Large":0.10955963283777,
    "Nose Tilt Down / Up":0.0,
    "Nose Short / Long":0.0,
    "Mouth Drawn / Pursed":-0.099784687161446,
    "Chin Short / Tall":0.11494572460651,
    "Nose Sellion Thin / Wide":0.0,
    "Jaw Neck Slope Low / High":-0.18886747956276,
    "Cheekbones Shallow / Pronounced":0.15005299448967,
    "Nose Sellion Shallow / Deep":0.0,
    "Mouth Tilt Down / Up":-0.19654206931591,
    "Brow / Nose / Chin Ratio":-0.10968904942274,
    "Brow Ridge Outer Down / Up":0.36144399642944,
    "Chin Small / Large":-0.020595192909241,
    "Mouth Retracted / Puckered":0.26340553164482,
    "Chin Thin / Wide":-0.23489060997963,
    "Nose Nostrils Tilt Down / Up":0.26157835125923,
    "Face Gaunt / Round":-0.21201431751251,
    "Cheekbones Thin / Wide":-0.41508999466896,
    "Forehead / Sellion / Nose Ratio":0.14467313885689,
    "Cheekbones Low / High":0.034187089651823,
    "Nose Bridge Short / Long":-0.070104412734509,
    "Forehead Short / Tall":0.59778702259064,
    "Nose Bridge Shallow / Deep":-0.058810520917177,
    "Mouth Chin Short / Long":0.23928332328796,
    "Face Light / Heavy":-0.10789014399052,
    "Nose Region Concave / Convex":-0.28374242782593,
    "Mouth Retracted / Protruding":0.078239060938358,
    "Cheeks Concave / Convex":0.21999999880791,
    "Nose Nostrils Small / Large":-0.11094842106104,
    "Jaw Concave / Convex":-0.3209625184536,
    "Nose Down / Up":-0.15220928192139,
    "Mouth Low / High":-0.091186761856079,
    "Eyes Down / Up":-0.53313601016998,
    "Chin Shallow / Deep":-0.13134600222111,
    "Eyes Apart / Together":0.1289578974247,
    "Brow Ridge Inner Down / Up":-0.11870899796486,
    "Nose Sellion Lower Shallow / Deep":0.0,
    "Nose Nostrils Thin / Wide":-0.043755915015936,
    "Forehead Small / Large":0.00049695972120389
  },
  "EyeMaterial":"/Game/Art/Character/Argonian/MIC_Argonian_Eyes.MIC_Argonian_Eyes",
  "HairColorsL":{
    "0":{
      "A":1.0,
      "B":0.0,
      "G":0.0,
      "R":0.0
    }
  },
  "SkinParametersMap":{
    "Eye socket Bruised/Bright":0.60000002384186,
    "Complexion":0.0,
    "Eyeliner Light/Dark":0.18000000715256,
    "Hair Desaturation for Argonian":0.0,
    "Eyelids Pale/Red":0.34000000357628,
    "Eylids Light/Dark":-0.34000000357628,
    "Eye Socket Dark/Light":0.30000001192093
  },
  "SenescenceLevel":0,
  "Sex":0,
  "Description":"saved from in-game",
  "ModCreator":"animandan",
  "ModVersion":"1.1.0",
  "Hair":"/Game/Dev/Phenotypes/Hair/HP_Argonian_HR_Fins.HP_Argonian_HR_Fins",
  "Name":"BP_CatFace_C",
  "Race":"TESRace /Game/Forms/actors/race/Argonian.Argonian",
  "Body":"SkeletalMesh /Game/Art/Character/Imperial/SK_Imperial_Body_m.SK_Imperial_Body_m"
}