{
  "Race":"TESRace /Game/Forms/actors/race/Imperial.Imperial",
  "FaceBaseMesh":"/Game/Art/Character/Imperial/SK_Imperial_Head_m.SK_Imperial_Head_m",
  "Date":"2025-06-04 18:37:23",
  "HairColorsL":{
    "0":{
      "B":0.084376208484173,
      "G":0.14412847161293,
      "R":0.22322796285152,
      "A":1.0
    }
  },
  "SkinParametersMap":{
    "Cheekbones Flushed/Pale":0.20000000298023,
    "Eyelids Pale/Red":0.0,
    "Lipstick Dark Blue/Light Red":0.0,
    "Skin Tint Purple/Yellow":0.21999999880791,
    "Lipstick Dark Red/Light Blue":0.0,
    "Ombre Amount":0.0,
    "Cheek Blush Light/Red":0.18000000715256,
    "Skin Dark/Light":0.0,
    "Eyelids Light/Dark":0.0,
    "Eyeshadow Light/Dark":0.0,
    "Ombre Constrast":0.0,
    "Complexion":0.5,
    "Salt And Pepper":0.044943999499083,
    "Eye socket Bruised/Bright":0.0,
    "Lips Flushed/Pale":0.0,
    "Eye Sockets Dark/Light":0.0,
    "Root Redness":1.0,
    "Eyebrows Color Intensity":0.0,
    "Lipstick Amount":0.0,
    "Eyebrows Redness Intensity":0.0,
    "Naso Small/Large":0.0,
    "Freckles":0.0,
    "Root Color":1.0,
    "Eye Socket Dark/Light":0.0,
    "Eyeliner Light/Dark":0.0,
    "Tip Color":0.47940099239349,
    "Eylids Light/Dark":0.0,
    "Naso Labial Lines Light/Dark":0.0,
    "Skin Tint Orange/Blue":0.0,
    "Eye Sockets Bruised/Bright":0.0,
    "Tip Redness":1.0,
    "Age":0.0
  },
  "Sex":0,
  "FaceMorphValuesMap":{
    "Hair Length":0.0,
    "Vampire":0.0,
    "Nose Sellion Down / Up":0.0,
    "Forehead Back / Forward":0.0074084387160838,
    "Mouth Deflated / Inflated":0.40000000596046,
    "Chin Backward / Forward":0.0,
    "Eyes Apart / Together":0.71811199188232,
    "Nose Tilt Down / Up":-0.34000000357628,
    "Mouth Sad / Happy":0.0,
    "Brow Ridge Outer Down / Up":0.52513200044632,
    "Nose Sellion Thin / Wide":0.66000002622604,
    "Nose Short / Long":0.0,
    "Nose Sellion Shallow / Deep":0.0,
    "Brow / Nose / Chin Ratio":0.0,
    "Chin Small / Large":0.24038000404835,
    "Nose Flat / Pointed":0.0,
    "Jaw Thin / Wide":-0.22329699993134,
    "Nose Nostrils Tilt Down / Up":0.0,
    "Eyes Inward / Outward":-0.11689191311598,
    "Cheekbones Shallow / Pronounced":-0.044950999319553,
    "Nose Nostrils Thin / Wide":0.80000001192093,
    "Chin Shallow / Deep":0.0,
    "Nose Down / Up":0.0,
    "Nose Bridge Short / Long":0.0,
    "Mouth Tilt Down / Up":0.0,
    "Chin Thin / Wide":0.0,
    "Face Light / Heavy":0.33503800630569,
    "Mouth Chin Short / Long":0.0,
    "Jaw Concave / Convex":0.56336802244186,
    "Brow Ridge Low / High":-0.40000000596046,
    "Chin Recessed / Pronounced":0.0,
    "Cheeks Gaunt / Round":0.28342598676682,
    "Face Thin / Wide":-0.52622699737549,
    "Eyes Down / Up":0.10747499763966,
    "Jaw Retracted / Jutting":-0.50639456510544,
    "Chin Short / Tall":0.0,
    "Jaw Neck Slope Low / High":0.0,
    "Nose Bridge Shallow / Deep":0.0,
    "Mouth Retracted / Protruding":0.0,
    "Cheekbones Thin / Wide":0.45793199539185,
    "Mouth Low / High":-0.36000001430511,
    "Mouth Retracted / Puckered":0.0,
    "Mouth Small / Large":0.37999999523163,
    "Forehead Short / Tall":0.33323436975479,
    "Nose Nostrils Small / Large":0.23999999463558,
    "Chin Retracted / Jutting":0.37999999523163,
    "Forehead Small / Large":-0.23428900539875,
    "Cheekbones Low / High":-0.35982629656792,
    "Eyes Small / Large":-0.87549197673798,
    "Cheeks Concave / Convex":-0.1217430010438,
    "Brow Ridge Inner Down / Up":-0.38880300521851,
    "Nose Sellion Lower Shallow / Deep":0.0,
    "Face Gaunt / Round":-0.093342997133732,
    "Mouth Underbite / Overbite":0.0,
    "Nose Region Concave / Convex":0.0,
    "Forehead / Sellion / Nose Ratio":-0.0013859999598935,
    "Mouth Drawn / Pursed":0.28000000119209
  },
  "Author":"Bethesda",
  "SkinColorsMapL":{
    "Lipstick Color":{
      "B":1.0,
      "G":1.0,
      "R":1.0,
      "A":1.0
    },
    "Tip DyeColor":{
      "B":1.0,
      "G":1.0,
      "R":1.0,
      "A":1.0
    },
    "Root DyeColor":{
      "B":1.0,
      "G":1.0,
      "R":1.0,
      "A":1.0
    },
    "Eyeliner Tone":{
      "B":1.0,
      "G":1.0,
      "R":1.0,
      "A":1.0
    },
    "Skin Tone":{
      "B":0.87718898057938,
      "G":0.9655749797821,
      "R":1.0,
      "A":1.0
    }
  },
  "ModVersion":"1.1.0",
  "Body":"SkeletalMesh /Game/Art/Character/Imperial/SK_Imperial_Body_m.SK_Imperial_Body_m",
  "Description":"saved from in-game",
  "SenescenceLevel":2,
  "APIVersion":"v2",
  "ModCreator":"animandan",
  "ModName":"RaceMenuUtilities",
  "Hair":"/Game/Dev/Phenotypes/Hair/HP_HR_Ponytail.HP_HR_Ponytail",
  "Name":"BP_ChorrolGuardCountess_C"
}