{
  "Sex":0,
  "HairColorsL":{
    "0":{
      "A":1.0,
      "R":1.0,
      "G":1.0,
      "B":1.0
    }
  },
  "Author":"Bethesda",
  "Date":"2025-06-04 19:38:11",
  "Description":"saved from in-game",
  "Name":"BP_CGMythicDawnAssassinAmbushC_C",
  "ModCreator":"animandan",
  "ModName":"RaceMenuUtilities",
  "FaceBaseMesh":"/Game/Art/Character/Imperial/SK_Imperial_Head_m.SK_Imperial_Head_m",
  "Body":"SkeletalMesh /Game/Art/Character/Imperial/SK_Imperial_Body_m.SK_Imperial_Body_m",
  "Race":"TESRace /Game/Forms/actors/race/Imperial.Imperial",
  "FaceMorphValuesMap":{
    "Nose Nostrils Thin / Wide":0.043607521802187,
    "Forehead / Sellion / Nose Ratio":0.81571698188782,
    "Cheekbones Thin / Wide":0.18324699997902,
    "Forehead Small / Large":0.17939229309559,
    "Chin Recessed / Pronounced":0.0,
    "Brow / Nose / Chin Ratio":-0.10302827507257,
    "Jaw Thin / Wide":-0.16315700113773,
    "Cheeks Gaunt / Round":-0.15448302030563,
    "Chin Backward / Forward":0.68000000715256,
    "Chin Thin / Wide":0.0,
    "Forehead Short / Tall":-0.078986547887325,
    "Face Thin / Wide":0.031111389398575,
    "Brow Ridge Inner Down / Up":-0.47206801176071,
    "Mouth Underbite / Overbite":0.0,
    "Mouth Low / High":0.0,
    "Vampire":0.0,
    "Face Gaunt / Round":-0.27992260456085,
    "Eyes Small / Large":-0.56247299909592,
    "Mouth Drawn / Pursed":0.0,
    "Chin Retracted / Jutting":0.0,
    "Nose Tilt Down / Up":0.0,
    "Mouth Small / Large":0.0,
    "Nose Short / Long":0.0,
    "Nose Bridge Shallow / Deep":-0.14371599256992,
    "Nose Sellion Thin / Wide":0.0,
    "Mouth Retracted / Protruding":0.0,
    "Nose Sellion Shallow / Deep":0.0,
    "Jaw Retracted / Jutting":-0.57852983474731,
    "Nose Sellion Down / Up":-0.020759999752045,
    "Eyes Inward / Outward":0.052011977881193,
    "Nose Region Concave / Convex":0.10233014822006,
    "Brow Ridge Outer Down / Up":-0.20864599943161,
    "Nose Nostrils Small / Large":0.10383405536413,
    "Eyes Apart / Together":0.63262397050858,
    "Nose Nostrils Tilt Down / Up":0.010607000440359,
    "Nose Flat / Pointed":-0.00042900000698864,
    "Mouth Tilt Down / Up":0.0,
    "Jaw Concave / Convex":0.36445099115372,
    "Mouth Sad / Happy":0.0,
    "Cheekbones Shallow / Pronounced":0.24118800461292,
    "Face Light / Heavy":-0.14978651702404,
    "Nose Down / Up":0.0090410001575947,
    "Chin Short / Tall":0.0,
    "Eyes Down / Up":-0.31850790977478,
    "Cheeks Concave / Convex":-0.080086998641491,
    "Nose Bridge Short / Long":0.56617486476898,
    "Mouth Chin Short / Long":0.0,
    "Nose Sellion Lower Shallow / Deep":0.0,
    "Mouth Retracted / Puckered":0.0,
    "Hair Length":0.0,
    "Mouth Deflated / Inflated":0.0,
    "Chin Shallow / Deep":0.0,
    "Jaw Neck Slope Low / High":-0.18567599356174,
    "Brow Ridge Low / High":-0.49759098887444,
    "Cheekbones Low / High":0.12085496634245,
    "Forehead Back / Forward":0.29257398843765,
    "Chin Small / Large":0.0
  },
  "Hair":"/Game/Dev/Phenotypes/Hair/HP_HR_Cropped.HP_HR_Cropped",
  "SkinParametersMap":{
    "Complexion":0.47999998927116,
    "Eye Sockets Bruised/Bright":0.0,
    "Ombre Constrast":0.0,
    "Skin Tint Purple/Yellow":0.079999998211861,
    "Eye Sockets Dark/Light":0.0,
    "Root Redness":0.5,
    "Naso Small/Large":0.0,
    "Ombre Amount":0.0,
    "Eyebrows Redness Intensity":0.0,
    "Root Color":0.10000000149012,
    "Age":0.0,
    "Lipstick Dark Blue/Light Red":0.0,
    "Lipstick Dark Red/Light Blue":0.0,
    "Eye socket Bruised/Bright":0.0,
    "Freckles":0.0,
    "Eylids Light/Dark":0.0,
    "Eye Socket Dark/Light":0.0,
    "Cheek Blush Light/Red":0.43999999761581,
    "Eyebrows Color Intensity":0.5,
    "Cheekbones Flushed/Pale":0.0,
    "Lipstick Amount":0.0,
    "Skin Tint Orange/Blue":0.0,
    "Eyelids Light/Dark":0.0,
    "Naso Labial Lines Light/Dark":0.0,
    "Tip Redness":0.5,
    "Eyeshadow Light/Dark":0.0,
    "Eyelids Pale/Red":0.0,
    "Tip Color":0.10000000149012,
    "Lips Flushed/Pale":0.0,
    "Eyeliner Light/Dark":0.0,
    "Salt And Pepper":0.0,
    "Skin Dark/Light":0.0
  },
  "APIVersion":"v2",
  "SenescenceLevel":1,
  "ModVersion":"1.1.0",
  "SkinColorsMapL":{
    "Root DyeColor":{
      "A":1.0,
      "R":0.0,
      "G":0.0,
      "B":0.0
    },
    "Eyeliner Tone":{
      "A":1.0,
      "R":1.0,
      "G":1.0,
      "B":1.0
    },
    "Tip DyeColor":{
      "A":1.0,
      "R":0.11443537473679,
      "G":0.045186202973127,
      "B":0.0085681257769465
    },
    "Skin Tone":{
      "A":1.0,
      "R":0.96354198455811,
      "G":0.86855900287628,
      "B":0.77284097671509
    },
    "Lipstick Color":{
      "A":1.0,
      "R":1.0,
      "G":1.0,
      "B":1.0
    }
  }
}