{
  "ModName":"RaceMenuUtilities",
  "FaceBaseMesh":"/Game/Art/Character/Breton/SK_Breton_Head_m.SK_Breton_Head_m",
  "Author":"Bethesda",
  "Date":"2025-06-04 20:30:54",
  "SkinColorsMapL":{
    "Tip DyeColor":{
      "A":1.0,
      "B":1.0,
      "G":1.0,
      "R":1.0
    },
    "Lipstick Color":{
      "A":1.0,
      "B":1.0,
      "G":1.0,
      "R":1.0
    },
    "Root DyeColor":{
      "A":1.0,
      "B":1.0,
      "G":1.0,
      "R":1.0
    }
  },
  "Name":"BP_ConjurerBossMaleBreton_C",
  "FaceMorphValuesMap":{
    "Eyes Small / Large":-0.10515131056309,
    "Jaw Thin / Wide":0.087006002664566,
    "Brow Ridge Low / High":-0.46299800276756,
    "Chin Retracted / Jutting":0.0083024045452476,
    "Face Thin / Wide":-0.030150605365634,
    "Hair Length":0.0,
    "Chin Backward / Forward":-0.15508741140366,
    "Vampire":0.0,
    "Mouth Underbite / Overbite":-0.38117969036102,
    "Eyes Inward / Outward":-0.3116383254528,
    "Mouth Sad / Happy":-0.26023778319359,
    "Jaw Retracted / Jutting":-0.5078067779541,
    "Nose Flat / Pointed":0.12613186240196,
    "Chin Recessed / Pronounced":0.40860998630524,
    "Cheeks Gaunt / Round":0.41050601005554,
    "Forehead Back / Forward":-0.15525282919407,
    "Nose Sellion Down / Up":0.29905530810356,
    "Mouth Deflated / Inflated":-0.38304999470711,
    "Mouth Small / Large":0.26112601161003,
    "Nose Tilt Down / Up":0.0,
    "Nose Short / Long":0.0,
    "Mouth Drawn / Pursed":0.091106921434402,
    "Chin Short / Tall":0.27606600522995,
    "Nose Sellion Thin / Wide":0.0,
    "Jaw Neck Slope Low / High":-0.40194663405418,
    "Cheekbones Shallow / Pronounced":-0.028555933386087,
    "Nose Sellion Shallow / Deep":0.0,
    "Mouth Tilt Down / Up":-0.20069800317287,
    "Brow / Nose / Chin Ratio":0.15421734750271,
    "Brow Ridge Outer Down / Up":0.31668999791145,
    "Chin Small / Large":-0.50749498605728,
    "Mouth Retracted / Puckered":-0.20000000298023,
    "Chin Thin / Wide":0.62174302339554,
    "Nose Nostrils Tilt Down / Up":0.34469017386436,
    "Face Gaunt / Round":0.17291639745235,
    "Cheekbones Thin / Wide":0.45646700263023,
    "Forehead / Sellion / Nose Ratio":-0.18466468155384,
    "Cheekbones Low / High":-0.11880015581846,
    "Nose Bridge Short / Long":0.32989719510078,
    "Forehead Short / Tall":-0.046592023223639,
    "Nose Bridge Shallow / Deep":-0.019899047911167,
    "Mouth Chin Short / Long":-0.32655909657478,
    "Face Light / Heavy":0.42981898784637,
    "Nose Region Concave / Convex":0.34601637721062,
    "Mouth Retracted / Protruding":-0.44148799777031,
    "Cheeks Concave / Convex":-0.14777499437332,
    "Nose Nostrils Small / Large":0.53001999855042,
    "Jaw Concave / Convex":-0.2821229994297,
    "Nose Down / Up":-0.28736937046051,
    "Mouth Low / High":-0.37396800518036,
    "Eyes Down / Up":-0.20509600639343,
    "Chin Shallow / Deep":-0.17100398242474,
    "Eyes Apart / Together":-0.0036248636897653,
    "Brow Ridge Inner Down / Up":-0.49000000953674,
    "Nose Sellion Lower Shallow / Deep":0.0,
    "Nose Nostrils Thin / Wide":0.64935302734375,
    "Forehead Small / Large":0.41811180114746
  },
  "EyeMaterial":"/Game/Art/Character/Modular/Eyes_Human/MIC_Human_Eyes_Gary1.MIC_Human_Eyes_Gary1",
  "HairColorsL":[],
  "SkinParametersMap":{
    "Complexion":0.43445700407028,
    "Freckles":0.0,
    "Ombre Amount":1.0,
    "Eylids Light/Dark":0.0,
    "Skin Tint Purple/Yellow":0.0,
    "Cheek Blush Light/Red":0.0,
    "Ombre Constrast":0.0,
    "Tip Color":0.70988798141479,
    "Eye socket Bruised/Bright":0.0,
    "Skin Tint Orange/Blue":-0.24007500708103,
    "Eyebrows Color Intensity":0.0,
    "Tip Redness":1.0,
    "Root Redness":1.0,
    "Root Color":0.10000000149012,
    "Skin Dark/Light":0.0,
    "Salt And Pepper":0.0,
    "Eyebrows Redness Intensity":0.0,
    "Eyeliner Light/Dark":0.0,
    "Eyelids Pale/Red":0.0,
    "Cheekbones Flushed/Pale":0.0,
    "Eye Socket Dark/Light":0.0,
    "Lipstick Amount":0.0099999997764826
  },
  "Mustache":"/Game/Dev/Phenotypes/Mustache/HP_Breton_MS_Medium.HP_Breton_MS_Medium",
  "SenescenceLevel":5,
  "Sex":0,
  "Description":"saved from in-game",
  "Beard":"/Game/Dev/Phenotypes/Beard/HP_Breton_BD_Goatee.HP_Breton_BD_Goatee",
  "ModCreator":"animandan",
  "ModVersion":"1.1.0",
  "APIVersion":"v2",
  "Hair":"/Game/Dev/Phenotypes/Hair/HP_HR_Loose.HP_HR_Loose",
  "Race":"TESRace /Game/Forms/actors/race/Breton.Breton",
  "Body":"SkeletalMesh /Game/Art/Character/Imperial/SK_Imperial_Body_m.SK_Imperial_Body_m"
}