{
  "Sex":0,
  "HairColorsL":{
    "0":{
      "A":1.0,
      "R":0.021219009533525,
      "G":0.01032982300967,
      "B":0.0060488330200315
    }
  },
  "EyeMaterial":"/Game/Art/Character/Modular/Eyes_Human/MIC_Human_Eyes_Brown2.MIC_Human_Eyes_Brown2",
  "Author":"Bethesda",
  "Date":"2025-06-04 19:33:30",
  "Description":"saved from in-game",
  "Name":"BP_CheydinhalGuardCastlePostNight01_C",
  "ModCreator":"animandan",
  "ModName":"RaceMenuUtilities",
  "FaceBaseMesh":"/Game/Art/Character/Imperial/SK_Imperial_Head_m.SK_Imperial_Head_m",
  "ModVersion":"1.1.0",
  "Body":"SkeletalMesh /Game/Art/Character/Imperial/SK_Imperial_Body_m.SK_Imperial_Body_m",
  "FaceMorphValuesMap":{
    "Nose Nostrils Thin / Wide":-0.24459424614906,
    "Forehead / Sellion / Nose Ratio":0.15737929940224,
    "Cheekbones Thin / Wide":0.005836000200361,
    "Forehead Small / Large":0.26561886072159,
    "Chin Recessed / Pronounced":0.039131220430136,
    "Brow / Nose / Chin Ratio":0.21877108514309,
    "Jaw Thin / Wide":0.080906003713608,
    "Cheeks Gaunt / Round":0.078927084803581,
    "Chin Backward / Forward":-0.16559721529484,
    "Chin Thin / Wide":-0.26963898539543,
    "Forehead Short / Tall":0.20905120670795,
    "Face Thin / Wide":-0.24660985171795,
    "Brow Ridge Inner Down / Up":0.2302667349577,
    "Mouth Underbite / Overbite":-0.13890093564987,
    "Mouth Low / High":0.071628764271736,
    "Vampire":0.0,
    "Face Gaunt / Round":-0.23862889409065,
    "Eyes Small / Large":-0.61507701873779,
    "Mouth Drawn / Pursed":0.060140397399664,
    "Chin Retracted / Jutting":-0.32262572646141,
    "Nose Tilt Down / Up":0.0,
    "Mouth Small / Large":-0.28420600295067,
    "Nose Short / Long":0.0,
    "Nose Bridge Shallow / Deep":0.0057403263635933,
    "Nose Sellion Thin / Wide":0.0,
    "Mouth Retracted / Protruding":-0.50633305311203,
    "Nose Sellion Shallow / Deep":0.0,
    "Jaw Retracted / Jutting":0.084436550736427,
    "Nose Sellion Down / Up":-0.011748863384128,
    "Eyes Inward / Outward":0.40175199508667,
    "Nose Region Concave / Convex":-0.32310000061989,
    "Brow Ridge Outer Down / Up":-0.4459802210331,
    "Nose Nostrils Small / Large":0.050521433353424,
    "Eyes Apart / Together":0.26960000395775,
    "Nose Nostrils Tilt Down / Up":-0.0036763751413673,
    "Nose Flat / Pointed":-0.36384809017181,
    "Mouth Tilt Down / Up":0.019732436165214,
    "Jaw Concave / Convex":-0.51419401168823,
    "Mouth Sad / Happy":0.16982874274254,
    "Cheekbones Shallow / Pronounced":0.011166154406965,
    "Face Light / Heavy":-0.28354099392891,
    "Nose Down / Up":-0.14165781438351,
    "Chin Short / Tall":-0.32420501112938,
    "Eyes Down / Up":0.41746002435684,
    "Cheeks Concave / Convex":0.23699562251568,
    "Nose Bridge Short / Long":0.17388051748276,
    "Mouth Chin Short / Long":-0.039500411599874,
    "Nose Sellion Lower Shallow / Deep":0.0,
    "Mouth Retracted / Puckered":-0.2575566470623,
    "Hair Length":0.0,
    "Mouth Deflated / Inflated":0.14232395589352,
    "Chin Shallow / Deep":0.0060603502206504,
    "Jaw Neck Slope Low / High":0.2753954231739,
    "Brow Ridge Low / High":0.11108281463385,
    "Cheekbones Low / High":-0.018522335216403,
    "Forehead Back / Forward":0.12267627567053,
    "Chin Small / Large":7.1827416832093e-05
  },
  "Hair":"/Game/Dev/Phenotypes/Hair/HP_Imperial_HR_Bald.HP_Imperial_HR_Bald",
  "SenescenceLevel":4,
  "APIVersion":"v2",
  "SkinParametersMap":{
    "Complexion":0.36000001430511,
    "Eye Sockets Bruised/Bright":0.0,
    "Ombre Constrast":1.0,
    "Skin Tint Purple/Yellow":0.0,
    "Eye Sockets Dark/Light":0.0,
    "Root Redness":0.5,
    "Naso Small/Large":0.0,
    "Ombre Amount":1.0,
    "Eyebrows Redness Intensity":0.0,
    "Root Color":0.10000000149012,
    "Age":0.0,
    "Lipstick Dark Blue/Light Red":0.0,
    "Lipstick Dark Red/Light Blue":0.0,
    "Eye socket Bruised/Bright":-0.25999999046326,
    "Freckles":0.0,
    "Eylids Light/Dark":0.0,
    "Eye Socket Dark/Light":0.21999999880791,
    "Cheek Blush Light/Red":0.40000000596046,
    "Eyebrows Color Intensity":0.0,
    "Cheekbones Flushed/Pale":0.63999998569489,
    "Lipstick Amount":0.0,
    "Skin Tint Orange/Blue":0.0,
    "Eyelids Light/Dark":0.0,
    "Naso Labial Lines Light/Dark":0.0,
    "Tip Redness":0.5,
    "Eyeshadow Light/Dark":0.0,
    "Eyelids Pale/Red":0.0,
    "Tip Color":0.41999998688698,
    "Lips Flushed/Pale":0.0,
    "Eyeliner Light/Dark":0.0,
    "Salt And Pepper":0.0,
    "Skin Dark/Light":0.0
  },
  "Race":"TESRace /Game/Forms/actors/race/Imperial.Imperial",
  "SkinColorsMapL":{
    "Root DyeColor":{
      "A":1.0,
      "R":1.0,
      "G":1.0,
      "B":1.0
    },
    "Eyeliner Tone":{
      "A":1.0,
      "R":1.0,
      "G":1.0,
      "B":1.0
    },
    "Tip DyeColor":{
      "A":1.0,
      "R":1.0,
      "G":1.0,
      "B":1.0
    },
    "Skin Tone":{
      "A":1.0,
      "R":1.0,
      "G":0.8427420258522,
      "B":0.78125
    },
    "Lipstick Color":{
      "A":1.0,
      "R":1.0,
      "G":1.0,
      "B":1.0
    }
  }
}