{
  "Sex":0,
  "HairColorsL":{
    "1":{
      "A":1.0,
      "R":0.22395800054073,
      "G":0.1452250033617,
      "B":0.08398400247097
    },
    "2":{
      "A":1.0,
      "R":0.22395800054073,
      "G":0.1452250033617,
      "B":0.08398400247097
    },
    "0":{
      "A":1.0,
      "R":0.15625,
      "G":0.08449199795723,
      "B":0.051247000694275
    }
  },
  "SkinColorsMapL":{
    "Root DyeColor":{
      "A":1.0,
      "R":1.0,
      "G":0.093722000718117,
      "B":0.0
    },
    "Eyeliner Tone":{
      "A":1.0,
      "R":1.0,
      "G":1.0,
      "B":1.0
    },
    "Tip DyeColor":{
      "A":1.0,
      "R":1.0,
      "G":0.11717499792576,
      "B":0.0
    },
    "Skin Tone":{
      "A":1.0,
      "R":1.0,
      "G":0.94914001226425,
      "B":0.72395801544189
    },
    "Lipstick Color":{
      "A":1.0,
      "R":0.093058958649635,
      "G":0.0009105809731409,
      "B":0.0097212167456746
    }
  },
  "Date":"2025-06-04 19:35:09",
  "Description":"saved from in-game",
  "Name":"BP_Calindil_C",
  "ModCreator":"animandan",
  "ModName":"RaceMenuUtilities",
  "ModVersion":"1.1.0",
  "Mustache":"/Game/Dev/Phenotypes/Mustache/HP_HighElf_MS_Scruffy.HP_HighElf_MS_Scruffy",
  "Author":"Bethesda",
  "Body":"SkeletalMesh /Game/Art/Character/Imperial/SK_Imperial_Body_m.SK_Imperial_Body_m",
  "SenescenceLevel":5,
  "FaceMorphValuesMap":{
    "Nose Nostrils Thin / Wide":-0.27431198954582,
    "Forehead / Sellion / Nose Ratio":-0.078651003539562,
    "Cheekbones Thin / Wide":0.75999999046326,
    "Forehead Small / Large":0.51432299613953,
    "Chin Recessed / Pronounced":-0.18342800438404,
    "Brow / Nose / Chin Ratio":0.16526100039482,
    "Jaw Thin / Wide":0.40516799688339,
    "Cheeks Gaunt / Round":0.052193999290466,
    "Chin Backward / Forward":0.064845003187656,
    "Chin Thin / Wide":0.84876400232315,
    "Forehead Short / Tall":0.0,
    "Face Thin / Wide":-0.64045000076294,
    "Brow Ridge Inner Down / Up":-0.00064099999144673,
    "Mouth Underbite / Overbite":-0.3383170068264,
    "Mouth Low / High":-0.2155150026083,
    "Vampire":0.0,
    "Face Gaunt / Round":-0.00099099997896701,
    "Eyes Small / Large":0.0,
    "Mouth Drawn / Pursed":-0.17633299529552,
    "Chin Retracted / Jutting":-0.10552199929953,
    "Nose Tilt Down / Up":0.035955000668764,
    "Mouth Small / Large":-0.10707225650549,
    "Nose Short / Long":0.0,
    "Nose Bridge Shallow / Deep":0.19879391789436,
    "Nose Sellion Thin / Wide":0.34157299995422,
    "Mouth Retracted / Protruding":0.16977800428867,
    "Nose Sellion Shallow / Deep":0.0,
    "Jaw Retracted / Jutting":0.13582299649715,
    "Nose Sellion Down / Up":-0.43906500935555,
    "Eyes Inward / Outward":0.0,
    "Nose Region Concave / Convex":0.0,
    "Brow Ridge Outer Down / Up":-0.39056199789047,
    "Nose Nostrils Small / Large":-0.061710000038147,
    "Eyes Apart / Together":0.54000002145767,
    "Nose Nostrils Tilt Down / Up":-0.06624872982502,
    "Nose Flat / Pointed":-0.062251638621092,
    "Mouth Tilt Down / Up":-0.52350598573685,
    "Jaw Concave / Convex":0.83999997377396,
    "Mouth Sad / Happy":0.37894999980927,
    "Cheekbones Shallow / Pronounced":-0.80000001192093,
    "Face Light / Heavy":0.87999999523163,
    "Nose Down / Up":-0.32646799087524,
    "Chin Short / Tall":-0.58488798141479,
    "Eyes Down / Up":0.0,
    "Cheeks Concave / Convex":0.042909998446703,
    "Nose Bridge Short / Long":-0.049371000379324,
    "Mouth Chin Short / Long":-0.20822225511074,
    "Nose Sellion Lower Shallow / Deep":0.0,
    "Mouth Retracted / Puckered":0.11017905920744,
    "Hair Length":0.0,
    "Mouth Deflated / Inflated":-0.74291801452637,
    "Chin Shallow / Deep":0.085955001413822,
    "Jaw Neck Slope Low / High":-0.19979000091553,
    "Brow Ridge Low / High":-0.53558099269867,
    "Cheekbones Low / High":-0.62251502275467,
    "Forehead Back / Forward":-0.056182000786066,
    "Chin Small / Large":-0.22276300191879
  },
  "Hair":"/Game/Dev/Phenotypes/Hair/HP_WoodElf_HR_Spiky.HP_WoodElf_HR_Spiky",
  "FaceBaseMesh":"/Game/Art/Character/HighElf/SK_HighElf_Head_m.SK_HighElf_Head_m",
  "APIVersion":"v2",
  "Beard":"/Game/Dev/Phenotypes/Beard/HP_HighElf_BD_Scruffy.HP_HighElf_BD_Scruffy",
  "Race":"TESRace /Game/Forms/actors/race/HighElf.HighElf",
  "SkinParametersMap":{
    "Complexion":0.71910101175308,
    "Cheek Blush Light/Red":0.0,
    "Eyebrows Color Intensity":0.0,
    "Eye socket Bruised/Bright":0.0,
    "Lipstick Amount":0.0,
    "Root Redness":1.0,
    "Freckles":0.40449398756027,
    "Cheekbones Flushed/Pale":0.0,
    "Eyebrows Redness Intensity":0.0,
    "Root Color":0.41947600245476,
    "Eyelids Pale/Red":0.0,
    "Tip Color":0.074905999004841,
    "Tip Redness":1.0,
    "Ombre Amount":0.0,
    "Salt And Pepper":0.0,
    "Ombre Constrast":0.0
  }
}