{
  "Name":"BP_CGMythicDawnAssassin02_C",
  "Sex":0,
  "SkinColorsMapL":{
    "Root DyeColor":{
      "A":1.0,
      "B":0.0,
      "G":0.0,
      "R":0.0
    },
    "Lipstick Color":{
      "A":1.0,
      "B":1.0,
      "G":1.0,
      "R":1.0
    },
    "Eyeliner Tone":{
      "A":1.0,
      "B":1.0,
      "G":1.0,
      "R":1.0
    },
    "Skin Tone":{
      "A":1.0,
      "B":0.96699798107147,
      "G":1.0,
      "R":0.98341602087021
    },
    "Tip DyeColor":{
      "A":1.0,
      "B":0.019382361322641,
      "G":0.019382361322641,
      "R":0.093058958649635
    }
  },
  "ModName":"RaceMenuUtilities",
  "EyeMaterial":"/Game/Art/Character/Modular/Eyes_Human/MIC_Human_Eyes_Red1.MIC_Human_Eyes_Red1",
  "FaceMorphValuesMap":{
    "Nose Nostrils Tilt Down / Up":0.19915199279785,
    "Brow Ridge Outer Down / Up":-0.26591798663139,
    "Chin Shallow / Deep":0.035197898745537,
    "Mouth Chin Short / Long":-0.19730499386787,
    "Mouth Retracted / Protruding":-0.21733200550079,
    "Face Gaunt / Round":-0.28654250502586,
    "Eyes Down / Up":-0.32221910357475,
    "Mouth Drawn / Pursed":0.094390757381916,
    "Brow Ridge Inner Down / Up":-0.41098600625992,
    "Brow Ridge Low / High":-0.37766098976135,
    "Mouth Retracted / Puckered":0.41848054528236,
    "Cheeks Concave / Convex":0.14014574885368,
    "Hair Length":0.0,
    "Eyes Apart / Together":0.5181480050087,
    "Jaw Neck Slope Low / High":0.13635669648647,
    "Jaw Thin / Wide":0.25824072957039,
    "Vampire":0.0,
    "Nose Bridge Short / Long":0.55905187129974,
    "Forehead / Sellion / Nose Ratio":-0.071252681314945,
    "Chin Thin / Wide":0.099832408130169,
    "Cheekbones Low / High":0.11892136186361,
    "Nose Flat / Pointed":-0.13947999477386,
    "Nose Sellion Shallow / Deep":0.0,
    "Nose Tilt Down / Up":0.0,
    "Chin Backward / Forward":0.021044077351689,
    "Forehead Short / Tall":-0.077588938176632,
    "Face Light / Heavy":-0.15298739075661,
    "Nose Sellion Down / Up":-0.28010699152946,
    "Nose Region Concave / Convex":0.10140784084797,
    "Cheeks Gaunt / Round":0.02377700060606,
    "Chin Short / Tall":0.070182628929615,
    "Cheekbones Shallow / Pronounced":0.25949800014496,
    "Nose Sellion Thin / Wide":0.0,
    "Nose Nostrils Small / Large":0.099006183445454,
    "Nose Down / Up":0.076573997735977,
    "Cheekbones Thin / Wide":0.1034250035882,
    "Mouth Deflated / Inflated":0.16009517014027,
    "Chin Recessed / Pronounced":-0.03999599814415,
    "Brow / Nose / Chin Ratio":-0.1051099896431,
    "Nose Bridge Shallow / Deep":0.24433751404285,
    "Mouth Underbite / Overbite":-0.17541661858559,
    "Chin Small / Large":0.33347901701927,
    "Face Thin / Wide":0.032097052782774,
    "Nose Nostrils Thin / Wide":0.042655810713768,
    "Nose Short / Long":0.0,
    "Jaw Retracted / Jutting":-0.57882219552994,
    "Jaw Concave / Convex":0.16824433207512,
    "Mouth Sad / Happy":-0.19261547923088,
    "Eyes Inward / Outward":0.04851832613349,
    "Mouth Low / High":0.1600147485733,
    "Mouth Tilt Down / Up":0.36766916513443,
    "Nose Sellion Lower Shallow / Deep":0.0,
    "Chin Retracted / Jutting":-0.018408060073853,
    "Forehead Small / Large":-0.14103800058365,
    "Mouth Small / Large":0.04094010591507,
    "Forehead Back / Forward":-0.090783461928368,
    "Eyes Small / Large":-0.65834701061249
  },
  "Body":"SkeletalMesh /Game/Art/Character/Imperial/SK_Imperial_Body_m.SK_Imperial_Body_m",
  "SenescenceLevel":4,
  "APIVersion":"v2",
  "Author":"Bethesda",
  "Race":"TESRace /Game/Forms/actors/race/Imperial.Imperial",
  "FaceBaseMesh":"/Game/Art/Character/Imperial/SK_Imperial_Head_m.SK_Imperial_Head_m",
  "SkinParametersMap":{
    "Eyeliner Light/Dark":0.0,
    "Eyeshadow Light/Dark":0.0,
    "Salt And Pepper":0.0,
    "Eylids Light/Dark":0.0,
    "Root Redness":0.5,
    "Skin Tint Purple/Yellow":0.0,
    "Skin Dark/Light":0.0,
    "Eyelids Light/Dark":0.0,
    "Eye Socket Dark/Light":0.0,
    "Eye Sockets Dark/Light":0.0,
    "Skin Tint Orange/Blue":0.03999999910593,
    "Tip Redness":0.5,
    "Ombre Amount":1.0,
    "Eye socket Bruised/Bright":0.0,
    "Tip Color":0.23999999463558,
    "Complexion":0.5799999833107,
    "Root Color":0.10000000149012,
    "Eye Sockets Bruised/Bright":0.0,
    "Naso Small/Large":0.0,
    "Lipstick Amount":0.0,
    "Freckles":0.0,
    "Lips Flushed/Pale":0.0,
    "Cheekbones Flushed/Pale":0.81999999284744,
    "Eyelids Pale/Red":0.0,
    "Eyebrows Redness Intensity":0.0,
    "Cheek Blush Light/Red":0.0,
    "Ombre Constrast":1.0,
    "Eyebrows Color Intensity":0.0,
    "Age":0.0,
    "Lipstick Dark Blue/Light Red":0.0,
    "Naso Labial Lines Light/Dark":0.0,
    "Lipstick Dark Red/Light Blue":0.0
  },
  "Description":"saved from in-game",
  "Hair":"/Game/Dev/Phenotypes/Hair/HP_HR_Cropped.HP_HR_Cropped",
  "ModVersion":"1.1.0",
  "ModCreator":"animandan",
  "Date":"2025-06-07 14:37:39",
  "HairColorsL":{
    "0":{
      "A":1.0,
      "B":1.0,
      "G":1.0,
      "R":1.0
    }
  }
}