{
  "Race":"TESRace /Game/Forms/actors/race/Imperial.Imperial",
  "FaceBaseMesh":"/Game/Art/Character/Imperial/SK_Imperial_Head_m.SK_Imperial_Head_m",
  "Date":"2025-06-04 18:37:05",
  "HairColorsL":{
    "1":{
      "B":0.061246052384377,
      "G":0.1046164855361,
      "R":0.16202937066555,
      "A":1.0
    },
    "2":{
      "B":0.061246052384377,
      "G":0.1046164855361,
      "R":0.16202937066555,
      "A":1.0
    },
    "0":{
      "B":1.0,
      "G":1.0,
      "R":1.0,
      "A":1.0
    }
  },
  "SkinParametersMap":{
    "Cheekbones Flushed/Pale":0.0,
    "Eyelids Pale/Red":0.0,
    "Lipstick Dark Blue/Light Red":0.0,
    "Skin Tint Purple/Yellow":0.0,
    "Lipstick Dark Red/Light Blue":0.0,
    "Ombre Amount":1.0,
    "Cheek Blush Light/Red":0.37999999523163,
    "Skin Dark/Light":0.0,
    "Eyelids Light/Dark":0.0,
    "Eyeshadow Light/Dark":0.0,
    "Ombre Constrast":1.0,
    "Complexion":0.43999999761581,
    "Salt And Pepper":0.0,
    "Eye socket Bruised/Bright":0.0,
    "Lips Flushed/Pale":0.0,
    "Eye Sockets Dark/Light":0.0,
    "Root Redness":0.5,
    "Eyebrows Color Intensity":0.5,
    "Lipstick Amount":0.0,
    "Eyebrows Redness Intensity":0.0,
    "Naso Small/Large":0.0,
    "Freckles":0.87999999523163,
    "Root Color":0.10000000149012,
    "Eye Socket Dark/Light":0.0,
    "Eyeliner Light/Dark":0.0,
    "Tip Color":0.40000000596046,
    "Eylids Light/Dark":0.0,
    "Naso Labial Lines Light/Dark":0.0,
    "Skin Tint Orange/Blue":0.0,
    "Eye Sockets Bruised/Bright":0.0,
    "Tip Redness":0.80000001192093,
    "Age":0.0
  },
  "Sex":0,
  "FaceMorphValuesMap":{
    "Hair Length":0.0,
    "Vampire":0.0,
    "Nose Sellion Down / Up":-0.080496996641159,
    "Forehead Back / Forward":-0.047754999250174,
    "Mouth Deflated / Inflated":0.27194100618362,
    "Chin Backward / Forward":0.21999999880791,
    "Eyes Apart / Together":0.68547397851944,
    "Nose Tilt Down / Up":0.0,
    "Mouth Sad / Happy":-0.014430000446737,
    "Brow Ridge Outer Down / Up":0.21726059913635,
    "Nose Sellion Thin / Wide":0.40000000596046,
    "Nose Short / Long":0.0,
    "Nose Sellion Shallow / Deep":-0.03999999910593,
    "Brow / Nose / Chin Ratio":0.4626596570015,
    "Chin Small / Large":0.0,
    "Nose Flat / Pointed":0.0046279998496175,
    "Jaw Thin / Wide":-0.13819399476051,
    "Nose Nostrils Tilt Down / Up":0.22040115296841,
    "Eyes Inward / Outward":0.20878599584103,
    "Cheekbones Shallow / Pronounced":-0.37063398957253,
    "Nose Nostrils Thin / Wide":-0.047954570502043,
    "Chin Shallow / Deep":0.11999999731779,
    "Nose Down / Up":-0.12881900370121,
    "Nose Bridge Short / Long":0.48821499943733,
    "Mouth Tilt Down / Up":0.097011998295784,
    "Chin Thin / Wide":0.0,
    "Face Light / Heavy":0.43235099315643,
    "Mouth Chin Short / Long":0.43581143021584,
    "Jaw Concave / Convex":-0.21127699315548,
    "Brow Ridge Low / High":-0.27059599757195,
    "Chin Recessed / Pronounced":0.0,
    "Cheeks Gaunt / Round":0.46769624948502,
    "Face Thin / Wide":0.13888700306416,
    "Eyes Down / Up":-0.31599256396294,
    "Jaw Retracted / Jutting":-0.32249501347542,
    "Chin Short / Tall":0.0,
    "Jaw Neck Slope Low / High":-0.047504998743534,
    "Nose Bridge Shallow / Deep":0.61557197570801,
    "Mouth Retracted / Protruding":0.16026900708675,
    "Cheekbones Thin / Wide":0.50052899122238,
    "Mouth Low / High":-0.41598603129387,
    "Mouth Retracted / Puckered":0.15795765817165,
    "Mouth Small / Large":0.095072001218796,
    "Forehead Short / Tall":0.34473761916161,
    "Nose Nostrils Small / Large":0.092637673020363,
    "Chin Retracted / Jutting":0.15999999642372,
    "Forehead Small / Large":-0.12314099818468,
    "Cheekbones Low / High":-0.12710699439049,
    "Eyes Small / Large":-0.64941799640656,
    "Cheeks Concave / Convex":0.2983709871769,
    "Brow Ridge Inner Down / Up":0.089743003249168,
    "Nose Sellion Lower Shallow / Deep":0.31999999284744,
    "Face Gaunt / Round":-0.58769589662552,
    "Mouth Underbite / Overbite":-0.059089001268148,
    "Nose Region Concave / Convex":0.25664201378822,
    "Forehead / Sellion / Nose Ratio":0.16290202736855,
    "Mouth Drawn / Pursed":-0.44321963191032
  },
  "Mustache":"/Game/Dev/Phenotypes/Mustache/HP_Imperial_MS_Short.HP_Imperial_MS_Short",
  "ModCreator":"animandan",
  "SkinColorsMapL":{
    "Lipstick Color":{
      "B":1.0,
      "G":1.0,
      "R":1.0,
      "A":1.0
    },
    "Tip DyeColor":{
      "B":0.00439144205302,
      "G":0.13843160867691,
      "R":0.63759684562683,
      "A":1.0
    },
    "Root DyeColor":{
      "B":1.0,
      "G":1.0,
      "R":1.0,
      "A":1.0
    },
    "Eyeliner Tone":{
      "B":1.0,
      "G":1.0,
      "R":1.0,
      "A":1.0
    },
    "Skin Tone":{
      "B":0.81800699234009,
      "G":0.87777602672577,
      "R":0.96354198455811,
      "A":1.0
    }
  },
  "ModVersion":"1.1.0",
  "EyeMaterial":"/Game/Art/Character/Modular/Eyes_Human/MIC_Human_Eyes_Brown2.MIC_Human_Eyes_Brown2",
  "ModName":"RaceMenuUtilities",
  "Body":"SkeletalMesh /Game/Art/Character/Imperial/SK_Imperial_Body_m.SK_Imperial_Body_m",
  "Description":"saved from in-game",
  "SenescenceLevel":4,
  "APIVersion":"v2",
  "Author":"Bethesda",
  "Hair":"/Game/Dev/Phenotypes/Hair/HP_HR_Cropped.HP_HR_Cropped",
  "Beard":"/Game/Dev/Phenotypes/Beard/HP_Imperial_BD_Goatee.HP_Imperial_BD_Goatee",
  "Name":"BP_ChorrolGuardPatrolDay02_C"
}