{
  "Sex":0,
  "HairColorsL":{
    "0":{
      "A":1.0,
      "R":0.0,
      "G":0.0,
      "B":0.0
    }
  },
  "EyeMaterial":"/Game/Art/Character/Modular/Eyes_Human/MIC_Human_Eyes_Brown4.MIC_Human_Eyes_Brown4",
  "Author":"Bethesda",
  "Date":"2025-06-04 19:35:16",
  "Description":"saved from in-game",
  "Name":"BP_CyroninSintav_C",
  "ModCreator":"animandan",
  "ModName":"RaceMenuUtilities",
  "FaceBaseMesh":"/Game/Art/Character/Imperial/SK_Imperial_Head_m.SK_Imperial_Head_m",
  "ModVersion":"1.1.0",
  "Body":"SkeletalMesh /Game/Art/Character/Imperial/SK_Imperial_Body_m.SK_Imperial_Body_m",
  "FaceMorphValuesMap":{
    "Nose Nostrils Thin / Wide":0.78408998250961,
    "Forehead / Sellion / Nose Ratio":-0.049697998911142,
    "Cheekbones Thin / Wide":0.25999999046326,
    "Forehead Small / Large":-0.58211898803711,
    "Chin Recessed / Pronounced":0.0,
    "Brow / Nose / Chin Ratio":0.0,
    "Jaw Thin / Wide":-0.66000002622604,
    "Cheeks Gaunt / Round":0.68909800052643,
    "Chin Backward / Forward":0.0,
    "Chin Thin / Wide":0.56000000238419,
    "Forehead Short / Tall":-0.088255003094673,
    "Face Thin / Wide":0.0,
    "Brow Ridge Inner Down / Up":-0.25999999046326,
    "Mouth Underbite / Overbite":0.0,
    "Mouth Low / High":0.0,
    "Vampire":0.0,
    "Face Gaunt / Round":0.18000000715256,
    "Eyes Small / Large":-0.75170999765396,
    "Mouth Drawn / Pursed":0.69999998807907,
    "Chin Retracted / Jutting":0.0,
    "Nose Tilt Down / Up":0.0,
    "Mouth Small / Large":0.36000001430511,
    "Nose Short / Long":0.25999999046326,
    "Nose Bridge Shallow / Deep":0.27243599295616,
    "Nose Sellion Thin / Wide":0.25999999046326,
    "Mouth Retracted / Protruding":0.0,
    "Nose Sellion Shallow / Deep":0.0,
    "Jaw Retracted / Jutting":0.15184900164604,
    "Nose Sellion Down / Up":0.1117570027709,
    "Eyes Inward / Outward":0.4838280081749,
    "Nose Region Concave / Convex":0.25563511252403,
    "Brow Ridge Outer Down / Up":0.0,
    "Nose Nostrils Small / Large":0.25298184156418,
    "Eyes Apart / Together":0.25999999046326,
    "Nose Nostrils Tilt Down / Up":-0.65494602918625,
    "Nose Flat / Pointed":0.0069083026610315,
    "Mouth Tilt Down / Up":0.0,
    "Jaw Concave / Convex":0.22745500504971,
    "Mouth Sad / Happy":0.60000002384186,
    "Cheekbones Shallow / Pronounced":-0.72457098960876,
    "Face Light / Heavy":0.25999999046326,
    "Nose Down / Up":-0.23052386939526,
    "Chin Short / Tall":0.0,
    "Eyes Down / Up":0.0,
    "Cheeks Concave / Convex":0.2036650031805,
    "Nose Bridge Short / Long":-0.50102800130844,
    "Mouth Chin Short / Long":0.0,
    "Nose Sellion Lower Shallow / Deep":0.10000000149012,
    "Mouth Retracted / Puckered":0.0,
    "Hair Length":0.0,
    "Mouth Deflated / Inflated":0.0,
    "Chin Shallow / Deep":0.0,
    "Jaw Neck Slope Low / High":0.20729799568653,
    "Brow Ridge Low / High":0.0,
    "Cheekbones Low / High":0.0,
    "Forehead Back / Forward":-0.23778900504112,
    "Chin Small / Large":0.0
  },
  "Hair":"/Game/Dev/Phenotypes/Hair/HP_Imperial_HR_Headband.HP_Imperial_HR_Headband",
  "SenescenceLevel":1,
  "APIVersion":"v2",
  "SkinParametersMap":{
    "Complexion":0.0,
    "Eye Sockets Bruised/Bright":0.0,
    "Ombre Constrast":1.0,
    "Skin Tint Purple/Yellow":0.14000000059605,
    "Eye Sockets Dark/Light":0.0,
    "Root Redness":1.0,
    "Naso Small/Large":0.0,
    "Ombre Amount":1.0,
    "Eyebrows Redness Intensity":0.0,
    "Root Color":0.014980999752879,
    "Age":0.0,
    "Lipstick Dark Blue/Light Red":0.0,
    "Lipstick Dark Red/Light Blue":0.0,
    "Eye socket Bruised/Bright":0.0,
    "Freckles":0.0,
    "Eylids Light/Dark":0.0,
    "Eye Socket Dark/Light":0.0,
    "Cheek Blush Light/Red":0.0,
    "Eyebrows Color Intensity":0.60000002384186,
    "Cheekbones Flushed/Pale":0.0,
    "Lipstick Amount":0.0,
    "Skin Tint Orange/Blue":0.0,
    "Eyelids Light/Dark":0.0,
    "Naso Labial Lines Light/Dark":0.0,
    "Tip Redness":1.0,
    "Eyeshadow Light/Dark":0.0,
    "Eyelids Pale/Red":0.0,
    "Tip Color":0.029962999746203,
    "Lips Flushed/Pale":0.0,
    "Eyeliner Light/Dark":0.0,
    "Salt And Pepper":0.0,
    "Skin Dark/Light":0.0
  },
  "Race":"TESRace /Game/Forms/actors/race/Imperial.Imperial",
  "SkinColorsMapL":{
    "Root DyeColor":{
      "A":1.0,
      "R":1.0,
      "G":1.0,
      "B":1.0
    },
    "Eyeliner Tone":{
      "A":1.0,
      "R":1.0,
      "G":1.0,
      "B":1.0
    },
    "Tip DyeColor":{
      "A":1.0,
      "R":0.59895801544189,
      "G":0.10353600233793,
      "B":0.05927199870348
    },
    "Skin Tone":{
      "A":1.0,
      "R":1.0,
      "G":1.0,
      "B":1.0
    },
    "Lipstick Color":{
      "A":1.0,
      "R":1.0,
      "G":1.0,
      "B":1.0
    }
  }
}