{
  "Sex":0,
  "HairColorsL":{
    "1":{
      "A":1.0,
      "R":0.16202937066555,
      "G":0.1046164855361,
      "B":0.061246052384377
    },
    "2":{
      "A":1.0,
      "R":0.16202937066555,
      "G":0.1046164855361,
      "B":0.061246052384377
    },
    "0":{
      "A":1.0,
      "R":0.021219009533525,
      "G":0.01032982300967,
      "B":0.0060488330200315
    }
  },
  "EyeMaterial":"/Game/Art/Character/Modular/Eyes_Human/MIC_Human_Eyes_Brown2.MIC_Human_Eyes_Brown2",
  "SkinColorsMapL":{
    "Root DyeColor":{
      "A":1.0,
      "R":1.0,
      "G":1.0,
      "B":1.0
    },
    "Eyeliner Tone":{
      "A":1.0,
      "R":1.0,
      "G":1.0,
      "B":1.0
    },
    "Tip DyeColor":{
      "A":1.0,
      "R":1.0,
      "G":1.0,
      "B":1.0
    },
    "Skin Tone":{
      "A":1.0,
      "R":0.95833301544189,
      "G":0.8239129781723,
      "B":0.77864599227905
    },
    "Lipstick Color":{
      "A":1.0,
      "R":1.0,
      "G":1.0,
      "B":1.0
    }
  },
  "Date":"2025-06-04 19:33:30",
  "Description":"saved from in-game",
  "Name":"BP_CheydinhalGuardCityPatrolNight01_C",
  "ModCreator":"animandan",
  "ModName":"RaceMenuUtilities",
  "ModVersion":"1.1.0",
  "Mustache":"/Game/Dev/Phenotypes/Mustache/HP_Imperial_MS_Medium.HP_Imperial_MS_Medium",
  "Author":"Bethesda",
  "APIVersion":"v2",
  "Body":"SkeletalMesh /Game/Art/Character/Imperial/SK_Imperial_Body_m.SK_Imperial_Body_m",
  "FaceMorphValuesMap":{
    "Nose Nostrils Thin / Wide":0.0,
    "Forehead / Sellion / Nose Ratio":0.028651570901275,
    "Cheekbones Thin / Wide":-0.053697999566793,
    "Forehead Small / Large":0.23497371375561,
    "Chin Recessed / Pronounced":0.18772856891155,
    "Brow / Nose / Chin Ratio":0.39226067066193,
    "Jaw Thin / Wide":-0.56387597322464,
    "Cheeks Gaunt / Round":-0.098686002194881,
    "Chin Backward / Forward":-0.45578670501709,
    "Chin Thin / Wide":0.13073170185089,
    "Forehead Short / Tall":-0.18346400558949,
    "Face Thin / Wide":0.10624100267887,
    "Brow Ridge Inner Down / Up":-0.26549899578094,
    "Mouth Underbite / Overbite":0.20629787445068,
    "Mouth Low / High":-0.21180978417397,
    "Vampire":0.0,
    "Face Gaunt / Round":0.26560398936272,
    "Eyes Small / Large":-0.4971858561039,
    "Mouth Drawn / Pursed":-0.19037412106991,
    "Chin Retracted / Jutting":-0.12742650508881,
    "Nose Tilt Down / Up":0.0,
    "Mouth Small / Large":-0.67107802629471,
    "Nose Short / Long":0.0,
    "Nose Bridge Shallow / Deep":0.0,
    "Nose Sellion Thin / Wide":0.0,
    "Mouth Retracted / Protruding":-0.046968132257462,
    "Nose Sellion Shallow / Deep":0.0,
    "Jaw Retracted / Jutting":0.096302442252636,
    "Nose Sellion Down / Up":0.0,
    "Eyes Inward / Outward":0.52226597070694,
    "Nose Region Concave / Convex":0.0,
    "Brow Ridge Outer Down / Up":-0.24601100385189,
    "Nose Nostrils Small / Large":0.0,
    "Eyes Apart / Together":0.84916698932648,
    "Nose Nostrils Tilt Down / Up":0.0,
    "Nose Flat / Pointed":0.0,
    "Mouth Tilt Down / Up":0.084045998752117,
    "Jaw Concave / Convex":0.47912299633026,
    "Mouth Sad / Happy":0.09763815253973,
    "Cheekbones Shallow / Pronounced":-0.15024399757385,
    "Face Light / Heavy":-0.017042620107532,
    "Nose Down / Up":-0.77999997138977,
    "Chin Short / Tall":-0.18662099540234,
    "Eyes Down / Up":-0.32741779088974,
    "Cheeks Concave / Convex":0.024081999436021,
    "Nose Bridge Short / Long":0.0,
    "Mouth Chin Short / Long":-0.029458999633789,
    "Nose Sellion Lower Shallow / Deep":0.0,
    "Mouth Retracted / Puckered":-0.32888776063919,
    "Hair Length":0.0,
    "Mouth Deflated / Inflated":0.47283300757408,
    "Chin Shallow / Deep":0.18974120914936,
    "Jaw Neck Slope Low / High":0.04317320510745,
    "Brow Ridge Low / High":-0.46930700540543,
    "Cheekbones Low / High":-0.56189298629761,
    "Forehead Back / Forward":-0.085013002157211,
    "Chin Small / Large":0.010420000180602
  },
  "Hair":"/Game/Dev/Phenotypes/Hair/HP_Nord_HR_BaldPony.HP_Nord_HR_BaldPony",
  "Beard":"/Game/Dev/Phenotypes/Beard/HP_Imperial_BD_Medium.HP_Imperial_BD_Medium",
  "SkinParametersMap":{
    "Complexion":0.5799999833107,
    "Eye Sockets Bruised/Bright":0.0,
    "Ombre Constrast":1.0,
    "Skin Tint Purple/Yellow":0.0,
    "Eye Sockets Dark/Light":0.0,
    "Root Redness":0.5,
    "Naso Small/Large":0.0,
    "Ombre Amount":1.0,
    "Eyebrows Redness Intensity":0.0,
    "Root Color":0.10000000149012,
    "Age":0.0,
    "Lipstick Dark Blue/Light Red":0.0,
    "Lipstick Dark Red/Light Blue":0.0,
    "Eye socket Bruised/Bright":0.0,
    "Freckles":0.62000000476837,
    "Eylids Light/Dark":0.0,
    "Eye Socket Dark/Light":0.0,
    "Cheek Blush Light/Red":0.18000000715256,
    "Eyebrows Color Intensity":0.0,
    "Cheekbones Flushed/Pale":0.0,
    "Lipstick Amount":0.0,
    "Skin Tint Orange/Blue":0.0,
    "Eyelids Light/Dark":0.0,
    "Naso Labial Lines Light/Dark":0.0,
    "Tip Redness":0.5,
    "Eyeshadow Light/Dark":0.0,
    "Eyelids Pale/Red":0.0,
    "Tip Color":0.54000002145767,
    "Lips Flushed/Pale":0.0,
    "Eyeliner Light/Dark":0.0,
    "Salt And Pepper":0.0,
    "Skin Dark/Light":0.18000000715256
  },
  "FaceBaseMesh":"/Game/Art/Character/Imperial/SK_Imperial_Head_m.SK_Imperial_Head_m",
  "Race":"TESRace /Game/Forms/actors/race/Imperial.Imperial",
  "SenescenceLevel":4
}