{
  "ModName":"RaceMenuUtilities",
  "FaceBaseMesh":"/Game/Art/Character/Imperial/SK_Imperial_Head_m.SK_Imperial_Head_m",
  "Author":"Bethesda",
  "Date":"2025-06-04 20:30:53",
  "SkinColorsMapL":{
    "Lipstick Color":{
      "A":1.0,
      "B":1.0,
      "G":1.0,
      "R":1.0
    },
    "Eyeliner Tone":{
      "A":1.0,
      "B":1.0,
      "G":1.0,
      "R":1.0
    },
    "Root DyeColor":{
      "A":1.0,
      "B":1.0,
      "G":1.0,
      "R":1.0
    },
    "Tip DyeColor":{
      "A":1.0,
      "B":0.00025599999935366,
      "G":0.058782998472452,
      "R":0.17464700341225
    },
    "Skin Tone":{
      "A":1.0,
      "B":0.72477197647095,
      "G":0.81036800146103,
      "R":0.953125
    }
  },
  "APIVersion":"v2",
  "FaceMorphValuesMap":{
    "Eyes Small / Large":-0.50619179010391,
    "Jaw Thin / Wide":-0.079813167452812,
    "Brow Ridge Low / High":0.0,
    "Chin Retracted / Jutting":0.61958599090576,
    "Face Thin / Wide":0.4059120118618,
    "Hair Length":0.0,
    "Chin Backward / Forward":0.0,
    "Vampire":0.0,
    "Mouth Underbite / Overbite":0.0,
    "Eyes Inward / Outward":-0.16409014165401,
    "Mouth Sad / Happy":-0.28000000119209,
    "Jaw Retracted / Jutting":-0.33432498574257,
    "Nose Flat / Pointed":0.0,
    "Chin Recessed / Pronounced":0.0,
    "Cheeks Gaunt / Round":0.62444001436234,
    "Forehead Back / Forward":-0.11298507452011,
    "Nose Sellion Down / Up":0.0,
    "Mouth Deflated / Inflated":-0.47999998927116,
    "Mouth Small / Large":0.69999998807907,
    "Nose Tilt Down / Up":0.0,
    "Nose Short / Long":0.0,
    "Mouth Drawn / Pursed":0.5799999833107,
    "Chin Short / Tall":0.0,
    "Nose Sellion Thin / Wide":0.0,
    "Jaw Neck Slope Low / High":0.12539727985859,
    "Cheekbones Shallow / Pronounced":0.10698111355305,
    "Nose Sellion Shallow / Deep":0.0,
    "Mouth Tilt Down / Up":0.0,
    "Brow / Nose / Chin Ratio":0.0,
    "Brow Ridge Outer Down / Up":0.49103999137878,
    "Chin Small / Large":0.02385139465332,
    "Mouth Retracted / Puckered":0.0,
    "Chin Thin / Wide":0.0,
    "Nose Nostrils Tilt Down / Up":0.0,
    "Face Gaunt / Round":-0.50819462537766,
    "Cheekbones Thin / Wide":0.084018997848034,
    "Forehead / Sellion / Nose Ratio":-0.14352163672447,
    "Cheekbones Low / High":0.018972620368004,
    "Nose Bridge Short / Long":0.31999999284744,
    "Forehead Short / Tall":-0.027634000405669,
    "Nose Bridge Shallow / Deep":0.40000000596046,
    "Mouth Chin Short / Long":0.0,
    "Face Light / Heavy":-0.48027792572975,
    "Nose Region Concave / Convex":0.0,
    "Mouth Retracted / Protruding":0.0,
    "Cheeks Concave / Convex":-0.48395475745201,
    "Nose Nostrils Small / Large":0.0,
    "Jaw Concave / Convex":0.22284600138664,
    "Nose Down / Up":0.0,
    "Mouth Low / High":0.0,
    "Eyes Down / Up":0.44834199547768,
    "Chin Shallow / Deep":-0.10607100278139,
    "Eyes Apart / Together":0.56046599149704,
    "Brow Ridge Inner Down / Up":0.10797502100468,
    "Nose Sellion Lower Shallow / Deep":0.0,
    "Nose Nostrils Thin / Wide":0.0,
    "Forehead Small / Large":0.069332003593445
  },
  "EyeMaterial":"/Game/Art/Character/Modular/Eyes_Human/MIC_Human_Eyes_Green2.MIC_Human_Eyes_Green2",
  "HairColorsL":{
    "0":{
      "A":1.0,
      "B":1.0,
      "G":1.0,
      "R":1.0
    }
  },
  "SkinParametersMap":{
    "Eylids Light/Dark":0.0,
    "Ombre Amount":1.0,
    "Complexion":0.40000000596046,
    "Lipstick Dark Red/Light Blue":0.0,
    "Eyeshadow Light/Dark":0.0,
    "Root Color":0.014980999752879,
    "Skin Tint Orange/Blue":0.0,
    "Eyelids Light/Dark":0.0,
    "Naso Small/Large":0.0,
    "Tip Redness":1.0,
    "Skin Tint Purple/Yellow":0.0,
    "Lipstick Amount":0.0,
    "Cheek Blush Light/Red":0.30000001192093,
    "Root Redness":1.0,
    "Lips Flushed/Pale":0.0,
    "Ombre Constrast":1.0,
    "Tip Color":0.22996300458908,
    "Eye Sockets Bruised/Bright":0.0,
    "Freckles":0.0,
    "Cheekbones Flushed/Pale":0.9200000166893,
    "Eyebrows Color Intensity":0.0,
    "Naso Labial Lines Light/Dark":0.0,
    "Lipstick Dark Blue/Light Red":0.0,
    "Eye Socket Dark/Light":0.0,
    "Eye socket Bruised/Bright":0.0,
    "Salt And Pepper":0.0,
    "Eyebrows Redness Intensity":0.0,
    "Eyeliner Light/Dark":0.0,
    "Age":0.0,
    "Skin Dark/Light":0.0,
    "Eyelids Pale/Red":0.0,
    "Eye Sockets Dark/Light":0.0
  },
  "SenescenceLevel":2,
  "Sex":0,
  "Description":"saved from in-game",
  "ModCreator":"animandan",
  "ModVersion":"1.1.0",
  "Hair":"/Game/Dev/Phenotypes/Hair/HP_HR_Cropped.HP_HR_Cropped",
  "Name":"BP_CheydinhalGuardCityPostDay03_C",
  "Race":"TESRace /Game/Forms/actors/race/Imperial.Imperial",
  "Body":"SkeletalMesh /Game/Art/Character/Imperial/SK_Imperial_Body_m.SK_Imperial_Body_m"
}