{
  "Race":"TESRace /Game/Forms/actors/race/Imperial.Imperial",
  "FaceBaseMesh":"/Game/Art/Character/Imperial/SK_Imperial_Head_m.SK_Imperial_Head_m",
  "Date":"2025-06-04 18:36:58",
  "HairColorsL":{
    "1":{
      "B":0.084376208484173,
      "G":0.14412847161293,
      "R":0.22322796285152,
      "A":1.0
    },
    "2":{
      "B":0.084376208484173,
      "G":0.14412847161293,
      "R":0.22322796285152,
      "A":1.0
    },
    "0":{
      "B":0.0060488330200315,
      "G":0.01032982300967,
      "R":0.021219009533525,
      "A":1.0
    }
  },
  "SkinParametersMap":{
    "Cheekbones Flushed/Pale":0.40000000596046,
    "Eyelids Pale/Red":0.0,
    "Lipstick Dark Blue/Light Red":0.0,
    "Skin Tint Purple/Yellow":0.10000000149012,
    "Lipstick Dark Red/Light Blue":0.0,
    "Ombre Amount":1.0,
    "Cheek Blush Light/Red":0.0,
    "Skin Dark/Light":0.0,
    "Eyelids Light/Dark":0.0,
    "Eyeshadow Light/Dark":0.0,
    "Ombre Constrast":1.0,
    "Complexion":0.56000000238419,
    "Salt And Pepper":0.0,
    "Eye socket Bruised/Bright":0.0,
    "Lips Flushed/Pale":0.0,
    "Eye Sockets Dark/Light":0.0,
    "Root Redness":0.5,
    "Eyebrows Color Intensity":0.40000000596046,
    "Lipstick Amount":0.0,
    "Eyebrows Redness Intensity":0.0,
    "Naso Small/Large":0.0,
    "Freckles":0.0,
    "Root Color":0.10000000149012,
    "Eye Socket Dark/Light":0.0,
    "Eyeliner Light/Dark":0.0,
    "Tip Color":0.5799999833107,
    "Eylids Light/Dark":0.0,
    "Naso Labial Lines Light/Dark":0.0,
    "Skin Tint Orange/Blue":0.0,
    "Eye Sockets Bruised/Bright":0.0,
    "Tip Redness":0.5,
    "Age":0.0
  },
  "Sex":0,
  "FaceMorphValuesMap":{
    "Hair Length":0.0,
    "Vampire":0.0,
    "Nose Sellion Down / Up":0.0,
    "Forehead Back / Forward":0.25657999515533,
    "Mouth Deflated / Inflated":0.81999999284744,
    "Chin Backward / Forward":0.0,
    "Eyes Apart / Together":0.47999998927116,
    "Nose Tilt Down / Up":0.0,
    "Mouth Sad / Happy":0.0,
    "Brow Ridge Outer Down / Up":-0.070728197693825,
    "Nose Sellion Thin / Wide":0.0,
    "Nose Short / Long":0.30000001192093,
    "Nose Sellion Shallow / Deep":0.62000000476837,
    "Brow / Nose / Chin Ratio":0.0,
    "Chin Small / Large":0.0,
    "Nose Flat / Pointed":0.51999998092651,
    "Jaw Thin / Wide":-0.62799102067947,
    "Nose Nostrils Tilt Down / Up":0.0,
    "Eyes Inward / Outward":0.29435300827026,
    "Cheekbones Shallow / Pronounced":-0.42872899770737,
    "Nose Nostrils Thin / Wide":0.62000000476837,
    "Chin Shallow / Deep":0.0,
    "Nose Down / Up":0.47999998927116,
    "Nose Bridge Short / Long":0.62000000476837,
    "Mouth Tilt Down / Up":0.0,
    "Chin Thin / Wide":-0.65999901294708,
    "Face Light / Heavy":-0.41442200541496,
    "Mouth Chin Short / Long":0.0,
    "Jaw Concave / Convex":0.43006330728531,
    "Brow Ridge Low / High":0.42254000902176,
    "Chin Recessed / Pronounced":0.0,
    "Cheeks Gaunt / Round":0.03999999910593,
    "Face Thin / Wide":0.28915199637413,
    "Eyes Down / Up":0.69450902938843,
    "Jaw Retracted / Jutting":-0.24085047841072,
    "Chin Short / Tall":0.0,
    "Jaw Neck Slope Low / High":0.13305774331093,
    "Nose Bridge Shallow / Deep":0.0,
    "Mouth Retracted / Protruding":0.0,
    "Cheekbones Thin / Wide":0.0,
    "Mouth Low / High":0.0,
    "Mouth Retracted / Puckered":0.0,
    "Mouth Small / Large":0.23999999463558,
    "Forehead Short / Tall":-0.0116360001266,
    "Nose Nostrils Small / Large":0.0,
    "Chin Retracted / Jutting":0.56000000238419,
    "Forehead Small / Large":-0.30000001192093,
    "Cheekbones Low / High":0.071517921984196,
    "Eyes Small / Large":-0.65256500244141,
    "Cheeks Concave / Convex":0.0,
    "Brow Ridge Inner Down / Up":0.12005340307951,
    "Nose Sellion Lower Shallow / Deep":0.0,
    "Face Gaunt / Round":0.51885998249054,
    "Mouth Underbite / Overbite":0.0,
    "Nose Region Concave / Convex":0.0,
    "Forehead / Sellion / Nose Ratio":-0.29235869646072,
    "Mouth Drawn / Pursed":0.0
  },
  "Mustache":"/Game/Dev/Phenotypes/Mustache/HP_Imperial_MS_Medium.HP_Imperial_MS_Medium",
  "ModCreator":"animandan",
  "SkinColorsMapL":{
    "Lipstick Color":{
      "B":1.0,
      "G":1.0,
      "R":1.0,
      "A":1.0
    },
    "Tip DyeColor":{
      "B":1.0,
      "G":1.0,
      "R":1.0,
      "A":1.0
    },
    "Root DyeColor":{
      "B":1.0,
      "G":1.0,
      "R":1.0,
      "A":1.0
    },
    "Eyeliner Tone":{
      "B":1.0,
      "G":1.0,
      "R":1.0,
      "A":1.0
    },
    "Skin Tone":{
      "B":0.7358809709549,
      "G":0.87910097837448,
      "R":0.96354198455811,
      "A":1.0
    }
  },
  "ModVersion":"1.1.0",
  "EyeMaterial":"/Game/Art/Character/Modular/Eyes_Human/MIC_Human_Eyes_Brown2.MIC_Human_Eyes_Brown2",
  "ModName":"RaceMenuUtilities",
  "Body":"SkeletalMesh /Game/Art/Character/Imperial/SK_Imperial_Body_m.SK_Imperial_Body_m",
  "Description":"saved from in-game",
  "SenescenceLevel":0,
  "APIVersion":"v2",
  "Author":"Bethesda",
  "Hair":"/Game/Dev/Phenotypes/Hair/HP_HR_Ponytail.HP_HR_Ponytail",
  "Beard":"/Game/Dev/Phenotypes/Beard/HP_Imperial_BD_Goatee.HP_Imperial_BD_Goatee",
  "Name":"BP_ChorrolGuardPatrolDay03_C"
}