{
  "Sex":0,
  "HairColorsL":{
    "0":{
      "A":1.0,
      "R":0.021219009533525,
      "G":0.01032982300967,
      "B":0.0060488330200315
    }
  },
  "EyeMaterial":"/Game/Art/Character/Modular/Eyes_Human/MIC_Human_Eyes_Brown2.MIC_Human_Eyes_Brown2",
  "Author":"Bethesda",
  "Date":"2025-06-04 19:33:30",
  "Description":"saved from in-game",
  "Name":"BP_CheydinhalGuardCityPostNight01_C",
  "ModCreator":"animandan",
  "ModName":"RaceMenuUtilities",
  "FaceBaseMesh":"/Game/Art/Character/Imperial/SK_Imperial_Head_m.SK_Imperial_Head_m",
  "ModVersion":"1.1.0",
  "Body":"SkeletalMesh /Game/Art/Character/Imperial/SK_Imperial_Body_m.SK_Imperial_Body_m",
  "FaceMorphValuesMap":{
    "Nose Nostrils Thin / Wide":0.72000002861023,
    "Forehead / Sellion / Nose Ratio":0.2963028550148,
    "Cheekbones Thin / Wide":0.1935880035162,
    "Forehead Small / Large":-0.058663219213486,
    "Chin Recessed / Pronounced":0.0,
    "Brow / Nose / Chin Ratio":0.23643399775028,
    "Jaw Thin / Wide":-0.27403169870377,
    "Cheeks Gaunt / Round":0.52581602334976,
    "Chin Backward / Forward":0.28000000119209,
    "Chin Thin / Wide":0.0,
    "Forehead Short / Tall":-0.069514997303486,
    "Face Thin / Wide":-0.34666177630424,
    "Brow Ridge Inner Down / Up":-0.53459298610687,
    "Mouth Underbite / Overbite":0.0,
    "Mouth Low / High":-0.66367298364639,
    "Vampire":0.0,
    "Face Gaunt / Round":0.1106178984046,
    "Eyes Small / Large":-0.59891700744629,
    "Mouth Drawn / Pursed":0.15131376683712,
    "Chin Retracted / Jutting":0.059999998658895,
    "Nose Tilt Down / Up":0.0,
    "Mouth Small / Large":-0.17500922083855,
    "Nose Short / Long":0.0,
    "Nose Bridge Shallow / Deep":0.30000001192093,
    "Nose Sellion Thin / Wide":0.0,
    "Mouth Retracted / Protruding":-0.1632517427206,
    "Nose Sellion Shallow / Deep":0.0,
    "Jaw Retracted / Jutting":-0.026175320148468,
    "Nose Sellion Down / Up":0.0,
    "Eyes Inward / Outward":0.50953197479248,
    "Nose Region Concave / Convex":0.0,
    "Brow Ridge Outer Down / Up":0.30913400650024,
    "Nose Nostrils Small / Large":0.0,
    "Eyes Apart / Together":0.83764201402664,
    "Nose Nostrils Tilt Down / Up":0.0,
    "Nose Flat / Pointed":0.5199990272522,
    "Mouth Tilt Down / Up":-0.21214509010315,
    "Jaw Concave / Convex":-0.19958251714706,
    "Mouth Sad / Happy":0.39519798755646,
    "Cheekbones Shallow / Pronounced":-0.18548719584942,
    "Face Light / Heavy":0.23120500147343,
    "Nose Down / Up":-0.74000000953674,
    "Chin Short / Tall":0.0,
    "Eyes Down / Up":-0.15908800065517,
    "Cheeks Concave / Convex":-0.42223677039146,
    "Nose Bridge Short / Long":0.66000002622604,
    "Mouth Chin Short / Long":0.0,
    "Nose Sellion Lower Shallow / Deep":0.0,
    "Mouth Retracted / Puckered":-0.16175700724125,
    "Hair Length":0.0,
    "Mouth Deflated / Inflated":0.44792976975441,
    "Chin Shallow / Deep":0.0,
    "Jaw Neck Slope Low / High":0.1625067293644,
    "Brow Ridge Low / High":0.0,
    "Cheekbones Low / High":0.046776331961155,
    "Forehead Back / Forward":0.23344722390175,
    "Chin Small / Large":0.0
  },
  "Hair":"/Game/Dev/Phenotypes/Hair/HP_New_HR_Receding.HP_New_HR_Receding",
  "SenescenceLevel":3,
  "APIVersion":"v2",
  "SkinParametersMap":{
    "Complexion":0.0,
    "Cheek Blush Light/Red":0.0,
    "Eyebrows Color Intensity":0.0,
    "Eye socket Bruised/Bright":0.0,
    "Lipstick Amount":0.0,
    "Root Redness":0.0,
    "Freckles":0.0,
    "Cheekbones Flushed/Pale":0.0,
    "Eyebrows Redness Intensity":0.0,
    "Root Color":0.0,
    "Eyelids Pale/Red":0.0,
    "Tip Color":0.0,
    "Tip Redness":0.0,
    "Ombre Amount":0.0,
    "Salt And Pepper":0.35955101251602,
    "Ombre Constrast":0.0
  },
  "Race":"TESRace /Game/Forms/actors/race/Imperial.Imperial",
  "SkinColorsMapL":{
    "Root DyeColor":{
      "A":1.0,
      "R":0.0047769998200238,
      "G":0.0012140000471845,
      "B":0.0
    },
    "Eyeliner Tone":{
      "A":1.0,
      "R":1.0,
      "G":1.0,
      "B":1.0
    },
    "Tip DyeColor":{
      "A":1.0,
      "R":0.10702300071716,
      "G":0.034340001642704,
      "B":0.0056050000712276
    },
    "Skin Tone":{
      "A":1.0,
      "R":1.0,
      "G":1.0,
      "B":1.0
    },
    "Lipstick Color":{
      "A":1.0,
      "R":0.093058958649635,
      "G":0.0009105809731409,
      "B":0.0097212167456746
    }
  }
}