{
  "Sex":0,
  "HairColorsL":{
    "1":{
      "A":1.0,
      "R":0.16202937066555,
      "G":0.1046164855361,
      "B":0.061246052384377
    },
    "2":{
      "A":1.0,
      "R":0.012286487966776,
      "G":0.0074990317225456,
      "B":0.0036765071563423
    },
    "0":{
      "A":1.0,
      "R":0.021219009533525,
      "G":0.01032982300967,
      "B":0.0060488330200315
    }
  },
  "EyeMaterial":"/Game/Art/Character/Modular/Eyes_Human/MIC_Human_Eyes_Brown2.MIC_Human_Eyes_Brown2",
  "Author":"Bethesda",
  "Date":"2025-06-04 19:33:30",
  "Description":"saved from in-game",
  "Name":"BP_CheydinhalGuardCityPostDay01_C",
  "ModCreator":"animandan",
  "ModName":"RaceMenuUtilities",
  "FaceBaseMesh":"/Game/Art/Character/Imperial/SK_Imperial_Head_m.SK_Imperial_Head_m",
  "ModVersion":"1.1.0",
  "Body":"SkeletalMesh /Game/Art/Character/Imperial/SK_Imperial_Body_m.SK_Imperial_Body_m",
  "FaceMorphValuesMap":{
    "Nose Nostrils Thin / Wide":0.0,
    "Forehead / Sellion / Nose Ratio":0.14388203620911,
    "Cheekbones Thin / Wide":0.36049699783325,
    "Forehead Small / Large":-0.28684815764427,
    "Chin Recessed / Pronounced":0.32565730810165,
    "Brow / Nose / Chin Ratio":0.0,
    "Jaw Thin / Wide":0.0,
    "Cheeks Gaunt / Round":0.0018149999668822,
    "Chin Backward / Forward":-0.47568693757057,
    "Chin Thin / Wide":0.0,
    "Forehead Short / Tall":0.20158779621124,
    "Face Thin / Wide":-0.55159997940063,
    "Brow Ridge Inner Down / Up":0.39479798078537,
    "Mouth Underbite / Overbite":0.0,
    "Mouth Low / High":0.0,
    "Vampire":0.0,
    "Face Gaunt / Round":0.2350891828537,
    "Eyes Small / Large":-0.59407299757004,
    "Mouth Drawn / Pursed":0.40000000596046,
    "Chin Retracted / Jutting":0.033968552947044,
    "Nose Tilt Down / Up":0.0,
    "Mouth Small / Large":0.30000001192093,
    "Nose Short / Long":0.0,
    "Nose Bridge Shallow / Deep":0.0,
    "Nose Sellion Thin / Wide":0.0,
    "Mouth Retracted / Protruding":0.0,
    "Nose Sellion Shallow / Deep":0.0,
    "Jaw Retracted / Jutting":-0.078171156346798,
    "Nose Sellion Down / Up":0.0,
    "Eyes Inward / Outward":0.327751994133,
    "Nose Region Concave / Convex":0.0,
    "Brow Ridge Outer Down / Up":0.41422501206398,
    "Nose Nostrils Small / Large":0.0,
    "Eyes Apart / Together":0.56186002492905,
    "Nose Nostrils Tilt Down / Up":0.0,
    "Nose Flat / Pointed":0.0,
    "Mouth Tilt Down / Up":0.0,
    "Jaw Concave / Convex":-0.066021002829075,
    "Mouth Sad / Happy":-0.21999999880791,
    "Cheekbones Shallow / Pronounced":0.11615488678217,
    "Face Light / Heavy":0.26477900147438,
    "Nose Down / Up":0.0,
    "Chin Short / Tall":0.0,
    "Eyes Down / Up":0.14137956500053,
    "Cheeks Concave / Convex":0.14651112258434,
    "Nose Bridge Short / Long":0.0,
    "Mouth Chin Short / Long":0.0,
    "Nose Sellion Lower Shallow / Deep":0.0,
    "Mouth Retracted / Puckered":0.0,
    "Hair Length":0.0,
    "Mouth Deflated / Inflated":-0.14000000059605,
    "Chin Shallow / Deep":0.37443560361862,
    "Jaw Neck Slope Low / High":0.29820200800896,
    "Brow Ridge Low / High":-0.48315298557281,
    "Cheekbones Low / High":0.082976005971432,
    "Forehead Back / Forward":0.1165647059679,
    "Chin Small / Large":0.0
  },
  "Hair":"/Game/Dev/Phenotypes/Hair/HP_Imperial_HR_Headband.HP_Imperial_HR_Headband",
  "SenescenceLevel":4,
  "APIVersion":"v2",
  "SkinParametersMap":{
    "Complexion":0.43999999761581,
    "Eye Sockets Bruised/Bright":0.0,
    "Ombre Constrast":1.0,
    "Skin Tint Purple/Yellow":0.21999999880791,
    "Eye Sockets Dark/Light":0.0,
    "Root Redness":0.5,
    "Naso Small/Large":0.0,
    "Ombre Amount":1.0,
    "Eyebrows Redness Intensity":0.0,
    "Root Color":0.10000000149012,
    "Age":0.0,
    "Lipstick Dark Blue/Light Red":0.0,
    "Lipstick Dark Red/Light Blue":0.0,
    "Eye socket Bruised/Bright":0.0,
    "Freckles":0.0,
    "Eylids Light/Dark":0.0,
    "Eye Socket Dark/Light":0.0,
    "Cheek Blush Light/Red":0.0,
    "Eyebrows Color Intensity":0.5,
    "Cheekbones Flushed/Pale":0.80000001192093,
    "Lipstick Amount":0.0,
    "Skin Tint Orange/Blue":0.079999998211861,
    "Eyelids Light/Dark":0.0,
    "Naso Labial Lines Light/Dark":0.0,
    "Tip Redness":1.0,
    "Eyeshadow Light/Dark":0.0,
    "Eyelids Pale/Red":0.0,
    "Tip Color":0.5,
    "Lips Flushed/Pale":0.0,
    "Eyeliner Light/Dark":0.0,
    "Salt And Pepper":0.0,
    "Skin Dark/Light":0.0
  },
  "Race":"TESRace /Game/Forms/actors/race/Imperial.Imperial",
  "SkinColorsMapL":{
    "Root DyeColor":{
      "A":1.0,
      "R":1.0,
      "G":1.0,
      "B":1.0
    },
    "Eyeliner Tone":{
      "A":1.0,
      "R":1.0,
      "G":1.0,
      "B":1.0
    },
    "Tip DyeColor":{
      "A":1.0,
      "R":1.0,
      "G":1.0,
      "B":1.0
    },
    "Skin Tone":{
      "A":1.0,
      "R":1.0,
      "G":0.96324002742767,
      "B":0.77604198455811
    },
    "Lipstick Color":{
      "A":1.0,
      "R":1.0,
      "G":1.0,
      "B":1.0
    }
  }
}