{
  "Race":"TESRace /Game/Forms/actors/race/Redguard.Redguard",
  "FaceBaseMesh":"/Game/Art/Character/Redguard/SK_Redguard_Head_f.SK_Redguard_Head_f",
  "Date":"2025-06-04 18:35:44",
  "HairColorsL":{
    "0":{
      "B":0.0,
      "G":0.0,
      "R":0.0,
      "A":1.0
    }
  },
  "SkinParametersMap":{
    "Cheekbones Flushed/Pale":0.0,
    "Eyelids Pale/Red":0.0,
    "Eyebrows Redness Intensity":0.0,
    "Lipstick Amount":0.79026198387146,
    "Cheek Blush Light/Red":0.0,
    "Khajiit Pattern Number":0.0,
    "Complexion":0.17977499961853,
    "Salt And Pepper":0.0,
    "Eye socket Bruised/Bright":0.0,
    "Freckles":0.0,
    "Root Color":0.0,
    "Root Redness":0.0,
    "Tip Color":0.0,
    "Ombre Constrast":0.0,
    "Ombre Amount":0.0,
    "Tip Redness":0.0,
    "Eyebrows Color Intensity":0.59925097227097
  },
  "Sex":1,
  "FaceMorphValuesMap":{
    "Hair Length":0.0,
    "Vampire":0.0,
    "Nose Sellion Down / Up":-0.059999998658895,
    "Forehead Back / Forward":0.15999999642372,
    "Mouth Deflated / Inflated":0.23999899625778,
    "Chin Backward / Forward":0.0,
    "Eyes Apart / Together":0.14000000059605,
    "Nose Tilt Down / Up":0.25999900698662,
    "Mouth Sad / Happy":0.41999998688698,
    "Brow Ridge Outer Down / Up":0.0,
    "Nose Sellion Thin / Wide":0.60000002384186,
    "Nose Short / Long":0.21999999880791,
    "Nose Sellion Shallow / Deep":0.0,
    "Brow / Nose / Chin Ratio":0.11999999731779,
    "Chin Small / Large":0.40000000596046,
    "Nose Flat / Pointed":0.19999900460243,
    "Jaw Thin / Wide":0.0,
    "Nose Nostrils Tilt Down / Up":0.31999999284744,
    "Eyes Inward / Outward":0.0,
    "Cheekbones Shallow / Pronounced":-0.83999902009964,
    "Nose Nostrils Thin / Wide":0.18000000715256,
    "Chin Shallow / Deep":0.18000000715256,
    "Nose Down / Up":-0.059999998658895,
    "Nose Bridge Short / Long":0.23999999463558,
    "Mouth Tilt Down / Up":0.030411999672651,
    "Chin Thin / Wide":0.47999998927116,
    "Face Light / Heavy":0.41999998688698,
    "Mouth Chin Short / Long":0.0,
    "Jaw Concave / Convex":0.0,
    "Brow Ridge Low / High":0.36000001430511,
    "Chin Recessed / Pronounced":0.10389599949121,
    "Cheeks Gaunt / Round":0.059999998658895,
    "Face Thin / Wide":0.10000000149012,
    "Eyes Down / Up":-0.34000000357628,
    "Jaw Retracted / Jutting":0.0,
    "Chin Short / Tall":-0.3199990093708,
    "Jaw Neck Slope Low / High":0.0,
    "Nose Bridge Shallow / Deep":0.37999999523163,
    "Mouth Retracted / Protruding":-0.30000001192093,
    "Cheekbones Thin / Wide":-0.20000000298023,
    "Mouth Low / High":0.0,
    "Mouth Retracted / Puckered":-0.1039709970355,
    "Mouth Small / Large":0.079999998211861,
    "Forehead Short / Tall":0.34000098705292,
    "Nose Nostrils Small / Large":0.0,
    "Chin Retracted / Jutting":0.019999999552965,
    "Forehead Small / Large":0.0,
    "Cheekbones Low / High":0.62000000476837,
    "Eyes Small / Large":0.60000002384186,
    "Cheeks Concave / Convex":0.15999899804592,
    "Brow Ridge Inner Down / Up":0.0,
    "Nose Sellion Lower Shallow / Deep":0.25999999046326,
    "Face Gaunt / Round":0.11999999731779,
    "Mouth Underbite / Overbite":0.20000000298023,
    "Nose Region Concave / Convex":-0.35999900102615,
    "Forehead / Sellion / Nose Ratio":0.0,
    "Mouth Drawn / Pursed":0.37999999523163
  },
  "Author":"Bethesda",
  "SkinColorsMapL":{
    "Lipstick Color":{
      "B":0.0097212167456746,
      "G":0.0009105809731409,
      "R":0.093058958649635,
      "A":1.0
    },
    "Tip DyeColor":{
      "B":0.025459000840783,
      "G":0.15597599744797,
      "R":0.48611098527908,
      "A":1.0
    },
    "Root DyeColor":{
      "B":0.0056050000712276,
      "G":0.034340001642704,
      "R":0.10702300071716,
      "A":1.0
    },
    "Skin Tone":{
      "B":1.0,
      "G":1.0,
      "R":1.0,
      "A":1.0
    },
    "Eyeliner Tone":{
      "B":0.27083298563957,
      "G":0.27083298563957,
      "R":0.27083298563957,
      "A":1.0
    }
  },
  "ModVersion":"1.1.0",
  "EyeMaterial":"/Game/Art/Character/Modular/Eyes_Human/MIC_Human_Eyes_Brown2.MIC_Human_Eyes_Brown2",
  "Body":"SkeletalMesh /Game/Art/Character/Imperial/SK_Imperial_Body_m.SK_Imperial_Body_m",
  "Description":"saved from in-game",
  "SenescenceLevel":3,
  "APIVersion":"v2",
  "ModCreator":"animandan",
  "ModName":"RaceMenuUtilities",
  "Hair":"/Game/Dev/Phenotypes/Hair/HP_Redguard_HR_Afro.HP_Redguard_HR_Afro",
  "Name":"BP_Chanel_C"
}