{
  "Name":"BP_CGMythicDawnAssassin03_C",
  "Sex":0,
  "SkinColorsMapL":{
    "Root DyeColor":{
      "A":1.0,
      "B":1.0,
      "G":1.0,
      "R":1.0
    },
    "Lipstick Color":{
      "A":1.0,
      "B":1.0,
      "G":1.0,
      "R":1.0
    },
    "Eyeliner Tone":{
      "A":1.0,
      "B":1.0,
      "G":1.0,
      "R":1.0
    },
    "Skin Tone":{
      "A":1.0,
      "B":0.88653701543808,
      "G":0.95039802789688,
      "R":1.0
    },
    "Tip DyeColor":{
      "A":1.0,
      "B":1.0,
      "G":1.0,
      "R":1.0
    }
  },
  "ModName":"RaceMenuUtilities",
  "FaceMorphValuesMap":{
    "Nose Nostrils Tilt Down / Up":-0.30939221382141,
    "Brow Ridge Outer Down / Up":-0.50864601135254,
    "Chin Shallow / Deep":0.037443000823259,
    "Mouth Chin Short / Long":-0.2000380307436,
    "Mouth Retracted / Protruding":-0.042054999619722,
    "Face Gaunt / Round":-0.27992260456085,
    "Eyes Down / Up":-0.31850790977478,
    "Mouth Drawn / Pursed":0.39035201072693,
    "Brow Ridge Inner Down / Up":-0.49206799268723,
    "Brow Ridge Low / High":-0.43999999761581,
    "Mouth Retracted / Puckered":-0.36231398582458,
    "Cheeks Concave / Convex":0.13991242647171,
    "Hair Length":0.0,
    "Eyes Apart / Together":0.43262401223183,
    "Jaw Neck Slope Low / High":0.1343239992857,
    "Jaw Thin / Wide":-0.44315600395203,
    "Vampire":0.0,
    "Nose Bridge Short / Long":0.14617499709129,
    "Forehead / Sellion / Nose Ratio":0.65571802854538,
    "Chin Thin / Wide":0.089957132935524,
    "Cheekbones Low / High":-0.19914500415325,
    "Nose Flat / Pointed":-0.200429007411,
    "Nose Sellion Shallow / Deep":0.0,
    "Nose Tilt Down / Up":-0.25999999046326,
    "Chin Backward / Forward":0.016501354053617,
    "Forehead Short / Tall":0.10101400315762,
    "Face Light / Heavy":-0.14978651702404,
    "Nose Sellion Down / Up":-0.10075999796391,
    "Nose Region Concave / Convex":0.44233000278473,
    "Cheeks Gaunt / Round":-0.15448302030563,
    "Chin Short / Tall":0.071822457015514,
    "Cheekbones Shallow / Pronounced":-0.038812000304461,
    "Nose Sellion Thin / Wide":0.46000000834465,
    "Nose Nostrils Small / Large":0.28383401036263,
    "Nose Down / Up":-0.29095855355263,
    "Cheekbones Thin / Wide":0.10324700176716,
    "Mouth Deflated / Inflated":0.1351930052042,
    "Chin Recessed / Pronounced":0.00039299999480136,
    "Brow / Nose / Chin Ratio":-0.10302827507257,
    "Nose Bridge Shallow / Deep":0.55628401041031,
    "Mouth Underbite / Overbite":-0.053382001817226,
    "Chin Small / Large":0.32814583182335,
    "Face Thin / Wide":0.031111389398575,
    "Nose Nostrils Thin / Wide":-0.79639202356339,
    "Nose Short / Long":0.0,
    "Jaw Retracted / Jutting":-0.57852983474731,
    "Jaw Concave / Convex":0.16445091366768,
    "Mouth Sad / Happy":0.0093940002843738,
    "Eyes Inward / Outward":0.052011977881193,
    "Mouth Low / High":0.16223356127739,
    "Mouth Tilt Down / Up":-0.085786998271942,
    "Nose Sellion Lower Shallow / Deep":0.0,
    "Chin Retracted / Jutting":-0.020303137600422,
    "Forehead Small / Large":0.17939229309559,
    "Mouth Small / Large":-0.041577998548746,
    "Forehead Back / Forward":-0.2474260032177,
    "Eyes Small / Large":-0.76247298717499
  },
  "Body":"SkeletalMesh /Game/Art/Character/Imperial/SK_Imperial_Body_m.SK_Imperial_Body_m",
  "HairColorsL":{
    "1":{
      "A":1.0,
      "B":0.08398400247097,
      "G":0.1452250033617,
      "R":0.22395800054073
    },
    "2":{
      "A":1.0,
      "B":0.061246052384377,
      "G":0.1046164855361,
      "R":0.16202937066555
    },
    "0":{
      "A":1.0,
      "B":1.0,
      "G":1.0,
      "R":1.0
    }
  },
  "APIVersion":"v2",
  "Author":"Bethesda",
  "Race":"TESRace /Game/Forms/actors/race/Imperial.Imperial",
  "FaceBaseMesh":"/Game/Art/Character/Imperial/SK_Imperial_Head_m.SK_Imperial_Head_m",
  "SkinParametersMap":{
    "Eyeliner Light/Dark":0.0,
    "Eyeshadow Light/Dark":0.0,
    "Salt And Pepper":0.0,
    "Eylids Light/Dark":0.0,
    "Root Redness":0.5,
    "Skin Tint Purple/Yellow":0.0,
    "Skin Dark/Light":0.0,
    "Eyelids Light/Dark":0.0,
    "Eye Socket Dark/Light":0.0,
    "Eye Sockets Dark/Light":0.0,
    "Skin Tint Orange/Blue":0.0,
    "Tip Redness":0.5,
    "Ombre Amount":1.0,
    "Eye socket Bruised/Bright":0.0,
    "Tip Color":0.56000000238419,
    "Complexion":0.68000000715256,
    "Root Color":0.10000000149012,
    "Eye Sockets Bruised/Bright":0.0,
    "Naso Small/Large":0.0,
    "Lipstick Amount":0.0,
    "Freckles":0.0,
    "Lips Flushed/Pale":0.0,
    "Cheekbones Flushed/Pale":0.80000001192093,
    "Eyelids Pale/Red":0.0,
    "Eyebrows Redness Intensity":0.0,
    "Cheek Blush Light/Red":0.0,
    "Ombre Constrast":1.0,
    "Eyebrows Color Intensity":0.0,
    "Age":0.0,
    "Lipstick Dark Blue/Light Red":0.0,
    "Naso Labial Lines Light/Dark":0.0,
    "Lipstick Dark Red/Light Blue":0.0
  },
  "Description":"saved from in-game",
  "Hair":"/Game/Dev/Phenotypes/Hair/HP_HR_Cropped.HP_HR_Cropped",
  "Beard":"/Game/Dev/Phenotypes/Beard/HP_Imperial_BD_Scruffy.HP_Imperial_BD_Scruffy",
  "ModCreator":"animandan",
  "ModVersion":"1.1.0",
  "Mustache":"/Game/Dev/Phenotypes/Mustache/HP_Imperial_MS_Medium.HP_Imperial_MS_Medium",
  "Date":"2025-06-07 14:37:39",
  "SenescenceLevel":2
}