{
  "ModName":"RaceMenuUtilities",
  "FaceBaseMesh":"/Game/Art/Character/HighElf/SK_HighElf_Head_f.SK_HighElf_Head_f",
  "Author":"Bethesda",
  "Date":"2025-06-04 20:30:54",
  "SkinColorsMapL":{
    "Lipstick Color":{
      "A":1.0,
      "B":1.0,
      "G":1.0,
      "R":1.0
    },
    "Eyeliner Tone":{
      "A":1.0,
      "B":0.070360094308853,
      "G":0.18447498977184,
      "R":0.30946892499924
    },
    "Root DyeColor":{
      "A":1.0,
      "B":1.0,
      "G":1.0,
      "R":1.0
    },
    "Tip DyeColor":{
      "A":1.0,
      "B":1.0,
      "G":1.0,
      "R":1.0
    },
    "Skin Tone":{
      "A":1.0,
      "B":0.18782077729702,
      "G":0.34670406579971,
      "R":0.41254261136055
    }
  },
  "APIVersion":"v2",
  "FaceMorphValuesMap":{
    "Eyes Small / Large":-1.0,
    "Jaw Thin / Wide":0.60000002384186,
    "Brow Ridge Low / High":0.5,
    "Chin Retracted / Jutting":0.11999999731779,
    "Face Thin / Wide":-0.40000000596046,
    "Hair Length":0.0,
    "Chin Backward / Forward":0.0,
    "Vampire":0.0,
    "Mouth Underbite / Overbite":0.0,
    "Eyes Inward / Outward":0.0,
    "Mouth Sad / Happy":-0.37999999523163,
    "Jaw Retracted / Jutting":0.0,
    "Nose Flat / Pointed":0.0,
    "Chin Recessed / Pronounced":0.11999999731779,
    "Cheeks Gaunt / Round":0.20000000298023,
    "Forehead Back / Forward":0.0,
    "Nose Sellion Down / Up":0.0,
    "Mouth Deflated / Inflated":0.0,
    "Mouth Small / Large":-0.30000001192093,
    "Nose Tilt Down / Up":0.0,
    "Nose Short / Long":0.0,
    "Mouth Drawn / Pursed":0.059999998658895,
    "Chin Short / Tall":0.11999999731779,
    "Nose Sellion Thin / Wide":0.0,
    "Jaw Neck Slope Low / High":0.63999998569489,
    "Cheekbones Shallow / Pronounced":0.23999999463558,
    "Nose Sellion Shallow / Deep":0.0,
    "Mouth Tilt Down / Up":0.0,
    "Brow / Nose / Chin Ratio":0.0,
    "Brow Ridge Outer Down / Up":0.5,
    "Chin Small / Large":0.72000002861023,
    "Mouth Retracted / Puckered":0.0,
    "Chin Thin / Wide":0.80000001192093,
    "Nose Nostrils Tilt Down / Up":0.0,
    "Face Gaunt / Round":0.0,
    "Cheekbones Thin / Wide":-0.25999999046326,
    "Forehead / Sellion / Nose Ratio":0.0,
    "Cheekbones Low / High":0.0,
    "Nose Bridge Short / Long":0.0,
    "Forehead Short / Tall":0.69999998807907,
    "Nose Bridge Shallow / Deep":0.0,
    "Mouth Chin Short / Long":0.0,
    "Face Light / Heavy":0.0,
    "Nose Region Concave / Convex":0.0,
    "Mouth Retracted / Protruding":0.0,
    "Cheeks Concave / Convex":0.5,
    "Nose Nostrils Small / Large":0.0,
    "Jaw Concave / Convex":0.66000002622604,
    "Nose Down / Up":0.21999999880791,
    "Mouth Low / High":0.0,
    "Eyes Down / Up":0.0,
    "Chin Shallow / Deep":0.56000000238419,
    "Eyes Apart / Together":0.80000001192093,
    "Brow Ridge Inner Down / Up":-0.15999999642372,
    "Nose Sellion Lower Shallow / Deep":0.0,
    "Nose Nostrils Thin / Wide":0.0,
    "Forehead Small / Large":0.86000001430511
  },
  "EyeMaterial":"/Game/Art/Character/Modular/Eyes_HighElf/MIC_HighElf_Eyes_Albino.MIC_HighElf_Eyes_Albino",
  "HairColorsL":{
    "0":{
      "A":1.0,
      "B":0.0060488330200315,
      "G":0.01032982300967,
      "R":0.021219009533525
    }
  },
  "SkinParametersMap":{
    "Complexion":0.0,
    "Freckles":0.89999997615814,
    "Ombre Amount":0.0,
    "Eylids Light/Dark":0.58000099658966,
    "Skin Tint Purple/Yellow":0.14000000059605,
    "Cheek Blush Light/Red":-0.51999998092651,
    "Ombre Constrast":0.0,
    "Tip Color":0.10000000149012,
    "Eye socket Bruised/Bright":0.0,
    "Skin Tint Orange/Blue":0.0,
    "Eyebrows Color Intensity":0.0,
    "Tip Redness":0.5,
    "Root Redness":0.5,
    "Root Color":0.10000000149012,
    "Skin Dark/Light":0.0,
    "Salt And Pepper":0.0,
    "Eyebrows Redness Intensity":0.0,
    "Eyeliner Light/Dark":0.0,
    "Eyelids Pale/Red":0.019999999552965,
    "Cheekbones Flushed/Pale":0.54000002145767,
    "Eye Socket Dark/Light":0.0,
    "Lipstick Amount":0.0
  },
  "SenescenceLevel":5,
  "Sex":1,
  "Description":"saved from in-game",
  "ModCreator":"animandan",
  "ModVersion":"1.1.0",
  "Hair":"/Game/Dev/Phenotypes/Hair/HP_HighElf_HR_Classic.HP_HighElf_HR_Classic",
  "Name":"BP_ConjurerFemaleHighElf4_C",
  "Race":"TESRace /Game/Forms/actors/race/HighElf.HighElf",
  "Body":"SkeletalMesh /Game/Art/Character/Imperial/SK_Imperial_Body_m.SK_Imperial_Body_m"
}