{
  "ModName":"RaceMenuUtilities",
  "FaceBaseMesh":"/Game/Art/Character/Breton/SK_Breton_Head_f.SK_Breton_Head_f",
  "Author":"Bethesda",
  "Date":"2025-06-04 20:30:54",
  "SkinColorsMapL":{
    "Lipstick Color":{
      "A":1.0,
      "B":1.0,
      "G":1.0,
      "R":1.0
    },
    "Eyeliner Tone":{
      "A":1.0,
      "B":0.32291701436043,
      "G":0.32291701436043,
      "R":0.32291701436043
    },
    "Root DyeColor":{
      "A":1.0,
      "B":1.0,
      "G":1.0,
      "R":1.0
    },
    "Tip DyeColor":{
      "A":1.0,
      "B":1.0,
      "G":1.0,
      "R":1.0
    },
    "Skin Tone":{
      "A":1.0,
      "B":1.0,
      "G":1.0,
      "R":1.0
    }
  },
  "APIVersion":"v2",
  "FaceMorphValuesMap":{
    "Eyes Small / Large":0.0,
    "Jaw Thin / Wide":-0.13959400355816,
    "Brow Ridge Low / High":0.0,
    "Chin Retracted / Jutting":0.0,
    "Face Thin / Wide":-0.63488900661469,
    "Hair Length":0.0,
    "Chin Backward / Forward":0.0,
    "Vampire":0.0,
    "Mouth Underbite / Overbite":0.80000001192093,
    "Eyes Inward / Outward":0.31726098060608,
    "Mouth Sad / Happy":0.0,
    "Jaw Retracted / Jutting":0.36740100383759,
    "Nose Flat / Pointed":0.40000000596046,
    "Chin Recessed / Pronounced":0.0,
    "Cheeks Gaunt / Round":0.31832700967789,
    "Forehead Back / Forward":0.0,
    "Nose Sellion Down / Up":0.51999998092651,
    "Mouth Deflated / Inflated":0.0,
    "Mouth Small / Large":0.0,
    "Nose Tilt Down / Up":0.0,
    "Nose Short / Long":0.0,
    "Mouth Drawn / Pursed":-0.0020379999186844,
    "Chin Short / Tall":0.0,
    "Nose Sellion Thin / Wide":0.0,
    "Jaw Neck Slope Low / High":0.38783699274063,
    "Cheekbones Shallow / Pronounced":-0.41791498661041,
    "Nose Sellion Shallow / Deep":0.0,
    "Mouth Tilt Down / Up":0.0,
    "Brow / Nose / Chin Ratio":-0.24341598153114,
    "Brow Ridge Outer Down / Up":0.0,
    "Chin Small / Large":0.0,
    "Mouth Retracted / Puckered":0.0,
    "Chin Thin / Wide":0.63999998569489,
    "Nose Nostrils Tilt Down / Up":0.0,
    "Face Gaunt / Round":0.24021799862385,
    "Cheekbones Thin / Wide":0.0,
    "Forehead / Sellion / Nose Ratio":0.26778900623322,
    "Cheekbones Low / High":0.29997500777245,
    "Nose Bridge Short / Long":0.0,
    "Forehead Short / Tall":0.095655001699924,
    "Nose Bridge Shallow / Deep":0.0,
    "Mouth Chin Short / Long":0.0,
    "Face Light / Heavy":0.52388000488281,
    "Nose Region Concave / Convex":0.0,
    "Mouth Retracted / Protruding":0.0,
    "Cheeks Concave / Convex":0.2063599973917,
    "Nose Nostrils Small / Large":0.63999998569489,
    "Jaw Concave / Convex":0.40783700346947,
    "Nose Down / Up":0.62000000476837,
    "Mouth Low / High":0.0,
    "Eyes Down / Up":0.0,
    "Chin Shallow / Deep":0.0,
    "Eyes Apart / Together":0.11832699924707,
    "Brow Ridge Inner Down / Up":0.0,
    "Nose Sellion Lower Shallow / Deep":0.0,
    "Nose Nostrils Thin / Wide":0.54000002145767,
    "Forehead Small / Large":-0.29658100008965
  },
  "EyeMaterial":"/Game/Art/Character/Modular/Eyes_Human/MIC_Human_Eyes_Red1.MIC_Human_Eyes_Red1",
  "HairColorsL":{
    "0":{
      "A":1.0,
      "B":0.049706567078829,
      "G":0.38642942905426,
      "R":1.0
    }
  },
  "SkinParametersMap":{
    "Complexion":0.30000001192093,
    "Freckles":0.0,
    "Ombre Amount":1.0,
    "Eylids Light/Dark":0.21999999880791,
    "Skin Tint Purple/Yellow":0.0,
    "Cheek Blush Light/Red":0.21999999880791,
    "Ombre Constrast":0.0,
    "Tip Color":0.44456899166107,
    "Eye socket Bruised/Bright":-0.03999999910593,
    "Khajiit Pattern Number":0.0,
    "Skin Tint Orange/Blue":0.0,
    "Eyebrows Color Intensity":0.38951298594475,
    "Tip Redness":0.5,
    "Root Redness":0.5,
    "Root Color":-0.034830998629332,
    "Skin Dark/Light":0.0,
    "Salt And Pepper":0.0,
    "Eyebrows Redness Intensity":0.0,
    "Eyeliner Light/Dark":0.51999998092651,
    "Eyelids Pale/Red":0.28000000119209,
    "Cheekbones Flushed/Pale":0.56000000238419,
    "Eye Socket Dark/Light":-0.059999998658895,
    "Lipstick Amount":0.0
  },
  "SenescenceLevel":1,
  "Sex":1,
  "Description":"saved from in-game",
  "ModCreator":"animandan",
  "ModVersion":"1.1.0",
  "Hair":"/Game/Dev/Phenotypes/Hair/HP_Human_HR_Fringes.HP_Human_HR_Fringes",
  "Name":"BP_ConjurerFemaleBreton3_C",
  "Race":"TESRace /Game/Forms/actors/race/Breton.Breton",
  "Body":"SkeletalMesh /Game/Art/Character/Imperial/SK_Imperial_Body_m.SK_Imperial_Body_m"
}