{
  "APIVersion":"v2",
  "SkinParametersMap":{
    "Eyebrows Redness Intensity":0.03999999910593,
    "Naso Small/Large":0.0,
    "Ombre Amount":1.0,
    "Tip Color":0.36996299028397,
    "Root Redness":1.0,
    "Tip Redness":1.0,
    "Ombre Constrast":1.0,
    "Root Color":0.014980999752879,
    "Eyelids Light/Dark":0.0,
    "Eyeshadow Light/Dark":0.0,
    "Complexion":0.43999999761581,
    "Eye Sockets Bruised/Bright":0.0,
    "Freckles":0.15999999642372,
    "Cheekbones Flushed/Pale":0.10000000149012,
    "Cheek Blush Light/Red":0.25999999046326,
    "Salt And Pepper":0.0,
    "Skin Dark/Light":0.0,
    "Eyebrows Color Intensity":0.5,
    "Eye socket Bruised/Bright":0.0,
    "Eye Socket Dark/Light":0.0,
    "Lipstick Dark Blue/Light Red":0.0,
    "Eyelids Pale/Red":0.0,
    "Age":0.0,
    "Skin Tint Orange/Blue":0.0,
    "Lipstick Amount":0.0,
    "Eyeliner Light/Dark":0.0,
    "Eylids Light/Dark":0.0,
    "Eye Sockets Dark/Light":0.0,
    "Lipstick Dark Red/Light Blue":0.0,
    "Naso Labial Lines Light/Dark":0.0,
    "Lips Flushed/Pale":0.0,
    "Skin Tint Purple/Yellow":0.0
  },
  "Author":"Bethesda",
  "Race":"TESRace /Game/Forms/actors/race/Imperial.Imperial",
  "HairColorsL":{
    "1":{
      "R":0.16145800054073,
      "G":0.10424599796534,
      "B":0.061027999967337,
      "A":1.0
    },
    "2":{
      "R":0.16145800054073,
      "G":0.10424599796534,
      "B":0.061027999967337,
      "A":1.0
    },
    "0":{
      "R":1.0,
      "G":1.0,
      "B":1.0,
      "A":1.0
    }
  },
  "Body":"SkeletalMesh /Game/Art/Character/Imperial/SK_Imperial_Body_m.SK_Imperial_Body_m",
  "Date":"2025-06-04 19:29:33",
  "ModCreator":"animandan",
  "ModName":"RaceMenuUtilities",
  "SkinColorsMapL":{
    "Root DyeColor":{
      "R":1.0,
      "G":1.0,
      "B":1.0,
      "A":1.0
    },
    "Eyeliner Tone":{
      "R":1.0,
      "G":1.0,
      "B":1.0,
      "A":1.0
    },
    "Lipstick Color":{
      "R":1.0,
      "G":1.0,
      "B":1.0,
      "A":1.0
    },
    "Skin Tone":{
      "R":1.0,
      "G":1.0,
      "B":1.0,
      "A":1.0
    },
    "Tip DyeColor":{
      "R":0.17464700341225,
      "G":0.084591001272202,
      "B":0.020012000575662,
      "A":1.0
    }
  },
  "Beard":"/Game/Dev/Phenotypes/Beard/HP_Imperial_BD_Short.HP_Imperial_BD_Short",
  "Sex":0,
  "ModVersion":"1.1.0",
  "EyeMaterial":"/Game/Art/Character/Modular/Eyes_Human/MIC_Human_Eyes_Brown2.MIC_Human_Eyes_Brown2",
  "Description":"saved from in-game",
  "FaceBaseMesh":"/Game/Art/Character/Imperial/SK_Imperial_Head_m.SK_Imperial_Head_m",
  "FaceMorphValuesMap":{
    "Face Gaunt / Round":0.34706801176071,
    "Nose Short / Long":0.0,
    "Nose Tilt Down / Up":0.0,
    "Mouth Sad / Happy":-0.52321797609329,
    "Mouth Retracted / Protruding":0.069574996829033,
    "Chin Short / Tall":0.0,
    "Cheekbones Low / High":-0.080730997025967,
    "Nose Nostrils Tilt Down / Up":0.35596698522568,
    "Mouth Deflated / Inflated":-0.21918497979641,
    "Hair Length":0.0,
    "Nose Sellion Shallow / Deep":0.0,
    "Chin Shallow / Deep":0.0,
    "Jaw Concave / Convex":0.14138799905777,
    "Brow Ridge Low / High":-0.41790398955345,
    "Chin Recessed / Pronounced":0.0,
    "Mouth Tilt Down / Up":-0.22650523483753,
    "Nose Sellion Thin / Wide":0.47999998927116,
    "Cheeks Gaunt / Round":0.10990399867296,
    "Nose Sellion Lower Shallow / Deep":0.0,
    "Nose Sellion Down / Up":0.24539120495319,
    "Cheeks Concave / Convex":-0.12431100010872,
    "Nose Region Concave / Convex":0.042936999350786,
    "Eyes Inward / Outward":0.57528883218765,
    "Nose Nostrils Thin / Wide":0.46561050415039,
    "Brow Ridge Inner Down / Up":-0.1875009983778,
    "Eyes Apart / Together":0.77619397640228,
    "Mouth Underbite / Overbite":0.048474457114935,
    "Chin Retracted / Jutting":0.0,
    "Brow / Nose / Chin Ratio":0.35577601194382,
    "Nose Bridge Short / Long":-0.065296001732349,
    "Mouth Low / High":-0.29103499650955,
    "Forehead Small / Large":-0.027027999982238,
    "Nose Bridge Shallow / Deep":-0.19879400730133,
    "Eyes Small / Large":-0.69509100914001,
    "Forehead / Sellion / Nose Ratio":-0.47693559527397,
    "Mouth Chin Short / Long":-0.028464000672102,
    "Forehead Short / Tall":0.011981000192463,
    "Eyes Down / Up":0.33661004900932,
    "Vampire":0.0,
    "Mouth Retracted / Puckered":-0.43977990746498,
    "Jaw Retracted / Jutting":-0.59634518623352,
    "Mouth Drawn / Pursed":-0.089465402066708,
    "Cheekbones Thin / Wide":0.42396500706673,
    "Nose Down / Up":-0.48516398668289,
    "Jaw Neck Slope Low / High":0.098632000386715,
    "Chin Thin / Wide":0.0,
    "Cheekbones Shallow / Pronounced":-0.22309499979019,
    "Nose Nostrils Small / Large":0.024006638675928,
    "Nose Flat / Pointed":0.015432000160217,
    "Face Thin / Wide":-0.23767264187336,
    "Chin Backward / Forward":0.0,
    "Face Light / Heavy":0.28271999955177,
    "Mouth Small / Large":0.1862960010767,
    "Forehead Back / Forward":-0.61126172542572,
    "Jaw Thin / Wide":-0.19592300057411,
    "Brow Ridge Outer Down / Up":-0.096455998718739,
    "Chin Small / Large":0.0
  },
  "Hair":"/Game/Dev/Phenotypes/Hair/HP_HR_MediumLength.HP_HR_MediumLength",
  "Mustache":"/Game/Dev/Phenotypes/Mustache/HP_Imperial_MS_Medium.HP_Imperial_MS_Medium",
  "SenescenceLevel":0,
  "Name":"BP_ChorrolGuardPrivateQuarters02_C"
}