{
  "FaceMorphValuesMap":{
    "Nose Bridge Short / Long":-0.13330340385437,
    "Mouth Tilt Down / Up":0.24023954570293,
    "Forehead Back / Forward":-0.43483328819275,
    "Eyes Small / Large":-0.026065850630403,
    "Chin Recessed / Pronounced":0.11738796532154,
    "Cheekbones Thin / Wide":0.25334197282791,
    "Jaw Neck Slope Low / High":0.030123580247164,
    "Chin Retracted / Jutting":0.058443021029234,
    "Jaw Retracted / Jutting":-0.057123851031065,
    "Mouth Low / High":-0.057243015617132,
    "Mouth Sad / Happy":0.80000001192093,
    "Forehead / Sellion / Nose Ratio":-0.19392716884613,
    "Hair Length":0.0,
    "Vampire":0.0,
    "Forehead Short / Tall":0.59689110517502,
    "Jaw Concave / Convex":0.2193351238966,
    "Nose Nostrils Small / Large":0.050888992846012,
    "Cheeks Gaunt / Round":0.013397621922195,
    "Nose Tilt Down / Up":0.0,
    "Mouth Drawn / Pursed":-0.63611376285553,
    "Nose Short / Long":0.0,
    "Cheekbones Shallow / Pronounced":0.20802521705627,
    "Jaw Thin / Wide":0.051506947726011,
    "Eyes Apart / Together":0.74000000953674,
    "Chin Backward / Forward":0.14021416008472,
    "Nose Sellion Thin / Wide":0.0,
    "Nose Sellion Lower Shallow / Deep":0.0,
    "Nose Sellion Shallow / Deep":0.0,
    "Mouth Retracted / Protruding":-0.25884109735489,
    "Eyes Down / Up":-0.80000001192093,
    "Nose Region Concave / Convex":0.25259184837341,
    "Nose Down / Up":0.067233286798,
    "Chin Shallow / Deep":0.6169935464859,
    "Nose Nostrils Tilt Down / Up":-0.14867036044598,
    "Nose Flat / Pointed":-0.018822683021426,
    "Eyes Inward / Outward":0.3330542743206,
    "Brow / Nose / Chin Ratio":-0.32747000455856,
    "Chin Short / Tall":0.050528574734926,
    "Brow Ridge Outer Down / Up":-0.10999999940395,
    "Nose Nostrils Thin / Wide":0.14939442276955,
    "Face Thin / Wide":0.21639776229858,
    "Chin Thin / Wide":0.17969588935375,
    "Nose Bridge Shallow / Deep":0.039476204663515,
    "Mouth Underbite / Overbite":0.040738012641668,
    "Mouth Chin Short / Long":-0.08072154968977,
    "Cheekbones Low / High":-0.28121256828308,
    "Brow Ridge Inner Down / Up":0.13248191773891,
    "Mouth Small / Large":0.44316706061363,
    "Mouth Deflated / Inflated":-0.37405306100845,
    "Nose Sellion Down / Up":0.31243416666985,
    "Brow Ridge Low / High":0.39433699846268,
    "Chin Small / Large":0.046500008553267,
    "Forehead Small / Large":-0.50588130950928,
    "Face Light / Heavy":-0.062518075108528,
    "Cheeks Concave / Convex":-0.29094788432121,
    "Mouth Retracted / Puckered":0.087516322731972,
    "Face Gaunt / Round":0.0961082726717
  },
  "Sex":1,
  "SkinParametersMap":{
    "Eyebrows Redness Intensity":0.0,
    "Freckles":0.0,
    "Eyelids Pale/Red":0.0,
    "Root Redness":0.5,
    "Complexion":0.0,
    "Salt And Pepper":0.0,
    "Eye Socket Dark/Light":0.0,
    "Eye socket Bruised/Bright":0.0,
    "Eyebrows Color Intensity":0.0,
    "Ombre Constrast":0.0,
    "Tip Redness":0.5,
    "Eylids Light/Dark":0.0,
    "Root Color":0.10000000149012,
    "Eyeliner Light/Dark":0.0,
    "Skin Dark/Light":0.0,
    "Cheekbones Flushed/Pale":0.0,
    "Skin Tint Orange/Blue":0.0,
    "Skin Tint Purple/Yellow":0.0,
    "Cheek Blush Light/Red":0.0,
    "Ombre Amount":0.0,
    "Lipstick Amount":0.0,
    "Tip Color":0.10000000149012
  },
  "Description":"saved from in-game",
  "FaceBaseMesh":"/Game/Art/Character/WoodElf/SK_WoodElf_Head_f.SK_WoodElf_Head_f",
  "Hair":"/Game/Dev/Phenotypes/Hair/HP_HR_MediumLength.HP_HR_MediumLength",
  "ModVersion":"1.1.0",
  "Date":"2025-06-04 19:13:43",
  "SenescenceLevel":0,
  "ModCreator":"animandan",
  "EyeMaterial":"/Game/Art/Character/Modular/Eyes_Human/MIC_Human_Eyes_Brown2.MIC_Human_Eyes_Brown2",
  "Name":"BP_ClarabellaPirate1_C",
  "ModName":"RaceMenuUtilities",
  "Body":"SkeletalMesh /Game/Art/Character/Imperial/SK_Imperial_Body_m.SK_Imperial_Body_m",
  "APIVersion":"v2",
  "HairColorsL":[],
  "Race":"TESRace /Game/Forms/actors/race/WoodElf.WoodElf",
  "SkinColorsMapL":{
    "Lipstick Color":{
      "B":1.0,
      "G":1.0,
      "R":1.0,
      "A":1.0
    },
    "Tip DyeColor":{
      "B":1.0,
      "G":1.0,
      "R":1.0,
      "A":1.0
    },
    "Root DyeColor":{
      "B":1.0,
      "G":1.0,
      "R":1.0,
      "A":1.0
    }
  },
  "Author":"Bethesda"
}