{
  "ModName":"RaceMenuUtilities",
  "FaceBaseMesh":"/Game/Art/Character/Breton/SK_Breton_Head_m.SK_Breton_Head_m",
  "Author":"Bethesda",
  "Date":"2025-06-04 20:30:53",
  "SkinColorsMapL":{
    "Lipstick Color":{
      "A":1.0,
      "B":1.0,
      "G":1.0,
      "R":1.0
    },
    "Eyeliner Tone":{
      "A":1.0,
      "B":1.0,
      "G":1.0,
      "R":1.0
    },
    "Root DyeColor":{
      "A":1.0,
      "B":1.0,
      "G":1.0,
      "R":1.0
    },
    "Tip DyeColor":{
      "A":1.0,
      "B":0.01161224488169,
      "G":0.21586050093174,
      "R":1.0
    },
    "Skin Tone":{
      "A":1.0,
      "B":1.0,
      "G":1.0,
      "R":1.0
    }
  },
  "APIVersion":"v2",
  "FaceMorphValuesMap":{
    "Eyes Small / Large":0.0,
    "Jaw Thin / Wide":0.25999999046326,
    "Brow Ridge Low / High":0.23999999463558,
    "Chin Retracted / Jutting":0.0,
    "Face Thin / Wide":-0.81999999284744,
    "Hair Length":0.0,
    "Chin Backward / Forward":-0.31999999284744,
    "Vampire":0.0,
    "Mouth Underbite / Overbite":0.0,
    "Eyes Inward / Outward":0.0,
    "Mouth Sad / Happy":0.10000000149012,
    "Jaw Retracted / Jutting":0.0,
    "Nose Flat / Pointed":0.0,
    "Chin Recessed / Pronounced":0.0,
    "Cheeks Gaunt / Round":0.46000000834465,
    "Forehead Back / Forward":0.0,
    "Nose Sellion Down / Up":0.0,
    "Mouth Deflated / Inflated":0.0,
    "Mouth Small / Large":0.56000000238419,
    "Nose Tilt Down / Up":0.0,
    "Nose Short / Long":0.0,
    "Mouth Drawn / Pursed":-0.11999999731779,
    "Chin Short / Tall":-0.14000000059605,
    "Nose Sellion Thin / Wide":0.0,
    "Jaw Neck Slope Low / High":-0.28000000119209,
    "Cheekbones Shallow / Pronounced":0.0,
    "Nose Sellion Shallow / Deep":0.31999999284744,
    "Mouth Tilt Down / Up":-0.69999998807907,
    "Brow / Nose / Chin Ratio":0.51999998092651,
    "Brow Ridge Outer Down / Up":0.31999999284744,
    "Chin Small / Large":0.0,
    "Mouth Retracted / Puckered":-0.019999999552965,
    "Chin Thin / Wide":0.46000000834465,
    "Nose Nostrils Tilt Down / Up":0.0,
    "Face Gaunt / Round":0.30000001192093,
    "Cheekbones Thin / Wide":0.065467998385429,
    "Forehead / Sellion / Nose Ratio":0.0,
    "Cheekbones Low / High":0.54000002145767,
    "Nose Bridge Short / Long":0.0,
    "Forehead Short / Tall":-0.41999998688698,
    "Nose Bridge Shallow / Deep":0.0,
    "Mouth Chin Short / Long":0.0,
    "Face Light / Heavy":0.25999999046326,
    "Nose Region Concave / Convex":0.0,
    "Mouth Retracted / Protruding":-0.5,
    "Cheeks Concave / Convex":0.15999999642372,
    "Nose Nostrils Small / Large":0.20000000298023,
    "Jaw Concave / Convex":0.0,
    "Nose Down / Up":0.0,
    "Mouth Low / High":-0.18000000715256,
    "Eyes Down / Up":0.0,
    "Chin Shallow / Deep":0.0,
    "Eyes Apart / Together":-0.5,
    "Brow Ridge Inner Down / Up":-0.28000000119209,
    "Nose Sellion Lower Shallow / Deep":0.0,
    "Nose Nostrils Thin / Wide":0.87999999523163,
    "Forehead Small / Large":-0.079999998211861
  },
  "EyeMaterial":"/Game/Art/Character/Modular/Eyes_Human/MIC_Human_Eyes_Brown2.MIC_Human_Eyes_Brown2",
  "HairColorsL":{
    "1":{
      "A":1.0,
      "B":0.061027999967337,
      "G":0.10424599796534,
      "R":0.16145800054073
    },
    "2":{
      "A":1.0,
      "B":0.061027999967337,
      "G":0.10424599796534,
      "R":0.16145800054073
    },
    "0":{
      "A":1.0,
      "B":1.0,
      "G":1.0,
      "R":1.0
    }
  },
  "SkinParametersMap":{
    "Complexion":0.46000000834465,
    "Freckles":0.41999998688698,
    "Ombre Amount":1.0,
    "Eylids Light/Dark":0.0,
    "Skin Tint Purple/Yellow":0.0,
    "Cheek Blush Light/Red":0.12000100314617,
    "Ombre Constrast":1.0,
    "Tip Color":0.41999998688698,
    "Eye socket Bruised/Bright":0.0,
    "Khajiit Pattern Number":0.0,
    "Skin Tint Orange/Blue":0.0,
    "Eyebrows Color Intensity":0.0,
    "Tip Redness":0.5,
    "Root Redness":0.5,
    "Root Color":0.10000000149012,
    "Skin Dark/Light":0.30000001192093,
    "Salt And Pepper":0.0,
    "Eyebrows Redness Intensity":0.0,
    "Eyeliner Light/Dark":0.0,
    "Eyelids Pale/Red":0.0,
    "Cheekbones Flushed/Pale":0.65999901294708,
    "Eye Socket Dark/Light":0.0,
    "Lipstick Amount":0.019999999552965
  },
  "SenescenceLevel":3,
  "Sex":0,
  "Description":"saved from in-game",
  "ModCreator":"animandan",
  "ModVersion":"1.1.0",
  "Hair":"/Game/Dev/Phenotypes/Hair/HP_Nord_HR_BaldPony.HP_Nord_HR_BaldPony",
  "Name":"BP_ChristopheMarane_C",
  "Race":"TESRace /Game/Forms/actors/race/Breton.Breton",
  "Body":"SkeletalMesh /Game/Art/Character/Imperial/SK_Imperial_Body_m.SK_Imperial_Body_m"
}