{
  "Sex":0,
  "HairColorsL":{
    "1":{
      "A":1.0,
      "R":0.22322796285152,
      "G":0.14412847161293,
      "B":0.084376208484173
    },
    "2":{
      "A":1.0,
      "R":0.22322796285152,
      "G":0.14412847161293,
      "B":0.084376208484173
    },
    "0":{
      "A":1.0,
      "R":1.0,
      "G":1.0,
      "B":1.0
    }
  },
  "EyeMaterial":"/Game/Art/Character/Modular/Eyes_Human/MIC_Human_Eyes_Brown2.MIC_Human_Eyes_Brown2",
  "SkinColorsMapL":{
    "Root DyeColor":{
      "A":1.0,
      "R":0.0047769998200238,
      "G":0.0012140000471845,
      "B":0.0
    },
    "Eyeliner Tone":{
      "A":1.0,
      "R":1.0,
      "G":1.0,
      "B":1.0
    },
    "Tip DyeColor":{
      "A":1.0,
      "R":0.10702300071716,
      "G":0.034340001642704,
      "B":0.0056050000712276
    },
    "Skin Tone":{
      "A":1.0,
      "R":1.0,
      "G":1.0,
      "B":1.0
    },
    "Lipstick Color":{
      "A":1.0,
      "R":0.093058958649635,
      "G":0.0009105809731409,
      "B":0.0097212167456746
    }
  },
  "Date":"2025-06-04 19:33:38",
  "Description":"saved from in-game",
  "Name":"BP_CheydinhalGuardCityPostStablesNight_C",
  "ModCreator":"animandan",
  "ModName":"RaceMenuUtilities",
  "ModVersion":"1.1.0",
  "Mustache":"/Game/Dev/Phenotypes/Mustache/HP_Imperial_MS_Short.HP_Imperial_MS_Short",
  "Author":"Bethesda",
  "APIVersion":"v2",
  "Body":"SkeletalMesh /Game/Art/Character/Imperial/SK_Imperial_Body_m.SK_Imperial_Body_m",
  "FaceMorphValuesMap":{
    "Nose Nostrils Thin / Wide":0.44559898972511,
    "Forehead / Sellion / Nose Ratio":0.2963028550148,
    "Cheekbones Thin / Wide":0.31358799338341,
    "Forehead Small / Large":-0.058663219213486,
    "Chin Recessed / Pronounced":-0.059999998658895,
    "Brow / Nose / Chin Ratio":0.55643433332443,
    "Jaw Thin / Wide":-0.27403169870377,
    "Cheeks Gaunt / Round":0.52581632137299,
    "Chin Backward / Forward":0.21999999880791,
    "Chin Thin / Wide":0.0,
    "Forehead Short / Tall":0.0,
    "Face Thin / Wide":-0.34666177630424,
    "Brow Ridge Inner Down / Up":-0.09459300339222,
    "Mouth Underbite / Overbite":-0.24538999795914,
    "Mouth Low / High":-0.48367300629616,
    "Vampire":0.0,
    "Face Gaunt / Round":0.1106178984046,
    "Eyes Small / Large":-0.41891700029373,
    "Mouth Drawn / Pursed":0.1513140052557,
    "Chin Retracted / Jutting":0.43999999761581,
    "Nose Tilt Down / Up":0.0,
    "Mouth Small / Large":0.32499000430107,
    "Nose Short / Long":0.43999999761581,
    "Nose Bridge Shallow / Deep":0.4884330034256,
    "Nose Sellion Thin / Wide":0.62000000476837,
    "Mouth Retracted / Protruding":-0.1632517427206,
    "Nose Sellion Shallow / Deep":0.079999998211861,
    "Jaw Retracted / Jutting":-0.026175320148468,
    "Nose Sellion Down / Up":-0.14495599269867,
    "Eyes Inward / Outward":0.22953227162361,
    "Nose Region Concave / Convex":0.12955217063427,
    "Brow Ridge Outer Down / Up":-0.35086598992348,
    "Nose Nostrils Small / Large":0.34237200021744,
    "Eyes Apart / Together":0.39764198660851,
    "Nose Nostrils Tilt Down / Up":0.081334002315998,
    "Nose Flat / Pointed":-0.38797461986542,
    "Mouth Tilt Down / Up":-0.21214509010315,
    "Jaw Concave / Convex":-0.19958251714706,
    "Mouth Sad / Happy":0.11519800126553,
    "Cheekbones Shallow / Pronounced":-0.18548719584942,
    "Face Light / Heavy":-0.1487939953804,
    "Nose Down / Up":0.18864451348782,
    "Chin Short / Tall":0.0,
    "Eyes Down / Up":-0.019087394699454,
    "Cheeks Concave / Convex":0.25776299834251,
    "Nose Bridge Short / Long":0.38456198573112,
    "Mouth Chin Short / Long":-0.42001238465309,
    "Nose Sellion Lower Shallow / Deep":0.0,
    "Mouth Retracted / Puckered":-0.081757001578808,
    "Hair Length":0.0,
    "Mouth Deflated / Inflated":-0.45206999778748,
    "Chin Shallow / Deep":0.0,
    "Jaw Neck Slope Low / High":0.3025070130825,
    "Brow Ridge Low / High":-0.27854698896408,
    "Cheekbones Low / High":0.046776331961155,
    "Forehead Back / Forward":0.21999999880791,
    "Chin Small / Large":0.0
  },
  "Hair":"/Game/Dev/Phenotypes/Hair/HP_Nord_HR_BaldPony.HP_Nord_HR_BaldPony",
  "Beard":"/Game/Dev/Phenotypes/Beard/HP_Imperial_BD_Scruffy.HP_Imperial_BD_Scruffy",
  "SkinParametersMap":{
    "Complexion":0.0,
    "Cheek Blush Light/Red":0.0,
    "Eyebrows Color Intensity":0.0,
    "Eye socket Bruised/Bright":0.0,
    "Lipstick Amount":0.0,
    "Root Redness":0.0,
    "Freckles":0.0,
    "Cheekbones Flushed/Pale":0.0,
    "Eyebrows Redness Intensity":0.0,
    "Root Color":0.0,
    "Eyelids Pale/Red":0.0,
    "Tip Color":0.0,
    "Tip Redness":0.0,
    "Ombre Amount":0.0,
    "Salt And Pepper":0.14981299638748,
    "Ombre Constrast":0.0
  },
  "FaceBaseMesh":"/Game/Art/Character/Imperial/SK_Imperial_Head_m.SK_Imperial_Head_m",
  "Race":"TESRace /Game/Forms/actors/race/Imperial.Imperial",
  "SenescenceLevel":4
}