{
  "Sex":1,
  "HairColorsL":{
    "0":{
      "A":1.0,
      "R":0.021219009533525,
      "G":0.01032982300967,
      "B":0.0060488330200315
    }
  },
  "EyeMaterial":"/Game/Art/Character/Modular/Eyes_Human/MIC_Human_Eyes_Yellow1.MIC_Human_Eyes_Yellow1",
  "Author":"Bethesda",
  "Date":"2025-06-04 19:33:27",
  "Description":"saved from in-game",
  "Name":"BP_CamillaLollia_C",
  "ModCreator":"animandan",
  "ModName":"RaceMenuUtilities",
  "FaceBaseMesh":"/Game/Art/Character/Imperial/SK_Imperial_Head_F.SK_Imperial_Head_F",
  "ModVersion":"1.1.0",
  "Body":"SkeletalMesh /Game/Art/Character/Imperial/SK_Imperial_Body_m.SK_Imperial_Body_m",
  "FaceMorphValuesMap":{
    "Nose Nostrils Thin / Wide":0.0,
    "Forehead / Sellion / Nose Ratio":-0.34000000357628,
    "Cheekbones Thin / Wide":0.20000000298023,
    "Forehead Small / Large":0.0,
    "Chin Recessed / Pronounced":0.0,
    "Brow / Nose / Chin Ratio":0.5,
    "Jaw Thin / Wide":-0.36000001430511,
    "Cheeks Gaunt / Round":0.17041200399399,
    "Chin Backward / Forward":0.0,
    "Chin Thin / Wide":0.14000000059605,
    "Forehead Short / Tall":0.0,
    "Face Thin / Wide":-0.20000000298023,
    "Brow Ridge Inner Down / Up":-0.47999998927116,
    "Mouth Underbite / Overbite":0.063088998198509,
    "Mouth Low / High":0.0,
    "Vampire":0.0,
    "Face Gaunt / Round":0.0,
    "Eyes Small / Large":-0.75999999046326,
    "Mouth Drawn / Pursed":0.28000000119209,
    "Chin Retracted / Jutting":0.0,
    "Nose Tilt Down / Up":0.0,
    "Mouth Small / Large":-0.37999999523163,
    "Nose Short / Long":0.54000002145767,
    "Nose Bridge Shallow / Deep":0.0,
    "Nose Sellion Thin / Wide":0.11999999731779,
    "Mouth Retracted / Protruding":-0.47999998927116,
    "Nose Sellion Shallow / Deep":0.0,
    "Jaw Retracted / Jutting":0.0,
    "Nose Sellion Down / Up":0.81999999284744,
    "Eyes Inward / Outward":0.0,
    "Nose Region Concave / Convex":0.0,
    "Brow Ridge Outer Down / Up":0.0,
    "Nose Nostrils Small / Large":0.0,
    "Eyes Apart / Together":0.72000002861023,
    "Nose Nostrils Tilt Down / Up":0.0,
    "Nose Flat / Pointed":0.0,
    "Mouth Tilt Down / Up":0.0,
    "Jaw Concave / Convex":0.37999999523163,
    "Mouth Sad / Happy":-0.25999999046326,
    "Cheekbones Shallow / Pronounced":-0.14000000059605,
    "Face Light / Heavy":0.0,
    "Nose Down / Up":0.0,
    "Chin Short / Tall":-0.40000000596046,
    "Eyes Down / Up":0.43999999761581,
    "Cheeks Concave / Convex":0.28000000119209,
    "Nose Bridge Short / Long":0.0,
    "Mouth Chin Short / Long":0.0,
    "Nose Sellion Lower Shallow / Deep":0.0,
    "Mouth Retracted / Puckered":0.36000001430511,
    "Hair Length":0.0,
    "Mouth Deflated / Inflated":-0.31999999284744,
    "Chin Shallow / Deep":0.0,
    "Jaw Neck Slope Low / High":0.0,
    "Brow Ridge Low / High":-0.41999998688698,
    "Cheekbones Low / High":0.14956100285053,
    "Forehead Back / Forward":0.0,
    "Chin Small / Large":0.0
  },
  "Hair":"/Game/Dev/Phenotypes/Hair/HP_HR_PonytailTwist.HP_HR_PonytailTwist",
  "SenescenceLevel":2,
  "APIVersion":"v2",
  "SkinParametersMap":{
    "Complexion":0.14981299638748,
    "Cheek Blush Light/Red":0.0,
    "Eyebrows Color Intensity":0.0,
    "Eye socket Bruised/Bright":0.0,
    "Lipstick Amount":0.0,
    "Root Redness":0.0,
    "Freckles":0.50936299562454,
    "Cheekbones Flushed/Pale":0.0,
    "Eyebrows Redness Intensity":0.0,
    "Root Color":0.059925001114607,
    "Eyelids Pale/Red":0.0,
    "Tip Color":0.089887998998165,
    "Tip Redness":0.0,
    "Ombre Amount":0.0,
    "Salt And Pepper":0.0,
    "Ombre Constrast":0.0
  },
  "Race":"TESRace /Game/Forms/actors/race/Imperial.Imperial",
  "SkinColorsMapL":{
    "Root DyeColor":{
      "A":1.0,
      "R":1.0,
      "G":1.0,
      "B":1.0
    },
    "Eyeliner Tone":{
      "A":1.0,
      "R":0.75,
      "G":0.75,
      "B":0.75
    },
    "Tip DyeColor":{
      "A":1.0,
      "R":1.0,
      "G":0.59003800153732,
      "B":0.44909700751305
    },
    "Skin Tone":{
      "A":1.0,
      "R":1.0,
      "G":1.0,
      "B":1.0
    },
    "Lipstick Color":{
      "A":1.0,
      "R":1.0,
      "G":1.0,
      "B":1.0
    }
  }
}