{
  "Race":"TESRace /Game/Forms/actors/race/Imperial.Imperial",
  "FaceBaseMesh":"/Game/Art/Character/Imperial/SK_Imperial_Head_m.SK_Imperial_Head_m",
  "Date":"2025-06-04 18:36:18",
  "HairColorsL":{
    "0":{
      "B":0.0018210000125691,
      "G":0.0018210000125691,
      "R":0.0051819998770952,
      "A":1.0
    }
  },
  "SkinParametersMap":{
    "Cheekbones Flushed/Pale":0.0,
    "Eyelids Pale/Red":0.0,
    "Eyebrows Redness Intensity":0.0,
    "Lipstick Dark Red/Light Blue":0.0,
    "Cheek Blush Light/Red":0.0,
    "Eye Sockets Bruised/Bright":0.0,
    "Eyelids Light/Dark":0.0,
    "Eyeshadow Light/Dark":0.0,
    "Complexion":0.63999998569489,
    "Salt And Pepper":0.0,
    "Lips Flushed/Pale":0.47999998927116,
    "Eye Sockets Dark/Light":0.0,
    "Lipstick Amount":0.0,
    "Freckles":0.0,
    "Eye socket Bruised/Bright":0.0,
    "Naso Small/Large":0.0,
    "Ombre Amount":0.0,
    "Root Color":0.0,
    "Ombre Constrast":0.0,
    "Root Redness":0.0,
    "Tip Color":0.0,
    "Eyebrows Color Intensity":0.69999998807907,
    "Naso Labial Lines Light/Dark":0.0,
    "Lipstick Dark Blue/Light Red":0.0,
    "Eyeliner Light/Dark":0.0,
    "Tip Redness":0.0,
    "Age":0.0
  },
  "Sex":0,
  "FaceMorphValuesMap":{
    "Hair Length":0.0,
    "Vampire":0.0,
    "Nose Sellion Down / Up":0.13884900510311,
    "Forehead Back / Forward":-0.071146197617054,
    "Mouth Deflated / Inflated":0.0,
    "Chin Backward / Forward":-0.17889907956123,
    "Eyes Apart / Together":0.34000000357628,
    "Nose Tilt Down / Up":0.0,
    "Mouth Sad / Happy":0.0,
    "Brow Ridge Outer Down / Up":0.4505510032177,
    "Nose Sellion Thin / Wide":0.54000002145767,
    "Nose Short / Long":0.0,
    "Nose Sellion Shallow / Deep":0.60000002384186,
    "Brow / Nose / Chin Ratio":-0.14878948032856,
    "Chin Small / Large":-0.11230300366879,
    "Nose Flat / Pointed":0.59748297929764,
    "Jaw Thin / Wide":-0.50327402353287,
    "Nose Nostrils Tilt Down / Up":0.20312567055225,
    "Eyes Inward / Outward":0.82191497087479,
    "Cheekbones Shallow / Pronounced":-0.18859300017357,
    "Nose Nostrils Thin / Wide":0.0031590000726283,
    "Chin Shallow / Deep":-0.047373756766319,
    "Nose Down / Up":0.19009412825108,
    "Nose Bridge Short / Long":0.26450100541115,
    "Mouth Tilt Down / Up":0.0,
    "Chin Thin / Wide":0.56000000238419,
    "Face Light / Heavy":0.31294599175453,
    "Mouth Chin Short / Long":0.0,
    "Jaw Concave / Convex":0.0025410000234842,
    "Brow Ridge Low / High":0.16759599745274,
    "Chin Recessed / Pronounced":0.14791496098042,
    "Cheeks Gaunt / Round":-0.159593090415,
    "Face Thin / Wide":-0.58158999681473,
    "Eyes Down / Up":0.75999999046326,
    "Jaw Retracted / Jutting":-0.31893900036812,
    "Chin Short / Tall":0.0,
    "Jaw Neck Slope Low / High":-0.11593499779701,
    "Nose Bridge Shallow / Deep":0.0030749998986721,
    "Mouth Retracted / Protruding":0.0,
    "Cheekbones Thin / Wide":0.32246100902557,
    "Mouth Low / High":0.0,
    "Mouth Retracted / Puckered":0.0,
    "Mouth Small / Large":0.0,
    "Forehead Short / Tall":-0.10000000149012,
    "Nose Nostrils Small / Large":0.17557136714458,
    "Chin Retracted / Jutting":0.11298723518848,
    "Forehead Small / Large":-0.0031821706797928,
    "Cheekbones Low / High":-0.0094729997217655,
    "Eyes Small / Large":0.0,
    "Cheeks Concave / Convex":0.15522499382496,
    "Brow Ridge Inner Down / Up":-0.0025720000267029,
    "Nose Sellion Lower Shallow / Deep":0.0,
    "Face Gaunt / Round":0.38626301288605,
    "Mouth Underbite / Overbite":0.0,
    "Nose Region Concave / Convex":0.23644061386585,
    "Forehead / Sellion / Nose Ratio":-0.022452471777797,
    "Mouth Drawn / Pursed":0.0
  },
  "Author":"Bethesda",
  "SkinColorsMapL":{
    "Lipstick Color":{
      "B":1.0,
      "G":1.0,
      "R":1.0,
      "A":1.0
    },
    "Skin Tone":{
      "B":0.95833301544189,
      "G":0.95833301544189,
      "R":0.95833301544189,
      "A":1.0
    },
    "Root DyeColor":{
      "B":0.0,
      "G":0.0012140000471845,
      "R":0.0047769998200238,
      "A":1.0
    },
    "Tip DyeColor":{
      "B":0.0056050000712276,
      "G":0.034340001642704,
      "R":0.10702300071716,
      "A":1.0
    },
    "Eyeliner Tone":{
      "B":1.0,
      "G":1.0,
      "R":1.0,
      "A":1.0
    }
  },
  "ModVersion":"1.1.0",
  "EyeMaterial":"/Game/Art/Character/Modular/Eyes_Human/MIC_Human_Eyes_Brown2.MIC_Human_Eyes_Brown2",
  "Body":"SkeletalMesh /Game/Art/Character/Imperial/SK_Imperial_Body_m.SK_Imperial_Body_m",
  "Description":"saved from in-game",
  "SenescenceLevel":1,
  "APIVersion":"v2",
  "ModCreator":"animandan",
  "ModName":"RaceMenuUtilities",
  "Hair":"/Game/Dev/Phenotypes/Hair/HP_HR_Loose.HP_HR_Loose",
  "Name":"BP_ChorrolGuardPatrolNight01_C"
}