{
  "ModName":"RaceMenuUtilities",
  "FaceBaseMesh":"/Game/Art/Character/Breton/SK_Breton_Head_f.SK_Breton_Head_f",
  "Author":"Bethesda",
  "Date":"2025-06-04 20:30:54",
  "SkinColorsMapL":{
    "Lipstick Color":{
      "A":1.0,
      "B":1.0,
      "G":1.0,
      "R":1.0
    },
    "Eyeliner Tone":{
      "A":1.0,
      "B":0.43552500009537,
      "G":0.43552500009537,
      "R":0.77083301544189
    },
    "Root DyeColor":{
      "A":1.0,
      "B":0.0,
      "G":0.0,
      "R":0.0
    },
    "Tip DyeColor":{
      "A":1.0,
      "B":0.0,
      "G":0.0,
      "R":0.0
    },
    "Skin Tone":{
      "A":1.0,
      "B":1.0,
      "G":1.0,
      "R":1.0
    }
  },
  "APIVersion":"v2",
  "FaceMorphValuesMap":{
    "Eyes Small / Large":0.0,
    "Jaw Thin / Wide":0.03999900072813,
    "Brow Ridge Low / High":-0.43999999761581,
    "Chin Retracted / Jutting":0.0,
    "Face Thin / Wide":-0.40000000596046,
    "Hair Length":0.0,
    "Chin Backward / Forward":0.0,
    "Vampire":0.0,
    "Mouth Underbite / Overbite":-0.10000000149012,
    "Eyes Inward / Outward":0.0,
    "Mouth Sad / Happy":0.0,
    "Jaw Retracted / Jutting":0.0,
    "Nose Flat / Pointed":-0.18000000715256,
    "Chin Recessed / Pronounced":0.0,
    "Cheeks Gaunt / Round":0.0,
    "Forehead Back / Forward":0.0,
    "Nose Sellion Down / Up":0.0,
    "Mouth Deflated / Inflated":0.0,
    "Mouth Small / Large":0.28000000119209,
    "Nose Tilt Down / Up":0.0,
    "Nose Short / Long":0.0,
    "Mouth Drawn / Pursed":0.0,
    "Chin Short / Tall":0.0,
    "Nose Sellion Thin / Wide":0.0,
    "Jaw Neck Slope Low / High":0.0,
    "Cheekbones Shallow / Pronounced":0.0,
    "Nose Sellion Shallow / Deep":0.0,
    "Mouth Tilt Down / Up":0.0,
    "Brow / Nose / Chin Ratio":0.0,
    "Brow Ridge Outer Down / Up":0.5,
    "Chin Small / Large":0.0,
    "Mouth Retracted / Puckered":0.0,
    "Chin Thin / Wide":0.0,
    "Nose Nostrils Tilt Down / Up":0.0,
    "Face Gaunt / Round":0.0,
    "Cheekbones Thin / Wide":0.0,
    "Forehead / Sellion / Nose Ratio":0.0,
    "Cheekbones Low / High":0.0,
    "Nose Bridge Short / Long":0.0,
    "Forehead Short / Tall":0.0,
    "Nose Bridge Shallow / Deep":0.30000001192093,
    "Mouth Chin Short / Long":0.0,
    "Face Light / Heavy":0.5799999833107,
    "Nose Region Concave / Convex":0.0,
    "Mouth Retracted / Protruding":0.0,
    "Cheeks Concave / Convex":0.0,
    "Nose Nostrils Small / Large":0.0,
    "Jaw Concave / Convex":0.0,
    "Nose Down / Up":0.23999999463558,
    "Mouth Low / High":0.0,
    "Eyes Down / Up":0.0,
    "Chin Shallow / Deep":0.0,
    "Eyes Apart / Together":0.36000001430511,
    "Brow Ridge Inner Down / Up":-0.03999999910593,
    "Nose Sellion Lower Shallow / Deep":0.0,
    "Nose Nostrils Thin / Wide":0.0,
    "Forehead Small / Large":0.0
  },
  "EyeMaterial":"/Game/Art/Character/Modular/Eyes_Human/MIC_Human_Eyes_Brown2.MIC_Human_Eyes_Brown2",
  "HairColorsL":{
    "0":{
      "A":1.0,
      "B":0.0060488330200315,
      "G":0.01032982300967,
      "R":0.021219009533525
    }
  },
  "SkinParametersMap":{
    "Complexion":0.21999999880791,
    "Freckles":0.0,
    "Ombre Amount":0.0,
    "Eylids Light/Dark":0.15999999642372,
    "Skin Tint Purple/Yellow":0.0,
    "Cheek Blush Light/Red":0.43999999761581,
    "Ombre Constrast":0.0,
    "Tip Color":0.10000000149012,
    "Eye socket Bruised/Bright":0.0,
    "Skin Tint Orange/Blue":0.0,
    "Eyebrows Color Intensity":0.0,
    "Tip Redness":0.5,
    "Root Redness":0.5,
    "Root Color":0.10000000149012,
    "Skin Dark/Light":0.0,
    "Salt And Pepper":0.0,
    "Eyebrows Redness Intensity":0.14000000059605,
    "Eyeliner Light/Dark":0.23999999463558,
    "Eyelids Pale/Red":0.019999999552965,
    "Cheekbones Flushed/Pale":0.20000000298023,
    "Eye Socket Dark/Light":0.0,
    "Lipstick Amount":0.0
  },
  "SenescenceLevel":0,
  "Sex":1,
  "Description":"saved from in-game",
  "ModCreator":"animandan",
  "ModVersion":"1.1.0",
  "Hair":"/Game/Dev/Phenotypes/Hair/HP_HR_MediumLength.HP_HR_MediumLength",
  "Name":"BP_ConjurerBossFemaleBreton_C",
  "Race":"TESRace /Game/Forms/actors/race/Breton.Breton",
  "Body":"SkeletalMesh /Game/Art/Character/Imperial/SK_Imperial_Body_m.SK_Imperial_Body_m"
}