{
  "ModName":"RaceMenuUtilities",
  "FaceBaseMesh":"/Game/Art/Character/Imperial/SK_Imperial_Head_m.SK_Imperial_Head_m",
  "Author":"Bethesda",
  "Date":"2025-06-04 20:30:52",
  "SkinColorsMapL":{
    "Lipstick Color":{
      "A":1.0,
      "B":1.0,
      "G":1.0,
      "R":1.0
    },
    "Eyeliner Tone":{
      "A":1.0,
      "B":1.0,
      "G":1.0,
      "R":1.0
    },
    "Root DyeColor":{
      "A":1.0,
      "B":1.0,
      "G":1.0,
      "R":1.0
    },
    "Tip DyeColor":{
      "A":1.0,
      "B":1.0,
      "G":1.0,
      "R":1.0
    },
    "Skin Tone":{
      "A":1.0,
      "B":0.953125,
      "G":0.953125,
      "R":0.953125
    }
  },
  "Name":"BP_CarmaloTruiand_C",
  "FaceMorphValuesMap":{
    "Eyes Small / Large":-0.37999999523163,
    "Jaw Thin / Wide":0.19767999649048,
    "Brow Ridge Low / High":0.29561701416969,
    "Chin Retracted / Jutting":0.47999998927116,
    "Face Thin / Wide":0.13098299503326,
    "Hair Length":0.0,
    "Chin Backward / Forward":0.0,
    "Vampire":0.0,
    "Mouth Underbite / Overbite":-0.1507758051157,
    "Eyes Inward / Outward":0.29052385687828,
    "Mouth Sad / Happy":0.089389264583588,
    "Jaw Retracted / Jutting":0.19749121367931,
    "Nose Flat / Pointed":0.0,
    "Chin Recessed / Pronounced":0.0,
    "Cheeks Gaunt / Round":-0.075308002531528,
    "Forehead Back / Forward":-0.098026461899281,
    "Nose Sellion Down / Up":0.0,
    "Mouth Deflated / Inflated":0.062199998646975,
    "Mouth Small / Large":0.22376599907875,
    "Nose Tilt Down / Up":0.0,
    "Nose Short / Long":0.21999999880791,
    "Mouth Drawn / Pursed":0.14629200100899,
    "Chin Short / Tall":0.0,
    "Nose Sellion Thin / Wide":0.0,
    "Jaw Neck Slope Low / High":0.056200001388788,
    "Cheekbones Shallow / Pronounced":-0.23124200105667,
    "Nose Sellion Shallow / Deep":0.47999998927116,
    "Mouth Tilt Down / Up":0.32424944639206,
    "Brow / Nose / Chin Ratio":0.079999998211861,
    "Brow Ridge Outer Down / Up":0.42972201108932,
    "Chin Small / Large":0.0,
    "Mouth Retracted / Puckered":-0.10440263897181,
    "Chin Thin / Wide":0.0,
    "Nose Nostrils Tilt Down / Up":0.0,
    "Face Gaunt / Round":0.19506199657917,
    "Cheekbones Thin / Wide":0.57647299766541,
    "Forehead / Sellion / Nose Ratio":0.3570376932621,
    "Cheekbones Low / High":-0.051331277936697,
    "Nose Bridge Short / Long":0.0,
    "Forehead Short / Tall":-0.13406500220299,
    "Nose Bridge Shallow / Deep":0.41999998688698,
    "Mouth Chin Short / Long":-0.38084265589714,
    "Face Light / Heavy":0.77999997138977,
    "Nose Region Concave / Convex":-0.30000001192093,
    "Mouth Retracted / Protruding":-0.14158825576305,
    "Cheeks Concave / Convex":-0.039753001183271,
    "Nose Nostrils Small / Large":0.0,
    "Jaw Concave / Convex":-0.20000000298023,
    "Nose Down / Up":0.0,
    "Mouth Low / High":-0.13921399414539,
    "Eyes Down / Up":0.66000002622604,
    "Chin Shallow / Deep":0.0,
    "Eyes Apart / Together":0.49042001366615,
    "Brow Ridge Inner Down / Up":-0.2170549929142,
    "Nose Sellion Lower Shallow / Deep":0.0,
    "Nose Nostrils Thin / Wide":0.0,
    "Forehead Small / Large":-0.16847099363804
  },
  "EyeMaterial":"/Game/Art/Character/Modular/Eyes_Human/MIC_Human_Eyes_Brown2.MIC_Human_Eyes_Brown2",
  "HairColorsL":{
    "1":{
      "A":1.0,
      "B":0.061246052384377,
      "G":0.1046164855361,
      "R":0.16202937066555
    },
    "2":{
      "A":1.0,
      "B":0.061246052384377,
      "G":0.1046164855361,
      "R":0.16202937066555
    },
    "0":{
      "A":1.0,
      "B":0.0060488330200315,
      "G":0.01032982300967,
      "R":0.021219009533525
    }
  },
  "SkinParametersMap":{
    "Eylids Light/Dark":0.0,
    "Ombre Amount":0.0,
    "Complexion":0.38516899943352,
    "Lipstick Dark Red/Light Blue":0.0,
    "Eyeshadow Light/Dark":0.0,
    "Root Color":1.0,
    "Skin Tint Orange/Blue":0.0,
    "Eyelids Light/Dark":0.0,
    "Naso Small/Large":0.0,
    "Tip Redness":1.0,
    "Skin Tint Purple/Yellow":-0.059999998658895,
    "Lipstick Amount":0.0,
    "Cheek Blush Light/Red":0.44000101089478,
    "Root Redness":1.0,
    "Lips Flushed/Pale":0.0,
    "Ombre Constrast":0.0,
    "Tip Color":0.47940099239349,
    "Eye Sockets Bruised/Bright":0.0,
    "Freckles":0.51999998092651,
    "Cheekbones Flushed/Pale":0.0,
    "Eyebrows Color Intensity":0.0,
    "Naso Labial Lines Light/Dark":0.0,
    "Lipstick Dark Blue/Light Red":0.0,
    "Eye Socket Dark/Light":1.0,
    "Eye socket Bruised/Bright":0.0,
    "Salt And Pepper":0.044943999499083,
    "Eyebrows Redness Intensity":0.0,
    "Eyeliner Light/Dark":0.0,
    "Age":0.0,
    "Skin Dark/Light":0.0,
    "Eyelids Pale/Red":0.0,
    "Eye Sockets Dark/Light":0.0
  },
  "Mustache":"/Game/Dev/Phenotypes/Mustache/HP_Imperial_MS_Short.HP_Imperial_MS_Short",
  "SenescenceLevel":4,
  "Sex":0,
  "Description":"saved from in-game",
  "Beard":"/Game/Dev/Phenotypes/Beard/HP_Imperial_BD_Short.HP_Imperial_BD_Short",
  "ModCreator":"animandan",
  "ModVersion":"1.1.0",
  "APIVersion":"v2",
  "Hair":"/Game/Dev/Phenotypes/Hair/HP_HR_MediumLength.HP_HR_MediumLength",
  "Race":"TESRace /Game/Forms/actors/race/Imperial.Imperial",
  "Body":"SkeletalMesh /Game/Art/Character/Imperial/SK_Imperial_Body_m.SK_Imperial_Body_m"
}