{
  "Race":"TESRace /Game/Forms/actors/race/Imperial.Imperial",
  "FaceBaseMesh":"/Game/Art/Character/Imperial/SK_Imperial_Head_m.SK_Imperial_Head_m",
  "Date":"2025-06-04 18:50:13",
  "HairColorsL":{
    "1":{
      "B":0.061246052384377,
      "G":0.1046164855361,
      "R":0.16202937066555,
      "A":1.0
    },
    "2":{
      "B":0.061246052384377,
      "G":0.1046164855361,
      "R":0.16202937066555,
      "A":1.0
    },
    "0":{
      "B":0.0060488330200315,
      "G":0.01032982300967,
      "R":0.021219009533525,
      "A":1.0
    }
  },
  "SkinParametersMap":{
    "Cheekbones Flushed/Pale":0.0,
    "Eyelids Pale/Red":0.0,
    "Lipstick Dark Blue/Light Red":0.0,
    "Skin Tint Purple/Yellow":0.18000000715256,
    "Lipstick Dark Red/Light Blue":0.0,
    "Ombre Amount":1.0,
    "Cheek Blush Light/Red":0.81999999284744,
    "Skin Dark/Light":0.0,
    "Eyelids Light/Dark":0.0,
    "Eyeshadow Light/Dark":0.0,
    "Ombre Constrast":1.0,
    "Complexion":0.40000000596046,
    "Salt And Pepper":0.0,
    "Eye socket Bruised/Bright":-0.10000000149012,
    "Lips Flushed/Pale":0.0,
    "Eye Sockets Dark/Light":0.0,
    "Root Redness":0.5,
    "Eyebrows Color Intensity":0.5,
    "Lipstick Amount":0.0,
    "Eyebrows Redness Intensity":0.0,
    "Naso Small/Large":0.0,
    "Freckles":0.72000002861023,
    "Root Color":0.10000000149012,
    "Eye Socket Dark/Light":0.0,
    "Eyeliner Light/Dark":0.0,
    "Tip Color":0.43999999761581,
    "Eylids Light/Dark":0.0,
    "Naso Labial Lines Light/Dark":0.0,
    "Skin Tint Orange/Blue":0.079999998211861,
    "Eye Sockets Bruised/Bright":0.0,
    "Tip Redness":0.5,
    "Age":0.0
  },
  "Sex":0,
  "FaceMorphValuesMap":{
    "Hair Length":0.0,
    "Vampire":0.0,
    "Nose Sellion Down / Up":0.35063296556473,
    "Forehead Back / Forward":0.072500623762608,
    "Mouth Deflated / Inflated":0.042808998376131,
    "Chin Backward / Forward":-0.25537171959877,
    "Eyes Apart / Together":0.26671499013901,
    "Nose Tilt Down / Up":0.0,
    "Mouth Sad / Happy":0.021682573482394,
    "Brow Ridge Outer Down / Up":0.22491267323494,
    "Nose Sellion Thin / Wide":-0.25999999046326,
    "Nose Short / Long":0.23999999463558,
    "Nose Sellion Shallow / Deep":0.23999999463558,
    "Brow / Nose / Chin Ratio":0.0,
    "Chin Small / Large":0.089226439595222,
    "Nose Flat / Pointed":0.35173100233078,
    "Jaw Thin / Wide":0.26649698615074,
    "Nose Nostrils Tilt Down / Up":-0.46000000834465,
    "Eyes Inward / Outward":0.01468943990767,
    "Cheekbones Shallow / Pronounced":0.24597643315792,
    "Nose Nostrils Thin / Wide":0.68934398889542,
    "Chin Shallow / Deep":0.23695711791515,
    "Nose Down / Up":0.0,
    "Nose Bridge Short / Long":0.23329105973244,
    "Mouth Tilt Down / Up":-0.090766333043575,
    "Chin Thin / Wide":0.43692898750305,
    "Face Light / Heavy":0.33364000916481,
    "Mouth Chin Short / Long":-0.17624260485172,
    "Jaw Concave / Convex":0.38899400830269,
    "Brow Ridge Low / High":-0.16754139959812,
    "Chin Recessed / Pronounced":-0.18021206557751,
    "Cheeks Gaunt / Round":0.32922926545143,
    "Face Thin / Wide":0.28435736894608,
    "Eyes Down / Up":0.12513475120068,
    "Jaw Retracted / Jutting":-0.2791063785553,
    "Chin Short / Tall":0.019337000325322,
    "Jaw Neck Slope Low / High":-0.11479300260544,
    "Nose Bridge Shallow / Deep":0.0,
    "Mouth Retracted / Protruding":-0.41329875588417,
    "Cheekbones Thin / Wide":0.19331200420856,
    "Mouth Low / High":0.020939899608493,
    "Mouth Retracted / Puckered":-0.0076647163368762,
    "Mouth Small / Large":0.14453899860382,
    "Forehead Short / Tall":-0.3660851418972,
    "Nose Nostrils Small / Large":0.10718113183975,
    "Chin Retracted / Jutting":0.35652282834053,
    "Forehead Small / Large":-0.28409773111343,
    "Cheekbones Low / High":-0.24245798587799,
    "Eyes Small / Large":-0.61641597747803,
    "Cheeks Concave / Convex":-0.25958743691444,
    "Brow Ridge Inner Down / Up":0.10308299958706,
    "Nose Sellion Lower Shallow / Deep":0.46000000834465,
    "Face Gaunt / Round":-0.41358110308647,
    "Mouth Underbite / Overbite":0.65964418649673,
    "Nose Region Concave / Convex":0.24272739887238,
    "Forehead / Sellion / Nose Ratio":0.16006956994534,
    "Mouth Drawn / Pursed":-0.39479479193687
  },
  "Mustache":"/Game/Dev/Phenotypes/Mustache/HP_Imperial_MS_Short.HP_Imperial_MS_Short",
  "ModCreator":"animandan",
  "SkinColorsMapL":{
    "Lipstick Color":{
      "B":1.0,
      "G":1.0,
      "R":1.0,
      "A":1.0
    },
    "Tip DyeColor":{
      "B":0.010960093699396,
      "G":0.038204371929169,
      "R":0.26635560393333,
      "A":1.0
    },
    "Root DyeColor":{
      "B":1.0,
      "G":1.0,
      "R":1.0,
      "A":1.0
    },
    "Eyeliner Tone":{
      "B":1.0,
      "G":1.0,
      "R":1.0,
      "A":1.0
    },
    "Skin Tone":{
      "B":0.7934849858284,
      "G":0.82037800550461,
      "R":0.94791698455811,
      "A":1.0
    }
  },
  "ModVersion":"1.1.0",
  "EyeMaterial":"/Game/Art/Character/Modular/Eyes_Human/MIC_Human_Eyes_Brown2.MIC_Human_Eyes_Brown2",
  "ModName":"RaceMenuUtilities",
  "Body":"SkeletalMesh /Game/Art/Character/Imperial/SK_Imperial_Body_m.SK_Imperial_Body_m",
  "Description":"saved from in-game",
  "SenescenceLevel":4,
  "APIVersion":"v2",
  "Author":"Bethesda",
  "Hair":"/Game/Dev/Phenotypes/Hair/HP_HR_Ponytail.HP_HR_Ponytail",
  "Beard":"/Game/Dev/Phenotypes/Beard/HP_Imperial_BD_Short.HP_Imperial_BD_Short",
  "Name":"BP_ChorrolGuardPostNight03_C"
}