{
  "ModName":"RaceMenuUtilities",
  "FaceBaseMesh":"/Game/Art/Character/Breton/SK_Breton_Head_f.SK_Breton_Head_f",
  "Author":"Bethesda",
  "Date":"2025-06-04 20:30:52",
  "SkinColorsMapL":{
    "Lipstick Color":{
      "A":1.0,
      "B":0.0,
      "G":0.0,
      "R":0.44270798563957
    },
    "Eyeliner Tone":{
      "A":1.0,
      "B":0.32638901472092,
      "G":0.32638901472092,
      "R":0.32638901472092
    },
    "Root DyeColor":{
      "A":1.0,
      "B":1.0,
      "G":1.0,
      "R":1.0
    },
    "Tip DyeColor":{
      "A":1.0,
      "B":0.0,
      "G":0.066082999110222,
      "R":0.17464700341225
    },
    "Skin Tone":{
      "A":1.0,
      "B":0.93117797374725,
      "G":0.88541698455811,
      "R":1.0
    }
  },
  "APIVersion":"v2",
  "FaceMorphValuesMap":{
    "Eyes Small / Large":0.0,
    "Jaw Thin / Wide":-0.46000000834465,
    "Brow Ridge Low / High":0.12325099855661,
    "Chin Retracted / Jutting":0.0,
    "Face Thin / Wide":-0.61635899543762,
    "Hair Length":0.0,
    "Chin Backward / Forward":0.0,
    "Vampire":0.0,
    "Mouth Underbite / Overbite":0.097947001457214,
    "Eyes Inward / Outward":-0.062619999051094,
    "Mouth Sad / Happy":0.73480498790741,
    "Jaw Retracted / Jutting":-0.038160998374224,
    "Nose Flat / Pointed":-0.081562995910645,
    "Chin Recessed / Pronounced":0.0,
    "Cheeks Gaunt / Round":0.14937500655651,
    "Forehead Back / Forward":-0.47349300980568,
    "Nose Sellion Down / Up":-0.061562933027744,
    "Mouth Deflated / Inflated":0.098808996379375,
    "Mouth Small / Large":-0.55772197246552,
    "Nose Tilt Down / Up":0.31999999284744,
    "Nose Short / Long":0.14000000059605,
    "Mouth Drawn / Pursed":-0.34579598903656,
    "Chin Short / Tall":0.0,
    "Nose Sellion Thin / Wide":0.20000000298023,
    "Jaw Neck Slope Low / High":-0.51999998092651,
    "Cheekbones Shallow / Pronounced":-0.066874906420708,
    "Nose Sellion Shallow / Deep":0.0,
    "Mouth Tilt Down / Up":-0.13478800654411,
    "Brow / Nose / Chin Ratio":0.0,
    "Brow Ridge Outer Down / Up":0.13072299957275,
    "Chin Small / Large":0.41999998688698,
    "Mouth Retracted / Puckered":0.053389001637697,
    "Chin Thin / Wide":0.40000000596046,
    "Nose Nostrils Tilt Down / Up":-0.16021999716759,
    "Face Gaunt / Round":-0.027488240972161,
    "Cheekbones Thin / Wide":0.0,
    "Forehead / Sellion / Nose Ratio":-0.067476443946362,
    "Cheekbones Low / High":0.0,
    "Nose Bridge Short / Long":-0.036105781793594,
    "Forehead Short / Tall":-0.051663998514414,
    "Nose Bridge Shallow / Deep":0.20660799741745,
    "Mouth Chin Short / Long":-0.15999999642372,
    "Face Light / Heavy":0.54588001966476,
    "Nose Region Concave / Convex":0.11897740513086,
    "Mouth Retracted / Protruding":-0.83999997377396,
    "Cheeks Concave / Convex":-0.24087199568748,
    "Nose Nostrils Small / Large":0.11218500137329,
    "Jaw Concave / Convex":-0.0085709998384118,
    "Nose Down / Up":0.0,
    "Mouth Low / High":-0.15623852610588,
    "Eyes Down / Up":0.13901400566101,
    "Chin Shallow / Deep":0.0,
    "Eyes Apart / Together":0.29465499520302,
    "Brow Ridge Inner Down / Up":0.5,
    "Nose Sellion Lower Shallow / Deep":-0.079999998211861,
    "Nose Nostrils Thin / Wide":0.43950200080872,
    "Forehead Small / Large":-0.69218200445175
  },
  "EyeMaterial":"/Game/Art/Character/Modular/Eyes_Human/MIC_Human_Eyes_Brown2.MIC_Human_Eyes_Brown2",
  "HairColorsL":{
    "0":{
      "A":1.0,
      "B":0.0061369999311864,
      "G":0.010127999819815,
      "R":0.020833000540733
    }
  },
  "SkinParametersMap":{
    "Complexion":0.21999999880791,
    "Freckles":0.0,
    "Ombre Amount":1.0,
    "Root Redness":1.0,
    "Skin Tint Purple/Yellow":0.0,
    "Cheek Blush Light/Red":0.28000000119209,
    "Ombre Constrast":1.0,
    "Tip Color":0.029962999746203,
    "Eye socket Bruised/Bright":0.0,
    "Khajiit Pattern Number":0.0,
    "Lipstick Amount":0.029999999329448,
    "Eyebrows Color Intensity":0.7940080165863,
    "Skin Tint Orange/Blue":0.0,
    "Tip Redness":1.0,
    "Root Color":0.014980999752879,
    "Skin Dark/Light":0.0,
    "Salt And Pepper":0.0,
    "Eyebrows Redness Intensity":0.0,
    "Eyeliner Light/Dark":0.23999999463558,
    "Eyelids Pale/Red":0.11999999731779,
    "Cheekbones Flushed/Pale":0.34000000357628,
    "Eye Socket Dark/Light":0.0,
    "Eylids Light/Dark":0.0
  },
  "SenescenceLevel":1,
  "Sex":1,
  "Description":"saved from in-game",
  "ModCreator":"animandan",
  "ModVersion":"1.1.0",
  "Hair":"/Game/Dev/Phenotypes/Hair/HP_HR_PonytailTwist.HP_HR_PonytailTwist",
  "Name":"BP_CalliaBincal_C",
  "Race":"TESRace /Game/Forms/actors/race/Breton.Breton",
  "Body":"SkeletalMesh /Game/Art/Character/Imperial/SK_Imperial_Body_m.SK_Imperial_Body_m"
}