{
  "ModName":"RaceMenuUtilities",
  "FaceBaseMesh":"/Game/Art/Character/Redguard/SK_Redguard_Head_f.SK_Redguard_Head_f",
  "Author":"Bethesda",
  "Date":"2025-06-04 20:30:54",
  "SkinColorsMapL":{
    "Tip DyeColor":{
      "A":1.0,
      "B":1.0,
      "G":1.0,
      "R":1.0
    },
    "Lipstick Color":{
      "A":1.0,
      "B":0.51491767168045,
      "G":0.51491767168045,
      "R":0.53327637910843
    },
    "Root DyeColor":{
      "A":1.0,
      "B":1.0,
      "G":1.0,
      "R":1.0
    }
  },
  "APIVersion":"v2",
  "FaceMorphValuesMap":{
    "Eyes Small / Large":-0.059999998658895,
    "Jaw Thin / Wide":0.21999999880791,
    "Brow Ridge Low / High":-0.51999998092651,
    "Chin Retracted / Jutting":0.0,
    "Face Thin / Wide":0.11999899893999,
    "Hair Length":0.0,
    "Chin Backward / Forward":0.03999999910593,
    "Vampire":0.0,
    "Mouth Underbite / Overbite":0.0,
    "Eyes Inward / Outward":0.03999999910593,
    "Mouth Sad / Happy":0.63999998569489,
    "Jaw Retracted / Jutting":-0.20000000298023,
    "Nose Flat / Pointed":0.31999999284744,
    "Chin Recessed / Pronounced":0.0,
    "Cheeks Gaunt / Round":0.03999999910593,
    "Forehead Back / Forward":0.23999999463558,
    "Nose Sellion Down / Up":0.079999998211861,
    "Mouth Deflated / Inflated":0.14000000059605,
    "Mouth Small / Large":0.0,
    "Nose Tilt Down / Up":-0.15999999642372,
    "Nose Short / Long":0.0,
    "Mouth Drawn / Pursed":0.28000000119209,
    "Chin Short / Tall":0.019999999552965,
    "Nose Sellion Thin / Wide":0.0,
    "Jaw Neck Slope Low / High":-0.20000000298023,
    "Cheekbones Shallow / Pronounced":0.019999999552965,
    "Nose Sellion Shallow / Deep":0.079998999834061,
    "Mouth Tilt Down / Up":0.0,
    "Brow / Nose / Chin Ratio":-0.14000000059605,
    "Brow Ridge Outer Down / Up":0.14000000059605,
    "Chin Small / Large":0.14000000059605,
    "Mouth Retracted / Puckered":-0.10000000149012,
    "Chin Thin / Wide":0.30000001192093,
    "Nose Nostrils Tilt Down / Up":0.34000000357628,
    "Face Gaunt / Round":-0.34000000357628,
    "Cheekbones Thin / Wide":-0.36000001430511,
    "Forehead / Sellion / Nose Ratio":-0.53999900817871,
    "Cheekbones Low / High":-0.5199990272522,
    "Nose Bridge Short / Long":0.079999998211861,
    "Forehead Short / Tall":0.25999999046326,
    "Nose Bridge Shallow / Deep":0.60000002384186,
    "Mouth Chin Short / Long":0.0,
    "Face Light / Heavy":0.31999999284744,
    "Nose Region Concave / Convex":-0.079999998211861,
    "Mouth Retracted / Protruding":0.30000001192093,
    "Cheeks Concave / Convex":0.03999999910593,
    "Nose Nostrils Small / Large":-0.18000000715256,
    "Jaw Concave / Convex":0.41999998688698,
    "Nose Down / Up":-0.49999898672104,
    "Mouth Low / High":-0.20000000298023,
    "Eyes Down / Up":0.56000000238419,
    "Chin Shallow / Deep":0.0,
    "Eyes Apart / Together":0.47999998927116,
    "Brow Ridge Inner Down / Up":-0.72000002861023,
    "Nose Sellion Lower Shallow / Deep":0.0,
    "Nose Nostrils Thin / Wide":-0.34000000357628,
    "Forehead Small / Large":-0.47999998927116
  },
  "EyeMaterial":"/Game/Art/Character/Modular/Eyes_Human/MIC_Human_Eyes_Brown2.MIC_Human_Eyes_Brown2",
  "HairColorsL":[],
  "SkinParametersMap":{
    "Complexion":0.35955101251602,
    "Freckles":1.0,
    "Ombre Amount":1.0,
    "Eylids Light/Dark":-0.34000000357628,
    "Skin Tint Purple/Yellow":0.0,
    "Cheek Blush Light/Red":0.46000000834465,
    "Ombre Constrast":-1.0,
    "Tip Color":0.78913897275925,
    "Eye socket Bruised/Bright":0.0,
    "Skin Tint Orange/Blue":0.0,
    "Eyebrows Color Intensity":0.0,
    "Tip Redness":1.0,
    "Root Redness":0.5,
    "Root Color":0.10000000149012,
    "Skin Dark/Light":0.0,
    "Salt And Pepper":0.0,
    "Eyebrows Redness Intensity":0.0,
    "Eyeliner Light/Dark":0.46000000834465,
    "Eyelids Pale/Red":0.25999999046326,
    "Cheekbones Flushed/Pale":0.80000001192093,
    "Eye Socket Dark/Light":0.0,
    "Lipstick Amount":-0.03999999910593
  },
  "SenescenceLevel":0,
  "Sex":1,
  "Description":"saved from in-game",
  "ModCreator":"animandan",
  "ModVersion":"1.1.0",
  "Hair":"/Game/Dev/Phenotypes/Hair/HP_DarkElf_HR_Fringe.HP_DarkElf_HR_Fringe",
  "Name":"BP_Clesa_C",
  "Race":"TESRace /Game/Forms/actors/race/Redguard.Redguard",
  "Body":"SkeletalMesh /Game/Art/Character/Imperial/SK_Imperial_Body_m.SK_Imperial_Body_m"
}