{
  "Race":"TESRace /Game/Forms/actors/race/Breton.Breton",
  "FaceBaseMesh":"/Game/Art/Character/Breton/SK_Breton_Head_f.SK_Breton_Head_f",
  "Date":"2025-06-04 18:39:19",
  "HairColorsL":{
    "0":{
      "B":0.08398400247097,
      "G":0.1452250033617,
      "R":0.22395800054073,
      "A":1.0
    }
  },
  "SkinParametersMap":{
    "Cheekbones Flushed/Pale":0.0,
    "Eyelids Pale/Red":0.0,
    "Skin Tint Purple/Yellow":0.0,
    "Lipstick Amount":0.0,
    "Cheek Blush Light/Red":0.0,
    "Skin Dark/Light":0.0,
    "Complexion":0.34000000357628,
    "Salt And Pepper":0.0,
    "Eye Socket Dark/Light":0.0,
    "Eylids Light/Dark":0.0,
    "Ombre Amount":0.0,
    "Freckles":0.0,
    "Root Color":0.10000000149012,
    "Ombre Constrast":0.0,
    "Eyeliner Light/Dark":0.0,
    "Tip Color":0.10000000149012,
    "Eyebrows Redness Intensity":0.15999999642372,
    "Root Redness":0.5,
    "Skin Tint Orange/Blue":0.0,
    "Eye socket Bruised/Bright":0.0,
    "Tip Redness":0.5,
    "Eyebrows Color Intensity":0.40000000596046
  },
  "Sex":1,
  "FaceMorphValuesMap":{
    "Hair Length":0.0,
    "Vampire":0.0,
    "Nose Sellion Down / Up":0.0,
    "Forehead Back / Forward":0.0,
    "Mouth Deflated / Inflated":-0.69999998807907,
    "Chin Backward / Forward":-0.41999998688698,
    "Eyes Apart / Together":0.4544979929924,
    "Nose Tilt Down / Up":0.0,
    "Mouth Sad / Happy":0.10000000149012,
    "Brow Ridge Outer Down / Up":-0.34344625473022,
    "Nose Sellion Thin / Wide":0.0,
    "Nose Short / Long":0.0,
    "Nose Sellion Shallow / Deep":0.0,
    "Brow / Nose / Chin Ratio":0.0,
    "Chin Small / Large":0.0,
    "Nose Flat / Pointed":0.37999999523163,
    "Jaw Thin / Wide":0.81999999284744,
    "Nose Nostrils Tilt Down / Up":0.0,
    "Eyes Inward / Outward":-0.028660178184509,
    "Cheekbones Shallow / Pronounced":0.18148739635944,
    "Nose Nostrils Thin / Wide":0.40000000596046,
    "Chin Shallow / Deep":0.0,
    "Nose Down / Up":0.0,
    "Nose Bridge Short / Long":0.0,
    "Mouth Tilt Down / Up":0.0,
    "Chin Thin / Wide":0.68000000715256,
    "Face Light / Heavy":0.74496901035309,
    "Mouth Chin Short / Long":0.0,
    "Jaw Concave / Convex":0.81999999284744,
    "Brow Ridge Low / High":0.4247829914093,
    "Chin Recessed / Pronounced":0.0,
    "Cheeks Gaunt / Round":0.10092764347792,
    "Face Thin / Wide":-0.80000001192093,
    "Eyes Down / Up":-0.074207983911037,
    "Jaw Retracted / Jutting":-0.1393691599369,
    "Chin Short / Tall":0.31999999284744,
    "Jaw Neck Slope Low / High":0.42152199149132,
    "Nose Bridge Shallow / Deep":0.0,
    "Mouth Retracted / Protruding":0.0,
    "Cheekbones Thin / Wide":0.33408147096634,
    "Mouth Low / High":0.0,
    "Mouth Retracted / Puckered":0.0,
    "Mouth Small / Large":0.5,
    "Forehead Short / Tall":0.0,
    "Nose Nostrils Small / Large":0.37999999523163,
    "Chin Retracted / Jutting":0.0,
    "Forehead Small / Large":0.41999998688698,
    "Cheekbones Low / High":0.25132143497467,
    "Eyes Small / Large":0.0,
    "Cheeks Concave / Convex":0.39194211363792,
    "Brow Ridge Inner Down / Up":0.22050745785236,
    "Nose Sellion Lower Shallow / Deep":0.30000001192093,
    "Face Gaunt / Round":-0.14262306690216,
    "Mouth Underbite / Overbite":0.0,
    "Nose Region Concave / Convex":0.0,
    "Forehead / Sellion / Nose Ratio":0.29897853732109,
    "Mouth Drawn / Pursed":0.03999999910593
  },
  "Author":"Bethesda",
  "SkinColorsMapL":{
    "Lipstick Color":{
      "B":1.0,
      "G":1.0,
      "R":1.0,
      "A":1.0
    },
    "Tip DyeColor":{
      "B":1.0,
      "G":1.0,
      "R":1.0,
      "A":1.0
    },
    "Root DyeColor":{
      "B":1.0,
      "G":1.0,
      "R":1.0,
      "A":1.0
    },
    "Eyeliner Tone":{
      "B":0.74479198455811,
      "G":0.74479198455811,
      "R":0.74479198455811,
      "A":1.0
    },
    "Skin Tone":{
      "B":1.0,
      "G":1.0,
      "R":1.0,
      "A":1.0
    }
  },
  "ModVersion":"1.1.0",
  "EyeMaterial":"/Game/Art/Character/Modular/Eyes_Human/MIC_Human_Eyes_Red1.MIC_Human_Eyes_Red1",
  "Body":"SkeletalMesh /Game/Art/Character/Imperial/SK_Imperial_Body_m.SK_Imperial_Body_m",
  "Description":"saved from in-game",
  "SenescenceLevel":4,
  "APIVersion":"v2",
  "ModCreator":"animandan",
  "ModName":"RaceMenuUtilities",
  "Hair":"/Game/Dev/Phenotypes/Hair/HP_Imperial_HR_Coil.HP_Imperial_HR_Coil",
  "Name":"BP_CandiceCorgine_C"
}