{
  "APIVersion":"v2",
  "SkinParametersMap":{
    "Tip Color":0.65917700529099,
    "Ombre Constrast":0.0,
    "Eyebrows Color Intensity":0.53932702541351,
    "Ombre Amount":1.0,
    "Salt And Pepper":0.0,
    "Freckles":0.0,
    "Eyebrows Redness Intensity":1.0,
    "Root Color":0.66000002622604,
    "Complexion":0.0,
    "Lipstick Amount":0.0,
    "Cheek Blush Light/Red":0.0,
    "Root Redness":1.0,
    "Khajiit Pattern Number":0.0,
    "Tip Redness":1.0,
    "Cheekbones Flushed/Pale":0.0,
    "Eyelids Pale/Red":0.0,
    "Eye socket Bruised/Bright":0.0
  },
  "Author":"Bethesda",
  "Race":"TESRace /Game/Forms/actors/race/Breton.Breton",
  "HairColorsL":{
    "0":{
      "R":0.0051819998770952,
      "G":0.0018210000125691,
      "B":0.0018210000125691,
      "A":1.0
    }
  },
  "Body":"SkeletalMesh /Game/Art/Character/Imperial/SK_Imperial_Body_m.SK_Imperial_Body_m",
  "Date":"2025-06-04 19:28:12",
  "SkinColorsMapL":{
    "Root DyeColor":{
      "R":1.0,
      "G":1.0,
      "B":1.0,
      "A":1.0
    },
    "Eyeliner Tone":{
      "R":1.0,
      "G":1.0,
      "B":1.0,
      "A":1.0
    },
    "Lipstick Color":{
      "R":0.43229201436043,
      "G":0.023468000814319,
      "B":0.0,
      "A":1.0
    },
    "Skin Tone":{
      "R":1.0,
      "G":1.0,
      "B":1.0,
      "A":1.0
    },
    "Tip DyeColor":{
      "R":1.0,
      "G":1.0,
      "B":1.0,
      "A":1.0
    }
  },
  "ModCreator":"animandan",
  "Sex":1,
  "ModName":"RaceMenuUtilities",
  "EyeMaterial":"/Game/Art/Character/Modular/Eyes_Human/MIC_Human_Eyes_Red1.MIC_Human_Eyes_Red1",
  "ModVersion":"1.1.0",
  "FaceBaseMesh":"/Game/Art/Character/Breton/SK_Breton_Head_f.SK_Breton_Head_f",
  "Hair":"/Game/Dev/Phenotypes/Hair/HP_HR_Ponytail.HP_HR_Ponytail",
  "Description":"saved from in-game",
  "SenescenceLevel":1,
  "FaceMorphValuesMap":{
    "Face Gaunt / Round":0.033831000328064,
    "Nose Short / Long":0.11999999731779,
    "Nose Tilt Down / Up":0.0,
    "Mouth Sad / Happy":0.24616199731827,
    "Mouth Retracted / Protruding":-0.41936960816383,
    "Chin Short / Tall":0.0,
    "Cheekbones Low / High":0.15156118571758,
    "Nose Nostrils Tilt Down / Up":0.0,
    "Mouth Deflated / Inflated":0.15354835987091,
    "Hair Length":0.0,
    "Nose Sellion Shallow / Deep":0.019999999552965,
    "Chin Shallow / Deep":0.0,
    "Jaw Concave / Convex":0.30668807029724,
    "Brow Ridge Low / High":0.046681001782417,
    "Chin Recessed / Pronounced":0.0,
    "Mouth Tilt Down / Up":0.41468045115471,
    "Nose Sellion Thin / Wide":0.0,
    "Cheeks Gaunt / Round":0.21999999880791,
    "Nose Sellion Lower Shallow / Deep":0.62000000476837,
    "Nose Sellion Down / Up":0.019999999552965,
    "Cheeks Concave / Convex":0.49136799573898,
    "Nose Region Concave / Convex":-0.18000000715256,
    "Eyes Inward / Outward":0.0,
    "Nose Nostrils Thin / Wide":0.0,
    "Brow Ridge Inner Down / Up":0.0407619997859,
    "Eyes Apart / Together":0.0,
    "Mouth Underbite / Overbite":0.20666268467903,
    "Chin Retracted / Jutting":0.0,
    "Brow / Nose / Chin Ratio":0.20967130362988,
    "Nose Bridge Short / Long":0.0,
    "Mouth Low / High":-0.26054701209068,
    "Forehead Small / Large":0.27540001273155,
    "Nose Bridge Shallow / Deep":0.0,
    "Eyes Small / Large":0.0,
    "Forehead / Sellion / Nose Ratio":0.22346262633801,
    "Mouth Chin Short / Long":-0.10781195014715,
    "Forehead Short / Tall":-0.37999999523163,
    "Eyes Down / Up":0.0,
    "Vampire":0.0,
    "Mouth Retracted / Puckered":-0.5319749712944,
    "Jaw Retracted / Jutting":0.26459324359894,
    "Mouth Drawn / Pursed":0.095535919070244,
    "Cheekbones Thin / Wide":0.19562688469887,
    "Nose Down / Up":0.23999999463558,
    "Jaw Neck Slope Low / High":-0.25069499015808,
    "Chin Thin / Wide":0.86000001430511,
    "Cheekbones Shallow / Pronounced":-0.42005068063736,
    "Nose Nostrils Small / Large":0.0,
    "Nose Flat / Pointed":0.15999999642372,
    "Face Thin / Wide":-0.43999999761581,
    "Chin Backward / Forward":-0.51471197605133,
    "Face Light / Heavy":0.38361701369286,
    "Mouth Small / Large":-0.25999501347542,
    "Forehead Back / Forward":0.28000000119209,
    "Jaw Thin / Wide":0.53577399253845,
    "Brow Ridge Outer Down / Up":0.019999999552965,
    "Chin Small / Large":0.0
  },
  "Name":"BP_Courier1_C"
}