{
  "Name":"BP_CGMythicDawnAssassinArcher_C",
  "Sex":0,
  "APIVersion":"v2",
  "Description":"saved from in-game",
  "SkinParametersMap":{
    "Naso Labial Lines Light/Dark":0.0,
    "Salt And Pepper":0.0,
    "Complexion":0.47999998927116,
    "Eyelids Light/Dark":0.0,
    "Ombre Amount":1.0,
    "Ombre Constrast":1.0,
    "Skin Tint Purple/Yellow":0.0,
    "Eyebrows Color Intensity":0.0,
    "Tip Redness":0.5,
    "Tip Color":0.63999998569489,
    "Eye socket Bruised/Bright":0.0,
    "Eye Socket Dark/Light":0.0,
    "Cheekbones Flushed/Pale":0.68000000715256,
    "Lips Flushed/Pale":0.0,
    "Lipstick Dark Blue/Light Red":0.0,
    "Lipstick Amount":0.0,
    "Cheek Blush Light/Red":0.0,
    "Eye Sockets Bruised/Bright":0.0,
    "Eyebrows Redness Intensity":0.0,
    "Skin Dark/Light":0.0,
    "Skin Tint Orange/Blue":0.0,
    "Eyelids Pale/Red":0.0,
    "Lipstick Dark Red/Light Blue":0.0,
    "Root Color":0.10000000149012,
    "Eyeshadow Light/Dark":0.0,
    "Root Redness":0.5,
    "Eye Sockets Dark/Light":0.0,
    "Eylids Light/Dark":0.0,
    "Naso Small/Large":0.0,
    "Freckles":0.68000000715256,
    "Eyeliner Light/Dark":0.0,
    "Age":0.0
  },
  "Race":"TESRace /Game/Forms/actors/race/Imperial.Imperial",
  "Hair":"/Game/Dev/Phenotypes/Hair/HP_HR_MediumLength.HP_HR_MediumLength",
  "FaceMorphValuesMap":{
    "Brow Ridge Inner Down / Up":-0.35206800699234,
    "Cheeks Gaunt / Round":-0.15448300540447,
    "Mouth Low / High":-0.40000000596046,
    "Forehead Short / Tall":-0.51898598670959,
    "Cheeks Concave / Convex":0.13991199433804,
    "Eyes Small / Large":-0.50247299671173,
    "Jaw Retracted / Jutting":-0.57852983474731,
    "Nose Sellion Down / Up":0.47923955321312,
    "Jaw Concave / Convex":0.16445091366768,
    "Hair Length":0.0,
    "Vampire":0.0,
    "Mouth Drawn / Pursed":0.51999998092651,
    "Nose Bridge Shallow / Deep":0.23628416657448,
    "Face Thin / Wide":0.031111389398575,
    "Chin Recessed / Pronounced":0.32039299607277,
    "Cheekbones Low / High":0.12085496634245,
    "Forehead Small / Large":0.17939229309559,
    "Forehead Back / Forward":-0.087425887584686,
    "Chin Backward / Forward":0.35650101304054,
    "Face Gaunt / Round":0.34007701277733,
    "Eyes Apart / Together":0.63262397050858,
    "Jaw Neck Slope Low / High":0.1343239992857,
    "Nose Tilt Down / Up":0.0,
    "Nose Short / Long":0.0,
    "Nose Sellion Thin / Wide":0.0,
    "Mouth Retracted / Puckered":0.0,
    "Nose Region Concave / Convex":0.10233014822006,
    "Jaw Thin / Wide":0.25684326887131,
    "Nose Sellion Shallow / Deep":0.0,
    "Nose Nostrils Small / Large":0.28383401036263,
    "Nose Sellion Lower Shallow / Deep":0.0,
    "Chin Thin / Wide":0.089957132935524,
    "Nose Nostrils Thin / Wide":0.46360701322556,
    "Nose Nostrils Tilt Down / Up":-0.029392000287771,
    "Nose Flat / Pointed":-0.14042900502682,
    "Cheekbones Thin / Wide":0.023246999830008,
    "Brow Ridge Low / High":-0.49759098887444,
    "Nose Down / Up":-0.29095855355263,
    "Nose Bridge Short / Long":0.56617486476898,
    "Mouth Chin Short / Long":0.0,
    "Mouth Underbite / Overbite":0.0,
    "Eyes Inward / Outward":0.052011977881193,
    "Mouth Retracted / Protruding":-0.41999998688698,
    "Mouth Tilt Down / Up":0.0,
    "Chin Short / Tall":-0.068176999688148,
    "Chin Retracted / Jutting":0.19969700276852,
    "Forehead / Sellion / Nose Ratio":-0.064282111823559,
    "Mouth Sad / Happy":0.0,
    "Eyes Down / Up":-0.31850790977478,
    "Mouth Deflated / Inflated":0.0,
    "Chin Shallow / Deep":0.037443000823259,
    "Brow Ridge Outer Down / Up":0.37135326862335,
    "Chin Small / Large":0.10814599692822,
    "Face Light / Heavy":-0.14978651702404,
    "Mouth Small / Large":0.46000000834465,
    "Brow / Nose / Chin Ratio":-0.10302827507257,
    "Cheekbones Shallow / Pronounced":0.18118800222874
  },
  "Mustache":"/Game/Dev/Phenotypes/Mustache/HP_Imperial_MS_Long.HP_Imperial_MS_Long",
  "Beard":"/Game/Dev/Phenotypes/Beard/HP_Imperial_BD_Goatee.HP_Imperial_BD_Goatee",
  "Author":"Bethesda",
  "ModCreator":"animandan",
  "ModName":"RaceMenuUtilities",
  "SkinColorsMapL":{
    "Root DyeColor":{
      "B":1.0,
      "G":1.0,
      "R":1.0,
      "A":1.0
    },
    "Eyeliner Tone":{
      "B":1.0,
      "G":1.0,
      "R":1.0,
      "A":1.0
    },
    "Tip DyeColor":{
      "B":1.0,
      "G":1.0,
      "R":1.0,
      "A":1.0
    },
    "Lipstick Color":{
      "B":1.0,
      "G":1.0,
      "R":1.0,
      "A":1.0
    },
    "Skin Tone":{
      "B":0.79716497659683,
      "G":0.76241099834442,
      "R":0.95833301544189,
      "A":1.0
    }
  },
  "Body":"SkeletalMesh /Game/Art/Character/Imperial/SK_Imperial_Body_m.SK_Imperial_Body_m",
  "FaceBaseMesh":"/Game/Art/Character/Imperial/SK_Imperial_Head_m.SK_Imperial_Head_m",
  "HairColorsL":{
    "1":{
      "B":0.08398400247097,
      "G":0.1452250033617,
      "R":0.22395800054073,
      "A":1.0
    },
    "2":{
      "B":0.0036765071563423,
      "G":0.0074990317225456,
      "R":0.012286487966776,
      "A":1.0
    },
    "0":{
      "B":0.0060488330200315,
      "G":0.01032982300967,
      "R":0.021219009533525,
      "A":1.0
    }
  },
  "EyeMaterial":"/Game/Art/Character/Modular/Eyes_Human/MIC_Human_Eyes_Brown4.MIC_Human_Eyes_Brown4",
  "ModVersion":"1.1.0",
  "SenescenceLevel":4,
  "Date":"2025-06-05 19:58:50"
}