{
  "FaceMorphValuesMap":{
    "Nose Bridge Short / Long":0.089595913887024,
    "Mouth Tilt Down / Up":-0.27368530631065,
    "Forehead Back / Forward":-0.027775624766946,
    "Eyes Small / Large":0.17186577618122,
    "Chin Recessed / Pronounced":0.022055264562368,
    "Cheekbones Thin / Wide":0.1983589977026,
    "Jaw Neck Slope Low / High":-0.10357588529587,
    "Chin Retracted / Jutting":-0.21575243771076,
    "Jaw Retracted / Jutting":-0.35887864232063,
    "Mouth Low / High":-0.27553445100784,
    "Mouth Sad / Happy":-0.080173827707767,
    "Forehead / Sellion / Nose Ratio":-0.27529746294022,
    "Hair Length":0.0,
    "Vampire":0.0,
    "Forehead Short / Tall":0.023671999573708,
    "Jaw Concave / Convex":0.25724107027054,
    "Nose Nostrils Small / Large":0.44186797738075,
    "Cheeks Gaunt / Round":0.29521900415421,
    "Nose Tilt Down / Up":0.0,
    "Mouth Drawn / Pursed":-0.040292918682098,
    "Nose Short / Long":0.0,
    "Cheekbones Shallow / Pronounced":0.0,
    "Jaw Thin / Wide":-0.26570668816566,
    "Eyes Apart / Together":0.0,
    "Chin Backward / Forward":0.20000000298023,
    "Nose Sellion Thin / Wide":0.0,
    "Nose Sellion Lower Shallow / Deep":0.0,
    "Nose Sellion Shallow / Deep":0.0,
    "Mouth Retracted / Protruding":-0.33270934224129,
    "Eyes Down / Up":0.066773936152458,
    "Nose Region Concave / Convex":-0.26692914962769,
    "Nose Down / Up":-0.32040536403656,
    "Chin Shallow / Deep":0.23533959686756,
    "Nose Nostrils Tilt Down / Up":-0.23120582103729,
    "Nose Flat / Pointed":0.068886123597622,
    "Eyes Inward / Outward":0.23162169754505,
    "Brow / Nose / Chin Ratio":-0.011460669338703,
    "Chin Short / Tall":-0.18668554723263,
    "Brow Ridge Outer Down / Up":0.18196307122707,
    "Nose Nostrils Thin / Wide":-0.15031406283379,
    "Face Thin / Wide":-0.32143899798393,
    "Chin Thin / Wide":0.10431746393442,
    "Nose Bridge Shallow / Deep":-0.0034443826880306,
    "Mouth Underbite / Overbite":-0.23513908684254,
    "Mouth Chin Short / Long":-0.10348566621542,
    "Cheekbones Low / High":0.68000000715256,
    "Brow Ridge Inner Down / Up":0.12124096602201,
    "Mouth Small / Large":-0.15880726277828,
    "Mouth Deflated / Inflated":0.23386776447296,
    "Nose Sellion Down / Up":0.16814993321896,
    "Brow Ridge Low / High":-0.26235911250114,
    "Chin Small / Large":0.24219040572643,
    "Forehead Small / Large":0.057241357862949,
    "Face Light / Heavy":-0.085951000452042,
    "Cheeks Concave / Convex":0.59883105754852,
    "Mouth Retracted / Puckered":-0.039577927440405,
    "Face Gaunt / Round":0.34000000357628
  },
  "Sex":0,
  "SkinParametersMap":{
    "Eyebrows Redness Intensity":0.0,
    "Freckles":0.60000002384186,
    "Eyelids Pale/Red":0.0,
    "Root Redness":0.5,
    "Complexion":0.5,
    "Salt And Pepper":0.0,
    "Eye Socket Dark/Light":0.0,
    "Eye socket Bruised/Bright":0.0,
    "Eyebrows Color Intensity":0.10000000149012,
    "Ombre Constrast":0.0,
    "Tip Redness":0.5,
    "Eylids Light/Dark":0.0,
    "Root Color":0.10000000149012,
    "Eyeliner Light/Dark":0.0,
    "Skin Dark/Light":0.079999998211861,
    "Cheekbones Flushed/Pale":0.43999999761581,
    "Skin Tint Orange/Blue":0.0,
    "Skin Tint Purple/Yellow":0.0,
    "Cheek Blush Light/Red":0.46000000834465,
    "Ombre Amount":0.0,
    "Lipstick Amount":0.0099999997764826,
    "Tip Color":0.10000000149012
  },
  "Description":"saved from in-game",
  "FaceBaseMesh":"/Game/Art/Character/Breton/SK_Breton_Head_m.SK_Breton_Head_m",
  "Hair":"/Game/Dev/Phenotypes/Hair/HP_HR_MediumLength.HP_HR_MediumLength",
  "ModVersion":"1.1.0",
  "Date":"2025-06-04 19:16:03",
  "SenescenceLevel":1,
  "ModCreator":"animandan",
  "Name":"BP_ConjurerMaleBreton4_C",
  "ModName":"RaceMenuUtilities",
  "Body":"SkeletalMesh /Game/Art/Character/Imperial/SK_Imperial_Body_m.SK_Imperial_Body_m",
  "APIVersion":"v2",
  "HairColorsL":{
    "0":{
      "B":0.0061369999311864,
      "G":0.010127999819815,
      "R":0.020833000540733,
      "A":1.0
    }
  },
  "Race":"TESRace /Game/Forms/actors/race/Breton.Breton",
  "SkinColorsMapL":{
    "Lipstick Color":{
      "B":1.0,
      "G":1.0,
      "R":1.0,
      "A":1.0
    },
    "Tip DyeColor":{
      "B":0.0,
      "G":0.0,
      "R":0.0,
      "A":1.0
    },
    "Skin Tone":{
      "B":1.0,
      "G":1.0,
      "R":1.0,
      "A":1.0
    },
    "Eyeliner Tone":{
      "B":1.0,
      "G":1.0,
      "R":1.0,
      "A":1.0
    },
    "Root DyeColor":{
      "B":0.0,
      "G":0.0,
      "R":0.0,
      "A":1.0
    }
  },
  "Author":"Bethesda"
}