{
  "Race":"TESRace /Game/Forms/actors/race/Imperial.Imperial",
  "FaceBaseMesh":"/Game/Art/Character/Imperial/SK_Imperial_Head_m.SK_Imperial_Head_m",
  "Date":"2025-06-04 18:35:48",
  "HairColorsL":{
    "1":{
      "B":0.084376208484173,
      "G":0.14412847161293,
      "R":0.22322796285152,
      "A":1.0
    },
    "2":{
      "B":0.084376208484173,
      "G":0.14412847161293,
      "R":0.22322796285152,
      "A":1.0
    },
    "0":{
      "B":0.0060488330200315,
      "G":0.01032982300967,
      "R":0.021219009533525,
      "A":1.0
    }
  },
  "SkinParametersMap":{
    "Cheekbones Flushed/Pale":0.0,
    "Eyelids Pale/Red":0.0,
    "Freckles":0.0,
    "Eyebrows Redness Intensity":0.0,
    "Lipstick Amount":0.0,
    "Ombre Amount":0.0,
    "Root Color":0.0,
    "Cheek Blush Light/Red":0.0,
    "Root Redness":0.0,
    "Tip Color":0.0,
    "Eye socket Bruised/Bright":0.0,
    "Complexion":0.10486900061369,
    "Salt And Pepper":0.0,
    "Eyebrows Color Intensity":0.0,
    "Tip Redness":0.0,
    "Ombre Constrast":0.0
  },
  "Sex":0,
  "FaceMorphValuesMap":{
    "Hair Length":-1.0,
    "Vampire":0.0,
    "Nose Sellion Down / Up":0.0,
    "Forehead Back / Forward":0.16202826797962,
    "Mouth Deflated / Inflated":0.15958100557327,
    "Chin Backward / Forward":0.17592087388039,
    "Eyes Apart / Together":0.45370799303055,
    "Nose Tilt Down / Up":0.0,
    "Mouth Sad / Happy":-0.33946999907494,
    "Brow Ridge Outer Down / Up":-0.19432400166988,
    "Nose Sellion Thin / Wide":0.0,
    "Nose Short / Long":0.0,
    "Nose Sellion Shallow / Deep":0.0,
    "Brow / Nose / Chin Ratio":0.5839381814003,
    "Chin Small / Large":0.062601260840893,
    "Nose Flat / Pointed":0.0,
    "Jaw Thin / Wide":0.22269600629807,
    "Nose Nostrils Tilt Down / Up":0.0,
    "Eyes Inward / Outward":0.30741313099861,
    "Cheekbones Shallow / Pronounced":-0.10535867512226,
    "Nose Nostrils Thin / Wide":0.81999999284744,
    "Chin Shallow / Deep":-0.17962397634983,
    "Nose Down / Up":0.0,
    "Nose Bridge Short / Long":0.63999998569489,
    "Mouth Tilt Down / Up":-0.079979002475739,
    "Chin Thin / Wide":-0.097161442041397,
    "Face Light / Heavy":0.067950628697872,
    "Mouth Chin Short / Long":0.3643259704113,
    "Jaw Concave / Convex":0.037206001579762,
    "Brow Ridge Low / High":-0.43412399291992,
    "Chin Recessed / Pronounced":-0.086949490010738,
    "Cheeks Gaunt / Round":-0.073271997272968,
    "Face Thin / Wide":-0.018297452479601,
    "Eyes Down / Up":0.34157374501228,
    "Jaw Retracted / Jutting":-0.032904330641031,
    "Chin Short / Tall":-0.48147568106651,
    "Jaw Neck Slope Low / High":0.11617497354746,
    "Nose Bridge Shallow / Deep":0.63999998569489,
    "Mouth Retracted / Protruding":-0.052074000239372,
    "Cheekbones Thin / Wide":0.1263680011034,
    "Mouth Low / High":0.14218431711197,
    "Mouth Retracted / Puckered":0.14129737019539,
    "Mouth Small / Large":-0.092597536742687,
    "Forehead Short / Tall":0.38921359181404,
    "Nose Nostrils Small / Large":0.0,
    "Chin Retracted / Jutting":0.33850997686386,
    "Forehead Small / Large":-0.11499410867691,
    "Cheekbones Low / High":-0.18191884458065,
    "Eyes Small / Large":-0.48282906413078,
    "Cheeks Concave / Convex":-0.10936208069324,
    "Brow Ridge Inner Down / Up":-0.23145300149918,
    "Nose Sellion Lower Shallow / Deep":0.0,
    "Face Gaunt / Round":-0.24074871838093,
    "Mouth Underbite / Overbite":-0.20460097491741,
    "Nose Region Concave / Convex":0.0,
    "Forehead / Sellion / Nose Ratio":0.27847400307655,
    "Mouth Drawn / Pursed":-0.38691055774689
  },
  "Mustache":"/Game/Dev/Phenotypes/Mustache/HP_Imperial_MS_Short.HP_Imperial_MS_Short",
  "ModCreator":"animandan",
  "SkinColorsMapL":{
    "Lipstick Color":{
      "B":0.0097212167456746,
      "G":0.0009105809731409,
      "R":0.093058958649635,
      "A":1.0
    },
    "Skin Tone":{
      "B":1.0,
      "G":1.0,
      "R":1.0,
      "A":1.0
    },
    "Root DyeColor":{
      "B":0.0,
      "G":0.0012140000471845,
      "R":0.0047769998200238,
      "A":1.0
    },
    "Tip DyeColor":{
      "B":0.0056050000712276,
      "G":0.034340001642704,
      "R":0.10702300071716,
      "A":1.0
    },
    "Eyeliner Tone":{
      "B":1.0,
      "G":1.0,
      "R":1.0,
      "A":1.0
    }
  },
  "ModVersion":"1.1.0",
  "EyeMaterial":"/Game/Art/Character/Modular/Eyes_Human/MIC_Human_Eyes_Green2.MIC_Human_Eyes_Green2",
  "ModName":"RaceMenuUtilities",
  "Body":"SkeletalMesh /Game/Art/Character/Imperial/SK_Imperial_Body_m.SK_Imperial_Body_m",
  "Description":"saved from in-game",
  "SenescenceLevel":4,
  "APIVersion":"v2",
  "Author":"Bethesda",
  "Hair":"/Game/Dev/Phenotypes/Hair/HP_Elf_HR_Braid.HP_Elf_HR_Braid",
  "Beard":"/Game/Dev/Phenotypes/Beard/HP_Imperial_BD_Scruffy.HP_Imperial_BD_Scruffy",
  "Name":"BP_ChorrolGuardPostNight02_C"
}