{
  "Sex":0,
  "HairColorsL":{
    "0":{
      "A":1.0,
      "R":0.021219009533525,
      "G":0.01032982300967,
      "B":0.0060488330200315
    }
  },
  "EyeMaterial":"/Game/Art/Character/Modular/Eyes_Human/MIC_Human_Eyes_Brown2.MIC_Human_Eyes_Brown2",
  "Author":"Bethesda",
  "Date":"2025-06-04 19:33:29",
  "Description":"saved from in-game",
  "Name":"BP_CheydinhalGuardCastlePostDay01_C",
  "ModCreator":"animandan",
  "ModName":"RaceMenuUtilities",
  "FaceBaseMesh":"/Game/Art/Character/Imperial/SK_Imperial_Head_m.SK_Imperial_Head_m",
  "ModVersion":"1.1.0",
  "Body":"SkeletalMesh /Game/Art/Character/Imperial/SK_Imperial_Body_m.SK_Imperial_Body_m",
  "FaceMorphValuesMap":{
    "Nose Nostrils Thin / Wide":0.0,
    "Forehead / Sellion / Nose Ratio":0.15989306569099,
    "Cheekbones Thin / Wide":0.063731998205185,
    "Forehead Small / Large":0.1541061103344,
    "Chin Recessed / Pronounced":0.0,
    "Brow / Nose / Chin Ratio":0.48619899153709,
    "Jaw Thin / Wide":-0.34702700376511,
    "Cheeks Gaunt / Round":0.1430329978466,
    "Chin Backward / Forward":0.0,
    "Chin Thin / Wide":0.0,
    "Forehead Short / Tall":0.26663091778755,
    "Face Thin / Wide":0.12808267772198,
    "Brow Ridge Inner Down / Up":0.33763039112091,
    "Mouth Underbite / Overbite":-0.20865899324417,
    "Mouth Low / High":-0.12800900638103,
    "Vampire":0.0,
    "Face Gaunt / Round":0.066960997879505,
    "Eyes Small / Large":-0.30652499198914,
    "Mouth Drawn / Pursed":0.48991000652313,
    "Chin Retracted / Jutting":0.0,
    "Nose Tilt Down / Up":0.0,
    "Mouth Small / Large":0.40358999371529,
    "Nose Short / Long":0.0,
    "Nose Bridge Shallow / Deep":0.0,
    "Nose Sellion Thin / Wide":0.0,
    "Mouth Retracted / Protruding":0.091669522225857,
    "Nose Sellion Shallow / Deep":0.0,
    "Jaw Retracted / Jutting":-0.22695408761501,
    "Nose Sellion Down / Up":0.0,
    "Eyes Inward / Outward":0.54000002145767,
    "Nose Region Concave / Convex":0.0,
    "Brow Ridge Outer Down / Up":0.25597977638245,
    "Nose Nostrils Small / Large":0.0,
    "Eyes Apart / Together":0.673583984375,
    "Nose Nostrils Tilt Down / Up":0.0,
    "Nose Flat / Pointed":0.0,
    "Mouth Tilt Down / Up":-0.039797000586987,
    "Jaw Concave / Convex":0.34468212723732,
    "Mouth Sad / Happy":0.074076734483242,
    "Cheekbones Shallow / Pronounced":0.13791365921497,
    "Face Light / Heavy":0.23466157913208,
    "Nose Down / Up":0.0,
    "Chin Short / Tall":0.0,
    "Eyes Down / Up":0.53087824583054,
    "Cheeks Concave / Convex":-0.056277330964804,
    "Nose Bridge Short / Long":0.0,
    "Mouth Chin Short / Long":-0.23286497592926,
    "Nose Sellion Lower Shallow / Deep":0.31999999284744,
    "Mouth Retracted / Puckered":-0.10659699887037,
    "Hair Length":0.0,
    "Mouth Deflated / Inflated":0.28878799080849,
    "Chin Shallow / Deep":0.0,
    "Jaw Neck Slope Low / High":-0.040598001331091,
    "Brow Ridge Low / High":0.057779908180237,
    "Cheekbones Low / High":-0.46246585249901,
    "Forehead Back / Forward":-0.54138487577438,
    "Chin Small / Large":0.0
  },
  "Hair":"/Game/Dev/Phenotypes/Hair/HP_HR_Loose.HP_HR_Loose",
  "SenescenceLevel":2,
  "APIVersion":"v2",
  "SkinParametersMap":{
    "Complexion":0.40000000596046,
    "Eye Sockets Bruised/Bright":0.0,
    "Ombre Constrast":1.0,
    "Skin Tint Purple/Yellow":0.0,
    "Eye Sockets Dark/Light":0.0,
    "Root Redness":0.5,
    "Naso Small/Large":0.0,
    "Ombre Amount":1.0,
    "Eyebrows Redness Intensity":0.0,
    "Root Color":0.10000000149012,
    "Age":0.0,
    "Lipstick Dark Blue/Light Red":0.0,
    "Lipstick Dark Red/Light Blue":0.0,
    "Eye socket Bruised/Bright":0.0,
    "Freckles":0.0,
    "Eylids Light/Dark":0.0,
    "Eye Socket Dark/Light":0.0,
    "Cheek Blush Light/Red":0.25999999046326,
    "Eyebrows Color Intensity":0.5,
    "Cheekbones Flushed/Pale":0.5799999833107,
    "Lipstick Amount":0.0,
    "Skin Tint Orange/Blue":0.0,
    "Eyelids Light/Dark":0.0,
    "Naso Labial Lines Light/Dark":0.0,
    "Tip Redness":0.5,
    "Eyeshadow Light/Dark":0.0,
    "Eyelids Pale/Red":0.0,
    "Tip Color":0.63999998569489,
    "Lips Flushed/Pale":0.0,
    "Eyeliner Light/Dark":0.0,
    "Salt And Pepper":0.0,
    "Skin Dark/Light":0.0
  },
  "Race":"TESRace /Game/Forms/actors/race/Imperial.Imperial",
  "SkinColorsMapL":{
    "Root DyeColor":{
      "A":1.0,
      "R":1.0,
      "G":1.0,
      "B":1.0
    },
    "Eyeliner Tone":{
      "A":1.0,
      "R":1.0,
      "G":1.0,
      "B":1.0
    },
    "Tip DyeColor":{
      "A":1.0,
      "R":1.0,
      "G":1.0,
      "B":1.0
    },
    "Skin Tone":{
      "A":1.0,
      "R":0.97395801544189,
      "G":0.82246899604797,
      "B":0.72521102428436
    },
    "Lipstick Color":{
      "A":1.0,
      "R":1.0,
      "G":1.0,
      "B":1.0
    }
  }
}