{
  "Name":"BP_CGMythicDawnAssassin05_C",
  "Sex":0,
  "APIVersion":"v2",
  "Description":"saved from in-game",
  "SkinParametersMap":{
    "Naso Labial Lines Light/Dark":0.0,
    "Salt And Pepper":0.0,
    "Complexion":0.0,
    "Eyelids Light/Dark":0.0,
    "Ombre Amount":1.0,
    "Ombre Constrast":1.0,
    "Skin Tint Purple/Yellow":0.0,
    "Eyebrows Color Intensity":0.60000002384186,
    "Tip Redness":0.5,
    "Tip Color":0.41999998688698,
    "Eye socket Bruised/Bright":0.0,
    "Eye Socket Dark/Light":0.18000000715256,
    "Cheekbones Flushed/Pale":0.66000002622604,
    "Lips Flushed/Pale":0.0,
    "Lipstick Dark Blue/Light Red":0.0,
    "Lipstick Amount":0.0099999997764826,
    "Cheek Blush Light/Red":0.0,
    "Eye Sockets Bruised/Bright":0.0,
    "Eyebrows Redness Intensity":0.0,
    "Skin Dark/Light":0.0,
    "Skin Tint Orange/Blue":0.0,
    "Eyelids Pale/Red":0.0,
    "Lipstick Dark Red/Light Blue":0.0,
    "Root Color":0.10000000149012,
    "Eyeshadow Light/Dark":0.0,
    "Root Redness":0.5,
    "Eye Sockets Dark/Light":0.0,
    "Eylids Light/Dark":0.0,
    "Naso Small/Large":0.0,
    "Freckles":0.0,
    "Eyeliner Light/Dark":0.0,
    "Age":0.0
  },
  "Race":"TESRace /Game/Forms/actors/race/Imperial.Imperial",
  "HairColorsL":{
    "0":{
      "B":1.0,
      "G":1.0,
      "R":1.0,
      "A":1.0
    },
    "2":{
      "B":0.084376208484173,
      "G":0.14412847161293,
      "R":0.22322796285152,
      "A":1.0
    }
  },
  "FaceMorphValuesMap":{
    "Brow Ridge Inner Down / Up":0.13245141506195,
    "Cheeks Gaunt / Round":-0.21794663369656,
    "Mouth Low / High":0.069829545915127,
    "Forehead Short / Tall":-0.20589636266232,
    "Cheeks Concave / Convex":0.092217229306698,
    "Eyes Small / Large":-0.66000002622604,
    "Jaw Retracted / Jutting":-0.52020472288132,
    "Nose Sellion Down / Up":-0.29224500060081,
    "Jaw Concave / Convex":0.18318010866642,
    "Hair Length":0.0,
    "Vampire":0.0,
    "Mouth Drawn / Pursed":0.10981066524982,
    "Nose Bridge Shallow / Deep":0.16922806203365,
    "Face Thin / Wide":0.084554024040699,
    "Chin Recessed / Pronounced":-0.37439399957657,
    "Cheekbones Low / High":0.031518001109362,
    "Forehead Small / Large":0.080753780901432,
    "Forehead Back / Forward":0.012323600240052,
    "Chin Backward / Forward":0.78756701946259,
    "Face Gaunt / Round":-0.39087322354317,
    "Eyes Apart / Together":0.57351398468018,
    "Jaw Neck Slope Low / High":-0.057955540716648,
    "Nose Tilt Down / Up":0.0,
    "Nose Short / Long":0.0,
    "Nose Sellion Thin / Wide":0.0,
    "Mouth Retracted / Puckered":0.19441600143909,
    "Nose Region Concave / Convex":-0.041487373411655,
    "Jaw Thin / Wide":0.012279629707336,
    "Nose Sellion Shallow / Deep":0.18000000715256,
    "Nose Nostrils Small / Large":-0.066875018179417,
    "Nose Sellion Lower Shallow / Deep":0.25999999046326,
    "Chin Thin / Wide":0.0,
    "Nose Nostrils Thin / Wide":-0.09934901446104,
    "Nose Nostrils Tilt Down / Up":0.01428799983114,
    "Nose Flat / Pointed":0.074345998466015,
    "Cheekbones Thin / Wide":0.14668199419975,
    "Brow Ridge Low / High":-0.39555299282074,
    "Nose Down / Up":0.25824466347694,
    "Nose Bridge Short / Long":0.23253199458122,
    "Mouth Chin Short / Long":-0.22410295903683,
    "Mouth Underbite / Overbite":-0.15413545072079,
    "Eyes Inward / Outward":0.012772328220308,
    "Mouth Retracted / Protruding":0.27797469496727,
    "Mouth Tilt Down / Up":0.29211476445198,
    "Chin Short / Tall":0.0,
    "Chin Retracted / Jutting":-0.016970686614513,
    "Forehead / Sellion / Nose Ratio":-0.081422030925751,
    "Mouth Sad / Happy":-0.20927920937538,
    "Eyes Down / Up":0.41467300057411,
    "Mouth Deflated / Inflated":-0.041645467281342,
    "Chin Shallow / Deep":0.050449188798666,
    "Brow Ridge Outer Down / Up":0.39787271618843,
    "Chin Small / Large":0.030853999778628,
    "Face Light / Heavy":0.10283476114273,
    "Mouth Small / Large":0.13669088482857,
    "Brow / Nose / Chin Ratio":-0.16801349818707,
    "Cheekbones Shallow / Pronounced":0.23922400176525
  },
  "Mustache":"/Game/Dev/Phenotypes/Mustache/HP_Imperial_MS_Scruffy.HP_Imperial_MS_Scruffy",
  "Author":"Bethesda",
  "ModCreator":"animandan",
  "ModName":"RaceMenuUtilities",
  "SkinColorsMapL":{
    "Root DyeColor":{
      "B":1.0,
      "G":1.0,
      "R":1.0,
      "A":1.0
    },
    "Eyeliner Tone":{
      "B":1.0,
      "G":1.0,
      "R":1.0,
      "A":1.0
    },
    "Tip DyeColor":{
      "B":1.0,
      "G":1.0,
      "R":1.0,
      "A":1.0
    },
    "Lipstick Color":{
      "B":1.0,
      "G":1.0,
      "R":1.0,
      "A":1.0
    },
    "Skin Tone":{
      "B":0.859375,
      "G":0.75373697280884,
      "R":0.71372902393341,
      "A":1.0
    }
  },
  "Hair":"/Game/Dev/Phenotypes/Hair/HP_HR_Cropped.HP_HR_Cropped",
  "Body":"SkeletalMesh /Game/Art/Character/Imperial/SK_Imperial_Body_m.SK_Imperial_Body_m",
  "FaceBaseMesh":"/Game/Art/Character/Imperial/SK_Imperial_Head_m.SK_Imperial_Head_m",
  "EyeMaterial":"/Game/Art/Character/Modular/Eyes_Human/MIC_Human_Eyes_Brown2.MIC_Human_Eyes_Brown2",
  "ModVersion":"1.1.0",
  "SenescenceLevel":3,
  "Date":"2025-06-05 19:58:50"
}