{
  "ModName":"RaceMenuUtilities",
  "FaceBaseMesh":"/Game/Art/Character/HighElf/SK_HighElf_Head_m.SK_HighElf_Head_m",
  "Author":"Bethesda",
  "Date":"2025-06-04 20:30:53",
  "SkinColorsMapL":{
    "Lipstick Color":{
      "A":1.0,
      "B":0.10405799746513,
      "G":0.10405799746513,
      "R":0.71354198455811
    },
    "Eyeliner Tone":{
      "A":1.0,
      "B":0.052860647439957,
      "G":0.1529261469841,
      "R":0.25415208935738
    },
    "Root DyeColor":{
      "A":1.0,
      "B":1.0,
      "G":1.0,
      "R":1.0
    },
    "Tip DyeColor":{
      "A":1.0,
      "B":0.013702082447708,
      "G":0.21952620148659,
      "R":0.98225057125092
    },
    "Skin Tone":{
      "A":1.0,
      "B":0.62374597787857,
      "G":0.77430498600006,
      "R":0.63843697309494
    }
  },
  "Name":"BP_Celedaen_C",
  "FaceMorphValuesMap":{
    "Eyes Small / Large":-0.68000000715256,
    "Jaw Thin / Wide":0.47999998927116,
    "Brow Ridge Low / High":0.11999999731779,
    "Chin Retracted / Jutting":0.03999999910593,
    "Face Thin / Wide":-0.89999997615814,
    "Hair Length":0.0,
    "Chin Backward / Forward":-0.14000000059605,
    "Vampire":0.0,
    "Mouth Underbite / Overbite":0.0,
    "Eyes Inward / Outward":0.0,
    "Mouth Sad / Happy":0.68000000715256,
    "Jaw Retracted / Jutting":0.0,
    "Nose Flat / Pointed":-0.059999998658895,
    "Chin Recessed / Pronounced":0.0,
    "Cheeks Gaunt / Round":0.80000001192093,
    "Forehead Back / Forward":0.0,
    "Nose Sellion Down / Up":0.0,
    "Mouth Deflated / Inflated":0.83999997377396,
    "Mouth Small / Large":-0.46000000834465,
    "Nose Tilt Down / Up":0.23999999463558,
    "Nose Short / Long":0.40000000596046,
    "Mouth Drawn / Pursed":0.41999900341034,
    "Chin Short / Tall":-0.43999999761581,
    "Nose Sellion Thin / Wide":-0.03999999910593,
    "Jaw Neck Slope Low / High":0.60000002384186,
    "Cheekbones Shallow / Pronounced":-0.87999999523163,
    "Nose Sellion Shallow / Deep":0.0,
    "Mouth Tilt Down / Up":-0.03999999910593,
    "Brow / Nose / Chin Ratio":0.20000000298023,
    "Brow Ridge Outer Down / Up":-0.40000000596046,
    "Chin Small / Large":0.41999998688698,
    "Mouth Retracted / Puckered":0.080000996589661,
    "Chin Thin / Wide":0.77999997138977,
    "Nose Nostrils Tilt Down / Up":0.0,
    "Face Gaunt / Round":0.059999998658895,
    "Cheekbones Thin / Wide":0.0,
    "Forehead / Sellion / Nose Ratio":0.0,
    "Cheekbones Low / High":0.0,
    "Nose Bridge Short / Long":0.0,
    "Forehead Short / Tall":0.0,
    "Nose Bridge Shallow / Deep":0.0,
    "Mouth Chin Short / Long":0.0,
    "Face Light / Heavy":0.0,
    "Nose Region Concave / Convex":0.0,
    "Mouth Retracted / Protruding":0.0,
    "Cheeks Concave / Convex":0.28000000119209,
    "Nose Nostrils Small / Large":0.10000000149012,
    "Jaw Concave / Convex":0.89999997615814,
    "Nose Down / Up":-0.11999999731779,
    "Mouth Low / High":-0.3199990093708,
    "Eyes Down / Up":0.28000000119209,
    "Chin Shallow / Deep":-0.060001000761986,
    "Eyes Apart / Together":0.72000002861023,
    "Brow Ridge Inner Down / Up":-0.14000000059605,
    "Nose Sellion Lower Shallow / Deep":0.0,
    "Nose Nostrils Thin / Wide":-0.7599989771843,
    "Forehead Small / Large":0.69999998807907
  },
  "EyeMaterial":"/Game/Art/Character/Modular/Eyes_HighElf/MIC_HighElf_Eyes_Black.MIC_HighElf_Eyes_Black",
  "HairColorsL":{
    "1":{
      "A":1.0,
      "B":0.061246052384377,
      "G":0.1046164855361,
      "R":0.16202937066555
    },
    "2":{
      "A":1.0,
      "B":0.061246052384377,
      "G":0.1046164855361,
      "R":0.16202937066555
    },
    "0":{
      "A":1.0,
      "B":0.0060488330200315,
      "G":0.01032982300967,
      "R":0.021219009533525
    }
  },
  "SkinParametersMap":{
    "Complexion":0.15999999642372,
    "Freckles":-1.0,
    "Ombre Amount":1.0,
    "Eylids Light/Dark":0.0,
    "Skin Tint Purple/Yellow":0.28000000119209,
    "Cheek Blush Light/Red":0.0,
    "Ombre Constrast":1.0,
    "Tip Color":0.089887998998165,
    "Eye socket Bruised/Bright":0.46000000834465,
    "Skin Tint Orange/Blue":0.0,
    "Eyebrows Color Intensity":0.0,
    "Tip Redness":0.0,
    "Root Redness":0.0,
    "Root Color":0.20973800122738,
    "Skin Dark/Light":-0.18000000715256,
    "Salt And Pepper":0.0,
    "Eyebrows Redness Intensity":0.0,
    "Eyeliner Light/Dark":0.0,
    "Eyelids Pale/Red":0.0,
    "Cheekbones Flushed/Pale":0.98000001907349,
    "Eye Socket Dark/Light":0.0,
    "Lipstick Amount":0.029999999329448
  },
  "Mustache":"/Game/Dev/Phenotypes/Mustache/HP_HighElf_MS_Medium.HP_HighElf_MS_Medium",
  "SenescenceLevel":2,
  "Sex":0,
  "Description":"saved from in-game",
  "Beard":"/Game/Dev/Phenotypes/Beard/HP_HighElf_BD_Goatee.HP_HighElf_BD_Goatee",
  "ModCreator":"animandan",
  "ModVersion":"1.1.0",
  "APIVersion":"v2",
  "Hair":"/Game/Dev/Phenotypes/Hair/HP_DarkElf_HR_Mane.HP_DarkElf_HR_Mane",
  "Race":"TESRace /Game/Forms/actors/race/HighElf.HighElf",
  "Body":"SkeletalMesh /Game/Art/Character/Imperial/SK_Imperial_Body_m.SK_Imperial_Body_m"
}