{
  "ModName":"RaceMenuUtilities",
  "FaceBaseMesh":"/Game/Art/Character/HighElf/SK_HighElf_Head_f.SK_HighElf_Head_f",
  "Author":"Bethesda",
  "Date":"2025-06-04 20:30:55",
  "SkinColorsMapL":{
    "Lipstick Color":{
      "A":1.0,
      "B":1.0,
      "G":1.0,
      "R":1.0
    },
    "Eyeliner Tone":{
      "A":1.0,
      "B":0.035601314157248,
      "G":0.1529261469841,
      "R":0.2086368650198
    },
    "Root DyeColor":{
      "A":1.0,
      "B":0.0,
      "G":0.0,
      "R":0.0
    },
    "Tip DyeColor":{
      "A":1.0,
      "B":0.0,
      "G":0.0,
      "R":0.0
    },
    "Skin Tone":{
      "A":1.0,
      "B":1.0,
      "G":1.0,
      "R":1.0
    }
  },
  "APIVersion":"v2",
  "FaceMorphValuesMap":{
    "Eyes Small / Large":0.77999997138977,
    "Jaw Thin / Wide":0.20000000298023,
    "Brow Ridge Low / High":0.34000000357628,
    "Chin Retracted / Jutting":0.079999998211861,
    "Face Thin / Wide":0.0,
    "Hair Length":0.0,
    "Chin Backward / Forward":0.0,
    "Vampire":0.0,
    "Mouth Underbite / Overbite":0.019999999552965,
    "Eyes Inward / Outward":0.0,
    "Mouth Sad / Happy":0.46000000834465,
    "Jaw Retracted / Jutting":0.0,
    "Nose Flat / Pointed":0.0,
    "Chin Recessed / Pronounced":-0.40000000596046,
    "Cheeks Gaunt / Round":0.46000000834465,
    "Forehead Back / Forward":0.0,
    "Nose Sellion Down / Up":0.0,
    "Mouth Deflated / Inflated":0.0,
    "Mouth Small / Large":0.0,
    "Nose Tilt Down / Up":0.0,
    "Nose Short / Long":0.0,
    "Mouth Drawn / Pursed":0.0,
    "Chin Short / Tall":0.0,
    "Nose Sellion Thin / Wide":0.66000002622604,
    "Jaw Neck Slope Low / High":0.54000002145767,
    "Cheekbones Shallow / Pronounced":0.0,
    "Nose Sellion Shallow / Deep":0.0,
    "Mouth Tilt Down / Up":-0.18000000715256,
    "Brow / Nose / Chin Ratio":0.0,
    "Brow Ridge Outer Down / Up":0.28000000119209,
    "Chin Small / Large":0.0,
    "Mouth Retracted / Puckered":0.34000000357628,
    "Chin Thin / Wide":0.0,
    "Nose Nostrils Tilt Down / Up":0.31999999284744,
    "Face Gaunt / Round":-0.11999999731779,
    "Cheekbones Thin / Wide":0.079999998211861,
    "Forehead / Sellion / Nose Ratio":0.0,
    "Cheekbones Low / High":-0.41999998688698,
    "Nose Bridge Short / Long":0.0,
    "Forehead Short / Tall":0.0,
    "Nose Bridge Shallow / Deep":0.0,
    "Mouth Chin Short / Long":0.0,
    "Face Light / Heavy":0.14000000059605,
    "Nose Region Concave / Convex":-0.28000000119209,
    "Mouth Retracted / Protruding":0.0,
    "Cheeks Concave / Convex":0.14000000059605,
    "Nose Nostrils Small / Large":0.0,
    "Jaw Concave / Convex":0.47999998927116,
    "Nose Down / Up":-0.079999998211861,
    "Mouth Low / High":0.059999998658895,
    "Eyes Down / Up":-0.30000001192093,
    "Chin Shallow / Deep":0.0,
    "Eyes Apart / Together":0.72000002861023,
    "Brow Ridge Inner Down / Up":0.10000000149012,
    "Nose Sellion Lower Shallow / Deep":0.0,
    "Nose Nostrils Thin / Wide":0.0,
    "Forehead Small / Large":0.0
  },
  "EyeMaterial":"/Game/Art/Character/Modular/Eyes_HighElf/MIC_HighElf_Eyes_Albino.MIC_HighElf_Eyes_Albino",
  "HairColorsL":{
    "0":{
      "A":1.0,
      "B":1.0,
      "G":1.0,
      "R":1.0
    }
  },
  "SkinParametersMap":{
    "Complexion":0.66958802938461,
    "Freckles":0.69999998807907,
    "Ombre Amount":0.0,
    "Eylids Light/Dark":0.18000000715256,
    "Skin Tint Purple/Yellow":0.0,
    "Cheek Blush Light/Red":-0.56000000238419,
    "Ombre Constrast":0.0,
    "Tip Color":0.10000000149012,
    "Eye socket Bruised/Bright":-0.31999999284744,
    "Skin Tint Orange/Blue":0.0,
    "Eyebrows Color Intensity":0.0,
    "Tip Redness":0.5,
    "Root Redness":0.5,
    "Root Color":0.10000000149012,
    "Skin Dark/Light":0.0,
    "Salt And Pepper":0.0,
    "Eyebrows Redness Intensity":0.0,
    "Eyeliner Light/Dark":0.5,
    "Eyelids Pale/Red":0.20000000298023,
    "Cheekbones Flushed/Pale":0.63999998569489,
    "Eye Socket Dark/Light":0.0,
    "Lipstick Amount":-0.0
  },
  "SenescenceLevel":2,
  "Sex":1,
  "Description":"saved from in-game",
  "ModCreator":"animandan",
  "ModVersion":"1.1.0",
  "Hair":"/Game/Dev/Phenotypes/Hair/HP_HR_Cropped.HP_HR_Cropped",
  "Name":"BP_DAMephalaVoice_C",
  "Race":"TESRace /Game/Forms/actors/race/HighElf.HighElf",
  "Body":"SkeletalMesh /Game/Art/Character/Imperial/SK_Imperial_Body_m.SK_Imperial_Body_m"
}