{
  "Race":"TESRace /Game/Forms/actors/race/Imperial.Imperial",
  "FaceBaseMesh":"/Game/Art/Character/Imperial/SK_Imperial_Head_F.SK_Imperial_Head_F",
  "Date":"2025-06-04 18:52:09",
  "HairColorsL":{
    "0":{
      "B":0.084376208484173,
      "G":0.14412847161293,
      "R":0.22322796285152,
      "A":1.0
    }
  },
  "SkinParametersMap":{
    "Cheekbones Flushed/Pale":0.079999998211861,
    "Eyelids Pale/Red":0.25999999046326,
    "Skin Tint Purple/Yellow":0.0,
    "Lipstick Amount":0.0,
    "Cheek Blush Light/Red":0.36000001430511,
    "Skin Dark/Light":0.0,
    "Complexion":0.43999999761581,
    "Salt And Pepper":0.0,
    "Eye Socket Dark/Light":0.0,
    "Eylids Light/Dark":0.0,
    "Ombre Amount":0.03999999910593,
    "Freckles":0.0,
    "Root Color":1.0,
    "Ombre Constrast":-0.11999999731779,
    "Eyeliner Light/Dark":0.0,
    "Tip Color":0.23999899625778,
    "Eyebrows Redness Intensity":0.0,
    "Root Redness":0.51999998092651,
    "Skin Tint Orange/Blue":0.0,
    "Eye socket Bruised/Bright":0.0,
    "Tip Redness":9.9999999747524e-07,
    "Eyebrows Color Intensity":0.0
  },
  "Sex":1,
  "FaceMorphValuesMap":{
    "Hair Length":0.0,
    "Vampire":0.0,
    "Nose Sellion Down / Up":-0.20435319840908,
    "Forehead Back / Forward":-0.12119664251804,
    "Mouth Deflated / Inflated":0.0,
    "Chin Backward / Forward":0.038991000503302,
    "Eyes Apart / Together":0.21722599864006,
    "Nose Tilt Down / Up":0.37999999523163,
    "Mouth Sad / Happy":0.52428102493286,
    "Brow Ridge Outer Down / Up":0.088047787547112,
    "Nose Sellion Thin / Wide":0.0,
    "Nose Short / Long":0.75999999046326,
    "Nose Sellion Shallow / Deep":-0.059999998658895,
    "Brow / Nose / Chin Ratio":0.22890700399876,
    "Chin Small / Large":0.19783100485802,
    "Nose Flat / Pointed":0.10907500237226,
    "Jaw Thin / Wide":-0.20000000298023,
    "Nose Nostrils Tilt Down / Up":0.31999999284744,
    "Eyes Inward / Outward":0.15639196336269,
    "Cheekbones Shallow / Pronounced":-0.60313200950623,
    "Nose Nostrils Thin / Wide":0.77406299114227,
    "Chin Shallow / Deep":0.010904178954661,
    "Nose Down / Up":-0.015251161530614,
    "Nose Bridge Short / Long":-0.086313880980015,
    "Mouth Tilt Down / Up":-0.22463999688625,
    "Chin Thin / Wide":-0.10560075193644,
    "Face Light / Heavy":-0.22168265283108,
    "Mouth Chin Short / Long":0.20980329811573,
    "Jaw Concave / Convex":0.38815599679947,
    "Brow Ridge Low / High":-0.16255377233028,
    "Chin Recessed / Pronounced":0.23770000040531,
    "Cheeks Gaunt / Round":0.21428899466991,
    "Face Thin / Wide":-0.422657340765,
    "Eyes Down / Up":0.067863538861275,
    "Jaw Retracted / Jutting":-0.30000001192093,
    "Chin Short / Tall":0.062665835022926,
    "Jaw Neck Slope Low / High":0.1421120017767,
    "Nose Bridge Shallow / Deep":0.26896798610687,
    "Mouth Retracted / Protruding":0.070803545415401,
    "Cheekbones Thin / Wide":0.18235699832439,
    "Mouth Low / High":0.0,
    "Mouth Retracted / Puckered":0.02870331145823,
    "Mouth Small / Large":0.0,
    "Forehead Short / Tall":-0.023288238793612,
    "Nose Nostrils Small / Large":-0.10112100094557,
    "Chin Retracted / Jutting":0.26665061712265,
    "Forehead Small / Large":0.40329024195671,
    "Cheekbones Low / High":0.05833026766777,
    "Eyes Small / Large":-0.44999176263809,
    "Cheeks Concave / Convex":0.35325300693512,
    "Brow Ridge Inner Down / Up":-0.21730780601501,
    "Nose Sellion Lower Shallow / Deep":-0.28000000119209,
    "Face Gaunt / Round":-0.38076442480087,
    "Mouth Underbite / Overbite":0.050160009413958,
    "Nose Region Concave / Convex":0.11953800171614,
    "Forehead / Sellion / Nose Ratio":-0.11083483695984,
    "Mouth Drawn / Pursed":0.0
  },
  "Author":"Bethesda",
  "SkinColorsMapL":{
    "Lipstick Color":{
      "B":1.0,
      "G":1.0,
      "R":1.0,
      "A":1.0
    },
    "Tip DyeColor":{
      "B":0.0047769998200238,
      "G":0.012285999953747,
      "R":0.23839800059795,
      "A":1.0
    },
    "Root DyeColor":{
      "B":0.0047769998200238,
      "G":0.012285999953747,
      "R":0.23839800059795,
      "A":1.0
    },
    "Eyeliner Tone":{
      "B":0.77604198455811,
      "G":0.77604198455811,
      "R":0.77604198455811,
      "A":1.0
    },
    "Skin Tone":{
      "B":0.86132800579071,
      "G":0.91239601373672,
      "R":0.984375,
      "A":1.0
    }
  },
  "ModVersion":"1.1.0",
  "EyeMaterial":"/Game/Art/Character/Modular/Eyes_Human/MIC_Human_Eyes_Green2.MIC_Human_Eyes_Green2",
  "Body":"SkeletalMesh /Game/Art/Character/Imperial/SK_Imperial_Body_m.SK_Imperial_Body_m",
  "Description":"saved from in-game",
  "SenescenceLevel":3,
  "APIVersion":"v2",
  "ModCreator":"animandan",
  "ModName":"RaceMenuUtilities",
  "Hair":"/Game/Dev/Phenotypes/Hair/HP_HR_Ponytail.HP_HR_Ponytail",
  "Name":"BP_DAAzuraVoice_C"
}