{
  "Race":"TESRace /Game/Forms/actors/race/Redguard.Redguard",
  "FaceBaseMesh":"/Game/Art/Character/Redguard/SK_Redguard_Head_f.SK_Redguard_Head_f",
  "Date":"2025-06-04 18:33:12",
  "HairColorsL":[],
  "SkinParametersMap":{
    "Cheekbones Flushed/Pale":0.75999999046326,
    "Eyelids Pale/Red":0.47999998927116,
    "Skin Tint Purple/Yellow":-0.03999999910593,
    "Lipstick Amount":-0.019999999552965,
    "Cheek Blush Light/Red":0.77999997138977,
    "Skin Dark/Light":-0.5799999833107,
    "Complexion":-0.46000000834465,
    "Salt And Pepper":0.0,
    "Eye Socket Dark/Light":0.36000001430511,
    "Eylids Light/Dark":-0.57999902963638,
    "Ombre Amount":0.0,
    "Freckles":0.74000000953674,
    "Root Color":0.77999997138977,
    "Ombre Constrast":0.0,
    "Eyeliner Light/Dark":0.31999999284744,
    "Tip Color":0.10000000149012,
    "Eyebrows Redness Intensity":0.40000000596046,
    "Root Redness":0.41999998688698,
    "Skin Tint Orange/Blue":-0.27999898791313,
    "Eye socket Bruised/Bright":0.62000000476837,
    "Tip Redness":0.5,
    "Eyebrows Color Intensity":-0.69999998807907
  },
  "Sex":1,
  "FaceMorphValuesMap":{
    "Hair Length":0.0,
    "Vampire":0.0,
    "Nose Sellion Down / Up":0.0,
    "Forehead Back / Forward":0.23999999463558,
    "Mouth Deflated / Inflated":0.20000000298023,
    "Chin Backward / Forward":0.5999990105629,
    "Eyes Apart / Together":0.43999999761581,
    "Nose Tilt Down / Up":0.54000002145767,
    "Mouth Sad / Happy":0.74000000953674,
    "Brow Ridge Outer Down / Up":0.36000001430511,
    "Nose Sellion Thin / Wide":0.0,
    "Nose Short / Long":0.0,
    "Nose Sellion Shallow / Deep":0.20000000298023,
    "Brow / Nose / Chin Ratio":0.37999999523163,
    "Chin Small / Large":0.0,
    "Nose Flat / Pointed":-0.15999999642372,
    "Jaw Thin / Wide":0.0,
    "Nose Nostrils Tilt Down / Up":-0.03999999910593,
    "Eyes Inward / Outward":0.0,
    "Cheekbones Shallow / Pronounced":-0.36000001430511,
    "Nose Nostrils Thin / Wide":-0.31999999284744,
    "Chin Shallow / Deep":0.0,
    "Nose Down / Up":-0.6799989938736,
    "Nose Bridge Short / Long":0.03999999910593,
    "Mouth Tilt Down / Up":0.0,
    "Chin Thin / Wide":0.40000000596046,
    "Face Light / Heavy":0.72000002861023,
    "Mouth Chin Short / Long":0.0,
    "Jaw Concave / Convex":-0.31999999284744,
    "Brow Ridge Low / High":-0.40000000596046,
    "Chin Recessed / Pronounced":-0.5999990105629,
    "Cheeks Gaunt / Round":-0.079999998211861,
    "Face Thin / Wide":0.31999999284744,
    "Eyes Down / Up":-0.46000000834465,
    "Jaw Retracted / Jutting":0.0,
    "Chin Short / Tall":0.14000000059605,
    "Jaw Neck Slope Low / High":-0.69999897480011,
    "Nose Bridge Shallow / Deep":0.0,
    "Mouth Retracted / Protruding":0.019999999552965,
    "Cheekbones Thin / Wide":-0.5799999833107,
    "Mouth Low / High":-0.41999998688698,
    "Mouth Retracted / Puckered":0.47999998927116,
    "Mouth Small / Large":-0.23999999463558,
    "Forehead Short / Tall":0.51999998092651,
    "Nose Nostrils Small / Large":0.03999900072813,
    "Chin Retracted / Jutting":-0.18000000715256,
    "Forehead Small / Large":0.43999999761581,
    "Cheekbones Low / High":0.0,
    "Eyes Small / Large":0.74000000953674,
    "Cheeks Concave / Convex":0.37999999523163,
    "Brow Ridge Inner Down / Up":-0.56000000238419,
    "Nose Sellion Lower Shallow / Deep":0.5,
    "Face Gaunt / Round":-0.37999999523163,
    "Mouth Underbite / Overbite":0.0,
    "Nose Region Concave / Convex":0.0,
    "Forehead / Sellion / Nose Ratio":-0.40000000596046,
    "Mouth Drawn / Pursed":0.5
  },
  "Author":"Bethesda",
  "SkinColorsMapL":{
    "Tip DyeColor":{
      "B":0.005181516520679,
      "G":0.005181516520679,
      "R":0.005181516520679,
      "A":1.0
    },
    "Root DyeColor":{
      "B":0.0,
      "G":0.0,
      "R":0.0,
      "A":1.0
    },
    "Lipstick Color":{
      "B":1.0,
      "G":1.0,
      "R":1.0,
      "A":1.0
    }
  },
  "ModVersion":"1.1.0",
  "EyeMaterial":"/Game/Art/Character/Modular/Eyes_Human/MIC_Human_Eyes_Green2.MIC_Human_Eyes_Green2",
  "Body":"SkeletalMesh /Game/Art/Character/Imperial/SK_Imperial_Body_m.SK_Imperial_Body_m",
  "Description":"saved from in-game",
  "SenescenceLevel":0,
  "APIVersion":"v2",
  "ModCreator":"animandan",
  "ModName":"RaceMenuUtilities",
  "Hair":"/Game/Dev/Phenotypes/Hair/HP_HR_PonytailTwist.HP_HR_PonytailTwist",
  "Name":"BP_DAMeridiaNecromancer5_C"
}