{
  "APIVersion":"v2",
  "SkinParametersMap":{
    "Tip Color":0.10000000149012,
    "Ombre Constrast":0.0,
    "Complexion":-0.56000000238419,
    "Ombre Amount":0.0,
    "Lipstick Amount":0.0,
    "Salt And Pepper":0.0,
    "Skin Dark/Light":-0.14000000059605,
    "Root Redness":0.5,
    "Eye socket Bruised/Bright":0.0,
    "Freckles":0.0,
    "Eyeliner Light/Dark":0.0,
    "Eyebrows Redness Intensity":0.0,
    "Eye Socket Dark/Light":0.0,
    "Eyebrows Color Intensity":0.0,
    "Root Color":0.10000000149012,
    "Cheek Blush Light/Red":0.0,
    "Eylids Light/Dark":0.0,
    "Skin Tint Orange/Blue":-0.10000000149012,
    "Tip Redness":0.5,
    "Cheekbones Flushed/Pale":0.0,
    "Eyelids Pale/Red":0.0,
    "Skin Tint Purple/Yellow":0.0
  },
  "Author":"Bethesda",
  "Race":"TESRace /Game/Forms/actors/race/Redguard.Redguard",
  "HairColorsL":[],
  "Body":"SkeletalMesh /Game/Art/Character/Imperial/SK_Imperial_Body_m.SK_Imperial_Body_m",
  "Date":"2025-06-04 19:28:20",
  "SkinColorsMapL":{
    "Tip DyeColor":{
      "R":0.0,
      "G":0.0,
      "B":0.0,
      "A":1.0
    },
    "Lipstick Color":{
      "R":1.0,
      "G":1.0,
      "B":1.0,
      "A":1.0
    },
    "Root DyeColor":{
      "R":0.0,
      "G":0.0,
      "B":0.0,
      "A":1.0
    }
  },
  "ModCreator":"animandan",
  "Sex":0,
  "ModName":"RaceMenuUtilities",
  "EyeMaterial":"/Game/Art/Character/Modular/Eyes_Human/MIC_Human_Eyes_Green2.MIC_Human_Eyes_Green2",
  "ModVersion":"1.1.0",
  "FaceBaseMesh":"/Game/Art/Character/Redguard/SK_Redguard_Head_m.SK_Redguard_Head_m",
  "Hair":"/Game/Dev/Phenotypes/Hair/HP_Redguard_HR_Classic.HP_Redguard_HR_Classic",
  "Description":"saved from in-game",
  "SenescenceLevel":0,
  "FaceMorphValuesMap":{
    "Face Gaunt / Round":-0.1599917858839,
    "Nose Short / Long":0.0,
    "Nose Tilt Down / Up":0.0,
    "Mouth Sad / Happy":0.36000001430511,
    "Mouth Retracted / Protruding":-0.1467083543539,
    "Chin Short / Tall":0.087038807570934,
    "Cheekbones Low / High":0.15063287317753,
    "Nose Nostrils Tilt Down / Up":-0.11999999731779,
    "Mouth Deflated / Inflated":-0.39770418405533,
    "Hair Length":0.0,
    "Nose Sellion Shallow / Deep":0.0,
    "Chin Shallow / Deep":0.65311402082443,
    "Jaw Concave / Convex":0.52795499563217,
    "Brow Ridge Low / High":-0.091303013265133,
    "Chin Recessed / Pronounced":0.5430616736412,
    "Mouth Tilt Down / Up":0.11458999663591,
    "Nose Sellion Thin / Wide":0.0,
    "Cheeks Gaunt / Round":-0.089009970426559,
    "Nose Sellion Lower Shallow / Deep":0.0,
    "Nose Sellion Down / Up":-0.40000000596046,
    "Cheeks Concave / Convex":-0.045388828963041,
    "Nose Region Concave / Convex":0.33999899029732,
    "Eyes Inward / Outward":-0.19708800315857,
    "Nose Nostrils Thin / Wide":0.11999999731779,
    "Brow Ridge Inner Down / Up":0.053940046578646,
    "Eyes Apart / Together":0.26950299739838,
    "Mouth Underbite / Overbite":0.45403143763542,
    "Chin Retracted / Jutting":0.2434024810791,
    "Brow / Nose / Chin Ratio":0.0,
    "Nose Bridge Short / Long":-0.079999998211861,
    "Mouth Low / High":0.31999999284744,
    "Forehead Small / Large":-0.015561000443995,
    "Nose Bridge Shallow / Deep":0.0,
    "Eyes Small / Large":0.64756202697754,
    "Forehead / Sellion / Nose Ratio":-0.11634899675846,
    "Mouth Chin Short / Long":-0.76493757963181,
    "Forehead Short / Tall":0.56828999519348,
    "Eyes Down / Up":-0.070106998085976,
    "Vampire":0.0,
    "Mouth Retracted / Puckered":-0.42928400635719,
    "Jaw Retracted / Jutting":0.1594790071249,
    "Mouth Drawn / Pursed":0.46238899230957,
    "Cheekbones Thin / Wide":-0.22260026633739,
    "Nose Down / Up":0.10000000149012,
    "Jaw Neck Slope Low / High":0.16863299906254,
    "Chin Thin / Wide":-0.39217200875282,
    "Cheekbones Shallow / Pronounced":0.39781522750854,
    "Nose Nostrils Small / Large":-0.12000100314617,
    "Nose Flat / Pointed":0.21999999880791,
    "Face Thin / Wide":0.66250002384186,
    "Chin Backward / Forward":-0.37785133719444,
    "Face Light / Heavy":0.031553000211716,
    "Mouth Small / Large":0.033398866653442,
    "Forehead Back / Forward":-0.17451399564743,
    "Jaw Thin / Wide":0.14963999390602,
    "Brow Ridge Outer Down / Up":0.17264051735401,
    "Chin Small / Large":0.64594101905823
  },
  "Name":"BP_DABoethiaChosen09_C"
}