{
  "ModName":"RaceMenuUtilities",
  "FaceBaseMesh":"/Game/Art/Character/Nord/SK_Nord_Head_m.SK_Nord_Head_m",
  "Author":"Bethesda",
  "Date":"2025-06-04 20:30:56",
  "SkinColorsMapL":{
    "Tip DyeColor":{
      "A":1.0,
      "B":1.0,
      "G":1.0,
      "R":1.0
    },
    "Lipstick Color":{
      "A":1.0,
      "B":1.0,
      "G":1.0,
      "R":1.0
    },
    "Root DyeColor":{
      "A":1.0,
      "B":1.0,
      "G":1.0,
      "R":1.0
    }
  },
  "APIVersion":"v2",
  "FaceMorphValuesMap":{
    "Eyes Small / Large":-0.80000001192093,
    "Jaw Thin / Wide":-0.30000001192093,
    "Brow Ridge Low / High":0.30000001192093,
    "Chin Retracted / Jutting":-0.12865099310875,
    "Face Thin / Wide":-0.36000001430511,
    "Hair Length":0.0,
    "Chin Backward / Forward":-0.070000000298023,
    "Vampire":0.0,
    "Mouth Underbite / Overbite":0.079998999834061,
    "Eyes Inward / Outward":0.0,
    "Mouth Sad / Happy":0.19876399636269,
    "Jaw Retracted / Jutting":-0.3087309896946,
    "Nose Flat / Pointed":0.31999999284744,
    "Chin Recessed / Pronounced":-0.070871002972126,
    "Cheeks Gaunt / Round":0.28000000119209,
    "Forehead Back / Forward":-0.40178400278091,
    "Nose Sellion Down / Up":0.18000000715256,
    "Mouth Deflated / Inflated":-0.15343190729618,
    "Mouth Small / Large":-0.28000101447105,
    "Nose Tilt Down / Up":0.0,
    "Nose Short / Long":0.0,
    "Mouth Drawn / Pursed":-0.3200010061264,
    "Chin Short / Tall":0.43292999267578,
    "Nose Sellion Thin / Wide":-0.5,
    "Jaw Neck Slope Low / High":0.18000100553036,
    "Cheekbones Shallow / Pronounced":0.019999999552965,
    "Nose Sellion Shallow / Deep":0.31999999284744,
    "Mouth Tilt Down / Up":0.60022497177124,
    "Brow / Nose / Chin Ratio":0.0,
    "Brow Ridge Outer Down / Up":0.5,
    "Chin Small / Large":-0.10386700183153,
    "Mouth Retracted / Puckered":0.68000000715256,
    "Chin Thin / Wide":0.51999998092651,
    "Nose Nostrils Tilt Down / Up":-0.31132900714874,
    "Face Gaunt / Round":-0.0041470001451671,
    "Cheekbones Thin / Wide":-0.15806800127029,
    "Forehead / Sellion / Nose Ratio":0.0,
    "Cheekbones Low / High":0.19999900460243,
    "Nose Bridge Short / Long":0.25922900438309,
    "Forehead Short / Tall":-0.24915599822998,
    "Nose Bridge Shallow / Deep":-0.63999998569489,
    "Mouth Chin Short / Long":-0.43999999761581,
    "Face Light / Heavy":0.044684000313282,
    "Nose Region Concave / Convex":0.19382700324059,
    "Mouth Retracted / Protruding":0.20000000298023,
    "Cheeks Concave / Convex":0.36102199554443,
    "Nose Nostrils Small / Large":0.66363000869751,
    "Jaw Concave / Convex":0.57841300964355,
    "Nose Down / Up":0.31801399588585,
    "Mouth Low / High":-0.34000098705292,
    "Eyes Down / Up":-0.070193000137806,
    "Chin Shallow / Deep":0.6477410197258,
    "Eyes Apart / Together":0.18349899351597,
    "Brow Ridge Inner Down / Up":-0.5,
    "Nose Sellion Lower Shallow / Deep":0.60000002384186,
    "Nose Nostrils Thin / Wide":0.80000001192093,
    "Forehead Small / Large":-0.57787901163101
  },
  "EyeMaterial":"/Game/Art/Character/Nord/MIC_Nord_Eye.MIC_Nord_Eye",
  "HairColorsL":[],
  "SkinParametersMap":{
    "Complexion":0.30000001192093,
    "Freckles":0.56000000238419,
    "Ombre Amount":0.25999999046326,
    "Eylids Light/Dark":0.10000000149012,
    "Skin Tint Purple/Yellow":0.37999999523163,
    "Cheek Blush Light/Red":0.03999999910593,
    "Ombre Constrast":-0.31999999284744,
    "Tip Color":-0.21999999880791,
    "Eye socket Bruised/Bright":0.0,
    "Skin Tint Orange/Blue":-0.079999998211861,
    "Eyebrows Color Intensity":0.0,
    "Tip Redness":0.18000000715256,
    "Root Redness":0.20000000298023,
    "Root Color":0.62000000476837,
    "Skin Dark/Light":0.30000001192093,
    "Salt And Pepper":0.0,
    "Eyebrows Redness Intensity":0.0,
    "Eyeliner Light/Dark":0.0,
    "Eyelids Pale/Red":0.079999998211861,
    "Cheekbones Flushed/Pale":0.25999999046326,
    "Eye Socket Dark/Light":0.0,
    "Lipstick Amount":0.0
  },
  "SenescenceLevel":3,
  "Sex":0,
  "Description":"saved from in-game",
  "ModCreator":"animandan",
  "ModVersion":"1.1.0",
  "Hair":"/Game/Dev/Phenotypes/Hair/HP_Breton_HR_Tonsure.HP_Breton_HR_Tonsure",
  "Name":"BP_DANamiraForgotten2b_C",
  "Race":"TESRace /Game/Forms/actors/race/Nord.Nord",
  "Body":"SkeletalMesh /Game/Art/Character/Imperial/SK_Imperial_Body_m.SK_Imperial_Body_m"
}