{
  "APIVersion":"v2",
  "SkinParametersMap":{
    "Eyebrows Redness Intensity":0.0,
    "Naso Small/Large":0.0,
    "Ombre Amount":1.0,
    "Tip Color":0.63999998569489,
    "Root Redness":0.5,
    "Tip Redness":0.5,
    "Ombre Constrast":1.0,
    "Root Color":0.10000000149012,
    "Eyelids Light/Dark":0.0,
    "Eyeshadow Light/Dark":0.28000000119209,
    "Complexion":0.23999999463558,
    "Eye Sockets Bruised/Bright":0.0,
    "Freckles":0.0,
    "Cheekbones Flushed/Pale":0.0,
    "Cheek Blush Light/Red":0.0,
    "Salt And Pepper":0.0,
    "Skin Dark/Light":0.0,
    "Eyebrows Color Intensity":0.0,
    "Eye socket Bruised/Bright":0.0,
    "Eye Socket Dark/Light":0.0,
    "Lipstick Dark Blue/Light Red":0.0,
    "Eyelids Pale/Red":0.0,
    "Age":0.0,
    "Skin Tint Orange/Blue":0.0,
    "Lipstick Amount":0.0,
    "Eyeliner Light/Dark":0.0,
    "Eylids Light/Dark":0.0,
    "Eye Sockets Dark/Light":0.0,
    "Lipstick Dark Red/Light Blue":0.0,
    "Naso Labial Lines Light/Dark":0.0,
    "Lips Flushed/Pale":0.0,
    "Skin Tint Purple/Yellow":0.0
  },
  "Author":"Bethesda",
  "Race":"TESRace /Game/Forms/actors/race/Imperial.Imperial",
  "HairColorsL":{
    "0":{
      "R":0.22395800054073,
      "G":0.1452250033617,
      "B":0.08398400247097,
      "A":1.0
    }
  },
  "Body":"SkeletalMesh /Game/Art/Character/Imperial/SK_Imperial_Body_m.SK_Imperial_Body_m",
  "Date":"2025-06-04 19:28:21",
  "SkinColorsMapL":{
    "Root DyeColor":{
      "R":1.0,
      "G":1.0,
      "B":1.0,
      "A":1.0
    },
    "Eyeliner Tone":{
      "R":1.0,
      "G":1.0,
      "B":1.0,
      "A":1.0
    },
    "Lipstick Color":{
      "R":1.0,
      "G":1.0,
      "B":1.0,
      "A":1.0
    },
    "Skin Tone":{
      "R":1.0,
      "G":1.0,
      "B":1.0,
      "A":1.0
    },
    "Tip DyeColor":{
      "R":1.0,
      "G":1.0,
      "B":1.0,
      "A":1.0
    }
  },
  "ModCreator":"animandan",
  "Sex":0,
  "ModName":"RaceMenuUtilities",
  "EyeMaterial":"/Game/Art/Character/Modular/Eyes_Human/MIC_Human_Eyes_Green2.MIC_Human_Eyes_Green2",
  "ModVersion":"1.1.0",
  "FaceBaseMesh":"/Game/Art/Character/Imperial/SK_Imperial_Head_m.SK_Imperial_Head_m",
  "Hair":"/Game/Dev/Phenotypes/Hair/HP_Human_HR_MessyBalding.HP_Human_HR_MessyBalding",
  "Description":"saved from in-game",
  "SenescenceLevel":5,
  "FaceMorphValuesMap":{
    "Face Gaunt / Round":0.38596001267433,
    "Nose Short / Long":-0.059999998658895,
    "Nose Tilt Down / Up":0.0,
    "Mouth Sad / Happy":-0.34000000357628,
    "Mouth Retracted / Protruding":0.0,
    "Chin Short / Tall":-0.18199054896832,
    "Cheekbones Low / High":-0.014148999936879,
    "Nose Nostrils Tilt Down / Up":0.0,
    "Mouth Deflated / Inflated":-0.30000001192093,
    "Hair Length":0.0,
    "Nose Sellion Shallow / Deep":0.0,
    "Chin Shallow / Deep":0.18743227422237,
    "Jaw Concave / Convex":-0.019999999552965,
    "Brow Ridge Low / High":-0.47999998927116,
    "Chin Recessed / Pronounced":0.28859516978264,
    "Mouth Tilt Down / Up":0.0,
    "Nose Sellion Thin / Wide":0.19999900460243,
    "Cheeks Gaunt / Round":-0.17323987185955,
    "Nose Sellion Lower Shallow / Deep":0.0,
    "Nose Sellion Down / Up":0.0,
    "Cheeks Concave / Convex":-0.20571200549603,
    "Nose Region Concave / Convex":0.0,
    "Eyes Inward / Outward":0.047313947230577,
    "Nose Nostrils Thin / Wide":0.60000002384186,
    "Brow Ridge Inner Down / Up":-0.36200401186943,
    "Eyes Apart / Together":0.61904102563858,
    "Mouth Underbite / Overbite":0.0,
    "Chin Retracted / Jutting":-0.13303159177303,
    "Brow / Nose / Chin Ratio":-0.10148360580206,
    "Nose Bridge Short / Long":0.0,
    "Mouth Low / High":0.0,
    "Forehead Small / Large":0.55264800786972,
    "Nose Bridge Shallow / Deep":-0.23999999463558,
    "Eyes Small / Large":-0.44793799519539,
    "Forehead / Sellion / Nose Ratio":0.10000000149012,
    "Mouth Chin Short / Long":0.0,
    "Forehead Short / Tall":0.36324200034142,
    "Eyes Down / Up":-0.46000000834465,
    "Vampire":0.0,
    "Mouth Retracted / Puckered":0.0,
    "Jaw Retracted / Jutting":-0.010029000230134,
    "Mouth Drawn / Pursed":0.0,
    "Cheekbones Thin / Wide":0.65844601392746,
    "Nose Down / Up":0.0,
    "Jaw Neck Slope Low / High":0.0,
    "Chin Thin / Wide":-0.026348000392318,
    "Cheekbones Shallow / Pronounced":-0.39035600423813,
    "Nose Nostrils Small / Large":0.0,
    "Nose Flat / Pointed":0.0,
    "Face Thin / Wide":-0.66466897726059,
    "Chin Backward / Forward":-0.2110839933157,
    "Face Light / Heavy":0.30461499094963,
    "Mouth Small / Large":0.0,
    "Forehead Back / Forward":-0.27195298671722,
    "Jaw Thin / Wide":0.079999998211861,
    "Brow Ridge Outer Down / Up":-0.41597199440002,
    "Chin Small / Large":0.04167053475976
  },
  "Name":"BP_DABoethiaChosen05_C"
}