{
  "ModName":"RaceMenuUtilities",
  "FaceBaseMesh":"/Game/Art/Character/WoodElf/SK_WoodElf_Head_m.SK_WoodElf_Head_m",
  "Author":"Bethesda",
  "Date":"2025-06-04 20:30:56",
  "SkinColorsMapL":{
    "Lipstick Color":{
      "A":1.0,
      "B":1.0,
      "G":1.0,
      "R":1.0
    },
    "Eyeliner Tone":{
      "A":1.0,
      "B":1.0,
      "G":1.0,
      "R":1.0
    },
    "Root DyeColor":{
      "A":1.0,
      "B":1.0,
      "G":1.0,
      "R":1.0
    },
    "Tip DyeColor":{
      "A":1.0,
      "B":1.0,
      "G":1.0,
      "R":1.0
    },
    "Skin Tone":{
      "A":1.0,
      "B":1.0,
      "G":1.0,
      "R":1.0
    }
  },
  "APIVersion":"v2",
  "FaceMorphValuesMap":{
    "Eyes Small / Large":0.0,
    "Jaw Thin / Wide":0.0,
    "Brow Ridge Low / High":0.0,
    "Chin Retracted / Jutting":0.0,
    "Face Thin / Wide":0.0,
    "Hair Length":1.0,
    "Chin Backward / Forward":0.0,
    "Vampire":0.0,
    "Mouth Underbite / Overbite":-0.16391099989414,
    "Eyes Inward / Outward":0.0,
    "Mouth Sad / Happy":-0.18861399590969,
    "Jaw Retracted / Jutting":0.0,
    "Nose Flat / Pointed":-0.56714600324631,
    "Chin Recessed / Pronounced":0.0,
    "Cheeks Gaunt / Round":0.0,
    "Forehead Back / Forward":0.0,
    "Nose Sellion Down / Up":0.77885699272156,
    "Mouth Deflated / Inflated":-0.46436101198196,
    "Mouth Small / Large":0.051082998514175,
    "Nose Tilt Down / Up":0.0,
    "Nose Short / Long":0.0,
    "Mouth Drawn / Pursed":0.15999999642372,
    "Chin Short / Tall":0.0,
    "Nose Sellion Thin / Wide":0.25999999046326,
    "Jaw Neck Slope Low / High":0.0,
    "Cheekbones Shallow / Pronounced":0.0,
    "Nose Sellion Shallow / Deep":0.15999999642372,
    "Mouth Tilt Down / Up":-0.43999999761581,
    "Brow / Nose / Chin Ratio":0.0,
    "Brow Ridge Outer Down / Up":0.0,
    "Chin Small / Large":0.0,
    "Mouth Retracted / Puckered":-0.038244001567364,
    "Chin Thin / Wide":0.0,
    "Nose Nostrils Tilt Down / Up":0.40630400180817,
    "Face Gaunt / Round":0.0,
    "Cheekbones Thin / Wide":0.0,
    "Forehead / Sellion / Nose Ratio":0.0,
    "Cheekbones Low / High":0.0,
    "Nose Bridge Short / Long":0.11014100164175,
    "Forehead Short / Tall":0.0,
    "Nose Bridge Shallow / Deep":0.538370013237,
    "Mouth Chin Short / Long":-0.51207602024078,
    "Face Light / Heavy":0.0,
    "Nose Region Concave / Convex":0.39703500270844,
    "Mouth Retracted / Protruding":0.0052029998041689,
    "Cheeks Concave / Convex":0.0,
    "Nose Nostrils Small / Large":-0.56662899255753,
    "Jaw Concave / Convex":0.93999999761581,
    "Nose Down / Up":-0.66000002622604,
    "Mouth Low / High":-0.31314098834991,
    "Eyes Down / Up":0.0,
    "Chin Shallow / Deep":0.0,
    "Eyes Apart / Together":0.0,
    "Brow Ridge Inner Down / Up":0.0,
    "Nose Sellion Lower Shallow / Deep":0.54000002145767,
    "Nose Nostrils Thin / Wide":0.87999999523163,
    "Forehead Small / Large":0.0
  },
  "EyeMaterial":"/Game/Art/Character/Modular/Eyes_Human/MIC_Human_Eyes_Green2.MIC_Human_Eyes_Green2",
  "HairColorsL":{
    "0":{
      "A":1.0,
      "B":0.0061369999311864,
      "G":0.010127999819815,
      "R":0.020833000540733
    }
  },
  "SkinParametersMap":{
    "Complexion":0.0,
    "Freckles":0.0,
    "Ombre Amount":0.0,
    "Eylids Light/Dark":0.0,
    "Skin Tint Purple/Yellow":0.0,
    "Cheek Blush Light/Red":0.0,
    "Ombre Constrast":0.0,
    "Tip Color":0.10000000149012,
    "Eye socket Bruised/Bright":0.0,
    "Khajiit Pattern Number":0.0,
    "Skin Tint Orange/Blue":0.0,
    "Eyebrows Color Intensity":0.63999998569489,
    "Tip Redness":0.5,
    "Root Redness":0.5,
    "Root Color":0.10000000149012,
    "Skin Dark/Light":0.0,
    "Salt And Pepper":0.0,
    "Eyebrows Redness Intensity":0.0,
    "Eyeliner Light/Dark":0.0,
    "Eyelids Pale/Red":0.0,
    "Cheekbones Flushed/Pale":0.0,
    "Eye Socket Dark/Light":0.0,
    "Lipstick Amount":0.0
  },
  "SenescenceLevel":0,
  "Sex":0,
  "Description":"saved from in-game",
  "ModCreator":"animandan",
  "ModVersion":"1.1.0",
  "Hair":"/Game/Dev/Phenotypes/Hair/HP_HR_MediumLength.HP_HR_MediumLength",
  "Name":"BP_DANamiraForgotten1b_C",
  "Race":"TESRace /Game/Forms/actors/race/WoodElf.WoodElf",
  "Body":"SkeletalMesh /Game/Art/Character/Imperial/SK_Imperial_Body_m.SK_Imperial_Body_m"
}