{
  "APIVersion":"v2",
  "SkinParametersMap":{
    "Tip Color":0.10000000149012,
    "Ombre Constrast":0.0,
    "Complexion":0.40000000596046,
    "Ombre Amount":0.0,
    "Lipstick Amount":0.0099999997764826,
    "Salt And Pepper":0.0,
    "Skin Dark/Light":-0.14000000059605,
    "Root Redness":0.5,
    "Eye socket Bruised/Bright":-0.47999998927116,
    "Freckles":0.81999999284744,
    "Eyeliner Light/Dark":-0.37999999523163,
    "Eyebrows Redness Intensity":0.34000098705292,
    "Eye Socket Dark/Light":-0.56000000238419,
    "Eyebrows Color Intensity":-0.23999999463558,
    "Root Color":0.10000000149012,
    "Cheek Blush Light/Red":-0.14000000059605,
    "Eylids Light/Dark":-0.36000001430511,
    "Skin Tint Orange/Blue":0.079999998211861,
    "Tip Redness":0.5,
    "Cheekbones Flushed/Pale":0.31999999284744,
    "Eyelids Pale/Red":-0.23999999463558,
    "Skin Tint Purple/Yellow":0.20000000298023
  },
  "Author":"Bethesda",
  "Race":"TESRace /Game/Forms/actors/race/DarkElf.DarkElf",
  "HairColorsL":[],
  "Body":"SkeletalMesh /Game/Art/Character/Imperial/SK_Imperial_Body_m.SK_Imperial_Body_m",
  "Date":"2025-06-04 19:28:16",
  "SkinColorsMapL":{
    "Tip DyeColor":{
      "R":1.0,
      "G":1.0,
      "B":1.0,
      "A":1.0
    },
    "Lipstick Color":{
      "R":1.0,
      "G":1.0,
      "B":1.0,
      "A":1.0
    },
    "Root DyeColor":{
      "R":1.0,
      "G":1.0,
      "B":1.0,
      "A":1.0
    }
  },
  "Sex":0,
  "ModCreator":"animandan",
  "ModVersion":"1.1.0",
  "ModName":"RaceMenuUtilities",
  "FaceBaseMesh":"/Game/Art/Character/DarkElf/SK_DarkElf_Head_m.SK_DarkElf_Head_m",
  "Hair":"/Game/Dev/Phenotypes/Hair/HP_Elf_HR_PonyTail.HP_Elf_HR_PonyTail",
  "Description":"saved from in-game",
  "SenescenceLevel":0,
  "FaceMorphValuesMap":{
    "Face Gaunt / Round":-0.019999999552965,
    "Nose Short / Long":0.0,
    "Nose Tilt Down / Up":0.34000000357628,
    "Mouth Sad / Happy":-0.14000000059605,
    "Mouth Retracted / Protruding":0.21999999880791,
    "Chin Short / Tall":-0.40000000596046,
    "Cheekbones Low / High":0.0,
    "Nose Nostrils Tilt Down / Up":0.0,
    "Mouth Deflated / Inflated":0.34000000357628,
    "Hair Length":0.0,
    "Nose Sellion Shallow / Deep":0.0,
    "Chin Shallow / Deep":0.74000000953674,
    "Jaw Concave / Convex":0.56000000238419,
    "Brow Ridge Low / High":0.30000001192093,
    "Chin Recessed / Pronounced":0.059999998658895,
    "Mouth Tilt Down / Up":-0.059999998658895,
    "Nose Sellion Thin / Wide":0.18000000715256,
    "Cheeks Gaunt / Round":0.25999999046326,
    "Nose Sellion Lower Shallow / Deep":0.0,
    "Nose Sellion Down / Up":0.0,
    "Cheeks Concave / Convex":0.079999998211861,
    "Nose Region Concave / Convex":-0.03999999910593,
    "Eyes Inward / Outward":0.01999899931252,
    "Nose Nostrils Thin / Wide":-0.30000001192093,
    "Brow Ridge Inner Down / Up":0.20000000298023,
    "Eyes Apart / Together":0.43999999761581,
    "Mouth Underbite / Overbite":0.14000000059605,
    "Chin Retracted / Jutting":-0.059999998658895,
    "Brow / Nose / Chin Ratio":-0.18000000715256,
    "Nose Bridge Short / Long":-0.20000000298023,
    "Mouth Low / High":0.40000000596046,
    "Forehead Small / Large":0.11999999731779,
    "Nose Bridge Shallow / Deep":0.34000000357628,
    "Eyes Small / Large":-0.6799989938736,
    "Forehead / Sellion / Nose Ratio":-0.3199990093708,
    "Mouth Chin Short / Long":0.14000000059605,
    "Forehead Short / Tall":0.23999999463558,
    "Eyes Down / Up":0.21999999880791,
    "Vampire":0.0,
    "Mouth Retracted / Puckered":0.54000002145767,
    "Jaw Retracted / Jutting":0.14000099897385,
    "Mouth Drawn / Pursed":0.5,
    "Cheekbones Thin / Wide":0.019999999552965,
    "Nose Down / Up":0.0,
    "Jaw Neck Slope Low / High":-0.059999998658895,
    "Chin Thin / Wide":0.36000001430511,
    "Cheekbones Shallow / Pronounced":0.5,
    "Nose Nostrils Small / Large":-0.31999999284744,
    "Nose Flat / Pointed":0.079999998211861,
    "Face Thin / Wide":-0.10000000149012,
    "Chin Backward / Forward":0.14000000059605,
    "Face Light / Heavy":-0.5,
    "Mouth Small / Large":0.30000001192093,
    "Forehead Back / Forward":0.5799999833107,
    "Jaw Thin / Wide":0.98000001907349,
    "Brow Ridge Outer Down / Up":0.079999998211861,
    "Chin Small / Large":0.34000000357628
  },
  "Name":"BP_DAHermaeusVoice_C"
}