{
  "Sex":0,
  "HairColorsL":{
    "1":{
      "A":1.0,
      "R":0.22395800054073,
      "G":0.1452250033617,
      "B":0.08398400247097
    },
    "2":{
      "A":1.0,
      "R":0.22395800054073,
      "G":0.1452250033617,
      "B":0.08398400247097
    },
    "0":{
      "A":1.0,
      "R":1.0,
      "G":1.0,
      "B":1.0
    }
  },
  "EyeMaterial":"/Game/Art/Character/Modular/Eyes_Human/MIC_Human_Eyes_Blue1.MIC_Human_Eyes_Blue1",
  "SkinColorsMapL":{
    "Root DyeColor":{
      "A":1.0,
      "R":1.0,
      "G":1.0,
      "B":1.0
    },
    "Eyeliner Tone":{
      "A":1.0,
      "R":1.0,
      "G":1.0,
      "B":1.0
    },
    "Tip DyeColor":{
      "A":1.0,
      "R":0.3419144153595,
      "G":0.11697066575289,
      "B":0.034339807927608
    },
    "Skin Tone":{
      "A":1.0,
      "R":1.0,
      "G":1.0,
      "B":1.0
    },
    "Lipstick Color":{
      "A":1.0,
      "R":1.0,
      "G":1.0,
      "B":1.0
    }
  },
  "Date":"2025-06-04 19:38:03",
  "Description":"saved from in-game",
  "Name":"BP_DANamiraForgotten2_C",
  "ModCreator":"animandan",
  "ModName":"RaceMenuUtilities",
  "ModVersion":"1.1.0",
  "Mustache":"/Game/Dev/Phenotypes/Mustache/HP_Imperial_MS_Scruffy.HP_Imperial_MS_Scruffy",
  "Author":"Bethesda",
  "APIVersion":"v2",
  "Body":"SkeletalMesh /Game/Art/Character/Imperial/SK_Imperial_Body_m.SK_Imperial_Body_m",
  "FaceMorphValuesMap":{
    "Nose Nostrils Thin / Wide":0.0,
    "Forehead / Sellion / Nose Ratio":-0.1495875120163,
    "Cheekbones Thin / Wide":-0.0068789999932051,
    "Forehead Small / Large":-0.027432000264525,
    "Chin Recessed / Pronounced":0.0052899997681379,
    "Brow / Nose / Chin Ratio":0.5632518529892,
    "Jaw Thin / Wide":-0.37999999523163,
    "Cheeks Gaunt / Round":0.47535601258278,
    "Chin Backward / Forward":0.28260192275047,
    "Chin Thin / Wide":-0.061198450624943,
    "Forehead Short / Tall":-0.15694500505924,
    "Face Thin / Wide":-0.32157099246979,
    "Brow Ridge Inner Down / Up":0.23715782165527,
    "Mouth Underbite / Overbite":0.0,
    "Mouth Low / High":0.0,
    "Vampire":0.0,
    "Face Gaunt / Round":-0.27878698706627,
    "Eyes Small / Large":-0.77999997138977,
    "Mouth Drawn / Pursed":0.31999999284744,
    "Chin Retracted / Jutting":0.042242001742125,
    "Nose Tilt Down / Up":0.0,
    "Mouth Small / Large":0.40000000596046,
    "Nose Short / Long":0.0,
    "Nose Bridge Shallow / Deep":-0.10826871544123,
    "Nose Sellion Thin / Wide":0.0,
    "Mouth Retracted / Protruding":0.0,
    "Nose Sellion Shallow / Deep":0.0,
    "Jaw Retracted / Jutting":0.36391720175743,
    "Nose Sellion Down / Up":0.0,
    "Eyes Inward / Outward":0.070449002087116,
    "Nose Region Concave / Convex":0.0,
    "Brow Ridge Outer Down / Up":0.092500001192093,
    "Nose Nostrils Small / Large":0.0,
    "Eyes Apart / Together":1.0,
    "Nose Nostrils Tilt Down / Up":0.0,
    "Nose Flat / Pointed":0.0,
    "Mouth Tilt Down / Up":0.0,
    "Jaw Concave / Convex":-0.19959500432014,
    "Mouth Sad / Happy":-0.25999999046326,
    "Cheekbones Shallow / Pronounced":-0.74541598558426,
    "Face Light / Heavy":0.18817999958992,
    "Nose Down / Up":0.0,
    "Chin Short / Tall":-0.078268282115459,
    "Eyes Down / Up":0.73309701681137,
    "Cheeks Concave / Convex":0.31214100122452,
    "Nose Bridge Short / Long":-0.14107418060303,
    "Mouth Chin Short / Long":0.0,
    "Nose Sellion Lower Shallow / Deep":0.0,
    "Mouth Retracted / Puckered":0.0,
    "Hair Length":0.0,
    "Mouth Deflated / Inflated":-0.63999998569489,
    "Chin Shallow / Deep":0.15509055554867,
    "Jaw Neck Slope Low / High":-0.29502913355827,
    "Brow Ridge Low / High":-0.39277100563049,
    "Cheekbones Low / High":0.39737272262573,
    "Forehead Back / Forward":0.10247799754143,
    "Chin Small / Large":-0.22032923996449
  },
  "Hair":"/Game/Dev/Phenotypes/Hair/HP_HR_Cropped.HP_HR_Cropped",
  "Beard":"/Game/Dev/Phenotypes/Beard/HP_Imperial_BD_Scruffy.HP_Imperial_BD_Scruffy",
  "SkinParametersMap":{
    "Complexion":0.0,
    "Eye Sockets Bruised/Bright":0.0,
    "Ombre Constrast":1.0,
    "Skin Tint Purple/Yellow":0.0,
    "Eye Sockets Dark/Light":0.0,
    "Root Redness":0.5,
    "Naso Small/Large":0.0,
    "Ombre Amount":1.0,
    "Eyebrows Redness Intensity":0.0,
    "Root Color":0.10000000149012,
    "Age":0.0,
    "Lipstick Dark Blue/Light Red":0.0,
    "Lipstick Dark Red/Light Blue":0.0,
    "Eye socket Bruised/Bright":0.0,
    "Freckles":0.21999999880791,
    "Eylids Light/Dark":0.31999999284744,
    "Eye Socket Dark/Light":0.0,
    "Cheek Blush Light/Red":0.0,
    "Eyebrows Color Intensity":0.56000000238419,
    "Cheekbones Flushed/Pale":0.0,
    "Lipstick Amount":0.0,
    "Skin Tint Orange/Blue":0.10000000149012,
    "Eyelids Light/Dark":0.0,
    "Naso Labial Lines Light/Dark":0.0,
    "Tip Redness":0.5,
    "Eyeshadow Light/Dark":0.0,
    "Eyelids Pale/Red":0.0,
    "Tip Color":0.20000000298023,
    "Lips Flushed/Pale":0.0,
    "Eyeliner Light/Dark":0.0,
    "Salt And Pepper":0.0,
    "Skin Dark/Light":0.0
  },
  "FaceBaseMesh":"/Game/Art/Character/Imperial/SK_Imperial_Head_m.SK_Imperial_Head_m",
  "Race":"TESRace /Game/Forms/actors/race/Imperial.Imperial",
  "SenescenceLevel":2
}