{
  "ModName":"RaceMenuUtilities",
  "FaceBaseMesh":"/Game/Art/Character/HighElf/SK_HighElf_Head_f.SK_HighElf_Head_f",
  "Author":"Bethesda",
  "Date":"2025-06-04 20:30:56",
  "SkinColorsMapL":{
    "Lipstick Color":{
      "A":1.0,
      "B":0.0097212167456746,
      "G":0.0009105809731409,
      "R":0.093058958649635
    },
    "Eyeliner Tone":{
      "A":1.0,
      "B":1.0,
      "G":1.0,
      "R":1.0
    },
    "Root DyeColor":{
      "A":1.0,
      "B":1.0,
      "G":1.0,
      "R":1.0
    },
    "Tip DyeColor":{
      "A":1.0,
      "B":1.0,
      "G":1.0,
      "R":1.0
    },
    "Skin Tone":{
      "A":1.0,
      "B":1.0,
      "G":1.0,
      "R":1.0
    }
  },
  "APIVersion":"v2",
  "FaceMorphValuesMap":{
    "Eyes Small / Large":0.62000000476837,
    "Jaw Thin / Wide":0.5,
    "Brow Ridge Low / High":0.40000000596046,
    "Chin Retracted / Jutting":0.25999999046326,
    "Face Thin / Wide":0.14000000059605,
    "Hair Length":0.0,
    "Chin Backward / Forward":0.03999999910593,
    "Vampire":0.0,
    "Mouth Underbite / Overbite":0.0,
    "Eyes Inward / Outward":0.03999999910593,
    "Mouth Sad / Happy":0.0,
    "Jaw Retracted / Jutting":0.0,
    "Nose Flat / Pointed":-0.21999999880791,
    "Chin Recessed / Pronounced":-0.059999998658895,
    "Cheeks Gaunt / Round":0.0,
    "Forehead Back / Forward":0.0,
    "Nose Sellion Down / Up":0.019999999552965,
    "Mouth Deflated / Inflated":0.77999997138977,
    "Mouth Small / Large":-0.85999900102615,
    "Nose Tilt Down / Up":0.0,
    "Nose Short / Long":0.0,
    "Mouth Drawn / Pursed":-0.25999999046326,
    "Chin Short / Tall":0.87999999523163,
    "Nose Sellion Thin / Wide":0.0,
    "Jaw Neck Slope Low / High":-0.14000000059605,
    "Cheekbones Shallow / Pronounced":-0.019999999552965,
    "Nose Sellion Shallow / Deep":0.3999989926815,
    "Mouth Tilt Down / Up":0.019999999552965,
    "Brow / Nose / Chin Ratio":-0.41999998688698,
    "Brow Ridge Outer Down / Up":0.0,
    "Chin Small / Large":0.51999998092651,
    "Mouth Retracted / Puckered":0.31999999284744,
    "Chin Thin / Wide":0.41999998688698,
    "Nose Nostrils Tilt Down / Up":0.36000001430511,
    "Face Gaunt / Round":-0.10000000149012,
    "Cheekbones Thin / Wide":-0.14000000059605,
    "Forehead / Sellion / Nose Ratio":0.0,
    "Cheekbones Low / High":0.0,
    "Nose Bridge Short / Long":0.0,
    "Forehead Short / Tall":0.56000000238419,
    "Nose Bridge Shallow / Deep":0.0,
    "Mouth Chin Short / Long":0.0,
    "Face Light / Heavy":0.68000000715256,
    "Nose Region Concave / Convex":-1.0,
    "Mouth Retracted / Protruding":0.95999997854233,
    "Cheeks Concave / Convex":-0.18000000715256,
    "Nose Nostrils Small / Large":0.0,
    "Jaw Concave / Convex":0.46000000834465,
    "Nose Down / Up":-0.34000000357628,
    "Mouth Low / High":-0.3999989926815,
    "Eyes Down / Up":-0.51999998092651,
    "Chin Shallow / Deep":0.0,
    "Eyes Apart / Together":0.47999998927116,
    "Brow Ridge Inner Down / Up":0.0,
    "Nose Sellion Lower Shallow / Deep":0.0,
    "Nose Nostrils Thin / Wide":1.0,
    "Forehead Small / Large":0.19999900460243
  },
  "EyeMaterial":"/Game/Art/Character/HighElf/MIC_HighElf_Eye.MIC_HighElf_Eye",
  "HairColorsL":{
    "0":{
      "A":1.0,
      "B":0.0060488330200315,
      "G":0.01032982300967,
      "R":0.021219009533525
    }
  },
  "SkinParametersMap":{
    "Tip Color":0.28464499115944,
    "Eye socket Bruised/Bright":-0.59925097227097,
    "Complexion":0.0,
    "Freckles":0.37453201413155,
    "Eyebrows Color Intensity":0.62921297550201,
    "Lipstick Amount":0.0,
    "Root Redness":0.0,
    "Tip Redness":0.0,
    "Cheekbones Flushed/Pale":0.0,
    "Salt And Pepper":0.0,
    "Eyebrows Redness Intensity":0.0,
    "Ombre Amount":0.0,
    "Cheek Blush Light/Red":0.0,
    "Eyelids Pale/Red":0.44569298624992,
    "Root Color":0.31460699439049,
    "Ombre Constrast":0.0
  },
  "SenescenceLevel":6,
  "Sex":1,
  "Description":"saved from in-game",
  "ModCreator":"animandan",
  "ModVersion":"1.1.0",
  "Hair":"/Game/Dev/Phenotypes/Hair/HP_HR_MediumLength.HP_HR_MediumLength",
  "Name":"BP_DANamiraForgotten2a_C",
  "Race":"TESRace /Game/Forms/actors/race/HighElf.HighElf",
  "Body":"SkeletalMesh /Game/Art/Character/Imperial/SK_Imperial_Body_m.SK_Imperial_Body_m"
}