{
  "Race":"TESRace /Game/Forms/actors/race/DarkElf.DarkElf",
  "FaceBaseMesh":"/Game/Art/Character/DarkElf/SK_DarkElf_Head_m.SK_DarkElf_Head_m",
  "Date":"2025-06-04 18:39:17",
  "HairColorsL":[],
  "SkinParametersMap":{
    "Cheekbones Flushed/Pale":1.0,
    "Eyelids Pale/Red":0.69999998807907,
    "Skin Tint Purple/Yellow":0.079999998211861,
    "Lipstick Amount":0.019999999552965,
    "Cheek Blush Light/Red":-1.0,
    "Skin Dark/Light":0.0,
    "Complexion":0.18000000715256,
    "Salt And Pepper":0.0,
    "Eye Socket Dark/Light":0.34000000357628,
    "Eylids Light/Dark":-0.5799999833107,
    "Ombre Amount":0.0,
    "Freckles":0.62000000476837,
    "Root Color":0.5,
    "Ombre Constrast":0.0,
    "Eyeliner Light/Dark":-0.43999999761581,
    "Tip Color":0.10000000149012,
    "Eyebrows Redness Intensity":0.23999999463558,
    "Root Redness":0.5,
    "Skin Tint Orange/Blue":0.14000000059605,
    "Eye socket Bruised/Bright":0.68000000715256,
    "Tip Redness":0.5,
    "Eyebrows Color Intensity":-0.079999998211861
  },
  "Sex":0,
  "FaceMorphValuesMap":{
    "Hair Length":0.0,
    "Vampire":0.0,
    "Nose Sellion Down / Up":0.10126202553511,
    "Forehead Back / Forward":-0.018413994461298,
    "Mouth Deflated / Inflated":0.031067973002791,
    "Chin Backward / Forward":0.44084101915359,
    "Eyes Apart / Together":0.36000001430511,
    "Nose Tilt Down / Up":0.0,
    "Mouth Sad / Happy":-0.29085099697113,
    "Brow Ridge Outer Down / Up":-0.20000000298023,
    "Nose Sellion Thin / Wide":-1.0,
    "Nose Short / Long":0.0,
    "Nose Sellion Shallow / Deep":0.0,
    "Brow / Nose / Chin Ratio":0.20836324989796,
    "Chin Small / Large":-0.1708652228117,
    "Nose Flat / Pointed":0.21389412879944,
    "Jaw Thin / Wide":0.23689761757851,
    "Nose Nostrils Tilt Down / Up":-0.25313445925713,
    "Eyes Inward / Outward":0.11999999731779,
    "Cheekbones Shallow / Pronounced":-0.25166800618172,
    "Nose Nostrils Thin / Wide":-0.84851002693176,
    "Chin Shallow / Deep":-0.2178560346365,
    "Nose Down / Up":0.020694179460406,
    "Nose Bridge Short / Long":-0.27861061692238,
    "Mouth Tilt Down / Up":0.34816300868988,
    "Chin Thin / Wide":0.80074900388718,
    "Face Light / Heavy":0.24257817864418,
    "Mouth Chin Short / Long":0.34549048542976,
    "Jaw Concave / Convex":0.17353999614716,
    "Brow Ridge Low / High":0.066797003149986,
    "Chin Recessed / Pronounced":0.054100777953863,
    "Cheeks Gaunt / Round":0.006394752766937,
    "Face Thin / Wide":0.28359389305115,
    "Eyes Down / Up":-0.55999898910522,
    "Jaw Retracted / Jutting":0.19558669626713,
    "Chin Short / Tall":-0.41635200381279,
    "Jaw Neck Slope Low / High":-0.12392354011536,
    "Nose Bridge Shallow / Deep":0.17591600120068,
    "Mouth Retracted / Protruding":0.038480509072542,
    "Cheekbones Thin / Wide":0.25147300958633,
    "Mouth Low / High":0.18350228667259,
    "Mouth Retracted / Puckered":0.35202139616013,
    "Mouth Small / Large":0.09299598634243,
    "Forehead Short / Tall":0.011861868202686,
    "Nose Nostrils Small / Large":0.015304000116885,
    "Chin Retracted / Jutting":-0.13307623565197,
    "Forehead Small / Large":0.62514191865921,
    "Cheekbones Low / High":0.1442604213953,
    "Eyes Small / Large":-0.038499999791384,
    "Cheeks Concave / Convex":0.065749526023865,
    "Brow Ridge Inner Down / Up":-0.18266700208187,
    "Nose Sellion Lower Shallow / Deep":0.0,
    "Face Gaunt / Round":0.36361595988274,
    "Mouth Underbite / Overbite":0.31360766291618,
    "Nose Region Concave / Convex":0.20056617259979,
    "Forehead / Sellion / Nose Ratio":-0.090441204607487,
    "Mouth Drawn / Pursed":-0.47278919816017
  },
  "Author":"Bethesda",
  "SkinColorsMapL":{
    "Tip DyeColor":{
      "B":1.0,
      "G":1.0,
      "R":1.0,
      "A":1.0
    },
    "Root DyeColor":{
      "B":1.0,
      "G":1.0,
      "R":1.0,
      "A":1.0
    },
    "Lipstick Color":{
      "B":1.0,
      "G":1.0,
      "R":1.0,
      "A":1.0
    }
  },
  "ModVersion":"1.1.0",
  "Body":"SkeletalMesh /Game/Art/Character/Imperial/SK_Imperial_Body_m.SK_Imperial_Body_m",
  "Description":"saved from in-game",
  "SenescenceLevel":1,
  "APIVersion":"v2",
  "ModCreator":"animandan",
  "ModName":"RaceMenuUtilities",
  "Hair":"/Game/Dev/Phenotypes/Hair/HP_Imperial_HR_Headband.HP_Imperial_HR_Headband",
  "Name":"BP_DABarnasVoice_C"
}