{
  "APIVersion":"v2",
  "SkinParametersMap":{
    "Tip Color":0.31460699439049,
    "Ombre Constrast":0.0,
    "Eyebrows Color Intensity":0.0,
    "Ombre Amount":1.0,
    "Salt And Pepper":0.0,
    "Freckles":0.0,
    "Eyebrows Redness Intensity":0.0,
    "Root Color":0.0,
    "Complexion":0.0,
    "Lipstick Amount":0.0,
    "Cheek Blush Light/Red":0.0,
    "Root Redness":0.0,
    "Khajiit Pattern Number":0.0,
    "Tip Redness":0.0,
    "Cheekbones Flushed/Pale":0.0,
    "Eyelids Pale/Red":0.0,
    "Eye socket Bruised/Bright":0.0
  },
  "Author":"Bethesda",
  "Race":"TESRace /Game/Forms/actors/race/Orc.Orc",
  "HairColorsL":{
    "0":{
      "R":0.44520118832588,
      "G":0.29177063703537,
      "B":0.16826939582825,
      "A":1.0
    }
  },
  "Body":"SkeletalMesh /Game/Art/Character/Imperial/SK_Imperial_Body_m.SK_Imperial_Body_m",
  "Date":"2025-06-04 19:28:31",
  "SkinColorsMapL":{
    "Root DyeColor":{
      "R":1.0,
      "G":1.0,
      "B":1.0,
      "A":1.0
    },
    "Lipstick Color":{
      "R":0.093058958649635,
      "G":0.0009105809731409,
      "B":0.0097212167456746,
      "A":1.0
    },
    "Tip DyeColor":{
      "R":1.0,
      "G":1.0,
      "B":1.0,
      "A":1.0
    },
    "Skin Tone":{
      "R":1.0,
      "G":1.0,
      "B":1.0,
      "A":1.0
    },
    "Eyeliner Tone":{
      "R":1.0,
      "G":1.0,
      "B":1.0,
      "A":1.0
    }
  },
  "Sex":0,
  "ModCreator":"animandan",
  "ModVersion":"1.1.0",
  "ModName":"RaceMenuUtilities",
  "FaceBaseMesh":"/Game/Art/Character/Orc/SK_Orc_Head_m.SK_Orc_Head_m",
  "Hair":"/Game/Dev/Phenotypes/Hair/HP_Orc_HR_Stubs.HP_Orc_HR_Stubs",
  "Description":"saved from in-game",
  "SenescenceLevel":0,
  "FaceMorphValuesMap":{
    "Face Gaunt / Round":-0.18732988834381,
    "Nose Short / Long":0.0,
    "Nose Tilt Down / Up":0.0,
    "Mouth Sad / Happy":0.25102579593658,
    "Mouth Retracted / Protruding":0.24036280810833,
    "Chin Short / Tall":0.04132991656661,
    "Cheekbones Low / High":-0.26619645953178,
    "Nose Nostrils Tilt Down / Up":-0.014432054944336,
    "Mouth Deflated / Inflated":0.22419121861458,
    "Hair Length":0.0,
    "Nose Sellion Shallow / Deep":0.0,
    "Chin Shallow / Deep":-0.18951858580112,
    "Jaw Concave / Convex":0.24834334850311,
    "Brow Ridge Low / High":0.19869965314865,
    "Chin Recessed / Pronounced":-0.03450145944953,
    "Mouth Tilt Down / Up":0.19139690697193,
    "Nose Sellion Thin / Wide":0.0,
    "Cheeks Gaunt / Round":0.099993012845516,
    "Nose Sellion Lower Shallow / Deep":0.0,
    "Nose Sellion Down / Up":-0.0083640394732356,
    "Cheeks Concave / Convex":0.016518615186214,
    "Nose Region Concave / Convex":-0.34420609474182,
    "Eyes Inward / Outward":0.41218852996826,
    "Nose Nostrils Thin / Wide":0.038826696574688,
    "Brow Ridge Inner Down / Up":0.035500764846802,
    "Eyes Apart / Together":-0.018417721614242,
    "Mouth Underbite / Overbite":-0.35450908541679,
    "Chin Retracted / Jutting":0.083305835723877,
    "Brow / Nose / Chin Ratio":-0.087746046483517,
    "Nose Bridge Short / Long":-0.25534242391586,
    "Mouth Low / High":-0.18831662833691,
    "Forehead Small / Large":0.22196666896343,
    "Nose Bridge Shallow / Deep":0.45384189486504,
    "Eyes Small / Large":-0.091886013746262,
    "Forehead / Sellion / Nose Ratio":-0.57256382703781,
    "Mouth Chin Short / Long":-0.31992474198341,
    "Forehead Short / Tall":0.0042419023811817,
    "Eyes Down / Up":-0.25207784771919,
    "Vampire":0.0,
    "Mouth Retracted / Puckered":0.20272102952003,
    "Jaw Retracted / Jutting":0.26522001624107,
    "Mouth Drawn / Pursed":-0.070660896599293,
    "Cheekbones Thin / Wide":-0.0049781897105277,
    "Nose Down / Up":0.2826880812645,
    "Jaw Neck Slope Low / High":0.23925867676735,
    "Chin Thin / Wide":0.088424399495125,
    "Cheekbones Shallow / Pronounced":0.023975819349289,
    "Nose Nostrils Small / Large":-0.37261268496513,
    "Nose Flat / Pointed":0.14493760466576,
    "Face Thin / Wide":0.0022951269056648,
    "Chin Backward / Forward":-0.059922445565462,
    "Face Light / Heavy":0.064048312604427,
    "Mouth Small / Large":-0.33964556455612,
    "Forehead Back / Forward":0.13978718221188,
    "Jaw Thin / Wide":-0.13907234370708,
    "Brow Ridge Outer Down / Up":0.37306579947472,
    "Chin Small / Large":-0.27705529332161
  },
  "Name":"BP_DAAzuraVampire01_C"
}