{
  "APIVersion":"v2",
  "SkinParametersMap":{
    "Tip Color":0.10000000149012,
    "Ombre Constrast":0.0,
    "Complexion":0.0,
    "Ombre Amount":0.0,
    "Khajiit Pattern Number":0.0,
    "Lipstick Amount":0.0,
    "Salt And Pepper":0.0,
    "Skin Dark/Light":0.0,
    "Root Redness":0.5,
    "Eye socket Bruised/Bright":0.0,
    "Freckles":0.0,
    "Eyeliner Light/Dark":0.0,
    "Eyebrows Redness Intensity":0.0,
    "Eye Socket Dark/Light":0.0,
    "Eyebrows Color Intensity":0.72000002861023,
    "Root Color":0.10000000149012,
    "Cheek Blush Light/Red":0.0,
    "Eylids Light/Dark":0.0,
    "Skin Tint Orange/Blue":0.0,
    "Tip Redness":0.5,
    "Cheekbones Flushed/Pale":0.0,
    "Eyelids Pale/Red":0.0,
    "Skin Tint Purple/Yellow":0.0
  },
  "Author":"Bethesda",
  "Race":"TESRace /Game/Forms/actors/race/WoodElf.WoodElf",
  "HairColorsL":{
    "0":{
      "R":0.020833000540733,
      "G":0.010127999819815,
      "B":0.0061369999311864,
      "A":1.0
    }
  },
  "Body":"SkeletalMesh /Game/Art/Character/Imperial/SK_Imperial_Body_m.SK_Imperial_Body_m",
  "Date":"2025-06-04 19:28:19",
  "SkinColorsMapL":{
    "Root DyeColor":{
      "R":1.0,
      "G":1.0,
      "B":1.0,
      "A":1.0
    },
    "Eyeliner Tone":{
      "R":1.0,
      "G":1.0,
      "B":1.0,
      "A":1.0
    },
    "Lipstick Color":{
      "R":1.0,
      "G":1.0,
      "B":1.0,
      "A":1.0
    },
    "Skin Tone":{
      "R":1.0,
      "G":1.0,
      "B":1.0,
      "A":1.0
    },
    "Tip DyeColor":{
      "R":1.0,
      "G":1.0,
      "B":1.0,
      "A":1.0
    }
  },
  "ModCreator":"animandan",
  "Sex":0,
  "ModName":"RaceMenuUtilities",
  "EyeMaterial":"/Game/Art/Character/WoodElf/Vampire/MIC_WoodElf_Sick_Eye_F.MIC_WoodElf_Sick_Eye_F",
  "ModVersion":"1.1.0",
  "FaceBaseMesh":"/Game/Art/Character/WoodElf/SK_WoodElf_Head_m.SK_WoodElf_Head_m",
  "Hair":"/Game/Dev/Phenotypes/Hair/HP_DarkElf_HR_Mane.HP_DarkElf_HR_Mane",
  "Description":"saved from in-game",
  "SenescenceLevel":0,
  "FaceMorphValuesMap":{
    "Face Gaunt / Round":-0.38878044486046,
    "Nose Short / Long":0.62000000476837,
    "Nose Tilt Down / Up":0.0,
    "Mouth Sad / Happy":0.36000001430511,
    "Mouth Retracted / Protruding":-0.22257497906685,
    "Chin Short / Tall":-0.66000002622604,
    "Cheekbones Low / High":-0.23560319840908,
    "Nose Nostrils Tilt Down / Up":0.11387100070715,
    "Mouth Deflated / Inflated":0.0,
    "Hair Length":0.0,
    "Nose Sellion Shallow / Deep":0.34000000357628,
    "Chin Shallow / Deep":0.45303773880005,
    "Jaw Concave / Convex":0.36696898937225,
    "Brow Ridge Low / High":0.003269863082096,
    "Chin Recessed / Pronounced":0.52327805757523,
    "Mouth Tilt Down / Up":0.80000001192093,
    "Nose Sellion Thin / Wide":0.0,
    "Cheeks Gaunt / Round":0.0,
    "Nose Sellion Lower Shallow / Deep":0.0,
    "Nose Sellion Down / Up":-0.54000002145767,
    "Cheeks Concave / Convex":0.0,
    "Nose Region Concave / Convex":0.80000001192093,
    "Eyes Inward / Outward":0.4828819334507,
    "Nose Nostrils Thin / Wide":-0.57599800825119,
    "Brow Ridge Inner Down / Up":-0.021342659369111,
    "Eyes Apart / Together":0.63999998569489,
    "Mouth Underbite / Overbite":0.72447007894516,
    "Chin Retracted / Jutting":-0.4898316860199,
    "Brow / Nose / Chin Ratio":0.0,
    "Nose Bridge Short / Long":0.19109000265598,
    "Mouth Low / High":-0.68000000715256,
    "Forehead Small / Large":-0.40739646553993,
    "Nose Bridge Shallow / Deep":0.019999999552965,
    "Eyes Small / Large":-0.019999999552965,
    "Forehead / Sellion / Nose Ratio":-0.26654398441315,
    "Mouth Chin Short / Long":-0.42641201615334,
    "Forehead Short / Tall":-0.10368800163269,
    "Eyes Down / Up":-0.38055467605591,
    "Vampire":0.0,
    "Mouth Retracted / Puckered":-0.80000001192093,
    "Jaw Retracted / Jutting":0.80000001192093,
    "Mouth Drawn / Pursed":0.0,
    "Cheekbones Thin / Wide":0.15999999642372,
    "Nose Down / Up":0.0,
    "Jaw Neck Slope Low / High":-0.009332999587059,
    "Chin Thin / Wide":0.86000001430511,
    "Cheekbones Shallow / Pronounced":-0.63999998569489,
    "Nose Nostrils Small / Large":0.80000001192093,
    "Nose Flat / Pointed":0.0,
    "Face Thin / Wide":0.41999998688698,
    "Chin Backward / Forward":-0.66297203302383,
    "Face Light / Heavy":0.27924001216888,
    "Mouth Small / Large":0.45605000853539,
    "Forehead Back / Forward":-0.62672799825668,
    "Jaw Thin / Wide":0.058095999062061,
    "Brow Ridge Outer Down / Up":0.43075114488602,
    "Chin Small / Large":0.0
  },
  "Name":"BP_DABoethiaChosen10_C"
}