{
  "ModName":"RaceMenuUtilities",
  "FaceBaseMesh":"/Game/Art/Character/DarkElf/SK_DarkElf_Head_m.SK_DarkElf_Head_m",
  "Author":"Bethesda",
  "Date":"2025-06-04 20:30:55",
  "SkinColorsMapL":{
    "Lipstick Color":{
      "A":1.0,
      "B":1.0,
      "G":1.0,
      "R":1.0
    },
    "Eyeliner Tone":{
      "A":1.0,
      "B":1.0,
      "G":1.0,
      "R":1.0
    },
    "Root DyeColor":{
      "A":1.0,
      "B":1.0,
      "G":1.0,
      "R":1.0
    },
    "Tip DyeColor":{
      "A":1.0,
      "B":1.0,
      "G":1.0,
      "R":1.0
    },
    "Skin Tone":{
      "A":1.0,
      "B":1.0,
      "G":1.0,
      "R":1.0
    }
  },
  "APIVersion":"v2",
  "FaceMorphValuesMap":{
    "Eyes Small / Large":-0.5999990105629,
    "Jaw Thin / Wide":0.68000000715256,
    "Brow Ridge Low / High":-0.62989300489426,
    "Chin Retracted / Jutting":-0.030052661895752,
    "Face Thin / Wide":-0.016431307420135,
    "Hair Length":0.0,
    "Chin Backward / Forward":0.047128677368164,
    "Vampire":0.0,
    "Mouth Underbite / Overbite":-0.10629799962044,
    "Eyes Inward / Outward":-0.2287330031395,
    "Mouth Sad / Happy":0.66000002622604,
    "Jaw Retracted / Jutting":0.11759199947119,
    "Nose Flat / Pointed":0.01306083239615,
    "Chin Recessed / Pronounced":-0.02759919129312,
    "Cheeks Gaunt / Round":-0.032267391681671,
    "Forehead Back / Forward":-0.0088709834963083,
    "Nose Sellion Down / Up":-0.01611895672977,
    "Mouth Deflated / Inflated":0.19673000276089,
    "Mouth Small / Large":-0.51999998092651,
    "Nose Tilt Down / Up":0.0,
    "Nose Short / Long":0.0,
    "Mouth Drawn / Pursed":0.0034988762345165,
    "Chin Short / Tall":-0.63999998569489,
    "Nose Sellion Thin / Wide":0.0,
    "Jaw Neck Slope Low / High":-0.17266300320625,
    "Cheekbones Shallow / Pronounced":0.23999999463558,
    "Nose Sellion Shallow / Deep":0.0,
    "Mouth Tilt Down / Up":0.12234900146723,
    "Brow / Nose / Chin Ratio":-0.0093083381652832,
    "Brow Ridge Outer Down / Up":0.011032903566957,
    "Chin Small / Large":0.27102598547935,
    "Mouth Retracted / Puckered":0.21370700001717,
    "Chin Thin / Wide":0.50437200069427,
    "Nose Nostrils Tilt Down / Up":0.011944782920182,
    "Face Gaunt / Round":-0.011866045184433,
    "Cheekbones Thin / Wide":-0.11203400045633,
    "Forehead / Sellion / Nose Ratio":-0.0076346397399902,
    "Cheekbones Low / High":-0.018315756693482,
    "Nose Bridge Short / Long":-0.016175080090761,
    "Forehead Short / Tall":0.021638525649905,
    "Nose Bridge Shallow / Deep":-0.011646747589111,
    "Mouth Chin Short / Long":0.025369316339493,
    "Face Light / Heavy":-0.015028893947601,
    "Nose Region Concave / Convex":-0.011393070220947,
    "Mouth Retracted / Protruding":0.017605999484658,
    "Cheeks Concave / Convex":0.042641520500183,
    "Nose Nostrils Small / Large":-0.37911900877953,
    "Jaw Concave / Convex":0.69999998807907,
    "Nose Down / Up":0.020238786935806,
    "Mouth Low / High":0.13847699761391,
    "Eyes Down / Up":0.045933999121189,
    "Chin Shallow / Deep":-0.049197971820831,
    "Eyes Apart / Together":0.72949397563934,
    "Brow Ridge Inner Down / Up":0.82916402816772,
    "Nose Sellion Lower Shallow / Deep":0.0,
    "Nose Nostrils Thin / Wide":0.19596600532532,
    "Forehead Small / Large":0.0058739604428411
  },
  "HairColorsL":{
    "1":{
      "A":1.0,
      "B":0.061027999967337,
      "G":0.10424599796534,
      "R":0.16145800054073
    },
    "2":{
      "A":1.0,
      "B":0.0037769998889416,
      "G":0.0072949999012053,
      "R":0.012152999639511
    },
    "0":{
      "A":1.0,
      "B":0.061027999967337,
      "G":0.10424599796534,
      "R":0.16145800054073
    }
  },
  "SkinParametersMap":{
    "Complexion":0.20000000298023,
    "Freckles":1.0,
    "Ombre Amount":0.0,
    "Eylids Light/Dark":-0.40000000596046,
    "Skin Tint Purple/Yellow":-0.15999999642372,
    "Cheek Blush Light/Red":-0.83999902009964,
    "Ombre Constrast":0.0,
    "Tip Color":0.10000000149012,
    "Eye socket Bruised/Bright":0.9200000166893,
    "Khajiit Pattern Number":0.0,
    "Skin Tint Orange/Blue":-0.059999998658895,
    "Eyebrows Color Intensity":0.60449397563934,
    "Tip Redness":0.5,
    "Root Redness":0.5,
    "Root Color":0.10000000149012,
    "Skin Dark/Light":0.0,
    "Salt And Pepper":0.0,
    "Eyebrows Redness Intensity":0.019999999552965,
    "Eyeliner Light/Dark":0.41999998688698,
    "Eyelids Pale/Red":-0.43999999761581,
    "Cheekbones Flushed/Pale":-0.18000100553036,
    "Eye Socket Dark/Light":0.34000000357628,
    "Lipstick Amount":0.019999999552965
  },
  "Mustache":"/Game/Dev/Phenotypes/Mustache/HP_DarkElf_MS_Long.HP_DarkElf_MS_Long",
  "SenescenceLevel":4,
  "Sex":0,
  "Description":"saved from in-game",
  "Beard":"/Game/Dev/Phenotypes/Beard/HP_HighElf_BD_Goatee.HP_HighElf_BD_Goatee",
  "ModCreator":"animandan",
  "ModVersion":"1.1.0",
  "Name":"BP_DAMolagBalVoice_C",
  "Hair":"/Game/Dev/Phenotypes/Hair/HP_Elf_HR_PonyTail.HP_Elf_HR_PonyTail",
  "Race":"TESRace /Game/Forms/actors/race/DarkElf.DarkElf",
  "Body":"SkeletalMesh /Game/Art/Character/Imperial/SK_Imperial_Body_m.SK_Imperial_Body_m"
}