{
  "Sex":0,
  "HairColorsL":{
    "0":{
      "A":1.0,
      "R":1.0,
      "G":1.0,
      "B":1.0
    }
  },
  "EyeMaterial":"/Game/Art/Character/Modular/Eyes_HighElf/MIC_HighElf_Eyes_Black.MIC_HighElf_Eyes_Black",
  "Author":"Bethesda",
  "Date":"2025-06-04 19:37:59",
  "Description":"saved from in-game",
  "Name":"BP_DANamiraForgotten1_C",
  "ModCreator":"animandan",
  "ModName":"RaceMenuUtilities",
  "FaceBaseMesh":"/Game/Art/Character/HighElf/SK_HighElf_Head_m.SK_HighElf_Head_m",
  "ModVersion":"1.1.0",
  "Body":"SkeletalMesh /Game/Art/Character/Imperial/SK_Imperial_Body_m.SK_Imperial_Body_m",
  "FaceMorphValuesMap":{
    "Nose Nostrils Thin / Wide":-0.44000101089478,
    "Forehead / Sellion / Nose Ratio":0.0,
    "Cheekbones Thin / Wide":0.11999999731779,
    "Forehead Small / Large":-0.019999999552965,
    "Chin Recessed / Pronounced":-0.019999999552965,
    "Brow / Nose / Chin Ratio":0.0,
    "Jaw Thin / Wide":0.51999998092651,
    "Cheeks Gaunt / Round":-0.3999989926815,
    "Chin Backward / Forward":0.0,
    "Chin Thin / Wide":0.93999999761581,
    "Forehead Short / Tall":0.11999999731779,
    "Face Thin / Wide":-0.51999998092651,
    "Brow Ridge Inner Down / Up":0.75999999046326,
    "Mouth Underbite / Overbite":0.0,
    "Mouth Low / High":-0.74000000953674,
    "Vampire":0.0,
    "Face Gaunt / Round":0.0,
    "Eyes Small / Large":-0.18000000715256,
    "Mouth Drawn / Pursed":0.23999999463558,
    "Chin Retracted / Jutting":0.0,
    "Nose Tilt Down / Up":0.0,
    "Mouth Small / Large":0.0,
    "Nose Short / Long":0.0,
    "Nose Bridge Shallow / Deep":0.0,
    "Nose Sellion Thin / Wide":0.23999999463558,
    "Mouth Retracted / Protruding":0.0,
    "Nose Sellion Shallow / Deep":0.0,
    "Jaw Retracted / Jutting":0.03999999910593,
    "Nose Sellion Down / Up":0.0,
    "Eyes Inward / Outward":-0.21999999880791,
    "Nose Region Concave / Convex":0.0,
    "Brow Ridge Outer Down / Up":-0.80000001192093,
    "Nose Nostrils Small / Large":0.54000002145767,
    "Eyes Apart / Together":0.34000098705292,
    "Nose Nostrils Tilt Down / Up":0.0,
    "Nose Flat / Pointed":-0.01999899931252,
    "Mouth Tilt Down / Up":0.0,
    "Jaw Concave / Convex":0.81999999284744,
    "Mouth Sad / Happy":0.21999999880791,
    "Cheekbones Shallow / Pronounced":-0.36000001430511,
    "Face Light / Heavy":-0.019999999552965,
    "Nose Down / Up":-0.46000000834465,
    "Chin Short / Tall":0.62000000476837,
    "Eyes Down / Up":-0.25999999046326,
    "Cheeks Concave / Convex":-0.36000001430511,
    "Nose Bridge Short / Long":0.0,
    "Mouth Chin Short / Long":0.0,
    "Nose Sellion Lower Shallow / Deep":0.0,
    "Mouth Retracted / Puckered":-0.34000000357628,
    "Hair Length":0.0,
    "Mouth Deflated / Inflated":0.37999999523163,
    "Chin Shallow / Deep":-0.83999997377396,
    "Jaw Neck Slope Low / High":0.46000000834465,
    "Brow Ridge Low / High":0.079999998211861,
    "Cheekbones Low / High":0.0,
    "Forehead Back / Forward":0.37999901175499,
    "Chin Small / Large":0.57999902963638
  },
  "Hair":"/Game/Dev/Phenotypes/Hair/HP_Nord_HR_BaldPony.HP_Nord_HR_BaldPony",
  "SenescenceLevel":5,
  "APIVersion":"v2",
  "SkinParametersMap":{
    "Complexion":0.35955101251602,
    "Cheek Blush Light/Red":0.0,
    "Eyebrows Color Intensity":0.5692880153656,
    "Eye socket Bruised/Bright":-0.26966300606728,
    "Lipstick Amount":0.0,
    "Root Redness":0.0,
    "Freckles":0.0,
    "Cheekbones Flushed/Pale":0.0,
    "Tip Redness":0.0,
    "Root Color":0.80898898839951,
    "Eyelids Pale/Red":0.49438199400902,
    "Tip Color":0.55430698394775,
    "Eyebrows Redness Intensity":1.0,
    "Ombre Amount":0.0,
    "Salt And Pepper":0.67415702342987,
    "Ombre Constrast":0.0
  },
  "Race":"TESRace /Game/Forms/actors/race/HighElf.HighElf",
  "SkinColorsMapL":{
    "Root DyeColor":{
      "A":1.0,
      "R":1.0,
      "G":1.0,
      "B":1.0
    },
    "Eyeliner Tone":{
      "A":1.0,
      "R":0.29613825678825,
      "G":0.19806931912899,
      "B":0.090841710567474
    },
    "Tip DyeColor":{
      "A":1.0,
      "R":1.0,
      "G":1.0,
      "B":1.0
    },
    "Skin Tone":{
      "A":1.0,
      "R":0.87983101606369,
      "G":1.0,
      "B":0.73958301544189
    },
    "Lipstick Color":{
      "A":1.0,
      "R":0.35640013217926,
      "G":0.17788840830326,
      "B":0.029556833207607
    }
  }
}