{
  "Sex":0,
  "HairColorsL":[],
  "EyeMaterial":"/Game/Art/Character/Argonian/MIC_Argonian_Eyes.MIC_Argonian_Eyes",
  "Author":"Bethesda",
  "Date":"2025-06-04 19:37:57",
  "Description":"saved from in-game",
  "Name":"BP_DANamiraPriest1_C",
  "ModCreator":"animandan",
  "ModName":"RaceMenuUtilities",
  "FaceBaseMesh":"/Game/Art/Character/Argonian/SK_Argonian_Head_m.SK_Argonian_Head_m",
  "ModVersion":"1.1.0",
  "Body":"SkeletalMesh /Game/Art/Character/Imperial/SK_Imperial_Body_m.SK_Imperial_Body_m",
  "FaceMorphValuesMap":{
    "Nose Nostrils Thin / Wide":0.5602970123291,
    "Forehead / Sellion / Nose Ratio":-0.1577360033989,
    "Cheekbones Thin / Wide":-0.14493699371815,
    "Forehead Small / Large":-0.26080301403999,
    "Chin Recessed / Pronounced":-0.46203908324242,
    "Brow / Nose / Chin Ratio":0.20604600012302,
    "Jaw Thin / Wide":-0.75511902570724,
    "Cheeks Gaunt / Round":0.30052915215492,
    "Chin Backward / Forward":-0.2185912579298,
    "Chin Thin / Wide":-0.31623980402946,
    "Forehead Short / Tall":0.7114189863205,
    "Face Thin / Wide":0.083751492202282,
    "Brow Ridge Inner Down / Up":0.46274900436401,
    "Mouth Underbite / Overbite":0.56213212013245,
    "Mouth Low / High":-0.61201220750809,
    "Vampire":0.0,
    "Face Gaunt / Round":0.45438298583031,
    "Eyes Small / Large":0.16281400620937,
    "Mouth Drawn / Pursed":-0.089617468416691,
    "Chin Retracted / Jutting":-0.45375737547874,
    "Nose Tilt Down / Up":-0.20000000298023,
    "Mouth Small / Large":0.076881982386112,
    "Nose Short / Long":0.0,
    "Nose Bridge Shallow / Deep":-0.018323136493564,
    "Nose Sellion Thin / Wide":-0.11999999731779,
    "Mouth Retracted / Protruding":-0.36645895242691,
    "Nose Sellion Shallow / Deep":0.0,
    "Jaw Retracted / Jutting":-0.30796876549721,
    "Nose Sellion Down / Up":0.81191098690033,
    "Eyes Inward / Outward":0.037922766059637,
    "Nose Region Concave / Convex":-0.27699422836304,
    "Brow Ridge Outer Down / Up":0.10036947578192,
    "Nose Nostrils Small / Large":-0.4738410115242,
    "Eyes Apart / Together":0.45305201411247,
    "Nose Nostrils Tilt Down / Up":-0.17493699491024,
    "Nose Flat / Pointed":0.40924400091171,
    "Mouth Tilt Down / Up":-0.57654935121536,
    "Jaw Concave / Convex":-0.62872058153152,
    "Mouth Sad / Happy":-0.56620001792908,
    "Cheekbones Shallow / Pronounced":-0.090481549501419,
    "Face Light / Heavy":0.19587670266628,
    "Nose Down / Up":-0.31209200620651,
    "Chin Short / Tall":-0.37863790988922,
    "Eyes Down / Up":0.10023500025272,
    "Cheeks Concave / Convex":0.0843411013484,
    "Nose Bridge Short / Long":0.23029200732708,
    "Mouth Chin Short / Long":-0.44115778803825,
    "Nose Sellion Lower Shallow / Deep":0.0,
    "Mouth Retracted / Puckered":-0.23681402206421,
    "Hair Length":0.0,
    "Mouth Deflated / Inflated":0.41766801476479,
    "Chin Shallow / Deep":0.12604556977749,
    "Jaw Neck Slope Low / High":0.028052000328898,
    "Brow Ridge Low / High":0.40360000729561,
    "Cheekbones Low / High":-0.30000001192093,
    "Forehead Back / Forward":0.11593656986952,
    "Chin Small / Large":-3.1673909688834e-05
  },
  "Hair":"/Game/Dev/Phenotypes/Hair/HP_Argonian_HR_Fins.HP_Argonian_HR_Fins",
  "SenescenceLevel":3,
  "APIVersion":"v2",
  "SkinParametersMap":{
    "Complexion":-0.23999999463558,
    "Eyelids Pale/Red":0.0,
    "Eye socket Bruised/Bright":0.0,
    "Eyeliner Light/Dark":0.43999999761581,
    "Eye Socket Dark/Light":-0.28000000119209,
    "Eylids Light/Dark":-0.25999999046326
  },
  "Race":"TESRace /Game/Forms/actors/race/Argonian.Argonian",
  "SkinColorsMapL":{
    "Color 1":{
      "A":1.0,
      "R":0.38132601976395,
      "G":0.15592646598816,
      "B":0.13843160867691
    },
    "Color 2":{
      "A":1.0,
      "R":1.0,
      "G":0.059511236846447,
      "B":0.0091340588405728
    },
    "Color 3":{
      "A":1.0,
      "R":0.26225066184998,
      "G":1.0,
      "B":0.33245152235031
    }
  }
}