{
  "APIVersion":"v2",
  "SkinParametersMap":{
    "Tip Color":0.0,
    "Ombre Constrast":0.0,
    "Eyebrows Color Intensity":0.96629202365875,
    "Ombre Amount":0.0,
    "Salt And Pepper":0.66292101144791,
    "Freckles":0.0,
    "Eyebrows Redness Intensity":0.0,
    "Root Color":0.0,
    "Complexion":0.0,
    "Lipstick Amount":0.0,
    "Cheek Blush Light/Red":0.60674202442169,
    "Root Redness":0.0,
    "Khajiit Pattern Number":0.0,
    "Tip Redness":0.0,
    "Cheekbones Flushed/Pale":0.089887998998165,
    "Eyelids Pale/Red":0.0,
    "Eye socket Bruised/Bright":0.0
  },
  "Author":"Bethesda",
  "Race":"TESRace /Game/Forms/actors/race/Breton.Breton",
  "HairColorsL":{
    "1":{
      "R":0.16145800054073,
      "G":0.10424599796534,
      "B":0.061027999967337,
      "A":1.0
    },
    "2":{
      "R":0.16145800054073,
      "G":0.10424599796534,
      "B":0.061027999967337,
      "A":1.0
    },
    "0":{
      "R":0.020833000540733,
      "G":0.010127999819815,
      "B":0.0061369999311864,
      "A":1.0
    }
  },
  "Body":"SkeletalMesh /Game/Art/Character/Imperial/SK_Imperial_Body_m.SK_Imperial_Body_m",
  "Date":"2025-06-04 19:28:21",
  "ModCreator":"animandan",
  "ModName":"RaceMenuUtilities",
  "SkinColorsMapL":{
    "Root DyeColor":{
      "R":0.0047769998200238,
      "G":0.0012140000471845,
      "B":0.0,
      "A":1.0
    },
    "Lipstick Color":{
      "R":0.093058958649635,
      "G":0.0009105809731409,
      "B":0.0097212167456746,
      "A":1.0
    },
    "Tip DyeColor":{
      "R":0.0047769998200238,
      "G":0.0018589999526739,
      "B":0.00086500000907108,
      "A":1.0
    },
    "Skin Tone":{
      "R":1.0,
      "G":1.0,
      "B":1.0,
      "A":1.0
    },
    "Eyeliner Tone":{
      "R":1.0,
      "G":1.0,
      "B":1.0,
      "A":1.0
    }
  },
  "Beard":"/Game/Dev/Phenotypes/Beard/HP_New_ChinGoatee.HP_New_ChinGoatee",
  "Sex":0,
  "ModVersion":"1.1.0",
  "EyeMaterial":"/Game/Art/Character/Modular/Eyes_Human/MIC_Human_Eyes_Green2.MIC_Human_Eyes_Green2",
  "Description":"saved from in-game",
  "FaceBaseMesh":"/Game/Art/Character/Breton/SK_Breton_Head_m.SK_Breton_Head_m",
  "FaceMorphValuesMap":{
    "Face Gaunt / Round":0.0,
    "Nose Short / Long":0.0,
    "Nose Tilt Down / Up":-0.46000000834465,
    "Mouth Sad / Happy":0.47999998927116,
    "Mouth Retracted / Protruding":0.0,
    "Chin Short / Tall":0.18000000715256,
    "Cheekbones Low / High":0.0,
    "Nose Nostrils Tilt Down / Up":-0.10000000149012,
    "Mouth Deflated / Inflated":0.0,
    "Hair Length":0.0,
    "Nose Sellion Shallow / Deep":0.0,
    "Chin Shallow / Deep":0.0,
    "Jaw Concave / Convex":0.0,
    "Brow Ridge Low / High":0.40000000596046,
    "Chin Recessed / Pronounced":0.0,
    "Mouth Tilt Down / Up":-0.43999999761581,
    "Nose Sellion Thin / Wide":0.0,
    "Cheeks Gaunt / Round":0.0,
    "Nose Sellion Lower Shallow / Deep":0.0,
    "Nose Sellion Down / Up":0.0,
    "Cheeks Concave / Convex":0.0,
    "Nose Region Concave / Convex":0.0,
    "Eyes Inward / Outward":0.0,
    "Nose Nostrils Thin / Wide":0.5,
    "Brow Ridge Inner Down / Up":0.0,
    "Eyes Apart / Together":0.0,
    "Mouth Underbite / Overbite":0.0,
    "Chin Retracted / Jutting":-0.53999900817871,
    "Brow / Nose / Chin Ratio":0.0,
    "Nose Bridge Short / Long":-0.18000000715256,
    "Mouth Low / High":-0.28000000119209,
    "Forehead Small / Large":0.0,
    "Nose Bridge Shallow / Deep":0.0,
    "Eyes Small / Large":0.0,
    "Forehead / Sellion / Nose Ratio":0.0,
    "Mouth Chin Short / Long":0.0,
    "Forehead Short / Tall":-0.31999999284744,
    "Eyes Down / Up":0.0,
    "Vampire":0.0,
    "Mouth Retracted / Puckered":0.0,
    "Jaw Retracted / Jutting":0.0,
    "Mouth Drawn / Pursed":0.0,
    "Cheekbones Thin / Wide":0.20000000298023,
    "Nose Down / Up":0.0,
    "Jaw Neck Slope Low / High":0.0,
    "Chin Thin / Wide":0.62000000476837,
    "Cheekbones Shallow / Pronounced":0.0,
    "Nose Nostrils Small / Large":0.31999999284744,
    "Nose Flat / Pointed":0.0,
    "Face Thin / Wide":0.0,
    "Chin Backward / Forward":0.0,
    "Face Light / Heavy":0.21999999880791,
    "Mouth Small / Large":0.0,
    "Forehead Back / Forward":0.0,
    "Jaw Thin / Wide":0.82022500038147,
    "Brow Ridge Outer Down / Up":0.47999998927116,
    "Chin Small / Large":0.0
  },
  "Hair":"/Game/Dev/Phenotypes/Hair/HP_HR_MediumLength.HP_HR_MediumLength",
  "Mustache":"/Game/Dev/Phenotypes/Mustache/HP_Breton_MS_Scruffy.HP_Breton_MS_Scruffy",
  "SenescenceLevel":7,
  "Name":"BP_DABoethiaChosen02_C"
}