{
  "APIVersion":"v2",
  "SkinParametersMap":{
    "Eyeliner Light/Dark":-0.079999998211861,
    "Complexion":-0.28000000119209,
    "Eye Socket Dark/Light":0.0,
    "Eyelids Pale/Red":-0.18000000715256,
    "Eye socket Bruised/Bright":0.37999999523163,
    "Eylids Light/Dark":-0.10000000149012
  },
  "Author":"Bethesda",
  "Race":"TESRace /Game/Forms/actors/race/Argonian.Argonian",
  "HairColorsL":[],
  "Body":"SkeletalMesh /Game/Art/Character/Imperial/SK_Imperial_Body_m.SK_Imperial_Body_m",
  "Date":"2025-06-04 19:28:22",
  "SkinColorsMapL":{
    "Color 3":{
      "R":0.093058958649635,
      "G":0.022173885256052,
      "B":0.0,
      "A":1.0
    },
    "Color 2":{
      "R":0.4341536462307,
      "G":1.0,
      "B":0.0,
      "A":1.0
    },
    "Color 1":{
      "R":0.43965718150139,
      "G":0.23839756846428,
      "B":0.23455058038235,
      "A":1.0
    }
  },
  "ModCreator":"animandan",
  "Sex":1,
  "ModName":"RaceMenuUtilities",
  "EyeMaterial":"/Game/Art/Character/Argonian/MIC_Argonian_Eyes.MIC_Argonian_Eyes",
  "ModVersion":"1.1.0",
  "FaceBaseMesh":"/Game/Art/Character/Argonian/SK_Argonian_Head_f.SK_Argonian_Head_f",
  "Hair":"/Game/Dev/Phenotypes/Hair/HP_Argonian_HR_Spines.HP_Argonian_HR_Spines",
  "Description":"saved from in-game",
  "SenescenceLevel":1,
  "FaceMorphValuesMap":{
    "Face Gaunt / Round":-0.0038436413742602,
    "Nose Short / Long":0.0,
    "Nose Tilt Down / Up":0.0,
    "Mouth Sad / Happy":-0.0031353950034827,
    "Mouth Retracted / Protruding":-0.23964162170887,
    "Chin Short / Tall":0.54158568382263,
    "Cheekbones Low / High":0.30721926689148,
    "Nose Nostrils Tilt Down / Up":0.16947436332703,
    "Mouth Deflated / Inflated":-0.097238354384899,
    "Hair Length":0.0,
    "Nose Sellion Shallow / Deep":0.0,
    "Chin Shallow / Deep":0.027537582442164,
    "Jaw Concave / Convex":0.018122291192412,
    "Brow Ridge Low / High":0.44689700007439,
    "Chin Recessed / Pronounced":0.0099540716037154,
    "Mouth Tilt Down / Up":0.10867681354284,
    "Nose Sellion Thin / Wide":0.0,
    "Cheeks Gaunt / Round":-0.2780094742775,
    "Nose Sellion Lower Shallow / Deep":0.0,
    "Nose Sellion Down / Up":-0.058176517486572,
    "Cheeks Concave / Convex":0.23460339009762,
    "Nose Region Concave / Convex":0.021072197705507,
    "Eyes Inward / Outward":-0.029700135812163,
    "Nose Nostrils Thin / Wide":-0.029786681756377,
    "Brow Ridge Inner Down / Up":0.42136698961258,
    "Eyes Apart / Together":0.10311751812696,
    "Mouth Underbite / Overbite":0.046808313578367,
    "Chin Retracted / Jutting":0.16679631173611,
    "Brow / Nose / Chin Ratio":-0.13890027999878,
    "Nose Bridge Short / Long":-0.23352985084057,
    "Mouth Low / High":-0.32309079170227,
    "Forehead Small / Large":-0.11497831344604,
    "Nose Bridge Shallow / Deep":-0.11577834933996,
    "Eyes Small / Large":0.1106296107173,
    "Forehead / Sellion / Nose Ratio":0.14155732095242,
    "Mouth Chin Short / Long":0.031204104423523,
    "Forehead Short / Tall":0.098069667816162,
    "Eyes Down / Up":-0.08347611874342,
    "Vampire":0.0,
    "Mouth Retracted / Puckered":0.077833272516727,
    "Jaw Retracted / Jutting":-0.12021794170141,
    "Mouth Drawn / Pursed":-0.013850617222488,
    "Cheekbones Thin / Wide":0.15120393037796,
    "Nose Down / Up":0.16049443185329,
    "Jaw Neck Slope Low / High":-0.1759147644043,
    "Chin Thin / Wide":-0.14647355675697,
    "Cheekbones Shallow / Pronounced":-0.065953932702541,
    "Nose Nostrils Small / Large":-0.075658373534679,
    "Nose Flat / Pointed":0.1594593077898,
    "Face Thin / Wide":-0.064246021211147,
    "Chin Backward / Forward":0.62410539388657,
    "Face Light / Heavy":-0.078856691718102,
    "Mouth Small / Large":0.15017585456371,
    "Forehead Back / Forward":-0.20326232910156,
    "Jaw Thin / Wide":0.33263900876045,
    "Brow Ridge Outer Down / Up":-0.36782199144363,
    "Chin Small / Large":-0.0048476695083082
  },
  "Name":"BP_DABoethiaChosen01_C"
}