{
  "ModName":"RaceMenuUtilities",
  "FaceBaseMesh":"/Game/Art/Character/Nord/SK_Nord_Head_f.SK_Nord_Head_f",
  "Author":"Bethesda",
  "Date":"2025-06-04 20:30:56",
  "SkinColorsMapL":{
    "Lipstick Color":{
      "A":1.0,
      "B":0.51491767168045,
      "G":1.0,
      "R":0.88792312145233
    },
    "Eyeliner Tone":{
      "A":1.0,
      "B":1.0,
      "G":1.0,
      "R":1.0
    },
    "Root DyeColor":{
      "A":1.0,
      "B":1.0,
      "G":1.0,
      "R":1.0
    },
    "Tip DyeColor":{
      "A":1.0,
      "B":1.0,
      "G":1.0,
      "R":1.0
    },
    "Skin Tone":{
      "A":1.0,
      "B":1.0,
      "G":1.0,
      "R":1.0
    }
  },
  "APIVersion":"v2",
  "FaceMorphValuesMap":{
    "Eyes Small / Large":-0.37671598792076,
    "Jaw Thin / Wide":0.80000001192093,
    "Brow Ridge Low / High":-0.44291299581528,
    "Chin Retracted / Jutting":-0.46877899765968,
    "Face Thin / Wide":-0.20189100503922,
    "Hair Length":0.0,
    "Chin Backward / Forward":0.20869800448418,
    "Vampire":0.0,
    "Mouth Underbite / Overbite":0.24162699282169,
    "Eyes Inward / Outward":0.14531591534615,
    "Mouth Sad / Happy":0.015013480558991,
    "Jaw Retracted / Jutting":-0.26030883193016,
    "Nose Flat / Pointed":-0.054882001131773,
    "Chin Recessed / Pronounced":0.062758587300777,
    "Cheeks Gaunt / Round":0.31877401471138,
    "Forehead Back / Forward":0.070822432637215,
    "Nose Sellion Down / Up":0.45172125101089,
    "Mouth Deflated / Inflated":-0.17880399525166,
    "Mouth Small / Large":0.58549201488495,
    "Nose Tilt Down / Up":-0.14000000059605,
    "Nose Short / Long":0.0,
    "Mouth Drawn / Pursed":0.019999999552965,
    "Chin Short / Tall":-0.39678713679314,
    "Nose Sellion Thin / Wide":0.46000000834465,
    "Jaw Neck Slope Low / High":0.38347837328911,
    "Cheekbones Shallow / Pronounced":-0.14136700332165,
    "Nose Sellion Shallow / Deep":0.0,
    "Mouth Tilt Down / Up":-0.38341599702835,
    "Brow / Nose / Chin Ratio":0.021926015615463,
    "Brow Ridge Outer Down / Up":-0.51257902383804,
    "Chin Small / Large":0.18765500187874,
    "Mouth Retracted / Puckered":0.29999899864197,
    "Chin Thin / Wide":0.81999999284744,
    "Nose Nostrils Tilt Down / Up":-0.5799999833107,
    "Face Gaunt / Round":0.43465185165405,
    "Cheekbones Thin / Wide":-0.18276900053024,
    "Forehead / Sellion / Nose Ratio":0.072467684745789,
    "Cheekbones Low / High":0.088363528251648,
    "Nose Bridge Short / Long":-0.56924599409103,
    "Forehead Short / Tall":-0.031151000410318,
    "Nose Bridge Shallow / Deep":0.058828949928284,
    "Mouth Chin Short / Long":0.070293426513672,
    "Face Light / Heavy":0.23999999463558,
    "Nose Region Concave / Convex":-0.0012670755386353,
    "Mouth Retracted / Protruding":0.31999999284744,
    "Cheeks Concave / Convex":-0.0085310004651546,
    "Nose Nostrils Small / Large":-0.016251070424914,
    "Jaw Concave / Convex":0.060892999172211,
    "Nose Down / Up":-0.53660404682159,
    "Mouth Low / High":-0.51149201393127,
    "Eyes Down / Up":-0.22118100523949,
    "Chin Shallow / Deep":-0.37999999523163,
    "Eyes Apart / Together":0.17858499288559,
    "Brow Ridge Inner Down / Up":0.11471000313759,
    "Nose Sellion Lower Shallow / Deep":0.0,
    "Nose Nostrils Thin / Wide":0.84018498659134,
    "Forehead Small / Large":-0.46460500359535
  },
  "EyeMaterial":"/Game/Art/Character/Modular/Eyes_Human/MIC_Human_Eyes_Green2.MIC_Human_Eyes_Green2",
  "HairColorsL":{
    "0":{
      "A":1.0,
      "B":0.90466117858887,
      "G":0.82278573513031,
      "R":1.0
    }
  },
  "SkinParametersMap":{
    "Complexion":0.0,
    "Freckles":0.28000000119209,
    "Ombre Amount":0.0,
    "Root Redness":0.5,
    "Skin Tint Purple/Yellow":0.14000000059605,
    "Cheek Blush Light/Red":0.0,
    "Ombre Constrast":0.0,
    "Tip Color":0.10000000149012,
    "Eye socket Bruised/Bright":0.059999998658895,
    "Khajiit Pattern Number":0.0,
    "Lipstick Amount":0.0,
    "Eyebrows Color Intensity":0.75999999046326,
    "Skin Tint Orange/Blue":0.0,
    "Tip Redness":0.5,
    "Root Color":0.10000000149012,
    "Skin Dark/Light":0.28000000119209,
    "Salt And Pepper":0.0,
    "Eyebrows Redness Intensity":0.0,
    "Eyeliner Light/Dark":0.31999999284744,
    "Eyelids Pale/Red":0.0,
    "Cheekbones Flushed/Pale":0.0,
    "Eye Socket Dark/Light":-0.31999999284744,
    "Eylids Light/Dark":0.23999999463558
  },
  "SenescenceLevel":5,
  "Sex":1,
  "Description":"saved from in-game",
  "ModCreator":"animandan",
  "ModVersion":"1.1.0",
  "Hair":"/Game/Dev/Phenotypes/Hair/HP_HR_Cropped.HP_HR_Cropped",
  "Name":"BP_DANamiraForgotten3b_C",
  "Race":"TESRace /Game/Forms/actors/race/Nord.Nord",
  "Body":"SkeletalMesh /Game/Art/Character/Imperial/SK_Imperial_Body_m.SK_Imperial_Body_m"
}