{
  "ModName":"RaceMenuUtilities",
  "FaceBaseMesh":"/Game/Art/Character/Nord/SK_Nord_Head_m.SK_Nord_Head_m",
  "Author":"Bethesda",
  "Date":"2025-06-04 20:30:55",
  "SkinColorsMapL":{
    "Lipstick Color":{
      "A":1.0,
      "B":1.0,
      "G":1.0,
      "R":1.0
    },
    "Eyeliner Tone":{
      "A":1.0,
      "B":1.0,
      "G":1.0,
      "R":1.0
    },
    "Root DyeColor":{
      "A":1.0,
      "B":1.0,
      "G":1.0,
      "R":1.0
    },
    "Tip DyeColor":{
      "A":1.0,
      "B":0.010960093699396,
      "G":0.21586050093174,
      "R":1.0
    },
    "Skin Tone":{
      "A":1.0,
      "B":1.0,
      "G":1.0,
      "R":1.0
    }
  },
  "APIVersion":"v2",
  "FaceMorphValuesMap":{
    "Eyes Small / Large":0.079999998211861,
    "Jaw Thin / Wide":-0.14548699557781,
    "Brow Ridge Low / High":0.47130000591278,
    "Chin Retracted / Jutting":0.017736999318004,
    "Face Thin / Wide":-0.21304999291897,
    "Hair Length":0.0,
    "Chin Backward / Forward":-0.011602000333369,
    "Vampire":0.0,
    "Mouth Underbite / Overbite":-0.13049699366093,
    "Eyes Inward / Outward":0.0,
    "Mouth Sad / Happy":0.68000000715256,
    "Jaw Retracted / Jutting":0.008899999782443,
    "Nose Flat / Pointed":-0.75999999046326,
    "Chin Recessed / Pronounced":0.2231390029192,
    "Cheeks Gaunt / Round":0.44008699059486,
    "Forehead Back / Forward":-0.082117885351181,
    "Nose Sellion Down / Up":0.10000000149012,
    "Mouth Deflated / Inflated":0.72000002861023,
    "Mouth Small / Large":-0.037728998810053,
    "Nose Tilt Down / Up":0.0,
    "Nose Short / Long":0.20000000298023,
    "Mouth Drawn / Pursed":-0.035571999847889,
    "Chin Short / Tall":-0.1711709946394,
    "Nose Sellion Thin / Wide":0.10000000149012,
    "Jaw Neck Slope Low / High":0.49878069758415,
    "Cheekbones Shallow / Pronounced":0.14894500374794,
    "Nose Sellion Shallow / Deep":0.03999999910593,
    "Mouth Tilt Down / Up":0.17948800325394,
    "Brow / Nose / Chin Ratio":0.0,
    "Brow Ridge Outer Down / Up":0.08475299924612,
    "Chin Small / Large":0.21156500279903,
    "Mouth Retracted / Puckered":0.059999998658895,
    "Chin Thin / Wide":0.58224898576736,
    "Nose Nostrils Tilt Down / Up":0.15999999642372,
    "Face Gaunt / Round":-0.111547999084,
    "Cheekbones Thin / Wide":-0.018717000260949,
    "Forehead / Sellion / Nose Ratio":-0.079999998211861,
    "Cheekbones Low / High":0.23484100401402,
    "Nose Bridge Short / Long":0.048436000943184,
    "Forehead Short / Tall":-0.45557099580765,
    "Nose Bridge Shallow / Deep":0.39630800485611,
    "Mouth Chin Short / Long":0.094377003610134,
    "Face Light / Heavy":-0.17841699719429,
    "Nose Region Concave / Convex":-0.54594802856445,
    "Mouth Retracted / Protruding":-0.015723999589682,
    "Cheeks Concave / Convex":0.13302099704742,
    "Nose Nostrils Small / Large":0.2179210036993,
    "Jaw Concave / Convex":-0.030762000009418,
    "Nose Down / Up":0.28167998790741,
    "Mouth Low / High":-0.5,
    "Eyes Down / Up":-0.062277000397444,
    "Chin Shallow / Deep":0.52881002426147,
    "Eyes Apart / Together":0.40266299247742,
    "Brow Ridge Inner Down / Up":0.12180799990892,
    "Nose Sellion Lower Shallow / Deep":0.14000000059605,
    "Nose Nostrils Thin / Wide":-0.055654000490904,
    "Forehead Small / Large":-0.14769899845123
  },
  "EyeMaterial":"/Game/Art/Character/Nord/MIC_Nord_Eye.MIC_Nord_Eye",
  "HairColorsL":{
    "0":{
      "A":1.0,
      "B":0.0061369999311864,
      "G":0.010127999819815,
      "R":0.020833000540733
    }
  },
  "SkinParametersMap":{
    "Complexion":0.30000001192093,
    "Freckles":0.51999998092651,
    "Ombre Amount":1.0,
    "Eylids Light/Dark":0.25999999046326,
    "Skin Tint Purple/Yellow":0.15999999642372,
    "Cheek Blush Light/Red":0.21999999880791,
    "Ombre Constrast":1.0,
    "Tip Color":0.089887998998165,
    "Eye socket Bruised/Bright":0.11999999731779,
    "Khajiit Pattern Number":0.0,
    "Skin Tint Orange/Blue":-0.029999999329448,
    "Eyebrows Color Intensity":0.68000000715256,
    "Tip Redness":0.0,
    "Root Redness":0.0,
    "Root Color":0.20973800122738,
    "Skin Dark/Light":0.40000000596046,
    "Salt And Pepper":0.0,
    "Eyebrows Redness Intensity":0.079999998211861,
    "Eyeliner Light/Dark":0.13999900221825,
    "Eyelids Pale/Red":0.20000000298023,
    "Cheekbones Flushed/Pale":0.34000000357628,
    "Eye Socket Dark/Light":0.41999998688698,
    "Lipstick Amount":0.0
  },
  "SenescenceLevel":2,
  "Sex":0,
  "Description":"saved from in-game",
  "ModCreator":"animandan",
  "ModVersion":"1.1.0",
  "Hair":"/Game/Dev/Phenotypes/Hair/HP_HR_MediumLength.HP_HR_MediumLength",
  "Name":"BP_DAHircineVoice_C",
  "Race":"TESRace /Game/Forms/actors/race/Nord.Nord",
  "Body":"SkeletalMesh /Game/Art/Character/Imperial/SK_Imperial_Body_m.SK_Imperial_Body_m"
}