{
  "APIVersion":"v2",
  "SkinParametersMap":{
    "Eyebrows Redness Intensity":0.0,
    "Naso Small/Large":0.0,
    "Ombre Amount":1.0,
    "Tip Color":0.36996299028397,
    "Root Redness":1.0,
    "Tip Redness":1.0,
    "Ombre Constrast":1.0,
    "Root Color":0.014980999752879,
    "Eyelids Light/Dark":0.0,
    "Eyeshadow Light/Dark":0.0,
    "Complexion":0.11999999731779,
    "Eye Sockets Bruised/Bright":0.0,
    "Freckles":0.62000000476837,
    "Cheekbones Flushed/Pale":0.0,
    "Cheek Blush Light/Red":0.0,
    "Salt And Pepper":0.0,
    "Skin Dark/Light":0.0,
    "Eyebrows Color Intensity":0.5,
    "Eye socket Bruised/Bright":0.0,
    "Eye Socket Dark/Light":0.0,
    "Lipstick Dark Blue/Light Red":0.0,
    "Eyelids Pale/Red":0.21999999880791,
    "Age":0.0,
    "Skin Tint Orange/Blue":0.059999998658895,
    "Lipstick Amount":0.0,
    "Eyeliner Light/Dark":0.0,
    "Eylids Light/Dark":0.0,
    "Eye Sockets Dark/Light":0.0,
    "Lipstick Dark Red/Light Blue":0.0,
    "Naso Labial Lines Light/Dark":0.0,
    "Lips Flushed/Pale":0.0,
    "Skin Tint Purple/Yellow":0.0
  },
  "Author":"Bethesda",
  "Race":"TESRace /Game/Forms/actors/race/Imperial.Imperial",
  "HairColorsL":{
    "0":{
      "R":0.0051819998770952,
      "G":0.0018210000125691,
      "B":0.0018210000125691,
      "A":1.0
    }
  },
  "Body":"SkeletalMesh /Game/Art/Character/Imperial/SK_Imperial_Body_m.SK_Imperial_Body_m",
  "Date":"2025-06-04 19:28:30",
  "SkinColorsMapL":{
    "Root DyeColor":{
      "R":1.0,
      "G":1.0,
      "B":1.0,
      "A":1.0
    },
    "Eyeliner Tone":{
      "R":0.61458301544189,
      "G":0.61458301544189,
      "B":0.61458301544189,
      "A":1.0
    },
    "Lipstick Color":{
      "R":1.0,
      "G":1.0,
      "B":1.0,
      "A":1.0
    },
    "Skin Tone":{
      "R":1.0,
      "G":1.0,
      "B":1.0,
      "A":1.0
    },
    "Tip DyeColor":{
      "R":0.17464700341225,
      "G":0.07277200371027,
      "B":0.026794999837875,
      "A":1.0
    }
  },
  "ModCreator":"animandan",
  "Sex":1,
  "ModName":"RaceMenuUtilities",
  "EyeMaterial":"/Game/Art/Character/Modular/Eyes_Human/MIC_Human_Eyes_Brown2.MIC_Human_Eyes_Brown2",
  "ModVersion":"1.1.0",
  "FaceBaseMesh":"/Game/Art/Character/Imperial/SK_Imperial_Head_F.SK_Imperial_Head_F",
  "Hair":"/Game/Dev/Phenotypes/Hair/HP_HR_Loose.HP_HR_Loose",
  "Description":"saved from in-game",
  "SenescenceLevel":4,
  "FaceMorphValuesMap":{
    "Face Gaunt / Round":-0.33129000663757,
    "Nose Short / Long":0.0,
    "Nose Tilt Down / Up":0.0,
    "Mouth Sad / Happy":0.20000000298023,
    "Mouth Retracted / Protruding":0.27074000239372,
    "Chin Short / Tall":0.41548699140549,
    "Cheekbones Low / High":0.26112738251686,
    "Nose Nostrils Tilt Down / Up":0.0,
    "Mouth Deflated / Inflated":0.0,
    "Hair Length":0.0,
    "Nose Sellion Shallow / Deep":0.20000000298023,
    "Chin Shallow / Deep":0.062146674841642,
    "Jaw Concave / Convex":-0.31784999370575,
    "Brow Ridge Low / High":0.0,
    "Chin Recessed / Pronounced":-0.30355998873711,
    "Mouth Tilt Down / Up":-0.10099899768829,
    "Nose Sellion Thin / Wide":0.10000000149012,
    "Cheeks Gaunt / Round":0.23999999463558,
    "Nose Sellion Lower Shallow / Deep":0.34000000357628,
    "Nose Sellion Down / Up":0.11999999731779,
    "Cheeks Concave / Convex":-0.3974249958992,
    "Nose Region Concave / Convex":-0.11999999731779,
    "Eyes Inward / Outward":0.18628217279911,
    "Nose Nostrils Thin / Wide":0.10000000149012,
    "Brow Ridge Inner Down / Up":0.12038069218397,
    "Eyes Apart / Together":0.55953097343445,
    "Mouth Underbite / Overbite":9.9999999747524e-07,
    "Chin Retracted / Jutting":0.11587499827147,
    "Brow / Nose / Chin Ratio":0.1319629997015,
    "Nose Bridge Short / Long":0.0,
    "Mouth Low / High":0.3386510014534,
    "Forehead Small / Large":-0.098305001854897,
    "Nose Bridge Shallow / Deep":0.34000000357628,
    "Eyes Small / Large":-0.31686300039291,
    "Forehead / Sellion / Nose Ratio":0.054576825350523,
    "Mouth Chin Short / Long":0.0,
    "Forehead Short / Tall":0.23999999463558,
    "Eyes Down / Up":0.63258302211761,
    "Vampire":0.0,
    "Mouth Retracted / Puckered":0.29782089591026,
    "Jaw Retracted / Jutting":-0.33626401424408,
    "Mouth Drawn / Pursed":0.69999998807907,
    "Cheekbones Thin / Wide":0.08355700224638,
    "Nose Down / Up":0.31999999284744,
    "Jaw Neck Slope Low / High":-0.013566000387073,
    "Chin Thin / Wide":0.63199400901794,
    "Cheekbones Shallow / Pronounced":-0.46571800112724,
    "Nose Nostrils Small / Large":0.28000000119209,
    "Nose Flat / Pointed":0.41999998688698,
    "Face Thin / Wide":0.048548001796007,
    "Chin Backward / Forward":0.19668805599213,
    "Face Light / Heavy":0.50802302360535,
    "Mouth Small / Large":0.91188198328018,
    "Forehead Back / Forward":0.0071169999428093,
    "Jaw Thin / Wide":-0.36000001430511,
    "Brow Ridge Outer Down / Up":0.24874299764633,
    "Chin Small / Large":0.35511299967766
  },
  "Name":"BP_DAAzuraVampire04_C"
}