{
  "APIVersion":"v2",
  "SkinParametersMap":{
    "Tip Color":0.10000000149012,
    "Ombre Constrast":0.0,
    "Complexion":0.18000000715256,
    "Ombre Amount":0.0,
    "Khajiit Pattern Number":0.0,
    "Lipstick Amount":0.0,
    "Salt And Pepper":0.0,
    "Skin Dark/Light":0.0,
    "Root Redness":0.5,
    "Eye socket Bruised/Bright":0.77999997138977,
    "Freckles":1.0,
    "Eyeliner Light/Dark":-0.21999999880791,
    "Eyebrows Redness Intensity":0.30000001192093,
    "Eye Socket Dark/Light":0.81999999284744,
    "Eyebrows Color Intensity":0.51999998092651,
    "Root Color":0.10000000149012,
    "Cheek Blush Light/Red":0.079999998211861,
    "Eylids Light/Dark":0.63999998569489,
    "Skin Tint Orange/Blue":0.019999999552965,
    "Tip Redness":0.5,
    "Cheekbones Flushed/Pale":-0.21999999880791,
    "Eyelids Pale/Red":-0.14000000059605,
    "Skin Tint Purple/Yellow":-0.079999998211861
  },
  "Author":"Bethesda",
  "Race":"TESRace /Game/Forms/actors/race/DarkElf.DarkElf",
  "HairColorsL":{
    "1":{
      "R":0.16145800054073,
      "G":0.10424599796534,
      "B":0.061027999967337,
      "A":1.0
    },
    "2":{
      "R":0.16145800054073,
      "G":0.10424599796534,
      "B":0.061027999967337,
      "A":1.0
    },
    "0":{
      "R":0.703125,
      "G":0.34264698624611,
      "B":0.062256000936031,
      "A":1.0
    }
  },
  "Body":"SkeletalMesh /Game/Art/Character/Imperial/SK_Imperial_Body_m.SK_Imperial_Body_m",
  "Date":"2025-06-04 19:28:22",
  "ModCreator":"animandan",
  "SkinColorsMapL":{
    "Root DyeColor":{
      "R":1.0,
      "G":1.0,
      "B":1.0,
      "A":1.0
    },
    "Eyeliner Tone":{
      "R":1.0,
      "G":1.0,
      "B":1.0,
      "A":1.0
    },
    "Lipstick Color":{
      "R":1.0,
      "G":1.0,
      "B":1.0,
      "A":1.0
    },
    "Skin Tone":{
      "R":1.0,
      "G":1.0,
      "B":1.0,
      "A":1.0
    },
    "Tip DyeColor":{
      "R":1.0,
      "G":1.0,
      "B":1.0,
      "A":1.0
    }
  },
  "Beard":"/Game/Dev/Phenotypes/Beard/HP_New_ChinGoatee.HP_New_ChinGoatee",
  "Sex":0,
  "ModName":"RaceMenuUtilities",
  "ModVersion":"1.1.0",
  "Description":"saved from in-game",
  "FaceBaseMesh":"/Game/Art/Character/DarkElf/SK_DarkElf_Head_m.SK_DarkElf_Head_m",
  "FaceMorphValuesMap":{
    "Face Gaunt / Round":-0.10000000149012,
    "Nose Short / Long":0.03999999910593,
    "Nose Tilt Down / Up":0.0,
    "Mouth Sad / Happy":-0.21999999880791,
    "Mouth Retracted / Protruding":0.059999998658895,
    "Chin Short / Tall":-0.34000000357628,
    "Cheekbones Low / High":0.0,
    "Nose Nostrils Tilt Down / Up":0.31999999284744,
    "Mouth Deflated / Inflated":0.48000100255013,
    "Hair Length":0.0,
    "Nose Sellion Shallow / Deep":0.0,
    "Chin Shallow / Deep":0.0,
    "Jaw Concave / Convex":0.77999997138977,
    "Brow Ridge Low / High":0.47999900579453,
    "Chin Recessed / Pronounced":0.0,
    "Mouth Tilt Down / Up":0.18000000715256,
    "Nose Sellion Thin / Wide":0.50000101327896,
    "Cheeks Gaunt / Round":0.0,
    "Nose Sellion Lower Shallow / Deep":0.059999998658895,
    "Nose Sellion Down / Up":0.0,
    "Cheeks Concave / Convex":0.46000000834465,
    "Nose Region Concave / Convex":-0.11999999731779,
    "Eyes Inward / Outward":0.060001000761986,
    "Nose Nostrils Thin / Wide":-0.34000000357628,
    "Brow Ridge Inner Down / Up":-1.0,
    "Eyes Apart / Together":0.46000000834465,
    "Mouth Underbite / Overbite":0.059999998658895,
    "Chin Retracted / Jutting":0.0,
    "Brow / Nose / Chin Ratio":0.5799999833107,
    "Nose Bridge Short / Long":0.0,
    "Mouth Low / High":0.31999999284744,
    "Forehead Small / Large":0.0,
    "Nose Bridge Shallow / Deep":0.019999999552965,
    "Eyes Small / Large":-0.11999999731779,
    "Forehead / Sellion / Nose Ratio":0.37999999523163,
    "Mouth Chin Short / Long":-0.079999998211861,
    "Forehead Short / Tall":0.37999999523163,
    "Eyes Down / Up":-0.29999899864197,
    "Vampire":0.0,
    "Mouth Retracted / Puckered":0.18000000715256,
    "Jaw Retracted / Jutting":-0.02000099979341,
    "Mouth Drawn / Pursed":-0.65999901294708,
    "Cheekbones Thin / Wide":0.10000000149012,
    "Nose Down / Up":-0.15999999642372,
    "Jaw Neck Slope Low / High":-0.43999901413918,
    "Chin Thin / Wide":0.5,
    "Cheekbones Shallow / Pronounced":0.75999999046326,
    "Nose Nostrils Small / Large":0.16000099480152,
    "Nose Flat / Pointed":0.15999999642372,
    "Face Thin / Wide":0.23999999463558,
    "Chin Backward / Forward":0.0,
    "Face Light / Heavy":0.23999999463558,
    "Mouth Small / Large":0.0,
    "Forehead Back / Forward":0.0,
    "Jaw Thin / Wide":0.75999999046326,
    "Brow Ridge Outer Down / Up":-1.0,
    "Chin Small / Large":0.0
  },
  "Hair":"/Game/Dev/Phenotypes/Hair/HP_HighElf_HR_Pony.HP_HighElf_HR_Pony",
  "Mustache":"/Game/Dev/Phenotypes/Mustache/HP_DarkElf_MS_Scruffy.HP_DarkElf_MS_Scruffy",
  "SenescenceLevel":0,
  "Name":"BP_DABoethiaVoice_C"
}