{
  "APIVersion":"v2",
  "SkinParametersMap":{
    "Eye Socket Dark/Light":1.0,
    "Eyelids Pale/Red":-0.30000001192093,
    "Lipstick Amount":0.0,
    "Eyeliner Light/Dark":0.83999997377396,
    "Complexion":0.0,
    "Khajiit Pattern Number":1.0,
    "Hair Desaturation for Khajiit":0.0,
    "Eylids Light/Dark":-0.059999998658895,
    "Eye socket Bruised/Bright":0.0
  },
  "Author":"Bethesda",
  "Race":"TESRace /Game/Forms/actors/race/Khajiit.Khajiit",
  "HairColorsL":{
    "0":{
      "R":0.6875,
      "G":0.31708601117134,
      "B":0.09969300031662,
      "A":1.0
    }
  },
  "Body":"SkeletalMesh /Game/Art/Character/Imperial/SK_Imperial_Body_m.SK_Imperial_Body_m",
  "Date":"2025-06-04 19:28:20",
  "SkinColorsMapL":{
    "Color 3":{
      "R":1.0,
      "G":1.0,
      "B":1.0,
      "A":1.0
    },
    "Eyeliner Tone":{
      "R":1.0,
      "G":1.0,
      "B":1.0,
      "A":1.0
    },
    "Color 2":{
      "R":0.201556250453,
      "G":0.11697066575289,
      "B":0.11697066575289,
      "A":1.0
    },
    "Color 1":{
      "R":0.72305500507355,
      "G":0.34670400619507,
      "B":0.1384319961071,
      "A":1.0
    }
  },
  "ModCreator":"animandan",
  "Sex":0,
  "ModName":"RaceMenuUtilities",
  "EyeMaterial":"/Game/Art/Character/Modular/MIC_ME_Khajiit.MIC_ME_Khajiit",
  "ModVersion":"1.1.0",
  "FaceBaseMesh":"/Game/Art/Character/Khajiit/SK_Khajiit_Head_m.SK_Khajiit_Head_m",
  "Hair":"/Game/Dev/Phenotypes/Hair/HP_Khajiit_HR_Mane.HP_Khajiit_HR_Mane",
  "Description":"saved from in-game",
  "SenescenceLevel":4,
  "FaceMorphValuesMap":{
    "Face Gaunt / Round":-0.25999999046326,
    "Nose Short / Long":0.0,
    "Nose Tilt Down / Up":1.0,
    "Mouth Sad / Happy":0.46000000834465,
    "Mouth Retracted / Protruding":0.66000002622604,
    "Chin Short / Tall":-0.70000100135803,
    "Cheekbones Low / High":0.80000001192093,
    "Nose Nostrils Tilt Down / Up":-0.46000000834465,
    "Mouth Deflated / Inflated":0.9200000166893,
    "Hair Length":0.0,
    "Nose Sellion Shallow / Deep":-0.60000002384186,
    "Chin Shallow / Deep":0.23999999463558,
    "Jaw Concave / Convex":0.80000001192093,
    "Brow Ridge Low / High":-0.3199990093708,
    "Chin Recessed / Pronounced":0.20000000298023,
    "Mouth Tilt Down / Up":0.9200000166893,
    "Nose Sellion Thin / Wide":1.0,
    "Cheeks Gaunt / Round":0.019999999552965,
    "Nose Sellion Lower Shallow / Deep":0.0,
    "Nose Sellion Down / Up":0.80000001192093,
    "Cheeks Concave / Convex":-0.11999999731779,
    "Nose Region Concave / Convex":0.20000000298023,
    "Eyes Inward / Outward":0.80000001192093,
    "Nose Nostrils Thin / Wide":-0.30000001192093,
    "Brow Ridge Inner Down / Up":0.41999998688698,
    "Eyes Apart / Together":0.87999999523163,
    "Mouth Underbite / Overbite":0.80000001192093,
    "Chin Retracted / Jutting":0.75999999046326,
    "Brow / Nose / Chin Ratio":0.41999998688698,
    "Nose Bridge Short / Long":0.80000001192093,
    "Mouth Low / High":0.23999999463558,
    "Forehead Small / Large":0.80000001192093,
    "Nose Bridge Shallow / Deep":0.80000001192093,
    "Eyes Small / Large":-0.11999999731779,
    "Forehead / Sellion / Nose Ratio":0.80000001192093,
    "Mouth Chin Short / Long":0.80000001192093,
    "Forehead Short / Tall":0.80000001192093,
    "Eyes Down / Up":0.23999999463558,
    "Vampire":0.0,
    "Mouth Retracted / Puckered":0.41999998688698,
    "Jaw Retracted / Jutting":0.059999998658895,
    "Mouth Drawn / Pursed":0.23999999463558,
    "Cheekbones Thin / Wide":-0.69999998807907,
    "Nose Down / Up":-0.93999999761581,
    "Jaw Neck Slope Low / High":-0.079998999834061,
    "Chin Thin / Wide":0.31999999284744,
    "Cheekbones Shallow / Pronounced":0.65999901294708,
    "Nose Nostrils Small / Large":0.69999998807907,
    "Nose Flat / Pointed":0.77999997138977,
    "Face Thin / Wide":-0.21999999880791,
    "Chin Backward / Forward":1.0,
    "Face Light / Heavy":-0.66000002622604,
    "Mouth Small / Large":0.30000001192093,
    "Forehead Back / Forward":0.80000001192093,
    "Jaw Thin / Wide":-0.7599989771843,
    "Brow Ridge Outer Down / Up":0.3199990093708,
    "Chin Small / Large":-0.23999999463558
  },
  "Name":"BP_DABoethiaChosen06_C"
}