{
  "APIVersion":"v2",
  "SkinParametersMap":{
    "Tip Color":0.34456899762154,
    "Ombre Constrast":0.0,
    "Complexion":0.18000000715256,
    "Ombre Amount":0.0,
    "Lipstick Amount":0.029999999329448,
    "Salt And Pepper":0.51999998092651,
    "Skin Dark/Light":-0.21999999880791,
    "Root Redness":1.0,
    "Eye socket Bruised/Bright":-0.019999999552965,
    "Freckles":0.24000099301338,
    "Eyeliner Light/Dark":0.46000000834465,
    "Eyebrows Redness Intensity":-1.0,
    "Eye Socket Dark/Light":0.14000000059605,
    "Eyebrows Color Intensity":0.5,
    "Root Color":1.0,
    "Cheek Blush Light/Red":0.23999999463558,
    "Eylids Light/Dark":-0.81999897956848,
    "Skin Tint Orange/Blue":-0.25999999046326,
    "Tip Redness":1.0,
    "Cheekbones Flushed/Pale":0.040001001209021,
    "Eyelids Pale/Red":-0.079998999834061,
    "Skin Tint Purple/Yellow":-0.019999999552965
  },
  "Author":"Bethesda",
  "Race":"TESRace /Game/Forms/actors/race/DarkElf.DarkElf",
  "HairColorsL":{
    "0":{
      "R":0.021219009533525,
      "G":0.01032982300967,
      "B":0.0060488330200315,
      "A":1.0
    }
  },
  "Body":"SkeletalMesh /Game/Art/Character/Imperial/SK_Imperial_Body_m.SK_Imperial_Body_m",
  "Date":"2025-06-04 19:28:21",
  "SkinColorsMapL":{
    "Root DyeColor":{
      "R":1.0,
      "G":1.0,
      "B":1.0,
      "A":1.0
    },
    "Eyeliner Tone":{
      "R":1.0,
      "G":1.0,
      "B":1.0,
      "A":1.0
    },
    "Lipstick Color":{
      "R":0.47916701436043,
      "G":0.0,
      "B":0.0,
      "A":1.0
    },
    "Skin Tone":{
      "R":1.0,
      "G":0.89461702108383,
      "B":0.88541698455811,
      "A":1.0
    },
    "Tip DyeColor":{
      "R":1.0,
      "G":1.0,
      "B":1.0,
      "A":1.0
    }
  },
  "ModCreator":"animandan",
  "Sex":0,
  "ModName":"RaceMenuUtilities",
  "EyeMaterial":"/Game/Art/Character/Modular/MIC_ME_DarkElf.MIC_ME_DarkElf",
  "ModVersion":"1.1.0",
  "FaceBaseMesh":"/Game/Art/Character/DarkElf/SK_DarkElf_Head_m.SK_DarkElf_Head_m",
  "Hair":"/Game/Dev/Phenotypes/Hair/HP_DarkElf_HR_Mane.HP_DarkElf_HR_Mane",
  "Description":"saved from in-game",
  "SenescenceLevel":0,
  "FaceMorphValuesMap":{
    "Face Gaunt / Round":-0.059999998658895,
    "Nose Short / Long":0.0,
    "Nose Tilt Down / Up":0.0,
    "Mouth Sad / Happy":0.80000001192093,
    "Mouth Retracted / Protruding":0.0,
    "Chin Short / Tall":-0.46000000834465,
    "Cheekbones Low / High":-0.3199990093708,
    "Nose Nostrils Tilt Down / Up":0.0,
    "Mouth Deflated / Inflated":0.15999899804592,
    "Hair Length":0.0,
    "Nose Sellion Shallow / Deep":-0.11999999731779,
    "Chin Shallow / Deep":0.0,
    "Jaw Concave / Convex":0.68000000715256,
    "Brow Ridge Low / High":0.4000009894371,
    "Chin Recessed / Pronounced":0.0,
    "Mouth Tilt Down / Up":0.0,
    "Nose Sellion Thin / Wide":-0.10000000149012,
    "Cheeks Gaunt / Round":0.36000001430511,
    "Nose Sellion Lower Shallow / Deep":0.0,
    "Nose Sellion Down / Up":0.0,
    "Cheeks Concave / Convex":0.28000000119209,
    "Nose Region Concave / Convex":0.0,
    "Eyes Inward / Outward":-0.43999901413918,
    "Nose Nostrils Thin / Wide":-0.65999901294708,
    "Brow Ridge Inner Down / Up":-0.5799999833107,
    "Eyes Apart / Together":0.77999997138977,
    "Mouth Underbite / Overbite":0.0,
    "Chin Retracted / Jutting":0.0,
    "Brow / Nose / Chin Ratio":0.0,
    "Nose Bridge Short / Long":0.0,
    "Mouth Low / High":-0.34000000357628,
    "Forehead Small / Large":0.43999999761581,
    "Nose Bridge Shallow / Deep":0.0,
    "Eyes Small / Large":0.9200000166893,
    "Forehead / Sellion / Nose Ratio":0.0,
    "Mouth Chin Short / Long":0.0,
    "Forehead Short / Tall":0.56000000238419,
    "Eyes Down / Up":0.019999999552965,
    "Vampire":0.0,
    "Mouth Retracted / Puckered":0.0,
    "Jaw Retracted / Jutting":0.0,
    "Mouth Drawn / Pursed":-0.41999998688698,
    "Cheekbones Thin / Wide":-0.28000000119209,
    "Nose Down / Up":-0.93999898433685,
    "Jaw Neck Slope Low / High":-0.21999900043011,
    "Chin Thin / Wide":0.46000000834465,
    "Cheekbones Shallow / Pronounced":0.0,
    "Nose Nostrils Small / Large":-0.36000001430511,
    "Nose Flat / Pointed":0.0,
    "Face Thin / Wide":-0.25999999046326,
    "Chin Backward / Forward":0.10000000149012,
    "Face Light / Heavy":0.0,
    "Mouth Small / Large":-0.95999997854233,
    "Forehead Back / Forward":-0.15999999642372,
    "Jaw Thin / Wide":-0.15999999642372,
    "Brow Ridge Outer Down / Up":0.28000000119209,
    "Chin Small / Large":0.0
  },
  "Name":"BP_DABoethiaChosen03_C"
}