{
  "Race":"TESRace /Game/Forms/actors/race/WoodElf.WoodElf",
  "FaceBaseMesh":"/Game/Art/Character/WoodElf/SK_WoodElf_Head_f.SK_WoodElf_Head_f",
  "Date":"2025-06-04 18:53:12",
  "HairColorsL":{
    "0":{
      "B":0.16826939582825,
      "G":0.29177063703537,
      "R":0.44520118832588,
      "A":1.0
    }
  },
  "SkinParametersMap":{
    "Cheekbones Flushed/Pale":0.0,
    "Eyelids Pale/Red":0.0,
    "Freckles":0.0,
    "Eyebrows Redness Intensity":0.0,
    "Lipstick Amount":0.25468099117279,
    "Ombre Amount":0.0,
    "Root Color":1.0,
    "Cheek Blush Light/Red":0.76404500007629,
    "Root Redness":0.0,
    "Tip Color":0.086142003536224,
    "Eye socket Bruised/Bright":0.0,
    "Complexion":0.0,
    "Salt And Pepper":0.59925097227097,
    "Eyebrows Color Intensity":0.7790259718895,
    "Tip Redness":0.0,
    "Ombre Constrast":0.0
  },
  "Sex":1,
  "FaceMorphValuesMap":{
    "Hair Length":0.0,
    "Vampire":0.0,
    "Nose Sellion Down / Up":0.01855487935245,
    "Forehead Back / Forward":0.30392462015152,
    "Mouth Deflated / Inflated":-0.40266600251198,
    "Chin Backward / Forward":-0.34719195961952,
    "Eyes Apart / Together":0.81999999284744,
    "Nose Tilt Down / Up":0.0,
    "Mouth Sad / Happy":0.77999997138977,
    "Brow Ridge Outer Down / Up":-0.44999998807907,
    "Nose Sellion Thin / Wide":0.0,
    "Nose Short / Long":0.0,
    "Nose Sellion Shallow / Deep":0.0,
    "Brow / Nose / Chin Ratio":-0.50415700674057,
    "Chin Small / Large":-0.18778865039349,
    "Nose Flat / Pointed":-0.092197932302952,
    "Jaw Thin / Wide":-0.12223649024963,
    "Nose Nostrils Tilt Down / Up":-0.060186892747879,
    "Eyes Inward / Outward":0.040197182446718,
    "Cheekbones Shallow / Pronounced":0.50363302230835,
    "Nose Nostrils Thin / Wide":-0.0806490406394,
    "Chin Shallow / Deep":0.41803732514381,
    "Nose Down / Up":-0.23532851040363,
    "Nose Bridge Short / Long":0.17930060625076,
    "Mouth Tilt Down / Up":-0.58466798067093,
    "Chin Thin / Wide":0.20384693145752,
    "Face Light / Heavy":0.39910298585892,
    "Mouth Chin Short / Long":-0.24977985024452,
    "Jaw Concave / Convex":0.63294911384583,
    "Brow Ridge Low / High":0.49000000953674,
    "Chin Recessed / Pronounced":-0.011863517574966,
    "Cheeks Gaunt / Round":0.044673897325993,
    "Face Thin / Wide":0.05331864580512,
    "Eyes Down / Up":-0.17903982102871,
    "Jaw Retracted / Jutting":-0.19680623710155,
    "Chin Short / Tall":0.12236509472132,
    "Jaw Neck Slope Low / High":-0.03857558965683,
    "Nose Bridge Shallow / Deep":-0.03112449683249,
    "Mouth Retracted / Protruding":-0.028127884492278,
    "Cheekbones Thin / Wide":-0.1589636951685,
    "Mouth Low / High":0.24406723678112,
    "Mouth Retracted / Puckered":-0.2612738609314,
    "Mouth Small / Large":0.72574299573898,
    "Forehead Short / Tall":-1.0,
    "Nose Nostrils Small / Large":-0.069555900990963,
    "Chin Retracted / Jutting":0.2752985060215,
    "Forehead Small / Large":-1.0,
    "Cheekbones Low / High":0.29610601067543,
    "Eyes Small / Large":0.89999997615814,
    "Cheeks Concave / Convex":-0.37522158026695,
    "Brow Ridge Inner Down / Up":-0.14337900280952,
    "Nose Sellion Lower Shallow / Deep":0.0,
    "Face Gaunt / Round":-0.029071485623717,
    "Mouth Underbite / Overbite":0.11683969944715,
    "Nose Region Concave / Convex":-0.013944745063782,
    "Forehead / Sellion / Nose Ratio":0.1194209381938,
    "Mouth Drawn / Pursed":0.66000002622604
  },
  "Author":"Bethesda",
  "SkinColorsMapL":{
    "Lipstick Color":{
      "B":0.079256996512413,
      "G":0.0,
      "R":0.16666699945927,
      "A":1.0
    },
    "Tip DyeColor":{
      "B":1.0,
      "G":1.0,
      "R":1.0,
      "A":1.0
    },
    "Root DyeColor":{
      "B":1.0,
      "G":1.0,
      "R":1.0,
      "A":1.0
    },
    "Eyeliner Tone":{
      "B":0.75,
      "G":0.64453101158142,
      "R":0.75,
      "A":1.0
    },
    "Skin Tone":{
      "B":1.0,
      "G":1.0,
      "R":1.0,
      "A":1.0
    }
  },
  "ModVersion":"1.1.0",
  "EyeMaterial":"/Game/Art/Character/Modular/Eyes_WoodElf/MIC_WoodElf_Eyes_Brown.MIC_WoodElf_Eyes_Brown",
  "Body":"SkeletalMesh /Game/Art/Character/Imperial/SK_Imperial_Body_m.SK_Imperial_Body_m",
  "Description":"saved from in-game",
  "SenescenceLevel":6,
  "APIVersion":"v2",
  "ModCreator":"animandan",
  "ModName":"RaceMenuUtilities",
  "Hair":"/Game/Dev/Phenotypes/Hair/HP_HighElf_HR_Cone.HP_HighElf_HR_Cone",
  "Name":"BP_Dagail_C"
}