{
  "ModName":"RaceMenuUtilities",
  "FaceBaseMesh":"/Game/Art/Character/Imperial/SK_Imperial_Head_F.SK_Imperial_Head_F",
  "Author":"Bethesda",
  "Date":"2025-06-04 20:30:55",
  "SkinColorsMapL":{
    "Lipstick Color":{
      "A":1.0,
      "B":1.0,
      "G":1.0,
      "R":1.0
    },
    "Eyeliner Tone":{
      "A":1.0,
      "B":0.40104201436043,
      "G":0.40104201436043,
      "R":0.40104201436043
    },
    "Root DyeColor":{
      "A":1.0,
      "B":1.0,
      "G":1.0,
      "R":1.0
    },
    "Tip DyeColor":{
      "A":1.0,
      "B":0.0,
      "G":0.048771999776363,
      "R":0.17464700341225
    },
    "Skin Tone":{
      "A":1.0,
      "B":0.79166698455811,
      "G":1.0,
      "R":0.87010502815247
    }
  },
  "APIVersion":"v2",
  "FaceMorphValuesMap":{
    "Eyes Small / Large":0.11107199639082,
    "Jaw Thin / Wide":0.28000000119209,
    "Brow Ridge Low / High":-0.49347600340843,
    "Chin Retracted / Jutting":0.35401344299316,
    "Face Thin / Wide":-0.31999999284744,
    "Hair Length":0.0,
    "Chin Backward / Forward":0.18558952212334,
    "Vampire":0.0,
    "Mouth Underbite / Overbite":0.02173682115972,
    "Eyes Inward / Outward":0.13920299708843,
    "Mouth Sad / Happy":-0.34036299586296,
    "Jaw Retracted / Jutting":-0.51649397611618,
    "Nose Flat / Pointed":0.17048600316048,
    "Chin Recessed / Pronounced":0.26700401306152,
    "Cheeks Gaunt / Round":-0.17526860535145,
    "Forehead Back / Forward":-0.16295599937439,
    "Nose Sellion Down / Up":0.15326941013336,
    "Mouth Deflated / Inflated":-0.039955999702215,
    "Mouth Small / Large":0.067666999995708,
    "Nose Tilt Down / Up":0.0,
    "Nose Short / Long":0.56000000238419,
    "Mouth Drawn / Pursed":0.4067479968071,
    "Chin Short / Tall":0.12982599437237,
    "Nose Sellion Thin / Wide":0.03999999910593,
    "Jaw Neck Slope Low / High":0.049575842916965,
    "Cheekbones Shallow / Pronounced":0.0,
    "Nose Sellion Shallow / Deep":-0.62000000476837,
    "Mouth Tilt Down / Up":-0.32575398683548,
    "Brow / Nose / Chin Ratio":-0.52770102024078,
    "Brow Ridge Outer Down / Up":-0.5,
    "Chin Small / Large":0.547807097435,
    "Mouth Retracted / Puckered":-0.0611920543015,
    "Chin Thin / Wide":-0.30803498625755,
    "Nose Nostrils Tilt Down / Up":0.044433057308197,
    "Face Gaunt / Round":0.0,
    "Cheekbones Thin / Wide":0.30369099974632,
    "Forehead / Sellion / Nose Ratio":-0.11462481319904,
    "Cheekbones Low / High":0.42406859993935,
    "Nose Bridge Short / Long":-0.29132330417633,
    "Forehead Short / Tall":0.39777201414108,
    "Nose Bridge Shallow / Deep":0.25114327669144,
    "Mouth Chin Short / Long":-0.0080518694594502,
    "Face Light / Heavy":0.0,
    "Nose Region Concave / Convex":0.096834890544415,
    "Mouth Retracted / Protruding":0.30763730406761,
    "Cheeks Concave / Convex":-0.25684985518456,
    "Nose Nostrils Small / Large":0.39649900794029,
    "Jaw Concave / Convex":0.0090969996526837,
    "Nose Down / Up":-0.83999997377396,
    "Mouth Low / High":-0.37027901411057,
    "Eyes Down / Up":0.043694999068975,
    "Chin Shallow / Deep":0.13600313663483,
    "Eyes Apart / Together":0.32525300979614,
    "Brow Ridge Inner Down / Up":-0.37999999523163,
    "Nose Sellion Lower Shallow / Deep":0.23999999463558,
    "Nose Nostrils Thin / Wide":0.34383898973465,
    "Forehead Small / Large":0.54710000753403
  },
  "EyeMaterial":"/Game/Art/Character/Modular/Eyes_Human/MIC_Human_Eyes_Brown2.MIC_Human_Eyes_Brown2",
  "HairColorsL":{
    "0":{
      "A":1.0,
      "B":0.068478167057037,
      "G":0.14702726900578,
      "R":0.2501582801342
    }
  },
  "SkinParametersMap":{
    "Eylids Light/Dark":0.0,
    "Ombre Amount":1.0,
    "Complexion":0.41999998688698,
    "Lipstick Dark Red/Light Blue":0.0,
    "Eyeshadow Light/Dark":0.0,
    "Root Color":0.014980999752879,
    "Skin Tint Orange/Blue":0.0,
    "Eyelids Light/Dark":0.0,
    "Naso Small/Large":0.0,
    "Tip Redness":1.0,
    "Skin Tint Purple/Yellow":0.14000000059605,
    "Lipstick Amount":0.0,
    "Cheek Blush Light/Red":0.66000002622604,
    "Root Redness":1.0,
    "Lips Flushed/Pale":0.0,
    "Ombre Constrast":1.0,
    "Tip Color":0.48996299505234,
    "Eye Sockets Bruised/Bright":0.0,
    "Freckles":0.0,
    "Cheekbones Flushed/Pale":0.77999997138977,
    "Eyebrows Color Intensity":0.0,
    "Naso Labial Lines Light/Dark":0.0,
    "Lipstick Dark Blue/Light Red":0.019999999552965,
    "Eye Socket Dark/Light":0.0,
    "Eye socket Bruised/Bright":0.0,
    "Salt And Pepper":0.0,
    "Eyebrows Redness Intensity":0.0,
    "Eyeliner Light/Dark":0.0,
    "Age":0.0,
    "Skin Dark/Light":0.0,
    "Eyelids Pale/Red":0.40000000596046,
    "Eye Sockets Dark/Light":0.0
  },
  "SenescenceLevel":0,
  "Sex":1,
  "Description":"saved from in-game",
  "ModCreator":"animandan",
  "ModVersion":"1.1.0",
  "Hair":"/Game/Dev/Phenotypes/Hair/HP_Human_HR_Fringes.HP_Human_HR_Fringes",
  "Name":"BP_DANamiraForgotten1a_C",
  "Race":"TESRace /Game/Forms/actors/race/Imperial.Imperial",
  "Body":"SkeletalMesh /Game/Art/Character/Imperial/SK_Imperial_Body_m.SK_Imperial_Body_m"
}