{
  "Sex":0,
  "HairColorsL":{
    "0":{
      "A":1.0,
      "R":0.22395800054073,
      "G":0.1452250033617,
      "B":0.08398400247097
    }
  },
  "EyeMaterial":"/Game/Art/Character/Modular/Eyes_Human/MIC_Human_Eyes_Brown2.MIC_Human_Eyes_Brown2",
  "Author":"Bethesda",
  "Date":"2025-06-04 19:38:02",
  "Description":"saved from in-game",
  "Name":"BP_DANamiraPriest4_C",
  "ModCreator":"animandan",
  "ModName":"RaceMenuUtilities",
  "FaceBaseMesh":"/Game/Art/Character/Imperial/SK_Imperial_Head_m.SK_Imperial_Head_m",
  "ModVersion":"1.1.0",
  "Body":"SkeletalMesh /Game/Art/Character/Imperial/SK_Imperial_Body_m.SK_Imperial_Body_m",
  "FaceMorphValuesMap":{
    "Nose Nostrils Thin / Wide":-0.015840999782085,
    "Forehead / Sellion / Nose Ratio":0.41154900193214,
    "Cheekbones Thin / Wide":0.51315301656723,
    "Forehead Small / Large":0.59400600194931,
    "Chin Recessed / Pronounced":-0.26577800512314,
    "Brow / Nose / Chin Ratio":-0.22293099761009,
    "Jaw Thin / Wide":-0.29389500617981,
    "Cheeks Gaunt / Round":0.044563807547092,
    "Chin Backward / Forward":0.1186952739954,
    "Chin Thin / Wide":0.029528999701142,
    "Forehead Short / Tall":0.017899999395013,
    "Face Thin / Wide":0.0,
    "Brow Ridge Inner Down / Up":0.061808999627829,
    "Mouth Underbite / Overbite":0.0,
    "Mouth Low / High":0.0,
    "Vampire":0.0,
    "Face Gaunt / Round":-0.14443182945251,
    "Eyes Small / Large":-0.91455900669098,
    "Mouth Drawn / Pursed":0.0,
    "Chin Retracted / Jutting":0.2099807113409,
    "Nose Tilt Down / Up":0.0,
    "Mouth Small / Large":0.36000001430511,
    "Nose Short / Long":0.0,
    "Nose Bridge Shallow / Deep":-0.28441700339317,
    "Nose Sellion Thin / Wide":0.36000001430511,
    "Mouth Retracted / Protruding":0.0,
    "Nose Sellion Shallow / Deep":0.0,
    "Jaw Retracted / Jutting":-0.31288400292397,
    "Nose Sellion Down / Up":-0.080744378268719,
    "Eyes Inward / Outward":0.44281426072121,
    "Nose Region Concave / Convex":0.077242001891136,
    "Brow Ridge Outer Down / Up":0.43999999761581,
    "Nose Nostrils Small / Large":-0.054108999669552,
    "Eyes Apart / Together":0.84438002109528,
    "Nose Nostrils Tilt Down / Up":-0.011423000134528,
    "Nose Flat / Pointed":0.39739665389061,
    "Mouth Tilt Down / Up":0.0,
    "Jaw Concave / Convex":0.31999999284744,
    "Mouth Sad / Happy":0.0,
    "Cheekbones Shallow / Pronounced":0.31345799565315,
    "Face Light / Heavy":0.35577499866486,
    "Nose Down / Up":0.35806956887245,
    "Chin Short / Tall":-0.41399300098419,
    "Eyes Down / Up":-0.089817002415657,
    "Cheeks Concave / Convex":0.56120097637177,
    "Nose Bridge Short / Long":0.29558199644089,
    "Mouth Chin Short / Long":0.0,
    "Nose Sellion Lower Shallow / Deep":0.0,
    "Mouth Retracted / Puckered":0.0,
    "Hair Length":0.0,
    "Mouth Deflated / Inflated":0.0,
    "Chin Shallow / Deep":-0.080807738006115,
    "Jaw Neck Slope Low / High":-0.46000000834465,
    "Brow Ridge Low / High":-0.32058799266815,
    "Cheekbones Low / High":-0.020142966881394,
    "Forehead Back / Forward":0.30586099624634,
    "Chin Small / Large":0.079389996826649
  },
  "Hair":"/Game/Dev/Phenotypes/Hair/HP_HR_Cropped.HP_HR_Cropped",
  "SenescenceLevel":1,
  "APIVersion":"v2",
  "SkinParametersMap":{
    "Complexion":0.0,
    "Eye Sockets Bruised/Bright":0.0,
    "Ombre Constrast":1.0,
    "Skin Tint Purple/Yellow":0.0,
    "Eye Sockets Dark/Light":0.0,
    "Root Redness":0.5,
    "Naso Small/Large":0.0,
    "Ombre Amount":1.0,
    "Eyebrows Redness Intensity":0.0,
    "Root Color":0.10000000149012,
    "Age":0.0,
    "Lipstick Dark Blue/Light Red":0.0,
    "Lipstick Dark Red/Light Blue":0.0,
    "Eye socket Bruised/Bright":0.0,
    "Freckles":0.0,
    "Eylids Light/Dark":0.0,
    "Eye Socket Dark/Light":0.0,
    "Cheek Blush Light/Red":0.0,
    "Eyebrows Color Intensity":0.5,
    "Cheekbones Flushed/Pale":0.0,
    "Lipstick Amount":0.0,
    "Skin Tint Orange/Blue":-0.15999999642372,
    "Eyelids Light/Dark":0.0,
    "Naso Labial Lines Light/Dark":0.0,
    "Tip Redness":0.5,
    "Eyeshadow Light/Dark":0.0,
    "Eyelids Pale/Red":0.0,
    "Tip Color":0.31999999284744,
    "Lips Flushed/Pale":0.0,
    "Eyeliner Light/Dark":0.0,
    "Salt And Pepper":0.0,
    "Skin Dark/Light":0.0
  },
  "Race":"TESRace /Game/Forms/actors/race/Imperial.Imperial",
  "SkinColorsMapL":{
    "Root DyeColor":{
      "A":1.0,
      "R":1.0,
      "G":1.0,
      "B":1.0
    },
    "Eyeliner Tone":{
      "A":1.0,
      "R":1.0,
      "G":1.0,
      "B":1.0
    },
    "Tip DyeColor":{
      "A":1.0,
      "R":0.46207699179649,
      "G":0.13843160867691,
      "B":0.027320891618729
    },
    "Skin Tone":{
      "A":1.0,
      "R":1.0,
      "G":1.0,
      "B":1.0
    },
    "Lipstick Color":{
      "A":1.0,
      "R":1.0,
      "G":1.0,
      "B":1.0
    }
  }
}