{
  "ModName":"RaceMenuUtilities",
  "FaceBaseMesh":"/Game/Art/Character/Breton/SK_Breton_Head_m.SK_Breton_Head_m",
  "Author":"Bethesda",
  "Date":"2025-06-04 20:30:56",
  "SkinColorsMapL":{
    "Lipstick Color":{
      "A":1.0,
      "B":1.0,
      "G":1.0,
      "R":1.0
    },
    "Eyeliner Tone":{
      "A":1.0,
      "B":1.0,
      "G":1.0,
      "R":1.0
    },
    "Root DyeColor":{
      "A":1.0,
      "B":1.0,
      "G":1.0,
      "R":1.0
    },
    "Tip DyeColor":{
      "A":1.0,
      "B":1.0,
      "G":1.0,
      "R":1.0
    },
    "Skin Tone":{
      "A":1.0,
      "B":1.0,
      "G":1.0,
      "R":1.0
    }
  },
  "Name":"BP_DANamiraForgotten4b_C",
  "FaceMorphValuesMap":{
    "Eyes Small / Large":0.38163110613823,
    "Jaw Thin / Wide":0.24790400266647,
    "Brow Ridge Low / High":-0.28927597403526,
    "Chin Retracted / Jutting":-0.071368001401424,
    "Face Thin / Wide":0.055997181683779,
    "Hair Length":0.0,
    "Chin Backward / Forward":-0.26187154650688,
    "Vampire":0.0,
    "Mouth Underbite / Overbite":0.47612100839615,
    "Eyes Inward / Outward":0.1057141199708,
    "Mouth Sad / Happy":-0.21018600463867,
    "Jaw Retracted / Jutting":-0.6219145655632,
    "Nose Flat / Pointed":-0.15399825572968,
    "Chin Recessed / Pronounced":0.49754977226257,
    "Cheeks Gaunt / Round":0.06990697234869,
    "Forehead Back / Forward":-0.28834149241447,
    "Nose Sellion Down / Up":0.41986000537872,
    "Mouth Deflated / Inflated":-0.22622300684452,
    "Mouth Small / Large":0.31999999284744,
    "Nose Tilt Down / Up":0.0,
    "Nose Short / Long":0.0,
    "Mouth Drawn / Pursed":-0.055698610842228,
    "Chin Short / Tall":-0.090528339147568,
    "Nose Sellion Thin / Wide":0.0,
    "Jaw Neck Slope Low / High":-0.043150175362825,
    "Cheekbones Shallow / Pronounced":0.2506890296936,
    "Nose Sellion Shallow / Deep":0.0,
    "Mouth Tilt Down / Up":-0.15386243164539,
    "Brow / Nose / Chin Ratio":-0.17454294860363,
    "Brow Ridge Outer Down / Up":0.032959867268801,
    "Chin Small / Large":0.64121323823929,
    "Mouth Retracted / Puckered":-0.39269244670868,
    "Chin Thin / Wide":-0.19133651256561,
    "Nose Nostrils Tilt Down / Up":-0.14555786550045,
    "Face Gaunt / Round":0.11776526272297,
    "Cheekbones Thin / Wide":-0.031617000699043,
    "Forehead / Sellion / Nose Ratio":0.31368461251259,
    "Cheekbones Low / High":0.17658816277981,
    "Nose Bridge Short / Long":-0.45040017366409,
    "Forehead Short / Tall":0.66129356622696,
    "Nose Bridge Shallow / Deep":-0.0075243473984301,
    "Mouth Chin Short / Long":-0.11150591820478,
    "Face Light / Heavy":0.074406899511814,
    "Nose Region Concave / Convex":0.056924000382423,
    "Mouth Retracted / Protruding":-0.1953993588686,
    "Cheeks Concave / Convex":-0.061330992728472,
    "Nose Nostrils Small / Large":0.0,
    "Jaw Concave / Convex":-0.15036751329899,
    "Nose Down / Up":-0.59021180868149,
    "Mouth Low / High":-0.27364701032639,
    "Eyes Down / Up":0.0063305976800621,
    "Chin Shallow / Deep":0.2761105298996,
    "Eyes Apart / Together":-0.12807770073414,
    "Brow Ridge Inner Down / Up":0.1349470615387,
    "Nose Sellion Lower Shallow / Deep":0.0,
    "Nose Nostrils Thin / Wide":0.28234651684761,
    "Forehead Small / Large":0.054522760212421
  },
  "EyeMaterial":"/Game/Art/Character/Modular/Eyes_Human/MIC_Human_Eyes_Blue1.MIC_Human_Eyes_Blue1",
  "HairColorsL":{
    "1":{
      "A":1.0,
      "B":0.08398400247097,
      "G":0.1452250033617,
      "R":0.22395800054073
    },
    "2":{
      "A":1.0,
      "B":0.08398400247097,
      "G":0.1452250033617,
      "R":0.22395800054073
    },
    "0":{
      "A":1.0,
      "B":0.08398400247097,
      "G":0.1452250033617,
      "R":0.22395800054073
    }
  },
  "SkinParametersMap":{
    "Complexion":0.0,
    "Freckles":0.0,
    "Ombre Amount":1.0,
    "Root Redness":0.0,
    "Cheek Blush Light/Red":0.0,
    "Ombre Constrast":0.0,
    "Tip Color":0.074905999004841,
    "Eye socket Bruised/Bright":0.0,
    "Eyebrows Color Intensity":0.82022500038147,
    "Tip Redness":0.0,
    "Salt And Pepper":0.0,
    "Eyebrows Redness Intensity":0.0,
    "Khajiit Pattern Number":0.0,
    "Root Color":0.0,
    "Cheekbones Flushed/Pale":0.0,
    "Eyelids Pale/Red":0.0,
    "Lipstick Amount":0.0
  },
  "Mustache":"/Game/Dev/Phenotypes/Mustache/HP_Breton_MS_Scruffy.HP_Breton_MS_Scruffy",
  "SenescenceLevel":1,
  "Sex":0,
  "Description":"saved from in-game",
  "Beard":"/Game/Dev/Phenotypes/Beard/HP_New_LongFullBeard.HP_New_LongFullBeard",
  "ModCreator":"animandan",
  "ModVersion":"1.1.0",
  "APIVersion":"v2",
  "Hair":"/Game/Dev/Phenotypes/Hair/HP_Breton_HR_Tonsure.HP_Breton_HR_Tonsure",
  "Race":"TESRace /Game/Forms/actors/race/Breton.Breton",
  "Body":"SkeletalMesh /Game/Art/Character/Imperial/SK_Imperial_Body_m.SK_Imperial_Body_m"
}