{
  "Sex":0,
  "HairColorsL":{
    "1":{
      "A":1.0,
      "R":0.16145800054073,
      "G":0.10424599796534,
      "B":0.061027999967337
    },
    "2":{
      "A":1.0,
      "R":0.16145800054073,
      "G":0.10424599796534,
      "B":0.061027999967337
    },
    "0":{
      "A":1.0,
      "R":0.22395800054073,
      "G":0.1452250033617,
      "B":0.08398400247097
    }
  },
  "EyeMaterial":"/Game/Art/Character/Modular/Eyes_Human/MIC_Human_Eyes_Brown2.MIC_Human_Eyes_Brown2",
  "SkinColorsMapL":{
    "Root DyeColor":{
      "A":1.0,
      "R":1.0,
      "G":1.0,
      "B":1.0
    },
    "Eyeliner Tone":{
      "A":1.0,
      "R":1.0,
      "G":1.0,
      "B":1.0
    },
    "Tip DyeColor":{
      "A":1.0,
      "R":1.0,
      "G":1.0,
      "B":1.0
    },
    "Skin Tone":{
      "A":1.0,
      "R":1.0,
      "G":1.0,
      "B":1.0
    },
    "Lipstick Color":{
      "A":1.0,
      "R":1.0,
      "G":1.0,
      "B":1.0
    }
  },
  "Date":"2025-06-04 19:38:00",
  "Description":"saved from in-game",
  "Name":"BP_DANamiraPriest2_C",
  "ModCreator":"animandan",
  "ModName":"RaceMenuUtilities",
  "ModVersion":"1.1.0",
  "Mustache":"/Game/Dev/Phenotypes/Mustache/HP_Imperial_MS_Medium.HP_Imperial_MS_Medium",
  "Author":"Bethesda",
  "APIVersion":"v2",
  "Body":"SkeletalMesh /Game/Art/Character/Imperial/SK_Imperial_Body_m.SK_Imperial_Body_m",
  "FaceMorphValuesMap":{
    "Nose Nostrils Thin / Wide":0.0,
    "Forehead / Sellion / Nose Ratio":0.20918564498425,
    "Cheekbones Thin / Wide":0.41999998688698,
    "Forehead Small / Large":-0.10645700246096,
    "Chin Recessed / Pronounced":-0.088277466595173,
    "Brow / Nose / Chin Ratio":0.27781596779823,
    "Jaw Thin / Wide":-0.21999999880791,
    "Cheeks Gaunt / Round":0.31623101234436,
    "Chin Backward / Forward":0.011477109976113,
    "Chin Thin / Wide":0.46000000834465,
    "Forehead Short / Tall":0.17488534748554,
    "Face Thin / Wide":-0.44427001476288,
    "Brow Ridge Inner Down / Up":-0.48109000921249,
    "Mouth Underbite / Overbite":0.0,
    "Mouth Low / High":-0.36000001430511,
    "Vampire":0.0,
    "Face Gaunt / Round":-0.011637543328106,
    "Eyes Small / Large":0.51999998092651,
    "Mouth Drawn / Pursed":0.0,
    "Chin Retracted / Jutting":-0.37980341911316,
    "Nose Tilt Down / Up":0.0,
    "Mouth Small / Large":0.0,
    "Nose Short / Long":0.0,
    "Nose Bridge Shallow / Deep":0.0,
    "Nose Sellion Thin / Wide":0.0,
    "Mouth Retracted / Protruding":-0.55999898910522,
    "Nose Sellion Shallow / Deep":-0.23999999463558,
    "Jaw Retracted / Jutting":0.088367998600006,
    "Nose Sellion Down / Up":0.0,
    "Eyes Inward / Outward":0.0,
    "Nose Region Concave / Convex":0.0,
    "Brow Ridge Outer Down / Up":0.15928900241852,
    "Nose Nostrils Small / Large":0.0,
    "Eyes Apart / Together":-0.21435399353504,
    "Nose Nostrils Tilt Down / Up":0.0,
    "Nose Flat / Pointed":0.0,
    "Mouth Tilt Down / Up":-0.55999898910522,
    "Jaw Concave / Convex":0.0,
    "Mouth Sad / Happy":0.0,
    "Cheekbones Shallow / Pronounced":0.47999998927116,
    "Face Light / Heavy":-0.31471362709999,
    "Nose Down / Up":0.0,
    "Chin Short / Tall":-0.54515302181244,
    "Eyes Down / Up":-0.02840399928391,
    "Cheeks Concave / Convex":0.25999999046326,
    "Nose Bridge Short / Long":0.0,
    "Mouth Chin Short / Long":0.0,
    "Nose Sellion Lower Shallow / Deep":0.30000001192093,
    "Mouth Retracted / Puckered":0.0,
    "Hair Length":0.0,
    "Mouth Deflated / Inflated":0.0,
    "Chin Shallow / Deep":-0.11569228023291,
    "Jaw Neck Slope Low / High":-0.46642452478409,
    "Brow Ridge Low / High":0.45907199382782,
    "Cheekbones Low / High":0.41756999492645,
    "Forehead Back / Forward":-0.069831997156143,
    "Chin Small / Large":0.42287901043892
  },
  "Hair":"/Game/Dev/Phenotypes/Hair/HP_Breton_HR_Tonsure.HP_Breton_HR_Tonsure",
  "Beard":"/Game/Dev/Phenotypes/Beard/HP_Imperial_BD_Short.HP_Imperial_BD_Short",
  "SkinParametersMap":{
    "Complexion":0.54000002145767,
    "Ombre Constrast":1.0,
    "Eye socket Bruised/Bright":0.0,
    "Root Redness":1.0,
    "Khajiit Pattern Number":0.0,
    "Eyebrows Redness Intensity":0.0,
    "Root Color":0.62936300039291,
    "Eylids Light/Dark":0.0,
    "Cheek Blush Light/Red":0.0,
    "Eyebrows Color Intensity":0.0,
    "Cheekbones Flushed/Pale":0.0,
    "Lipstick Amount":0.0099999997764826,
    "Skin Tint Orange/Blue":0.0,
    "Freckles":0.0,
    "Ombre Amount":1.0,
    "Tip Redness":1.0,
    "Skin Tint Purple/Yellow":0.0,
    "Eyelids Pale/Red":0.0,
    "Tip Color":0.62936300039291,
    "Eyeliner Light/Dark":0.0,
    "Eye Socket Dark/Light":0.0,
    "Salt And Pepper":0.0,
    "Skin Dark/Light":0.0
  },
  "FaceBaseMesh":"/Game/Art/Character/Breton/SK_Breton_Head_m.SK_Breton_Head_m",
  "Race":"TESRace /Game/Forms/actors/race/Breton.Breton",
  "SenescenceLevel":3
}