{
  "APIVersion":"v2",
  "SkinParametersMap":{
    "Lipstick Amount":0.0,
    "Freckles":0.0,
    "Eye socket Bruised/Bright":0.0,
    "Tip Color":0.0,
    "Root Redness":0.0,
    "Eyebrows Redness Intensity":0.0,
    "Ombre Constrast":0.0,
    "Eyelids Pale/Red":0.0,
    "Root Color":0.0,
    "Cheek Blush Light/Red":0.0,
    "Eyebrows Color Intensity":0.0,
    "Ombre Amount":0.0,
    "Tip Redness":0.0,
    "Cheekbones Flushed/Pale":0.0,
    "Complexion":0.0,
    "Salt And Pepper":0.0
  },
  "Author":"Bethesda",
  "Race":"TESRace /Game/Forms/actors/race/HighElf.HighElf",
  "HairColorsL":{
    "0":{
      "R":0.0,
      "G":0.0,
      "B":0.0,
      "A":0.0
    }
  },
  "Body":"SkeletalMesh /Game/Art/Character/Imperial/SK_Imperial_Body_m.SK_Imperial_Body_m",
  "Date":"2025-06-04 19:28:30",
  "SkinColorsMapL":{
    "Root DyeColor":{
      "R":0.0047769998200238,
      "G":0.0012140000471845,
      "B":0.0,
      "A":1.0
    },
    "Lipstick Color":{
      "R":0.093058958649635,
      "G":0.0009105809731409,
      "B":0.0097212167456746,
      "A":1.0
    },
    "Tip DyeColor":{
      "R":0.10702300071716,
      "G":0.034340001642704,
      "B":0.0056050000712276,
      "A":1.0
    },
    "Skin Tone":{
      "R":1.0,
      "G":1.0,
      "B":1.0,
      "A":1.0
    },
    "Eyeliner Tone":{
      "R":0.10069400072098,
      "G":0.0,
      "B":0.064685001969337,
      "A":1.0
    }
  },
  "ModCreator":"animandan",
  "Sex":1,
  "ModName":"RaceMenuUtilities",
  "EyeMaterial":"/Game/Art/Character/Modular/Eyes_HighElf/MIC_HighElf_Eyes_Albino.MIC_HighElf_Eyes_Albino",
  "ModVersion":"1.1.0",
  "FaceBaseMesh":"/Game/Art/Character/HighElf/SK_HighElf_Head_f.SK_HighElf_Head_f",
  "Hair":"/Game/Dev/Phenotypes/Hair/HP_DarkElf_HR_Mane.HP_DarkElf_HR_Mane",
  "Description":"saved from in-game",
  "SenescenceLevel":2,
  "FaceMorphValuesMap":{
    "Face Gaunt / Round":0.081001996994019,
    "Nose Short / Long":0.0,
    "Nose Tilt Down / Up":0.079999998211861,
    "Mouth Sad / Happy":-0.13711190223694,
    "Mouth Retracted / Protruding":0.0,
    "Chin Short / Tall":0.27608099579811,
    "Cheekbones Low / High":0.073266997933388,
    "Nose Nostrils Tilt Down / Up":0.34244844317436,
    "Mouth Deflated / Inflated":0.55709201097488,
    "Hair Length":0.0,
    "Nose Sellion Shallow / Deep":0.0,
    "Chin Shallow / Deep":0.33969101309776,
    "Jaw Concave / Convex":0.63889700174332,
    "Brow Ridge Low / High":-0.13514895737171,
    "Chin Recessed / Pronounced":0.1323087066412,
    "Mouth Tilt Down / Up":0.0,
    "Nose Sellion Thin / Wide":-0.11999999731779,
    "Cheeks Gaunt / Round":-0.031930159777403,
    "Nose Sellion Lower Shallow / Deep":0.0,
    "Nose Sellion Down / Up":-0.14169053733349,
    "Cheeks Concave / Convex":0.20894065499306,
    "Nose Region Concave / Convex":-0.0016785145271569,
    "Eyes Inward / Outward":-0.14539866149426,
    "Nose Nostrils Thin / Wide":-0.46643161773682,
    "Brow Ridge Inner Down / Up":0.080454997718334,
    "Eyes Apart / Together":0.89999997615814,
    "Mouth Underbite / Overbite":0.0,
    "Chin Retracted / Jutting":0.38835901021957,
    "Brow / Nose / Chin Ratio":0.090203002095222,
    "Nose Bridge Short / Long":0.49523544311523,
    "Mouth Low / High":0.25328734517097,
    "Forehead Small / Large":0.19000199437141,
    "Nose Bridge Shallow / Deep":-0.33050924539566,
    "Eyes Small / Large":-0.8296309709549,
    "Forehead / Sellion / Nose Ratio":0.61104333400726,
    "Mouth Chin Short / Long":0.0,
    "Forehead Short / Tall":0.47164899110794,
    "Eyes Down / Up":-0.53215801715851,
    "Vampire":0.0,
    "Mouth Retracted / Puckered":0.36000001430511,
    "Jaw Retracted / Jutting":-0.10000000149012,
    "Mouth Drawn / Pursed":0.012804999947548,
    "Cheekbones Thin / Wide":-0.18543343245983,
    "Nose Down / Up":-0.18920700252056,
    "Jaw Neck Slope Low / High":0.31993299722672,
    "Chin Thin / Wide":0.29060700535774,
    "Cheekbones Shallow / Pronounced":-0.39954599738121,
    "Nose Nostrils Small / Large":0.15873895585537,
    "Nose Flat / Pointed":0.099172152578831,
    "Face Thin / Wide":-0.70743101835251,
    "Chin Backward / Forward":-0.34970501065254,
    "Face Light / Heavy":0.41301101446152,
    "Mouth Small / Large":-0.66000002622604,
    "Forehead Back / Forward":-0.26949959993362,
    "Jaw Thin / Wide":-0.064263001084328,
    "Brow Ridge Outer Down / Up":0.5,
    "Chin Small / Large":-0.41863092780113
  },
  "Name":"BP_DAAzuraVAmpire02_C"
}