{
  "APIVersion":"v2",
  "SkinParametersMap":{
    "Lipstick Amount":0.0,
    "Freckles":0.0,
    "Eye socket Bruised/Bright":0.0,
    "Tip Color":0.59925001859665,
    "Complexion":0.38951298594475,
    "Eyebrows Redness Intensity":0.0,
    "Ombre Constrast":0.0,
    "Eyelids Pale/Red":0.0,
    "Root Color":0.26966300606728,
    "Cheek Blush Light/Red":0.0,
    "Root Redness":0.0,
    "Ombre Amount":0.0,
    "Tip Redness":0.0,
    "Cheekbones Flushed/Pale":0.0,
    "Eyebrows Color Intensity":0.10486900061369,
    "Salt And Pepper":0.0
  },
  "Author":"Bethesda",
  "Race":"TESRace /Game/Forms/actors/race/Orc.Orc",
  "HairColorsL":{
    "0":{
      "R":0.10980399698019,
      "G":0.098866999149323,
      "B":0.090360000729561,
      "A":1.0
    }
  },
  "Body":"SkeletalMesh /Game/Art/Character/Imperial/SK_Imperial_Body_m.SK_Imperial_Body_m",
  "Date":"2025-06-04 19:28:20",
  "SkinColorsMapL":{
    "Root DyeColor":{
      "R":0.0047769998200238,
      "G":0.0012140000471845,
      "B":0.0,
      "A":1.0
    },
    "Lipstick Color":{
      "R":0.093058958649635,
      "G":0.0009105809731409,
      "B":0.0097212167456746,
      "A":1.0
    },
    "Tip DyeColor":{
      "R":0.10702300071716,
      "G":0.034340001642704,
      "B":0.0056050000712276,
      "A":1.0
    },
    "Skin Tone":{
      "R":1.0,
      "G":1.0,
      "B":1.0,
      "A":1.0
    },
    "Eyeliner Tone":{
      "R":1.0,
      "G":1.0,
      "B":1.0,
      "A":1.0
    }
  },
  "ModCreator":"animandan",
  "Sex":1,
  "ModName":"RaceMenuUtilities",
  "EyeMaterial":"/Game/Art/Character/Modular/MIC_ME_Orc_Eyes.MIC_ME_Orc_Eyes",
  "ModVersion":"1.1.0",
  "FaceBaseMesh":"/Game/Art/Character/Orc/SK_Orc_Head_f.SK_Orc_Head_f",
  "Hair":"/Game/Dev/Phenotypes/Hair/HP_Orc_HR_Braids.HP_Orc_HR_Braids",
  "Description":"saved from in-game",
  "SenescenceLevel":5,
  "FaceMorphValuesMap":{
    "Face Gaunt / Round":-0.26899442076683,
    "Nose Short / Long":0.0,
    "Nose Tilt Down / Up":0.0,
    "Mouth Sad / Happy":-0.39789700508118,
    "Mouth Retracted / Protruding":-0.38889798521996,
    "Chin Short / Tall":-0.0014044375857338,
    "Cheekbones Low / High":0.050955928862095,
    "Nose Nostrils Tilt Down / Up":-0.023275105282664,
    "Mouth Deflated / Inflated":0.13642272353172,
    "Hair Length":0.0,
    "Nose Sellion Shallow / Deep":0.0,
    "Chin Shallow / Deep":0.3230220079422,
    "Jaw Concave / Convex":0.5,
    "Brow Ridge Low / High":-0.26703599095345,
    "Chin Recessed / Pronounced":-0.44664600491524,
    "Mouth Tilt Down / Up":0.23271900415421,
    "Nose Sellion Thin / Wide":0.0,
    "Cheeks Gaunt / Round":-0.10789500176907,
    "Nose Sellion Lower Shallow / Deep":0.0,
    "Nose Sellion Down / Up":0.049606934189796,
    "Cheeks Concave / Convex":0.59598797559738,
    "Nose Region Concave / Convex":0.28183636069298,
    "Eyes Inward / Outward":0.39883121848106,
    "Nose Nostrils Thin / Wide":-0.059547569602728,
    "Brow Ridge Inner Down / Up":-0.31613600254059,
    "Eyes Apart / Together":0.10817056149244,
    "Mouth Underbite / Overbite":0.065283142030239,
    "Chin Retracted / Jutting":0.0042810006998479,
    "Brow / Nose / Chin Ratio":-0.23044000566006,
    "Nose Bridge Short / Long":0.1193376109004,
    "Mouth Low / High":-0.43653300404549,
    "Forehead Small / Large":0.48031011223793,
    "Nose Bridge Shallow / Deep":0.093265101313591,
    "Eyes Small / Large":-0.52450299263,
    "Forehead / Sellion / Nose Ratio":-0.63838601112366,
    "Mouth Chin Short / Long":0.014941207133234,
    "Forehead Short / Tall":-0.0200021173805,
    "Eyes Down / Up":-0.26076790690422,
    "Vampire":0.0,
    "Mouth Retracted / Puckered":-0.25001999735832,
    "Jaw Retracted / Jutting":0.24524246156216,
    "Mouth Drawn / Pursed":0.068650998175144,
    "Cheekbones Thin / Wide":-0.16952300071716,
    "Nose Down / Up":-0.37275689840317,
    "Jaw Neck Slope Low / High":-0.32152357697487,
    "Chin Thin / Wide":0.35797798633575,
    "Cheekbones Shallow / Pronounced":0.36922582983971,
    "Nose Nostrils Small / Large":0.60939067602158,
    "Nose Flat / Pointed":0.073716595768929,
    "Face Thin / Wide":-0.45574301481247,
    "Chin Backward / Forward":-0.36997961997986,
    "Face Light / Heavy":-0.68748098611832,
    "Mouth Small / Large":-0.26459321379662,
    "Forehead Back / Forward":-0.17729267477989,
    "Jaw Thin / Wide":0.44899499416351,
    "Brow Ridge Outer Down / Up":-0.01876967959106,
    "Chin Small / Large":-0.016998907551169
  },
  "Name":"BP_DABoethiaChosen08_C"
}