{
  "Sex":0,
  "HairColorsL":{
    "0":{
      "A":1.0,
      "R":0.083333000540733,
      "G":0.047233998775482,
      "B":0.019965000450611
    }
  },
  "EyeMaterial":"/Game/Art/Character/Modular/Eyes_Human/MIC_Human_Eyes_Green5.MIC_Human_Eyes_Green5",
  "Author":"Bethesda",
  "Date":"2025-06-04 19:38:06",
  "Description":"saved from in-game",
  "Name":"BP_DANamiraForgotten4_C",
  "ModCreator":"animandan",
  "ModName":"RaceMenuUtilities",
  "FaceBaseMesh":"/Game/Art/Character/Redguard/SK_Redguard_Head_m.SK_Redguard_Head_m",
  "ModVersion":"1.1.0",
  "Body":"SkeletalMesh /Game/Art/Character/Imperial/SK_Imperial_Body_m.SK_Imperial_Body_m",
  "FaceMorphValuesMap":{
    "Nose Nostrils Thin / Wide":-0.33604025840759,
    "Forehead / Sellion / Nose Ratio":0.56000000238419,
    "Cheekbones Thin / Wide":0.25935798883438,
    "Forehead Small / Large":0.011815000325441,
    "Chin Recessed / Pronounced":0.028689000755548,
    "Brow / Nose / Chin Ratio":-0.018234623596072,
    "Jaw Thin / Wide":0.16935899853706,
    "Cheeks Gaunt / Round":0.097184002399445,
    "Chin Backward / Forward":0.053855538368225,
    "Chin Thin / Wide":-0.071710549294949,
    "Forehead Short / Tall":-0.029069000855088,
    "Face Thin / Wide":0.041005998849869,
    "Brow Ridge Inner Down / Up":-0.66828298568726,
    "Mouth Underbite / Overbite":-0.39495572447777,
    "Mouth Low / High":-0.058419000357389,
    "Vampire":0.0,
    "Face Gaunt / Round":-0.33878099918365,
    "Eyes Small / Large":-0.1618459969759,
    "Mouth Drawn / Pursed":-0.23692174255848,
    "Chin Retracted / Jutting":0.0,
    "Nose Tilt Down / Up":0.0,
    "Mouth Small / Large":-0.19026084244251,
    "Nose Short / Long":0.0,
    "Nose Bridge Shallow / Deep":-0.22329258918762,
    "Nose Sellion Thin / Wide":0.0,
    "Mouth Retracted / Protruding":0.3007980287075,
    "Nose Sellion Shallow / Deep":0.0,
    "Jaw Retracted / Jutting":0.12061800062656,
    "Nose Sellion Down / Up":0.44053199887276,
    "Eyes Inward / Outward":-0.24882116913795,
    "Nose Region Concave / Convex":0.08389999717474,
    "Brow Ridge Outer Down / Up":0.14864400029182,
    "Nose Nostrils Small / Large":-0.46161222457886,
    "Eyes Apart / Together":-0.35126003623009,
    "Nose Nostrils Tilt Down / Up":-0.030641941353679,
    "Nose Flat / Pointed":-0.14108724892139,
    "Mouth Tilt Down / Up":-0.014553022570908,
    "Jaw Concave / Convex":0.25518900156021,
    "Mouth Sad / Happy":0.25323900580406,
    "Cheekbones Shallow / Pronounced":-0.063593000173569,
    "Face Light / Heavy":0.028163999319077,
    "Nose Down / Up":0.060255415737629,
    "Chin Short / Tall":-0.19901728630066,
    "Eyes Down / Up":0.025795454159379,
    "Cheeks Concave / Convex":-0.33507698774338,
    "Nose Bridge Short / Long":0.20522546768188,
    "Mouth Chin Short / Long":-0.13012854754925,
    "Nose Sellion Lower Shallow / Deep":0.0,
    "Mouth Retracted / Puckered":0.087533093988895,
    "Hair Length":0.0,
    "Mouth Deflated / Inflated":-0.10050400346518,
    "Chin Shallow / Deep":0.2295858412981,
    "Jaw Neck Slope Low / High":-0.16130000352859,
    "Brow Ridge Low / High":-0.25315210223198,
    "Cheekbones Low / High":0.0,
    "Forehead Back / Forward":0.36000001430511,
    "Chin Small / Large":0.38032814860344
  },
  "Hair":"/Game/Dev/Phenotypes/Hair/HP_Redguard_HR_Dredz.HP_Redguard_HR_Dredz",
  "SenescenceLevel":0,
  "APIVersion":"v2",
  "SkinParametersMap":{
    "Complexion":0.0,
    "Cheek Blush Light/Red":0.0,
    "Eyebrows Color Intensity":0.0,
    "Eye socket Bruised/Bright":0.0,
    "Lipstick Amount":0.0,
    "Root Redness":0.0,
    "Freckles":0.0,
    "Cheekbones Flushed/Pale":0.0,
    "Tip Redness":0.0,
    "Root Color":0.0,
    "Eyelids Pale/Red":0.0,
    "Tip Color":0.0,
    "Eyebrows Redness Intensity":0.0,
    "Ombre Amount":0.0,
    "Salt And Pepper":0.0,
    "Ombre Constrast":0.0
  },
  "Race":"TESRace /Game/Forms/actors/race/Redguard.Redguard",
  "SkinColorsMapL":{
    "Root DyeColor":{
      "A":1.0,
      "R":0.0047769998200238,
      "G":0.0012140000471845,
      "B":0.0
    },
    "Eyeliner Tone":{
      "A":1.0,
      "R":1.0,
      "G":1.0,
      "B":1.0
    },
    "Tip DyeColor":{
      "A":1.0,
      "R":0.10702300071716,
      "G":0.034340001642704,
      "B":0.0056050000712276
    },
    "Skin Tone":{
      "A":1.0,
      "R":1.0,
      "G":1.0,
      "B":1.0
    },
    "Lipstick Color":{
      "A":1.0,
      "R":0.093058958649635,
      "G":0.0009105809731409,
      "B":0.0097212167456746
    }
  }
}