{
  "Sex":0,
  "HairColorsL":{
    "0":{
      "A":1.0,
      "R":0.22395800054073,
      "G":0.1452250033617,
      "B":0.08398400247097
    }
  },
  "EyeMaterial":"/Game/Art/Character/Modular/Eyes_Human/MIC_Human_Eyes_Brown2.MIC_Human_Eyes_Brown2",
  "Author":"Bethesda",
  "Date":"2025-06-04 19:38:01",
  "Description":"saved from in-game",
  "Name":"BP_DANamiraPriest3_C",
  "ModCreator":"animandan",
  "ModName":"RaceMenuUtilities",
  "FaceBaseMesh":"/Game/Art/Character/Redguard/SK_Redguard_Head_m.SK_Redguard_Head_m",
  "ModVersion":"1.1.0",
  "Body":"SkeletalMesh /Game/Art/Character/Imperial/SK_Imperial_Body_m.SK_Imperial_Body_m",
  "FaceMorphValuesMap":{
    "Nose Nostrils Thin / Wide":-0.10094548761845,
    "Forehead / Sellion / Nose Ratio":0.54000002145767,
    "Cheekbones Thin / Wide":-0.048023000359535,
    "Forehead Small / Large":-0.45509698987007,
    "Chin Recessed / Pronounced":-0.11953442543745,
    "Brow / Nose / Chin Ratio":-0.10523164272308,
    "Jaw Thin / Wide":0.34041398763657,
    "Cheeks Gaunt / Round":0.21027000248432,
    "Chin Backward / Forward":-0.020872855558991,
    "Chin Thin / Wide":-0.13173246383667,
    "Forehead Short / Tall":-0.2875519990921,
    "Face Thin / Wide":-0.67417597770691,
    "Brow Ridge Inner Down / Up":-0.41316199302673,
    "Mouth Underbite / Overbite":-0.096793510019779,
    "Mouth Low / High":0.050777710974216,
    "Vampire":0.0,
    "Face Gaunt / Round":-0.5799999833107,
    "Eyes Small / Large":0.22071500122547,
    "Mouth Drawn / Pursed":-0.20154699683189,
    "Chin Retracted / Jutting":0.12937565147877,
    "Nose Tilt Down / Up":0.0,
    "Mouth Small / Large":-0.16795587539673,
    "Nose Short / Long":0.0,
    "Nose Bridge Shallow / Deep":0.22312499582767,
    "Nose Sellion Thin / Wide":0.0,
    "Mouth Retracted / Protruding":0.050934001803398,
    "Nose Sellion Shallow / Deep":0.0,
    "Jaw Retracted / Jutting":-0.0079579995945096,
    "Nose Sellion Down / Up":0.058430623263121,
    "Eyes Inward / Outward":0.10876780003309,
    "Nose Region Concave / Convex":-0.02980487421155,
    "Brow Ridge Outer Down / Up":0.49455198645592,
    "Nose Nostrils Small / Large":0.22826467454433,
    "Eyes Apart / Together":0.38525500893593,
    "Nose Nostrils Tilt Down / Up":0.019234398379922,
    "Nose Flat / Pointed":0.022862941026688,
    "Mouth Tilt Down / Up":-0.046546436846256,
    "Jaw Concave / Convex":-0.0061871646903455,
    "Mouth Sad / Happy":-0.2179230004549,
    "Cheekbones Shallow / Pronounced":0.58667701482773,
    "Face Light / Heavy":-0.63999998569489,
    "Nose Down / Up":0.014421492815018,
    "Chin Short / Tall":0.25553771853447,
    "Eyes Down / Up":-0.42918598651886,
    "Cheeks Concave / Convex":-0.15184299647808,
    "Nose Bridge Short / Long":0.20813421905041,
    "Mouth Chin Short / Long":-0.59021085500717,
    "Nose Sellion Lower Shallow / Deep":0.0,
    "Mouth Retracted / Puckered":0.53183501958847,
    "Hair Length":0.0,
    "Mouth Deflated / Inflated":-0.16000500321388,
    "Chin Shallow / Deep":0.45945510268211,
    "Jaw Neck Slope Low / High":0.13293191790581,
    "Brow Ridge Low / High":-0.39268401265144,
    "Cheekbones Low / High":0.096238434314728,
    "Forehead Back / Forward":0.31166499853134,
    "Chin Small / Large":-0.030792195349932
  },
  "Hair":"/Game/Dev/Phenotypes/Hair/HP_Breton_HR_Tonsure.HP_Breton_HR_Tonsure",
  "SenescenceLevel":2,
  "APIVersion":"v2",
  "SkinParametersMap":{
    "Complexion":0.0,
    "Ombre Constrast":0.0,
    "Eye socket Bruised/Bright":0.0,
    "Root Redness":0.0,
    "Khajiit Pattern Number":0.0,
    "Eyebrows Redness Intensity":0.0,
    "Root Color":0.0,
    "Cheek Blush Light/Red":0.0,
    "Eyebrows Color Intensity":0.0,
    "Cheekbones Flushed/Pale":0.0,
    "Lipstick Amount":0.0,
    "Tip Redness":0.0,
    "Eyelids Pale/Red":0.0,
    "Tip Color":0.0,
    "Ombre Amount":0.0,
    "Salt And Pepper":0.37453201413155,
    "Freckles":0.0
  },
  "Race":"TESRace /Game/Forms/actors/race/Redguard.Redguard",
  "SkinColorsMapL":{
    "Root DyeColor":{
      "A":1.0,
      "R":0.0047769998200238,
      "G":0.0012140000471845,
      "B":0.0
    },
    "Eyeliner Tone":{
      "A":1.0,
      "R":1.0,
      "G":1.0,
      "B":1.0
    },
    "Tip DyeColor":{
      "A":1.0,
      "R":0.10702300071716,
      "G":0.034340001642704,
      "B":0.0056050000712276
    },
    "Skin Tone":{
      "A":1.0,
      "R":1.0,
      "G":1.0,
      "B":1.0
    },
    "Lipstick Color":{
      "A":1.0,
      "R":0.093058958649635,
      "G":0.0009105809731409,
      "B":0.0097212167456746
    }
  }
}