{
  "ModName":"RaceMenuUtilities",
  "FaceBaseMesh":"/Game/Art/Character/DarkElf/SK_DarkElf_Head_f.SK_DarkElf_Head_f",
  "Author":"Bethesda",
  "Date":"2025-06-04 20:30:55",
  "SkinColorsMapL":{
    "Lipstick Color":{
      "A":1.0,
      "B":0.029556833207607,
      "G":0.023153366521001,
      "R":0.26635560393333
    },
    "Eyeliner Tone":{
      "A":1.0,
      "B":1.0,
      "G":1.0,
      "R":1.0
    },
    "Root DyeColor":{
      "A":1.0,
      "B":0.0,
      "G":0.1274376809597,
      "R":1.0
    },
    "Tip DyeColor":{
      "A":1.0,
      "B":0.0,
      "G":0.015208514407277,
      "R":0.42326766252518
    },
    "Skin Tone":{
      "A":1.0,
      "B":1.0,
      "G":1.0,
      "R":1.0
    }
  },
  "APIVersion":"v2",
  "FaceMorphValuesMap":{
    "Eyes Small / Large":-0.072504237294197,
    "Jaw Thin / Wide":-0.028425941243768,
    "Brow Ridge Low / High":-0.072628773748875,
    "Chin Retracted / Jutting":0.014336967840791,
    "Face Thin / Wide":0.021713018417358,
    "Hair Length":0.0,
    "Chin Backward / Forward":0.13250561058521,
    "Vampire":0.0,
    "Mouth Underbite / Overbite":-0.039597619324923,
    "Eyes Inward / Outward":-0.12145334482193,
    "Mouth Sad / Happy":0.023868430405855,
    "Jaw Retracted / Jutting":0.01503820437938,
    "Nose Flat / Pointed":0.032299902290106,
    "Chin Recessed / Pronounced":0.17440544068813,
    "Cheeks Gaunt / Round":-0.33532616496086,
    "Forehead Back / Forward":0.019688511267304,
    "Nose Sellion Down / Up":-0.11612199991941,
    "Mouth Deflated / Inflated":0.015272355638444,
    "Mouth Small / Large":-0.081977687776089,
    "Nose Tilt Down / Up":0.0,
    "Nose Short / Long":-0.23999999463558,
    "Mouth Drawn / Pursed":0.10312862694263,
    "Chin Short / Tall":-0.35063600540161,
    "Nose Sellion Thin / Wide":-0.81999897956848,
    "Jaw Neck Slope Low / High":0.037808518856764,
    "Cheekbones Shallow / Pronounced":0.57042002677917,
    "Nose Sellion Shallow / Deep":0.0,
    "Mouth Tilt Down / Up":2.9468536013155e-05,
    "Brow / Nose / Chin Ratio":-0.047061633318663,
    "Brow Ridge Outer Down / Up":0.33201000094414,
    "Chin Small / Large":-0.035595893859863,
    "Mouth Retracted / Puckered":-0.024872470647097,
    "Chin Thin / Wide":0.040253069251776,
    "Nose Nostrils Tilt Down / Up":-0.072050929069519,
    "Face Gaunt / Round":0.0043818238191307,
    "Cheekbones Thin / Wide":-0.020484000444412,
    "Forehead / Sellion / Nose Ratio":0.044369604438543,
    "Cheekbones Low / High":0.34434506297112,
    "Nose Bridge Short / Long":-0.010374712757766,
    "Forehead Short / Tall":-0.026535606011748,
    "Nose Bridge Shallow / Deep":0.011475610546768,
    "Mouth Chin Short / Long":0.089609883725643,
    "Face Light / Heavy":0.043747246265411,
    "Nose Region Concave / Convex":-0.028549000620842,
    "Mouth Retracted / Protruding":-0.011803925037384,
    "Cheeks Concave / Convex":0.87999999523163,
    "Nose Nostrils Small / Large":-0.38886600732803,
    "Jaw Concave / Convex":-0.02499370649457,
    "Nose Down / Up":0.096644014120102,
    "Mouth Low / High":0.0047988416627049,
    "Eyes Down / Up":-0.12808752059937,
    "Chin Shallow / Deep":0.038128849118948,
    "Eyes Apart / Together":0.51999998092651,
    "Brow Ridge Inner Down / Up":-0.14559699594975,
    "Nose Sellion Lower Shallow / Deep":-0.03999999910593,
    "Nose Nostrils Thin / Wide":-0.042389001697302,
    "Forehead Small / Large":-0.078950054943562
  },
  "EyeMaterial":"/Game/Art/Character/Modular/MIC_ME_DarkElf.MIC_ME_DarkElf",
  "HairColorsL":{
    "0":{
      "A":1.0,
      "B":0.08398400247097,
      "G":0.1452250033617,
      "R":0.22395800054073
    }
  },
  "SkinParametersMap":{
    "Complexion":0.60000002384186,
    "Freckles":0.0,
    "Ombre Amount":1.0,
    "Eylids Light/Dark":-0.11999999731779,
    "None":0.20000000298023,
    "Skin Tint Purple/Yellow":-0.23999999463558,
    "Cheek Blush Light/Red":0.20000000298023,
    "Ombre Constrast":0.28000000119209,
    "Tip Color":0.25999999046326,
    "Eye socket Bruised/Bright":-0.43999999761581,
    "Skin Tint Orange/Blue":0.14000000059605,
    "Eyebrows Color Intensity":0.60000002384186,
    "Tip Redness":0.31999999284744,
    "Root Redness":0.60000002384186,
    "Root Color":0.74000000953674,
    "Skin Dark/Light":-0.75999999046326,
    "Salt And Pepper":-0.019999999552965,
    "Eyebrows Redness Intensity":0.0,
    "Eyeliner Light/Dark":0.28000000119209,
    "Eyelids Pale/Red":0.15999899804592,
    "Cheekbones Flushed/Pale":0.86000001430511,
    "Eye Socket Dark/Light":0.54000002145767,
    "Lipstick Amount":0.050000000745058
  },
  "SenescenceLevel":0,
  "Sex":1,
  "Description":"saved from in-game",
  "ModCreator":"animandan",
  "ModVersion":"1.1.0",
  "Hair":"/Game/Dev/Phenotypes/Hair/HP_DarkElf_HR_Fringe.HP_DarkElf_HR_Fringe",
  "Name":"BP_DAMeridiaVoice_C",
  "Race":"TESRace /Game/Forms/actors/race/DarkElf.DarkElf",
  "Body":"SkeletalMesh /Game/Art/Character/Imperial/SK_Imperial_Body_m.SK_Imperial_Body_m"
}