{
  "APIVersion":"v2",
  "SkinParametersMap":{
    "Tip Color":0.20000000298023,
    "Ombre Constrast":0.66000002622604,
    "Complexion":0.0,
    "Ombre Amount":0.63999998569489,
    "Lipstick Amount":0.03999999910593,
    "Salt And Pepper":0.0,
    "Skin Dark/Light":-0.11999999731779,
    "Eyeliner Light/Dark":0.0,
    "Eye socket Bruised/Bright":0.0,
    "Freckles":0.0,
    "Eylids Light/Dark":-0.33999899029732,
    "Eyebrows Redness Intensity":0.0,
    "Eye Socket Dark/Light":0.36000001430511,
    "Eyebrows Color Intensity":0.0,
    "Root Color":0.30000001192093,
    "Cheek Blush Light/Red":-0.30000001192093,
    "Root Redness":0.0,
    "Skin Tint Orange/Blue":0.10000000149012,
    "Tip Redness":0.0,
    "Cheekbones Flushed/Pale":-0.079999998211861,
    "Eyelids Pale/Red":-0.14000000059605,
    "Skin Tint Purple/Yellow":0.0
  },
  "Author":"Bethesda",
  "Race":"TESRace /Game/Forms/actors/race/Orc.Orc",
  "HairColorsL":[],
  "Body":"SkeletalMesh /Game/Art/Character/Imperial/SK_Imperial_Body_m.SK_Imperial_Body_m",
  "Date":"2025-06-04 19:28:29",
  "SkinColorsMapL":{
    "Tip DyeColor":{
      "R":0.28314873576164,
      "G":0.080219820141792,
      "B":0.026241222396493,
      "A":1.0
    },
    "Lipstick Color":{
      "R":0.18782077729702,
      "G":0.11443537473679,
      "B":0.1746474057436,
      "A":1.0
    },
    "Root DyeColor":{
      "R":0.98225057125092,
      "G":0.98225057125092,
      "B":0.98225057125092,
      "A":1.0
    }
  },
  "ModCreator":"animandan",
  "Sex":1,
  "ModName":"RaceMenuUtilities",
  "EyeMaterial":"/Game/Art/Character/Modular/MIC_ME_Orc_Eyes.MIC_ME_Orc_Eyes",
  "ModVersion":"1.1.0",
  "FaceBaseMesh":"/Game/Art/Character/Orc/SK_Orc_Head_f.SK_Orc_Head_f",
  "Hair":"/Game/Dev/Phenotypes/Hair/HP_Orc_HR_Braids.HP_Orc_HR_Braids",
  "Description":"saved from in-game",
  "SenescenceLevel":3,
  "FaceMorphValuesMap":{
    "Face Gaunt / Round":0.12702099978924,
    "Nose Short / Long":0.0,
    "Nose Tilt Down / Up":0.5999990105629,
    "Mouth Sad / Happy":-0.0092110000550747,
    "Mouth Retracted / Protruding":-0.04865600168705,
    "Chin Short / Tall":-0.69951897859573,
    "Cheekbones Low / High":0.57694363594055,
    "Nose Nostrils Tilt Down / Up":-0.018788000568748,
    "Mouth Deflated / Inflated":-0.78025698661804,
    "Hair Length":0.0,
    "Nose Sellion Shallow / Deep":0.0,
    "Chin Shallow / Deep":0.12588404119015,
    "Jaw Concave / Convex":0.7906299829483,
    "Brow Ridge Low / High":-0.49000000953674,
    "Chin Recessed / Pronounced":0.25981977581978,
    "Mouth Tilt Down / Up":0.76181799173355,
    "Nose Sellion Thin / Wide":0.0,
    "Cheeks Gaunt / Round":0.018090480938554,
    "Nose Sellion Lower Shallow / Deep":0.0,
    "Nose Sellion Down / Up":-0.023809732869267,
    "Cheeks Concave / Convex":-0.12434604018927,
    "Nose Region Concave / Convex":0.083946727216244,
    "Eyes Inward / Outward":-0.23479147255421,
    "Nose Nostrils Thin / Wide":0.56000000238419,
    "Brow Ridge Inner Down / Up":0.42057201266289,
    "Eyes Apart / Together":0.25104600191116,
    "Mouth Underbite / Overbite":0.023572197183967,
    "Chin Retracted / Jutting":0.47579836845398,
    "Brow / Nose / Chin Ratio":0.0050877630710602,
    "Nose Bridge Short / Long":0.17544677853584,
    "Mouth Low / High":-0.41068205237389,
    "Forehead Small / Large":-0.56000000238419,
    "Nose Bridge Shallow / Deep":0.2953479886055,
    "Eyes Small / Large":-0.45155099034309,
    "Forehead / Sellion / Nose Ratio":-0.20460353791714,
    "Mouth Chin Short / Long":0.078575998544693,
    "Forehead Short / Tall":0.62000000476837,
    "Eyes Down / Up":-0.51336097717285,
    "Vampire":0.0,
    "Mouth Retracted / Puckered":-0.43152499198914,
    "Jaw Retracted / Jutting":0.12109214067459,
    "Mouth Drawn / Pursed":0.019999999552965,
    "Cheekbones Thin / Wide":-0.79886597394943,
    "Nose Down / Up":0.34982690215111,
    "Jaw Neck Slope Low / High":-0.00055508245714009,
    "Chin Thin / Wide":0.039247129112482,
    "Cheekbones Shallow / Pronounced":0.30373230576515,
    "Nose Nostrils Small / Large":0.40000000596046,
    "Nose Flat / Pointed":-0.042411677539349,
    "Face Thin / Wide":0.046987000852823,
    "Chin Backward / Forward":-0.42510810494423,
    "Face Light / Heavy":0.35714599490166,
    "Mouth Small / Large":0.7576220035553,
    "Forehead Back / Forward":-0.12971299886703,
    "Jaw Thin / Wide":0.66000002622604,
    "Brow Ridge Outer Down / Up":-0.44284299015999,
    "Chin Small / Large":-0.23371894657612
  },
  "Name":"BP_DAAzuraVampire05_C"
}