{
  "Race":"TESRace /Game/Forms/actors/race/HighElf.HighElf",
  "FaceBaseMesh":"/Game/Art/Character/HighElf/SK_HighElf_Head_f.SK_HighElf_Head_f",
  "Date":"2025-06-04 18:33:08",
  "HairColorsL":{
    "0":{
      "B":1.0,
      "G":1.0,
      "R":1.0,
      "A":1.0
    }
  },
  "SkinParametersMap":{
    "Cheekbones Flushed/Pale":0.68000000715256,
    "Eyelids Pale/Red":0.60000002384186,
    "Skin Tint Purple/Yellow":0.47999998927116,
    "Lipstick Amount":0.0,
    "Cheek Blush Light/Red":-0.5,
    "Skin Dark/Light":0.0,
    "Complexion":0.0,
    "Salt And Pepper":0.31460699439049,
    "Eye Socket Dark/Light":-0.5799999833107,
    "Eylids Light/Dark":0.41999998688698,
    "Ombre Amount":0.0,
    "Freckles":0.63999998569489,
    "Root Color":0.14606699347496,
    "Ombre Constrast":0.0,
    "Eyeliner Light/Dark":0.23999999463558,
    "Tip Color":0.064644999802113,
    "Eyebrows Redness Intensity":-0.03999999910593,
    "Root Redness":1.0,
    "Skin Tint Orange/Blue":0.28000000119209,
    "Eye socket Bruised/Bright":0.0,
    "Tip Redness":1.0,
    "Eyebrows Color Intensity":0.89999997615814
  },
  "Sex":1,
  "FaceMorphValuesMap":{
    "Hair Length":0.0,
    "Vampire":0.0,
    "Nose Sellion Down / Up":0.0,
    "Forehead Back / Forward":0.89999997615814,
    "Mouth Deflated / Inflated":0.0,
    "Chin Backward / Forward":0.0,
    "Eyes Apart / Together":0.5799999833107,
    "Nose Tilt Down / Up":0.66000002622604,
    "Mouth Sad / Happy":-0.14000000059605,
    "Brow Ridge Outer Down / Up":-0.079999998211861,
    "Nose Sellion Thin / Wide":0.28000000119209,
    "Nose Short / Long":0.0,
    "Nose Sellion Shallow / Deep":0.0,
    "Brow / Nose / Chin Ratio":0.46000000834465,
    "Chin Small / Large":0.28000000119209,
    "Nose Flat / Pointed":0.0,
    "Jaw Thin / Wide":0.5799999833107,
    "Nose Nostrils Tilt Down / Up":0.0,
    "Eyes Inward / Outward":0.0,
    "Cheekbones Shallow / Pronounced":0.0,
    "Nose Nostrils Thin / Wide":0.0,
    "Chin Shallow / Deep":0.0,
    "Nose Down / Up":-0.079999998211861,
    "Nose Bridge Short / Long":0.0,
    "Mouth Tilt Down / Up":0.0,
    "Chin Thin / Wide":0.41999998688698,
    "Face Light / Heavy":0.079999998211861,
    "Mouth Chin Short / Long":0.0,
    "Jaw Concave / Convex":0.89999997615814,
    "Brow Ridge Low / High":0.31999999284744,
    "Chin Recessed / Pronounced":0.0,
    "Cheeks Gaunt / Round":0.0,
    "Face Thin / Wide":0.03999999910593,
    "Eyes Down / Up":0.0,
    "Jaw Retracted / Jutting":-0.30000001192093,
    "Chin Short / Tall":0.46000000834465,
    "Jaw Neck Slope Low / High":0.5799999833107,
    "Nose Bridge Shallow / Deep":0.0,
    "Mouth Retracted / Protruding":0.0,
    "Cheekbones Thin / Wide":-0.30000001192093,
    "Mouth Low / High":-0.61999899148941,
    "Mouth Retracted / Puckered":0.0,
    "Mouth Small / Large":-0.47999998927116,
    "Forehead Short / Tall":0.18000000715256,
    "Nose Nostrils Small / Large":0.0,
    "Chin Retracted / Jutting":0.0,
    "Forehead Small / Large":-0.5,
    "Cheekbones Low / High":0.0,
    "Eyes Small / Large":-0.059999998658895,
    "Cheeks Concave / Convex":0.0,
    "Brow Ridge Inner Down / Up":0.47999998927116,
    "Nose Sellion Lower Shallow / Deep":0.0,
    "Face Gaunt / Round":0.0,
    "Mouth Underbite / Overbite":0.0,
    "Nose Region Concave / Convex":0.0,
    "Forehead / Sellion / Nose Ratio":0.0,
    "Mouth Drawn / Pursed":0.0
  },
  "Author":"Bethesda",
  "SkinColorsMapL":{
    "Lipstick Color":{
      "B":1.0,
      "G":1.0,
      "R":1.0,
      "A":1.0
    },
    "Tip DyeColor":{
      "B":1.0,
      "G":1.0,
      "R":1.0,
      "A":1.0
    },
    "Root DyeColor":{
      "B":1.0,
      "G":1.0,
      "R":1.0,
      "A":1.0
    },
    "Eyeliner Tone":{
      "B":0.0,
      "G":0.0,
      "R":0.0,
      "A":1.0
    },
    "Skin Tone":{
      "B":0.2871749997139,
      "G":0.43415400385857,
      "R":0.35086598992348,
      "A":1.0
    }
  },
  "ModVersion":"1.1.0",
  "EyeMaterial":"/Game/Art/Character/HighElf/MIC_HighElf_Eye.MIC_HighElf_Eye",
  "Body":"SkeletalMesh /Game/Art/Character/Imperial/SK_Imperial_Body_m.SK_Imperial_Body_m",
  "Description":"saved from in-game",
  "SenescenceLevel":7,
  "APIVersion":"v2",
  "ModCreator":"animandan",
  "ModName":"RaceMenuUtilities",
  "Hair":"/Game/Dev/Phenotypes/Hair/HP_HighElf_HR_Cone.HP_HighElf_HR_Cone",
  "Name":"BP_DAMeridiaNecromancer3_C"
}