{
  "ModName":"RaceMenuUtilities",
  "FaceBaseMesh":"/Game/Art/Character/Orc/SK_Orc_Head_m.SK_Orc_Head_m",
  "Author":"Bethesda",
  "Date":"2025-06-04 20:30:55",
  "SkinColorsMapL":{
    "Lipstick Color":{
      "A":1.0,
      "B":1.0,
      "G":1.0,
      "R":1.0
    },
    "Eyeliner Tone":{
      "A":1.0,
      "B":1.0,
      "G":1.0,
      "R":1.0
    },
    "Root DyeColor":{
      "A":1.0,
      "B":1.0,
      "G":1.0,
      "R":1.0
    },
    "Tip DyeColor":{
      "A":1.0,
      "B":1.0,
      "G":1.0,
      "R":1.0
    },
    "Skin Tone":{
      "A":1.0,
      "B":1.0,
      "G":1.0,
      "R":1.0
    }
  },
  "APIVersion":"v2",
  "FaceMorphValuesMap":{
    "Eyes Small / Large":0.83999997377396,
    "Jaw Thin / Wide":-0.3326790034771,
    "Brow Ridge Low / High":0.446987003088,
    "Chin Retracted / Jutting":0.099553272128105,
    "Face Thin / Wide":-0.49586001038551,
    "Hair Length":0.0,
    "Chin Backward / Forward":-0.10487816482782,
    "Vampire":0.0,
    "Mouth Underbite / Overbite":-0.21999999880791,
    "Eyes Inward / Outward":0.29542872309685,
    "Mouth Sad / Happy":0.45053198933601,
    "Jaw Retracted / Jutting":0.039564099162817,
    "Nose Flat / Pointed":-0.025827599689364,
    "Chin Recessed / Pronounced":-0.15498970448971,
    "Cheeks Gaunt / Round":-0.091492883861065,
    "Forehead Back / Forward":0.012647211551666,
    "Nose Sellion Down / Up":-0.080698363482952,
    "Mouth Deflated / Inflated":-0.38672122359276,
    "Mouth Small / Large":-0.35999900102615,
    "Nose Tilt Down / Up":0.0,
    "Nose Short / Long":0.0,
    "Mouth Drawn / Pursed":0.4092809855938,
    "Chin Short / Tall":-0.40002164244652,
    "Nose Sellion Thin / Wide":0.0,
    "Jaw Neck Slope Low / High":0.10970363765955,
    "Cheekbones Shallow / Pronounced":0.1961580067873,
    "Nose Sellion Shallow / Deep":0.0,
    "Mouth Tilt Down / Up":0.49319657683372,
    "Brow / Nose / Chin Ratio":0.78424298763275,
    "Brow Ridge Outer Down / Up":-0.39938500523567,
    "Chin Small / Large":0.11712234467268,
    "Mouth Retracted / Puckered":0.64884501695633,
    "Chin Thin / Wide":1.0,
    "Nose Nostrils Tilt Down / Up":-0.15734377503395,
    "Face Gaunt / Round":-0.40758010745049,
    "Cheekbones Thin / Wide":0.5456759929657,
    "Forehead / Sellion / Nose Ratio":-0.27543964982033,
    "Cheekbones Low / High":-0.28827732801437,
    "Nose Bridge Short / Long":-0.093327216804028,
    "Forehead Short / Tall":0.48696094751358,
    "Nose Bridge Shallow / Deep":0.45568537712097,
    "Mouth Chin Short / Long":0.12588949501514,
    "Face Light / Heavy":0.11897955089808,
    "Nose Region Concave / Convex":-0.056264717131853,
    "Mouth Retracted / Protruding":-0.20000000298023,
    "Cheeks Concave / Convex":0.44139099121094,
    "Nose Nostrils Small / Large":0.16231520473957,
    "Jaw Concave / Convex":-0.54000002145767,
    "Nose Down / Up":-0.16315717995167,
    "Mouth Low / High":-0.60697597265244,
    "Eyes Down / Up":0.52871197462082,
    "Chin Shallow / Deep":0.17829497158527,
    "Eyes Apart / Together":0.69739097356796,
    "Brow Ridge Inner Down / Up":0.39527633786201,
    "Nose Sellion Lower Shallow / Deep":0.0,
    "Nose Nostrils Thin / Wide":0.15317277610302,
    "Forehead Small / Large":0.12748418748379
  },
  "ModVersion":"1.1.0",
  "SkinParametersMap":{
    "Complexion":0.0,
    "Freckles":0.0,
    "Ombre Amount":0.0,
    "Eylids Light/Dark":-0.65999901294708,
    "Skin Tint Purple/Yellow":0.0,
    "Cheek Blush Light/Red":0.9200000166893,
    "Ombre Constrast":0.0,
    "Tip Color":0.10000000149012,
    "Eye socket Bruised/Bright":0.0,
    "Khajiit Pattern Number":0.0,
    "Skin Tint Orange/Blue":-0.10000000149012,
    "Eyebrows Color Intensity":0.66292202472687,
    "Tip Redness":0.5,
    "Root Redness":0.5,
    "Root Color":0.10000000149012,
    "Skin Dark/Light":0.30000001192093,
    "Salt And Pepper":0.0,
    "Eyebrows Redness Intensity":-0.23999999463558,
    "Eyeliner Light/Dark":-0.36000001430511,
    "Eyelids Pale/Red":-0.5799999833107,
    "Cheekbones Flushed/Pale":-0.20000000298023,
    "Eye Socket Dark/Light":0.0,
    "Lipstick Amount":0.0
  },
  "SenescenceLevel":5,
  "Sex":0,
  "Description":"saved from in-game",
  "ModCreator":"animandan",
  "Hair":"/Game/Dev/Phenotypes/Hair/HP_Orc_HR_OneBraid.HP_Orc_HR_OneBraid",
  "Name":"BP_DAMalacathVoice_C",
  "HairColorsL":{
    "0":{
      "A":1.0,
      "B":0.0859379991889,
      "G":0.096546001732349,
      "R":0.125
    }
  },
  "Race":"TESRace /Game/Forms/actors/race/Orc.Orc",
  "Body":"SkeletalMesh /Game/Art/Character/Imperial/SK_Imperial_Body_m.SK_Imperial_Body_m"
}