{
  "ModName":"RaceMenuUtilities",
  "FaceBaseMesh":"/Game/Art/Character/WoodElf/SK_WoodElf_Head_f.SK_WoodElf_Head_f",
  "Author":"Bethesda",
  "Date":"2025-06-04 20:30:56",
  "SkinColorsMapL":{
    "Lipstick Color":{
      "A":1.0,
      "B":1.0,
      "G":1.0,
      "R":1.0
    },
    "Eyeliner Tone":{
      "A":1.0,
      "B":0.21875,
      "G":0.21875,
      "R":0.21875
    },
    "Root DyeColor":{
      "A":1.0,
      "B":1.0,
      "G":1.0,
      "R":1.0
    },
    "Tip DyeColor":{
      "A":1.0,
      "B":1.0,
      "G":1.0,
      "R":1.0
    },
    "Skin Tone":{
      "A":1.0,
      "B":1.0,
      "G":1.0,
      "R":1.0
    }
  },
  "APIVersion":"v2",
  "FaceMorphValuesMap":{
    "Eyes Small / Large":0.68000000715256,
    "Jaw Thin / Wide":-0.89999997615814,
    "Brow Ridge Low / High":0.44999998807907,
    "Chin Retracted / Jutting":-0.049327898770571,
    "Face Thin / Wide":-0.17707519233227,
    "Hair Length":0.0,
    "Chin Backward / Forward":-0.14546851813793,
    "Vampire":0.0,
    "Mouth Underbite / Overbite":-0.14928126335144,
    "Eyes Inward / Outward":-0.80000001192093,
    "Mouth Sad / Happy":-0.024543648585677,
    "Jaw Retracted / Jutting":-0.31768122315407,
    "Nose Flat / Pointed":-0.4515979886055,
    "Chin Recessed / Pronounced":0.37161788344383,
    "Cheeks Gaunt / Round":0.25709024071693,
    "Forehead Back / Forward":-0.18144063651562,
    "Nose Sellion Down / Up":-0.022878671064973,
    "Mouth Deflated / Inflated":-0.11999999731779,
    "Mouth Small / Large":0.14784599840641,
    "Nose Tilt Down / Up":0.0,
    "Nose Short / Long":0.0,
    "Mouth Drawn / Pursed":0.068165831267834,
    "Chin Short / Tall":0.0,
    "Nose Sellion Thin / Wide":0.54000002145767,
    "Jaw Neck Slope Low / High":-0.10362199693918,
    "Cheekbones Shallow / Pronounced":0.084994971752167,
    "Nose Sellion Shallow / Deep":0.0,
    "Mouth Tilt Down / Up":0.28019198775291,
    "Brow / Nose / Chin Ratio":-0.54000002145767,
    "Brow Ridge Outer Down / Up":-0.44999998807907,
    "Chin Small / Large":0.0,
    "Mouth Retracted / Puckered":-0.2545882165432,
    "Chin Thin / Wide":0.0,
    "Nose Nostrils Tilt Down / Up":-0.5096942782402,
    "Face Gaunt / Round":-0.13773317635059,
    "Cheekbones Thin / Wide":0.10689572244883,
    "Forehead / Sellion / Nose Ratio":-0.0060690762475133,
    "Cheekbones Low / High":0.59925365447998,
    "Nose Bridge Short / Long":0.066166281700134,
    "Forehead Short / Tall":0.15846414864063,
    "Nose Bridge Shallow / Deep":0.16911745071411,
    "Mouth Chin Short / Long":-0.24629227817059,
    "Face Light / Heavy":-0.28901201486588,
    "Nose Region Concave / Convex":0.080004192888737,
    "Mouth Retracted / Protruding":-0.39220499992371,
    "Cheeks Concave / Convex":0.36386400461197,
    "Nose Nostrils Small / Large":0.32314392924309,
    "Jaw Concave / Convex":0.80000001192093,
    "Nose Down / Up":-0.52195799350739,
    "Mouth Low / High":-0.37033700942993,
    "Eyes Down / Up":-0.80000001192093,
    "Chin Shallow / Deep":0.0,
    "Eyes Apart / Together":0.74000000953674,
    "Brow Ridge Inner Down / Up":0.40699800848961,
    "Nose Sellion Lower Shallow / Deep":0.0,
    "Nose Nostrils Thin / Wide":-0.75667816400528,
    "Forehead Small / Large":0.27135929465294
  },
  "EyeMaterial":"/Game/Art/Character/Modular/Eyes_WoodElf/MIC_WoodElf_Eyes_Palepurple.MIC_WoodElf_Eyes_Palepurple",
  "HairColorsL":{
    "0":{
      "A":1.0,
      "B":0.061027999967337,
      "G":0.10424599796534,
      "R":0.16145800054073
    }
  },
  "SkinParametersMap":{
    "Complexion":0.0,
    "Freckles":0.0,
    "Ombre Amount":1.0,
    "Root Redness":0.0,
    "Cheek Blush Light/Red":0.2247190028429,
    "Ombre Constrast":0.0,
    "Tip Color":0.17977499961853,
    "Eye socket Bruised/Bright":-0.13857699930668,
    "Eyebrows Color Intensity":0.61423200368881,
    "Tip Redness":0.0,
    "Salt And Pepper":0.0,
    "Eyebrows Redness Intensity":0.0,
    "Khajiit Pattern Number":0.0,
    "Root Color":0.0,
    "Cheekbones Flushed/Pale":0.55430698394775,
    "Eyelids Pale/Red":0.0,
    "Lipstick Amount":0.0
  },
  "SenescenceLevel":0,
  "Sex":1,
  "Description":"saved from in-game",
  "ModCreator":"animandan",
  "ModVersion":"1.1.0",
  "Hair":"/Game/Dev/Phenotypes/Hair/HP_Elf_HR_PonyTail.HP_Elf_HR_PonyTail",
  "Name":"BP_DANamiraForgotten4a_C",
  "Race":"TESRace /Game/Forms/actors/race/WoodElf.WoodElf",
  "Body":"SkeletalMesh /Game/Art/Character/Imperial/SK_Imperial_Body_m.SK_Imperial_Body_m"
}