{
  "Race":"TESRace /Game/Forms/actors/race/DarkElf.DarkElf",
  "FaceBaseMesh":"/Game/Art/Character/DarkElf/SK_DarkElf_Head_m.SK_DarkElf_Head_m",
  "Date":"2025-06-04 18:33:05",
  "HairColorsL":{
    "1":{
      "B":0.061027999967337,
      "G":0.10424599796534,
      "R":0.16145800054073,
      "A":1.0
    },
    "2":{
      "B":0.061027999967337,
      "G":0.10424599796534,
      "R":0.16145800054073,
      "A":1.0
    },
    "0":{
      "B":0.0061369999311864,
      "G":0.010127999819815,
      "R":0.020833000540733,
      "A":1.0
    }
  },
  "SkinParametersMap":{
    "Cheekbones Flushed/Pale":0.87999999523163,
    "Eyelids Pale/Red":0.28000000119209,
    "Skin Tint Purple/Yellow":-0.10000000149012,
    "Lipstick Amount":0.0,
    "Cheek Blush Light/Red":-1.0,
    "Skin Dark/Light":-0.25999999046326,
    "Complexion":0.23999999463558,
    "Salt And Pepper":0.0,
    "Eye Socket Dark/Light":1.0,
    "Eylids Light/Dark":0.47999998927116,
    "Ombre Amount":-0.019999999552965,
    "Freckles":0.63999998569489,
    "Root Color":0.75999999046326,
    "Ombre Constrast":0.0,
    "Eyeliner Light/Dark":-0.83999902009964,
    "Tip Color":0.41999998688698,
    "Eyebrows Redness Intensity":-0.14000000059605,
    "Root Redness":0.28000000119209,
    "Skin Tint Orange/Blue":-0.18000000715256,
    "Eye socket Bruised/Bright":0.66000002622604,
    "Tip Redness":0.5,
    "Eyebrows Color Intensity":0.0
  },
  "Sex":0,
  "FaceMorphValuesMap":{
    "Hair Length":0.0,
    "Vampire":0.0,
    "Nose Sellion Down / Up":0.0,
    "Forehead Back / Forward":0.41999998688698,
    "Mouth Deflated / Inflated":0.54000002145767,
    "Chin Backward / Forward":0.40000000596046,
    "Eyes Apart / Together":0.98000001907349,
    "Nose Tilt Down / Up":0.15999999642372,
    "Mouth Sad / Happy":-0.43999999761581,
    "Brow Ridge Outer Down / Up":-0.27999898791313,
    "Nose Sellion Thin / Wide":0.019999999552965,
    "Nose Short / Long":-0.03999999910593,
    "Nose Sellion Shallow / Deep":0.03999999910593,
    "Brow / Nose / Chin Ratio":0.0,
    "Chin Small / Large":-0.1799989938736,
    "Nose Flat / Pointed":0.18000000715256,
    "Jaw Thin / Wide":0.0,
    "Nose Nostrils Tilt Down / Up":0.18000000715256,
    "Eyes Inward / Outward":0.0,
    "Cheekbones Shallow / Pronounced":0.0,
    "Nose Nostrils Thin / Wide":-0.30000001192093,
    "Chin Shallow / Deep":0.21999999880791,
    "Nose Down / Up":-0.51999998092651,
    "Nose Bridge Short / Long":0.079999998211861,
    "Mouth Tilt Down / Up":0.54000002145767,
    "Chin Thin / Wide":0.36000001430511,
    "Face Light / Heavy":0.30000001192093,
    "Mouth Chin Short / Long":0.019999999552965,
    "Jaw Concave / Convex":0.18000000715256,
    "Brow Ridge Low / High":0.0,
    "Chin Recessed / Pronounced":-0.21999999880791,
    "Cheeks Gaunt / Round":0.51999998092651,
    "Face Thin / Wide":-0.47999998927116,
    "Eyes Down / Up":0.0,
    "Jaw Retracted / Jutting":0.0,
    "Chin Short / Tall":-0.55999898910522,
    "Jaw Neck Slope Low / High":0.0,
    "Nose Bridge Shallow / Deep":0.0,
    "Mouth Retracted / Protruding":-0.079999998211861,
    "Cheekbones Thin / Wide":-0.21999999880791,
    "Mouth Low / High":-0.40000000596046,
    "Mouth Retracted / Puckered":0.0,
    "Mouth Small / Large":-0.89999997615814,
    "Forehead Short / Tall":0.25999999046326,
    "Nose Nostrils Small / Large":-0.6799989938736,
    "Chin Retracted / Jutting":0.31999999284744,
    "Forehead Small / Large":0.28000000119209,
    "Cheekbones Low / High":0.0,
    "Eyes Small / Large":0.0,
    "Cheeks Concave / Convex":0.31999999284744,
    "Brow Ridge Inner Down / Up":0.46000000834465,
    "Nose Sellion Lower Shallow / Deep":-0.19999900460243,
    "Face Gaunt / Round":0.0,
    "Mouth Underbite / Overbite":0.0,
    "Nose Region Concave / Convex":0.21999999880791,
    "Forehead / Sellion / Nose Ratio":-0.30000001192093,
    "Mouth Drawn / Pursed":-0.46000000834465
  },
  "Mustache":"/Game/Dev/Phenotypes/Mustache/HP_DarkElf_MS_Medium.HP_DarkElf_MS_Medium",
  "ModCreator":"animandan",
  "SkinColorsMapL":{
    "Lipstick Color":{
      "B":1.0,
      "G":1.0,
      "R":1.0,
      "A":1.0
    },
    "Tip DyeColor":{
      "B":1.0,
      "G":1.0,
      "R":1.0,
      "A":1.0
    },
    "Root DyeColor":{
      "B":1.0,
      "G":1.0,
      "R":1.0,
      "A":1.0
    },
    "Eyeliner Tone":{
      "B":1.0,
      "G":1.0,
      "R":1.0,
      "A":1.0
    },
    "Skin Tone":{
      "B":1.0,
      "G":1.0,
      "R":1.0,
      "A":1.0
    }
  },
  "ModVersion":"1.1.0",
  "EyeMaterial":"/Game/Art/Character/Modular/Eyes_DarkElf/MIC_DarkElf_Eyes_Red.MIC_DarkElf_Eyes_Red",
  "ModName":"RaceMenuUtilities",
  "Body":"SkeletalMesh /Game/Art/Character/Imperial/SK_Imperial_Body_m.SK_Imperial_Body_m",
  "Description":"saved from in-game",
  "SenescenceLevel":0,
  "APIVersion":"v2",
  "Author":"Bethesda",
  "Hair":"/Game/Dev/Phenotypes/Hair/HP_DarkElf_HR_Mohawk.HP_DarkElf_HR_Mohawk",
  "Beard":"/Game/Dev/Phenotypes/Beard/HP_DarkElf_BD_Goatee.HP_DarkElf_BD_Goatee",
  "Name":"BP_DAMeridiaNecromancer1_C"
}