{
  "Sex":0,
  "HairColorsL":[],
  "EyeMaterial":"/Game/Art/Character/Nord/MIC_Nord_Eye.MIC_Nord_Eye",
  "Author":"Bethesda",
  "Date":"2025-06-04 19:38:04",
  "Description":"saved from in-game",
  "Name":"BP_DANamiraForgotten3_C",
  "ModCreator":"animandan",
  "ModName":"RaceMenuUtilities",
  "FaceBaseMesh":"/Game/Art/Character/Nord/SK_Nord_Head_m.SK_Nord_Head_m",
  "ModVersion":"1.1.0",
  "Body":"SkeletalMesh /Game/Art/Character/Imperial/SK_Imperial_Body_m.SK_Imperial_Body_m",
  "FaceMorphValuesMap":{
    "Nose Nostrils Thin / Wide":0.81999999284744,
    "Forehead / Sellion / Nose Ratio":0.15004499256611,
    "Cheekbones Thin / Wide":-0.095137000083923,
    "Forehead Small / Large":-0.21465979516506,
    "Chin Recessed / Pronounced":-0.18552500009537,
    "Brow / Nose / Chin Ratio":0.37755846977234,
    "Jaw Thin / Wide":-0.27878001332283,
    "Cheeks Gaunt / Round":0.45230999588966,
    "Chin Backward / Forward":-0.35880699753761,
    "Chin Thin / Wide":0.2715460062027,
    "Forehead Short / Tall":-0.28244000673294,
    "Face Thin / Wide":-0.64000099897385,
    "Brow Ridge Inner Down / Up":0.30000001192093,
    "Mouth Underbite / Overbite":0.58171898126602,
    "Mouth Low / High":-0.32463800907135,
    "Vampire":0.0,
    "Face Gaunt / Round":-0.67639297246933,
    "Eyes Small / Large":-0.30000001192093,
    "Mouth Drawn / Pursed":0.27164098620415,
    "Chin Retracted / Jutting":0.34000000357628,
    "Nose Tilt Down / Up":0.0,
    "Mouth Small / Large":-0.69999998807907,
    "Nose Short / Long":0.0,
    "Nose Bridge Shallow / Deep":-0.083540998399258,
    "Nose Sellion Thin / Wide":0.0,
    "Mouth Retracted / Protruding":-0.15511099994183,
    "Nose Sellion Shallow / Deep":-0.14000000059605,
    "Jaw Retracted / Jutting":-0.25178799033165,
    "Nose Sellion Down / Up":-0.41756498813629,
    "Eyes Inward / Outward":0.0,
    "Nose Region Concave / Convex":0.3199990093708,
    "Brow Ridge Outer Down / Up":0.20000000298023,
    "Nose Nostrils Small / Large":0.30000901222229,
    "Eyes Apart / Together":0.81999999284744,
    "Nose Nostrils Tilt Down / Up":-0.34259301424026,
    "Nose Flat / Pointed":0.017372999340296,
    "Mouth Tilt Down / Up":0.15679700672626,
    "Jaw Concave / Convex":0.28456801176071,
    "Mouth Sad / Happy":-0.060001000761986,
    "Cheekbones Shallow / Pronounced":0.42127799987793,
    "Face Light / Heavy":0.15447899699211,
    "Nose Down / Up":-0.10794600099325,
    "Chin Short / Tall":-0.41411200165749,
    "Eyes Down / Up":-0.1326719969511,
    "Cheeks Concave / Convex":0.60000002384186,
    "Nose Bridge Short / Long":0.27523699402809,
    "Mouth Chin Short / Long":0.081988997757435,
    "Nose Sellion Lower Shallow / Deep":0.46000000834465,
    "Mouth Retracted / Puckered":-0.36682200431824,
    "Hair Length":0.0,
    "Mouth Deflated / Inflated":0.37999999523163,
    "Chin Shallow / Deep":0.29883599281311,
    "Jaw Neck Slope Low / High":-0.33375200629234,
    "Brow Ridge Low / High":0.5,
    "Cheekbones Low / High":0.0,
    "Forehead Back / Forward":-0.50801002979279,
    "Chin Small / Large":0.15101499855518
  },
  "Hair":"/Game/Dev/Phenotypes/Hair/HP_Breton_HR_Tonsure.HP_Breton_HR_Tonsure",
  "SenescenceLevel":4,
  "APIVersion":"v2",
  "SkinParametersMap":{
    "Complexion":0.40000000596046,
    "Ombre Constrast":0.18000000715256,
    "Eye socket Bruised/Bright":-0.079999998211861,
    "Root Redness":0.20000000298023,
    "Eyebrows Redness Intensity":0.20000000298023,
    "Root Color":0.62000000476837,
    "Eylids Light/Dark":0.059999998658895,
    "Cheek Blush Light/Red":0.15999999642372,
    "Eyebrows Color Intensity":0.18000000715256,
    "Cheekbones Flushed/Pale":0.11999999731779,
    "Lipstick Amount":0.0,
    "Skin Tint Orange/Blue":-0.03999999910593,
    "Freckles":0.34000000357628,
    "Ombre Amount":-0.31999999284744,
    "Tip Redness":0.079999998211861,
    "Skin Tint Purple/Yellow":0.41999998688698,
    "Eyelids Pale/Red":0.10000000149012,
    "Tip Color":-0.21999999880791,
    "Eyeliner Light/Dark":0.03999999910593,
    "Eye Socket Dark/Light":-0.03999999910593,
    "Salt And Pepper":0.62000000476837,
    "Skin Dark/Light":0.30000001192093
  },
  "Race":"TESRace /Game/Forms/actors/race/Nord.Nord",
  "SkinColorsMapL":{
    "Root DyeColor":{
      "A":1.0,
      "R":1.0,
      "G":1.0,
      "B":1.0
    },
    "Tip DyeColor":{
      "A":1.0,
      "R":1.0,
      "G":1.0,
      "B":1.0
    },
    "Lipstick Color":{
      "A":1.0,
      "R":1.0,
      "G":1.0,
      "B":1.0
    }
  }
}