{
  "Sex":1,
  "HairColorsL":{
    "0":{
      "A":1.0,
      "R":0.021219009533525,
      "G":0.01032982300967,
      "B":0.0060488330200315
    }
  },
  "EyeMaterial":"/Game/Art/Character/Modular/Eyes_WoodElf/MIC_WoodElf_Eyes_Gold.MIC_WoodElf_Eyes_Gold",
  "Author":"Bethesda",
  "Date":"2025-06-04 19:33:47",
  "Description":"saved from in-game",
  "Name":"BP_Dairihill_C",
  "ModCreator":"animandan",
  "ModName":"RaceMenuUtilities",
  "FaceBaseMesh":"/Game/Art/Character/WoodElf/SK_WoodElf_Head_f.SK_WoodElf_Head_f",
  "ModVersion":"1.1.0",
  "Body":"SkeletalMesh /Game/Art/Character/Imperial/SK_Imperial_Body_m.SK_Imperial_Body_m",
  "FaceMorphValuesMap":{
    "Nose Nostrils Thin / Wide":-0.43999999761581,
    "Forehead / Sellion / Nose Ratio":0.0,
    "Cheekbones Thin / Wide":0.0,
    "Forehead Small / Large":0.0,
    "Chin Recessed / Pronounced":0.11999999731779,
    "Brow / Nose / Chin Ratio":0.28000000119209,
    "Jaw Thin / Wide":0.0,
    "Cheeks Gaunt / Round":0.0,
    "Chin Backward / Forward":-0.28000000119209,
    "Chin Thin / Wide":0.0,
    "Forehead Short / Tall":0.060749001801014,
    "Face Thin / Wide":0.0,
    "Brow Ridge Inner Down / Up":0.44999998807907,
    "Mouth Underbite / Overbite":0.0,
    "Mouth Low / High":0.0,
    "Vampire":0.0,
    "Face Gaunt / Round":0.0,
    "Eyes Small / Large":0.0,
    "Mouth Drawn / Pursed":0.0,
    "Chin Retracted / Jutting":-0.03999999910593,
    "Nose Tilt Down / Up":0.0,
    "Mouth Small / Large":0.0,
    "Nose Short / Long":0.0,
    "Nose Bridge Shallow / Deep":0.0,
    "Nose Sellion Thin / Wide":0.0,
    "Mouth Retracted / Protruding":0.0,
    "Nose Sellion Shallow / Deep":0.0,
    "Jaw Retracted / Jutting":0.0,
    "Nose Sellion Down / Up":0.0,
    "Eyes Inward / Outward":0.0,
    "Nose Region Concave / Convex":0.0,
    "Brow Ridge Outer Down / Up":-0.44999998807907,
    "Nose Nostrils Small / Large":0.0,
    "Eyes Apart / Together":0.5,
    "Nose Nostrils Tilt Down / Up":0.0,
    "Nose Flat / Pointed":0.0,
    "Mouth Tilt Down / Up":0.0,
    "Jaw Concave / Convex":0.0,
    "Mouth Sad / Happy":0.9200000166893,
    "Cheekbones Shallow / Pronounced":-0.43999999761581,
    "Face Light / Heavy":-0.20000000298023,
    "Nose Down / Up":0.0,
    "Chin Short / Tall":-0.28000000119209,
    "Eyes Down / Up":0.27999898791313,
    "Cheeks Concave / Convex":0.0,
    "Nose Bridge Short / Long":0.0,
    "Mouth Chin Short / Long":0.0,
    "Nose Sellion Lower Shallow / Deep":0.37999999523163,
    "Mouth Retracted / Puckered":0.0,
    "Hair Length":-1.0,
    "Mouth Deflated / Inflated":0.0,
    "Chin Shallow / Deep":0.0,
    "Jaw Neck Slope Low / High":0.0,
    "Brow Ridge Low / High":0.49000000953674,
    "Cheekbones Low / High":0.0,
    "Forehead Back / Forward":0.0,
    "Chin Small / Large":0.0
  },
  "Hair":"/Game/Dev/Phenotypes/Hair/HP_HR_Loose.HP_HR_Loose",
  "SenescenceLevel":5,
  "APIVersion":"v2",
  "SkinParametersMap":{
    "Complexion":0.0,
    "Ombre Constrast":1.0,
    "Eye socket Bruised/Bright":-0.5999990105629,
    "Root Redness":0.0,
    "Khajiit Pattern Number":0.0,
    "Eyebrows Redness Intensity":1.0,
    "Root Color":0.20973800122738,
    "Eylids Light/Dark":0.69999998807907,
    "Cheek Blush Light/Red":0.65543097257614,
    "Eyebrows Color Intensity":0.60000002384186,
    "Cheekbones Flushed/Pale":0.64044898748398,
    "Lipstick Amount":0.48951300978661,
    "Skin Tint Orange/Blue":0.0,
    "Freckles":-0.56000000238419,
    "Ombre Amount":1.0,
    "Tip Redness":0.0,
    "Skin Tint Purple/Yellow":0.0,
    "Eyelids Pale/Red":0.36000001430511,
    "Tip Color":-0.010111999697983,
    "Eyeliner Light/Dark":0.51999998092651,
    "Eye Socket Dark/Light":-0.43999999761581,
    "Salt And Pepper":0.0,
    "Skin Dark/Light":0.0
  },
  "Race":"TESRace /Game/Forms/actors/race/WoodElf.WoodElf",
  "SkinColorsMapL":{
    "Root DyeColor":{
      "A":1.0,
      "R":1.0,
      "G":1.0,
      "B":1.0
    },
    "Eyeliner Tone":{
      "A":1.0,
      "R":0.28819400072098,
      "G":0.06479399651289,
      "B":0.053036000579596
    },
    "Tip DyeColor":{
      "A":1.0,
      "R":0.51041698455811,
      "G":0.11017899960279,
      "B":0.0052729998715222
    },
    "Skin Tone":{
      "A":1.0,
      "R":0.94791698455811,
      "G":0.85467398166656,
      "B":0.84423798322678
    },
    "Lipstick Color":{
      "A":1.0,
      "R":0.17013899981976,
      "G":0.0,
      "B":0.00074300001142547
    }
  }
}