{
  "Race":"TESRace /Game/Forms/actors/race/DarkElf.DarkElf",
  "FaceBaseMesh":"/Game/Art/Character/DarkElf/SK_DarkElf_Head_m.SK_DarkElf_Head_m",
  "Date":"2025-06-04 18:39:14",
  "HairColorsL":{
    "0":{
      "B":0.0061369999311864,
      "G":0.010127999819815,
      "R":0.020833000540733,
      "A":1.0
    }
  },
  "SkinParametersMap":{
    "Cheekbones Flushed/Pale":0.18000000715256,
    "Eyelids Pale/Red":0.0,
    "Skin Tint Purple/Yellow":-0.14000000059605,
    "Lipstick Amount":0.0,
    "Cheek Blush Light/Red":0.5,
    "Skin Dark/Light":-0.14000000059605,
    "Complexion":0.079999998211861,
    "Salt And Pepper":0.0,
    "Eye Socket Dark/Light":-0.43999999761581,
    "Eylids Light/Dark":0.0,
    "Ombre Amount":0.21999999880791,
    "Freckles":0.62000000476837,
    "Root Color":0.75999999046326,
    "Ombre Constrast":0.15999999642372,
    "Eyeliner Light/Dark":-0.57999902963638,
    "Tip Color":0.30000001192093,
    "Eyebrows Redness Intensity":0.0,
    "Root Redness":0.5,
    "Skin Tint Orange/Blue":0.11999999731779,
    "Eye socket Bruised/Bright":0.54000002145767,
    "Tip Redness":0.14000000059605,
    "Eyebrows Color Intensity":0.0
  },
  "Sex":0,
  "FaceMorphValuesMap":{
    "Hair Length":0.0,
    "Vampire":0.0,
    "Nose Sellion Down / Up":-0.049747109413147,
    "Forehead Back / Forward":-0.44208401441574,
    "Mouth Deflated / Inflated":-0.10178909450769,
    "Chin Backward / Forward":0.46186301112175,
    "Eyes Apart / Together":0.75066101551056,
    "Nose Tilt Down / Up":0.0,
    "Mouth Sad / Happy":-0.27360498905182,
    "Brow Ridge Outer Down / Up":-9.9999999747524e-07,
    "Nose Sellion Thin / Wide":0.0,
    "Nose Short / Long":0.0,
    "Nose Sellion Shallow / Deep":0.0,
    "Brow / Nose / Chin Ratio":-0.01532244682312,
    "Chin Small / Large":0.055509999394417,
    "Nose Flat / Pointed":-0.10016858577728,
    "Jaw Thin / Wide":-0.019999999552965,
    "Nose Nostrils Tilt Down / Up":0.095697812736034,
    "Eyes Inward / Outward":-0.092822216451168,
    "Cheekbones Shallow / Pronounced":-0.51999998092651,
    "Nose Nostrils Thin / Wide":-0.49910399317741,
    "Chin Shallow / Deep":0.42476400732994,
    "Nose Down / Up":-0.15512700378895,
    "Nose Bridge Short / Long":-0.10611189901829,
    "Mouth Tilt Down / Up":0.15569299459457,
    "Chin Thin / Wide":1.0,
    "Face Light / Heavy":0.65548700094223,
    "Mouth Chin Short / Long":0.44394347071648,
    "Jaw Concave / Convex":0.31092900037766,
    "Brow Ridge Low / High":-0.011402999982238,
    "Chin Recessed / Pronounced":-0.1540060043335,
    "Cheeks Gaunt / Round":0.31390899419785,
    "Face Thin / Wide":-0.27576899528503,
    "Eyes Down / Up":-0.02000099979341,
    "Jaw Retracted / Jutting":0.11139660328627,
    "Chin Short / Tall":-0.4731340110302,
    "Jaw Neck Slope Low / High":-0.3052020072937,
    "Nose Bridge Shallow / Deep":0.28040099143982,
    "Mouth Retracted / Protruding":0.22351025044918,
    "Cheekbones Thin / Wide":0.057335998862982,
    "Mouth Low / High":0.31220200657845,
    "Mouth Retracted / Puckered":-0.1165030002594,
    "Mouth Small / Large":-0.5373409986496,
    "Forehead Short / Tall":0.15205800533295,
    "Nose Nostrils Small / Large":-0.25859400629997,
    "Chin Retracted / Jutting":-0.20545400679111,
    "Forehead Small / Large":0.40988799929619,
    "Cheekbones Low / High":0.2257032841444,
    "Eyes Small / Large":-0.19924668967724,
    "Cheeks Concave / Convex":-0.13411399722099,
    "Brow Ridge Inner Down / Up":-0.34327599406242,
    "Nose Sellion Lower Shallow / Deep":0.0,
    "Face Gaunt / Round":-0.10824000090361,
    "Mouth Underbite / Overbite":-0.22723646461964,
    "Nose Region Concave / Convex":-0.041239213198423,
    "Forehead / Sellion / Nose Ratio":0.18795286118984,
    "Mouth Drawn / Pursed":-0.097227998077869
  },
  "Author":"Bethesda",
  "SkinColorsMapL":{
    "Lipstick Color":{
      "B":1.0,
      "G":1.0,
      "R":1.0,
      "A":1.0
    },
    "Tip DyeColor":{
      "B":1.0,
      "G":1.0,
      "R":1.0,
      "A":1.0
    },
    "Root DyeColor":{
      "B":1.0,
      "G":1.0,
      "R":1.0,
      "A":1.0
    },
    "Eyeliner Tone":{
      "B":1.0,
      "G":1.0,
      "R":1.0,
      "A":1.0
    },
    "Skin Tone":{
      "B":1.0,
      "G":1.0,
      "R":1.0,
      "A":1.0
    }
  },
  "ModVersion":"1.1.0",
  "Body":"SkeletalMesh /Game/Art/Character/Imperial/SK_Imperial_Body_m.SK_Imperial_Body_m",
  "Description":"saved from in-game",
  "SenescenceLevel":0,
  "APIVersion":"v2",
  "ModCreator":"animandan",
  "ModName":"RaceMenuUtilities",
  "Hair":"/Game/Dev/Phenotypes/Hair/HP_DarkElf_HR_Mane.HP_DarkElf_HR_Mane",
  "Name":"BP_DAClavicusVoice_C"
}