{
  "Race":"TESRace /Game/Forms/actors/race/DarkElf.DarkElf",
  "FaceBaseMesh":"/Game/Art/Character/DarkElf/SK_DarkElf_Head_f.SK_DarkElf_Head_f",
  "Date":"2025-06-04 18:33:10",
  "HairColorsL":[],
  "SkinParametersMap":{
    "Cheekbones Flushed/Pale":1.0,
    "Eyelids Pale/Red":-0.14000000059605,
    "Skin Tint Purple/Yellow":-0.14000000059605,
    "Lipstick Amount":0.03999999910593,
    "Cheek Blush Light/Red":-0.15999999642372,
    "Skin Dark/Light":0.14000000059605,
    "Complexion":0.079999998211861,
    "Salt And Pepper":0.0,
    "Eye Socket Dark/Light":0.95999997854233,
    "Eylids Light/Dark":-0.23999999463558,
    "Ombre Amount":0.47999998927116,
    "Freckles":-1.0,
    "Root Color":-0.10000000149012,
    "Ombre Constrast":-0.57999902963638,
    "Eyeliner Light/Dark":-0.71999901533127,
    "Tip Color":0.03999999910593,
    "Eyebrows Redness Intensity":-0.65999901294708,
    "Root Redness":0.43999999761581,
    "Skin Tint Orange/Blue":0.079998999834061,
    "Eye socket Bruised/Bright":0.87999999523163,
    "Tip Redness":0.059999998658895,
    "Eyebrows Color Intensity":-0.5999990105629
  },
  "Sex":1,
  "FaceMorphValuesMap":{
    "Hair Length":0.0,
    "Vampire":0.0,
    "Nose Sellion Down / Up":-0.20000100135803,
    "Forehead Back / Forward":0.56000000238419,
    "Mouth Deflated / Inflated":0.15999899804592,
    "Chin Backward / Forward":0.14000000059605,
    "Eyes Apart / Together":0.86000001430511,
    "Nose Tilt Down / Up":0.0,
    "Mouth Sad / Happy":0.69999998807907,
    "Brow Ridge Outer Down / Up":-0.14000000059605,
    "Nose Sellion Thin / Wide":0.43999999761581,
    "Nose Short / Long":-0.10000000149012,
    "Nose Sellion Shallow / Deep":0.0,
    "Brow / Nose / Chin Ratio":-0.51999998092651,
    "Chin Small / Large":0.30000001192093,
    "Nose Flat / Pointed":0.019999999552965,
    "Jaw Thin / Wide":0.62000000476837,
    "Nose Nostrils Tilt Down / Up":0.03999999910593,
    "Eyes Inward / Outward":0.0,
    "Cheekbones Shallow / Pronounced":0.63999998569489,
    "Nose Nostrils Thin / Wide":-0.46000000834465,
    "Chin Shallow / Deep":0.0,
    "Nose Down / Up":-0.37999901175499,
    "Nose Bridge Short / Long":-0.10000000149012,
    "Mouth Tilt Down / Up":-0.46000000834465,
    "Chin Thin / Wide":1.0,
    "Face Light / Heavy":0.03999999910593,
    "Mouth Chin Short / Long":0.019999999552965,
    "Jaw Concave / Convex":0.14000000059605,
    "Brow Ridge Low / High":0.41999998688698,
    "Chin Recessed / Pronounced":-0.079999998211861,
    "Cheeks Gaunt / Round":-0.059999000281096,
    "Face Thin / Wide":0.14000000059605,
    "Eyes Down / Up":0.29999899864197,
    "Jaw Retracted / Jutting":-0.079999998211861,
    "Chin Short / Tall":-0.61999899148941,
    "Jaw Neck Slope Low / High":0.25999999046326,
    "Nose Bridge Shallow / Deep":0.079999998211861,
    "Mouth Retracted / Protruding":-0.18000000715256,
    "Cheekbones Thin / Wide":-0.37999901175499,
    "Mouth Low / High":0.25999999046326,
    "Mouth Retracted / Puckered":0.30000001192093,
    "Mouth Small / Large":-0.5,
    "Forehead Short / Tall":0.36000001430511,
    "Nose Nostrils Small / Large":-0.63999897241592,
    "Chin Retracted / Jutting":0.14000000059605,
    "Forehead Small / Large":0.3199990093708,
    "Cheekbones Low / High":-0.93999999761581,
    "Eyes Small / Large":0.5799999833107,
    "Cheeks Concave / Convex":0.62000000476837,
    "Brow Ridge Inner Down / Up":0.30000001192093,
    "Nose Sellion Lower Shallow / Deep":-0.019999999552965,
    "Face Gaunt / Round":-0.37999901175499,
    "Mouth Underbite / Overbite":0.0,
    "Nose Region Concave / Convex":0.0,
    "Forehead / Sellion / Nose Ratio":-0.31999999284744,
    "Mouth Drawn / Pursed":-0.49999898672104
  },
  "Author":"Bethesda",
  "SkinColorsMapL":{
    "Tip DyeColor":{
      "B":0.0,
      "G":0.0,
      "R":0.0,
      "A":1.0
    },
    "Root DyeColor":{
      "B":0.50288647413254,
      "G":0.50288647413254,
      "R":0.50288647413254,
      "A":1.0
    },
    "Lipstick Color":{
      "B":0.4341536462307,
      "G":0.014443843625486,
      "R":0.0060488330200315,
      "A":1.0
    }
  },
  "ModVersion":"1.1.0",
  "EyeMaterial":"/Game/Art/Character/Modular/MIC_ME_DarkElf.MIC_ME_DarkElf",
  "Body":"SkeletalMesh /Game/Art/Character/Imperial/SK_Imperial_Body_m.SK_Imperial_Body_m",
  "Description":"saved from in-game",
  "SenescenceLevel":6,
  "APIVersion":"v2",
  "ModCreator":"animandan",
  "ModName":"RaceMenuUtilities",
  "Hair":"/Game/Dev/Phenotypes/Hair/HP_Elf_HR_Braid.HP_Elf_HR_Braid",
  "Name":"BP_DAMeridiaNecromancer4_C"
}