{
  "Sex":0,
  "HairColorsL":{
    "1":{
      "A":1.0,
      "R":0.16145800054073,
      "G":0.10424599796534,
      "B":0.061027999967337
    },
    "2":{
      "A":1.0,
      "R":0.16145800054073,
      "G":0.10424599796534,
      "B":0.061027999967337
    },
    "0":{
      "A":1.0,
      "R":0.44520100951195,
      "G":0.29177099466324,
      "B":0.16826899349689
    }
  },
  "EyeMaterial":"/Game/Art/Character/Modular/Eyes_WoodElf/MIC_WoodElf_Eyes_Black.MIC_WoodElf_Eyes_Black",
  "SkinColorsMapL":{
    "Root DyeColor":{
      "A":1.0,
      "R":1.0,
      "G":1.0,
      "B":1.0
    },
    "Eyeliner Tone":{
      "A":1.0,
      "R":1.0,
      "G":1.0,
      "B":1.0
    },
    "Tip DyeColor":{
      "A":1.0,
      "R":1.0,
      "G":1.0,
      "B":1.0
    },
    "Skin Tone":{
      "A":1.0,
      "R":1.0,
      "G":1.0,
      "B":1.0
    },
    "Lipstick Color":{
      "A":1.0,
      "R":1.0,
      "G":1.0,
      "B":1.0
    }
  },
  "Date":"2025-06-04 19:33:35",
  "Description":"saved from in-game",
  "Name":"BP_Daenlin_C",
  "ModCreator":"animandan",
  "ModName":"RaceMenuUtilities",
  "ModVersion":"1.1.0",
  "Mustache":"/Game/Dev/Phenotypes/Mustache/HP_WoodElf_MS_Medium.HP_WoodElf_MS_Medium",
  "Author":"Bethesda",
  "APIVersion":"v2",
  "Body":"SkeletalMesh /Game/Art/Character/Imperial/SK_Imperial_Body_m.SK_Imperial_Body_m",
  "FaceMorphValuesMap":{
    "Nose Nostrils Thin / Wide":0.0,
    "Forehead / Sellion / Nose Ratio":0.0,
    "Cheekbones Thin / Wide":0.059999998658895,
    "Forehead Small / Large":0.89999997615814,
    "Chin Recessed / Pronounced":0.0,
    "Brow / Nose / Chin Ratio":0.0,
    "Jaw Thin / Wide":0.0,
    "Cheeks Gaunt / Round":0.30000001192093,
    "Chin Backward / Forward":0.0,
    "Chin Thin / Wide":-0.46000000834465,
    "Forehead Short / Tall":-0.81999999284744,
    "Face Thin / Wide":0.30000001192093,
    "Brow Ridge Inner Down / Up":-0.47999998927116,
    "Mouth Underbite / Overbite":0.0,
    "Mouth Low / High":0.0,
    "Vampire":0.0,
    "Face Gaunt / Round":0.15999999642372,
    "Eyes Small / Large":-0.86000001430511,
    "Mouth Drawn / Pursed":0.80000001192093,
    "Chin Retracted / Jutting":0.0,
    "Nose Tilt Down / Up":0.0,
    "Mouth Small / Large":0.98000001907349,
    "Nose Short / Long":0.15999999642372,
    "Nose Bridge Shallow / Deep":0.0,
    "Nose Sellion Thin / Wide":0.0,
    "Mouth Retracted / Protruding":0.0,
    "Nose Sellion Shallow / Deep":0.56000000238419,
    "Jaw Retracted / Jutting":0.0,
    "Nose Sellion Down / Up":0.0,
    "Eyes Inward / Outward":0.0,
    "Nose Region Concave / Convex":0.0,
    "Brow Ridge Outer Down / Up":-0.44999998807907,
    "Nose Nostrils Small / Large":0.0,
    "Eyes Apart / Together":0.87999999523163,
    "Nose Nostrils Tilt Down / Up":0.0,
    "Nose Flat / Pointed":0.0,
    "Mouth Tilt Down / Up":-0.21999999880791,
    "Jaw Concave / Convex":0.87999999523163,
    "Mouth Sad / Happy":0.37999999523163,
    "Cheekbones Shallow / Pronounced":-0.16000099480152,
    "Face Light / Heavy":0.62000000476837,
    "Nose Down / Up":0.0,
    "Chin Short / Tall":-1.0,
    "Eyes Down / Up":-0.69999897480011,
    "Cheeks Concave / Convex":0.0,
    "Nose Bridge Short / Long":0.0,
    "Mouth Chin Short / Long":0.0,
    "Nose Sellion Lower Shallow / Deep":-0.15999999642372,
    "Mouth Retracted / Puckered":0.0,
    "Hair Length":0.0,
    "Mouth Deflated / Inflated":-0.95999902486801,
    "Chin Shallow / Deep":0.0,
    "Jaw Neck Slope Low / High":0.0,
    "Brow Ridge Low / High":-0.46000000834465,
    "Cheekbones Low / High":0.0,
    "Forehead Back / Forward":0.0,
    "Chin Small / Large":-0.63999998569489
  },
  "Hair":"/Game/Dev/Phenotypes/Hair/HP_Breton_HR_Tonsure.HP_Breton_HR_Tonsure",
  "Beard":"/Game/Dev/Phenotypes/Beard/HP_WoodElf_BD_Goatee.HP_WoodElf_BD_Goatee",
  "SkinParametersMap":{
    "Complexion":0.0,
    "Ombre Constrast":0.0,
    "Eye socket Bruised/Bright":0.0,
    "Root Redness":0.0,
    "Khajiit Pattern Number":0.0,
    "Eyebrows Redness Intensity":0.0,
    "Root Color":0.0,
    "Cheek Blush Light/Red":0.0,
    "Eyebrows Color Intensity":0.7790259718895,
    "Cheekbones Flushed/Pale":0.0,
    "Lipstick Amount":0.0,
    "Tip Redness":0.0,
    "Eyelids Pale/Red":0.0,
    "Tip Color":0.10000000149012,
    "Ombre Amount":1.0,
    "Salt And Pepper":0.0,
    "Freckles":0.0
  },
  "FaceBaseMesh":"/Game/Art/Character/WoodElf/SK_WoodElf_Head_m.SK_WoodElf_Head_m",
  "Race":"TESRace /Game/Forms/actors/race/WoodElf.WoodElf",
  "SenescenceLevel":6
}