{
  "APIVersion":"v2",
  "SkinParametersMap":{
    "Tip Color":-0.54000002145767,
    "Ombre Constrast":-0.11999999731779,
    "Complexion":0.46996301412582,
    "Ombre Amount":0.03999999910593,
    "Lipstick Amount":0.0099999997764826,
    "Salt And Pepper":0.0,
    "Skin Dark/Light":0.0,
    "Root Redness":0.5,
    "Eye socket Bruised/Bright":-0.079999998211861,
    "Freckles":-0.34000000357628,
    "Eyeliner Light/Dark":0.43999999761581,
    "Eyebrows Redness Intensity":0.0,
    "Eye Socket Dark/Light":0.15999999642372,
    "Eyebrows Color Intensity":0.0,
    "Root Color":-0.40000000596046,
    "Cheek Blush Light/Red":-0.83999902009964,
    "Eylids Light/Dark":0.34000000357628,
    "Skin Tint Orange/Blue":0.0,
    "Tip Redness":9.9999997473788e-06,
    "Cheekbones Flushed/Pale":1.0,
    "Eyelids Pale/Red":0.5,
    "Skin Tint Purple/Yellow":0.14000000059605
  },
  "Author":"Bethesda",
  "Race":"TESRace /Game/Forms/actors/race/HighElf.HighElf",
  "HairColorsL":{
    "0":{
      "R":0.44520118832588,
      "G":0.29177063703537,
      "B":0.16826939582825,
      "A":1.0
    }
  },
  "Body":"SkeletalMesh /Game/Art/Character/Imperial/SK_Imperial_Body_m.SK_Imperial_Body_m",
  "Date":"2025-06-04 19:28:21",
  "SkinColorsMapL":{
    "Root DyeColor":{
      "R":0.23839756846428,
      "G":0.012286487966776,
      "B":0.004776953253895,
      "A":1.0
    },
    "Eyeliner Tone":{
      "R":0.80695223808289,
      "G":0.41788506507874,
      "B":0.35640013217926,
      "A":1.0
    },
    "Lipstick Color":{
      "R":1.0,
      "G":1.0,
      "B":1.0,
      "A":1.0
    },
    "Skin Tone":{
      "R":1.0,
      "G":1.0,
      "B":1.0,
      "A":1.0
    },
    "Tip DyeColor":{
      "R":0.23839756846428,
      "G":0.012286487966776,
      "B":0.004776953253895,
      "A":1.0
    }
  },
  "ModCreator":"animandan",
  "Sex":1,
  "ModName":"RaceMenuUtilities",
  "EyeMaterial":"/Game/Art/Character/Modular/Eyes_HighElf/MIC_HighElf_Eyes_Darkbrown.MIC_HighElf_Eyes_Darkbrown",
  "ModVersion":"1.1.0",
  "FaceBaseMesh":"/Game/Art/Character/HighElf/SK_HighElf_Head_f.SK_HighElf_Head_f",
  "Hair":"/Game/Dev/Phenotypes/Hair/HP_HighElf_HR_Bun.HP_HighElf_HR_Bun",
  "Description":"saved from in-game",
  "SenescenceLevel":7,
  "FaceMorphValuesMap":{
    "Face Gaunt / Round":0.03999999910593,
    "Nose Short / Long":0.0,
    "Nose Tilt Down / Up":0.0,
    "Mouth Sad / Happy":-0.40000000596046,
    "Mouth Retracted / Protruding":0.36000001430511,
    "Chin Short / Tall":-0.23999999463558,
    "Cheekbones Low / High":0.0,
    "Nose Nostrils Tilt Down / Up":0.43999999761581,
    "Mouth Deflated / Inflated":-0.23999899625778,
    "Hair Length":0.0,
    "Nose Sellion Shallow / Deep":0.0,
    "Chin Shallow / Deep":0.0,
    "Jaw Concave / Convex":0.60000002384186,
    "Brow Ridge Low / High":0.5,
    "Chin Recessed / Pronounced":0.0,
    "Mouth Tilt Down / Up":0.0,
    "Nose Sellion Thin / Wide":0.0,
    "Cheeks Gaunt / Round":0.20000000298023,
    "Nose Sellion Lower Shallow / Deep":0.66000002622604,
    "Nose Sellion Down / Up":0.0,
    "Cheeks Concave / Convex":0.36000001430511,
    "Nose Region Concave / Convex":0.0,
    "Eyes Inward / Outward":0.30000001192093,
    "Nose Nostrils Thin / Wide":0.15999999642372,
    "Brow Ridge Inner Down / Up":0.43999999761581,
    "Eyes Apart / Together":0.93999999761581,
    "Mouth Underbite / Overbite":0.0,
    "Chin Retracted / Jutting":-0.65999901294708,
    "Brow / Nose / Chin Ratio":0.31999999284744,
    "Nose Bridge Short / Long":0.0,
    "Mouth Low / High":-0.059999998658895,
    "Forehead Small / Large":0.079999998211861,
    "Nose Bridge Shallow / Deep":0.0,
    "Eyes Small / Large":0.63999998569489,
    "Forehead / Sellion / Nose Ratio":-0.10000000149012,
    "Mouth Chin Short / Long":-0.37999999523163,
    "Forehead Short / Tall":0.56000000238419,
    "Eyes Down / Up":0.0,
    "Vampire":0.0,
    "Mouth Retracted / Puckered":0.0,
    "Jaw Retracted / Jutting":0.0,
    "Mouth Drawn / Pursed":-0.10000000149012,
    "Cheekbones Thin / Wide":-0.47999900579453,
    "Nose Down / Up":-0.51999998092651,
    "Jaw Neck Slope Low / High":0.20000100135803,
    "Chin Thin / Wide":0.15999999642372,
    "Cheekbones Shallow / Pronounced":-0.36000001430511,
    "Nose Nostrils Small / Large":-0.30000001192093,
    "Nose Flat / Pointed":-0.37999999523163,
    "Face Thin / Wide":-0.14000000059605,
    "Chin Backward / Forward":0.019999999552965,
    "Face Light / Heavy":0.34000000357628,
    "Mouth Small / Large":-0.29999899864197,
    "Forehead Back / Forward":0.0,
    "Jaw Thin / Wide":0.5,
    "Brow Ridge Outer Down / Up":-0.47999998927116,
    "Chin Small / Large":0.41999998688698
  },
  "Name":"BP_DABoethiaChosen04_C"
}