<?xml version="1.0" encoding="UTF-8"?>
<sagPlayerInputFile>
	<sagPlayerInput Name="Foot">
	
		<sagPlayerMapper Name="Eastwood">
			<Map Value="BumpTgt" Source="IOMS_PAD_DIGITALBUTTON" Parameter="R3" Port="-1" Inverted="F"/>
			<Map Value="CamX" Source="IOMS_PAD_AXIS" Parameter="IOM_AXIS_RX" Port="-1" Inverted="F"/>
			<Map Value="CamY" Source="IOMS_PAD_AXIS" Parameter="IOM_AXIS_RY" Port="-1" Inverted="F"/>
      		<Map Value="Cover" Source="IOMS_PAD_DIGITALBUTTON" Parameter="R1" Port="-1" Inverted="F"/>
			<Map Value="Crouch" Source="IOMS_PAD_DIGITALBUTTON" Parameter="L3" Port="-1" Inverted="F"/>
			<Map Value="DeadEyePaint" Source="IOMS_PAD_DIGITALBUTTON" Parameter="R1" Port="-1" Inverted="F"/>
			<Map Value="FastAim" Source="IOMS_PAD_DIGITALBUTTON" Parameter="R3" Port="-1" Inverted="F"/>
			<Map Value="Fire" Source="IOMS_PAD_ANALOGBUTTON" Parameter="ANALOG_R2" Port="-1" Inverted="F"/>
			<Map Value="Inventory" Source="IOMS_PAD_DIGITALBUTTON" Parameter="L1" Port="-1" Inverted="F"/>
			<Map Value="Jump" Source="IOMS_PAD_DIGITALBUTTON" Parameter="RLEFT" Port="-1" Inverted="F"/>
			<Map Value="Melee" Source="IOMS_PAD_DIGITALBUTTON" Parameter="R2" Port="-1" Inverted="F"/>
			<Map Value="MoveX" Source="IOMS_PAD_AXIS" Parameter="IOM_AXIS_LX" Port="-1" Inverted="F"/>
			<Map Value="MoveY" Source="IOMS_PAD_AXIS" Parameter="IOM_AXIS_LY" Port="-1" Inverted="F"/>
			<Map Value="Pause" Source="IOMS_PAD_DIGITALBUTTON" Parameter="START" Port="-1" Inverted="F"/>
			<Map Value="Reload" Source="IOMS_PAD_DIGITALBUTTON" Parameter="RDOWN" Port="-1" Inverted="F"/>
			<Map Value="Roll" Source="IOMS_PAD_DIGITALBUTTON" Parameter="RLEFT" Port="-1" Inverted="F"/>
			<Map Value="SixAxisX" Source="IOMS_PAD_AXIS" Parameter="IOM_AXIS_SIXAXIS_X" Port="-1" Inverted="F"/>
			<Map Value="SixAxisY" Source="IOMS_PAD_AXIS" Parameter="IOM_AXIS_SIXAXIS_Y" Port="-1" Inverted="F"/>
			<Map Value="SixAxisZ" Source="IOMS_PAD_AXIS" Parameter="IOM_AXIS_SIXAXIS_Z" Port="-1" Inverted="F"/>
			<Map Value="SixAxisG" Source="IOMS_PAD_AXIS" Parameter="IOM_AXIS_SIXAXIS_G" Port="-1" Inverted="F"/>
			<Map Value="Sprint" Source="IOMS_PAD_DIGITALBUTTON" Parameter="RRIGHT" Port="-1" Inverted="F"/>
			<Map Value="Target" Source="IOMS_PAD_ANALOGBUTTON" Parameter="ANALOG_L2" Port="-1" Inverted="F"/>
			<Map Value="Use" Source="IOMS_PAD_DIGITALBUTTON" Parameter="RUP" Port="-1" Inverted="F"/>
			<Map Value="Whistle" Source="IOMS_PAD_DIGITALBUTTON" Parameter="LUP" Port="-1" Inverted="F"/>
			<Map Value="WpnSpecial" Source="IOMS_PAD_DIGITALBUTTON" Parameter="R3" Port="-1" Inverted="F"/>
   		</sagPlayerMapper>
		
    	<sagPlayerMapper Name="EastwoodIsOld">
			<Map Value="BumpTgt" Source="IOMS_PAD_DIGITALBUTTON" Parameter="R3" Port="-1" Inverted="F"/>
			<Map Value="CamX" Source="IOMS_PAD_AXIS" Parameter="IOM_AXIS_RX" Port="-1" Inverted="F"/>
			<Map Value="CamY" Source="IOMS_PAD_AXIS" Parameter="IOM_AXIS_RY" Port="-1" Inverted="F"/>
			<Map Value="ConvDn" Source="IOMS_PAD_DIGITALBUTTON" Parameter="LDOWN" Port="-1" Inverted="F"/>
			<Map Value="ConvLt" Source="IOMS_PAD_DIGITALBUTTON" Parameter="LLEFT" Port="-1" Inverted="F"/>
			<Map Value="ConvRt" Source="IOMS_PAD_DIGITALBUTTON" Parameter="LRIGHT" Port="-1" Inverted="F"/>
			<Map Value="ConvUp" Source="IOMS_PAD_DIGITALBUTTON" Parameter="LUP" Port="-1" Inverted="F"/>
			<Map Value="Cover" Source="IOMS_PAD_DIGITALBUTTON" Parameter="R1" Port="-1" Inverted="F"/>
			<Map Value="Crouch" Source="IOMS_PAD_DIGITALBUTTON" Parameter="L3" Port="-1" Inverted="F"/>
			<Map Value="DeadEyePaint" Source="IOMS_PAD_DIGITALBUTTON" Parameter="R1" Port="-1" Inverted="F"/>
      		<Map Value="FastAim" Source="IOMS_PAD_DIGITALBUTTON" Parameter="R3" Port="-1" Inverted="F"/>
			<Map Value="Fire" Source="IOMS_PAD_ANALOGBUTTON" Parameter="ANALOG_R2" Port="-1" Inverted="F"/>
			<Map Value="Inventory" Source="IOMS_PAD_DIGITALBUTTON" Parameter="L1" Port="-1" Inverted="F"/>
			<Map Value="Jump" Source="IOMS_PAD_DIGITALBUTTON" Parameter="RLEFT" Port="-1" Inverted="F"/>
			<Map Value="Melee" Source="IOMS_PAD_DIGITALBUTTON" Parameter="R2" Port="-1" Inverted="F"/>
			<Map Value="MoveX" Source="IOMS_PAD_AXIS" Parameter="IOM_AXIS_LX" Port="-1" Inverted="F"/>
			<Map Value="MoveY" Source="IOMS_PAD_AXIS" Parameter="IOM_AXIS_LY" Port="-1" Inverted="F"/>
			<Map Value="Pause" Source="IOMS_PAD_DIGITALBUTTON" Parameter="START" Port="-1" Inverted="F"/>
			<Map Value="Reload" Source="IOMS_PAD_DIGITALBUTTON" Parameter="RDOWN" Port="-1" Inverted="F"/>
			<Map Value="Roll" Source="IOMS_PAD_DIGITALBUTTON" Parameter="RLEFT" Port="-1" Inverted="F"/>
		    <Map Value="SixAxisX" Source="IOMS_PAD_AXIS" Parameter="IOM_AXIS_SIXAXIS_X" Port="-1" Inverted="F"/>
		    <Map Value="SixAxisY" Source="IOMS_PAD_AXIS" Parameter="IOM_AXIS_SIXAXIS_Y" Port="-1" Inverted="F"/>
		    <Map Value="SixAxisZ" Source="IOMS_PAD_AXIS" Parameter="IOM_AXIS_SIXAXIS_Z" Port="-1" Inverted="F"/>
		    <Map Value="SixAxisG" Source="IOMS_PAD_AXIS" Parameter="IOM_AXIS_SIXAXIS_G" Port="-1" Inverted="F"/>
			<Map Value="Sprint" Source="IOMS_PAD_DIGITALBUTTON" Parameter="RRIGHT" Port="-1" Inverted="F"/>
			<Map Value="Use" Source="IOMS_PAD_DIGITALBUTTON" Parameter="RUP" Port="-1" Inverted="F"/>
      		<Map Value="Whistle" Source="IOMS_PAD_DIGITALBUTTON" Parameter="LUP" Port="-1" Inverted="F"/>
			<Map Value="WpnSpecial" Source="IOMS_PAD_DIGITALBUTTON" Parameter="R3" Port="-1" Inverted="F"/>
		</sagPlayerMapper>
		
		<sagPlayerMapper Name="VanCleef">
			<Map Value="BumpTgt" Source="IOMS_PAD_DIGITALBUTTON" Parameter="R3" Port="-1" Inverted="F"/>
			<Map Value="CamX" Source="IOMS_PAD_AXIS" Parameter="IOM_AXIS_RX" Port="-1" Inverted="F"/>
			<Map Value="CamY" Source="IOMS_PAD_AXIS" Parameter="IOM_AXIS_RY" Port="-1" Inverted="F"/>
			<Map Value="ConvDn" Source="IOMS_PAD_DIGITALBUTTON" Parameter="LDOWN" Port="-1" Inverted="F"/>
			<Map Value="ConvLt" Source="IOMS_PAD_DIGITALBUTTON" Parameter="LLEFT" Port="-1" Inverted="F"/>
			<Map Value="ConvRt" Source="IOMS_PAD_DIGITALBUTTON" Parameter="LRIGHT" Port="-1" Inverted="F"/>
			<Map Value="ConvUp" Source="IOMS_PAD_DIGITALBUTTON" Parameter="LUP" Port="-1" Inverted="F"/>
      		<Map Value="Cover" Source="IOMS_PAD_DIGITALBUTTON" Parameter="R1" Port="-1" Inverted="F"/>
			<Map Value="Crouch" Source="IOMS_PAD_DIGITALBUTTON" Parameter="L3" Port="-1" Inverted="F"/>
     	 	<Map Value="DeadEyePaint" Source="IOMS_PAD_DIGITALBUTTON" Parameter="R1" Port="-1" Inverted="F"/>
			<Map Value="FastAim" Source="IOMS_PAD_DIGITALBUTTON" Parameter="R3" Port="-1" Inverted="F"/>
			<Map Value="Fire" Source="IOMS_PAD_ANALOGBUTTON" Parameter="ANALOG_R2" Port="-1" Inverted="F"/>
			<Map Value="Inventory" Source="IOMS_PAD_DIGITALBUTTON" Parameter="L1" Port="-1" Inverted="F"/>
			<Map Value="Jump" Source="IOMS_PAD_DIGITALBUTTON" Parameter="RLEFT" Port="-1" Inverted="F"/>
			<Map Value="Melee" Source="IOMS_PAD_DIGITALBUTTON" Parameter="R3" Port="-1" Inverted="F"/>
			<Map Value="MoveX" Source="IOMS_PAD_AXIS" Parameter="IOM_AXIS_LX" Port="-1" Inverted="F"/>
			<Map Value="MoveY" Source="IOMS_PAD_AXIS" Parameter="IOM_AXIS_LY" Port="-1" Inverted="F"/>
			<Map Value="Pause" Source="IOMS_PAD_DIGITALBUTTON" Parameter="START" Port="-1" Inverted="F"/>
			<Map Value="Reload" Source="IOMS_PAD_DIGITALBUTTON" Parameter="RLEFT" Port="-1" Inverted="F"/>
			<Map Value="Roll" Source="IOMS_PAD_DIGITALBUTTON" Parameter="RLEFT" Port="-1" Inverted="F"/>
		    <Map Value="SixAxisX" Source="IOMS_PAD_AXIS" Parameter="IOM_AXIS_SIXAXIS_X" Port="-1" Inverted="F"/>
		    <Map Value="SixAxisY" Source="IOMS_PAD_AXIS" Parameter="IOM_AXIS_SIXAXIS_Y" Port="-1" Inverted="F"/>
		    <Map Value="SixAxisZ" Source="IOMS_PAD_AXIS" Parameter="IOM_AXIS_SIXAXIS_Z" Port="-1" Inverted="F"/>
		    <Map Value="SixAxisG" Source="IOMS_PAD_AXIS" Parameter="IOM_AXIS_SIXAXIS_G" Port="-1" Inverted="F"/>
			<Map Value="Sprint" Source="IOMS_PAD_DIGITALBUTTON" Parameter="RRIGHT" Port="-1" Inverted="F"/>
			<Map Value="Target" Source="IOMS_PAD_ANALOGBUTTON" Parameter="ANALOG_L2" Port="-1" Inverted="F"/>
			<Map Value="Use" Source="IOMS_PAD_DIGITALBUTTON" Parameter="RUP" Port="-1" Inverted="F"/>
      		<Map Value="Whistle" Source="IOMS_PAD_DIGITALBUTTON" Parameter="LUP" Port="-1" Inverted="F"/>
      		<Map Value="WpnSpecial" Source="IOMS_PAD_DIGITALBUTTON" Parameter="L1" Port="-1" Inverted="F"/>
    	</sagPlayerMapper>
		
    	<sagPlayerMapper Name="Wallach">
			<Map Value="BumpTgt" Source="IOMS_PAD_DIGITALBUTTON" Parameter="R3" Port="-1" Inverted="F"/>
			<Map Value="CamX" Source="IOMS_PAD_AXIS" Parameter="IOM_AXIS_RX" Port="-1" Inverted="F"/>
			<Map Value="CamY" Source="IOMS_PAD_AXIS" Parameter="IOM_AXIS_RY" Port="-1" Inverted="F"/>
			<Map Value="ConvDn" Source="IOMS_PAD_DIGITALBUTTON" Parameter="LDOWN" Port="-1" Inverted="F"/>
			<Map Value="ConvLt" Source="IOMS_PAD_DIGITALBUTTON" Parameter="LLEFT" Port="-1" Inverted="F"/>
			<Map Value="ConvRt" Source="IOMS_PAD_DIGITALBUTTON" Parameter="LRIGHT" Port="-1" Inverted="F"/>
			<Map Value="ConvUp" Source="IOMS_PAD_DIGITALBUTTON" Parameter="LUP" Port="-1" Inverted="F"/>
			<Map Value="Cover" Source="IOMS_PAD_DIGITALBUTTON" Parameter="R1" Port="-1" Inverted="F"/>
			<Map Value="Crouch" Source="IOMS_PAD_DIGITALBUTTON" Parameter="L3" Port="-1" Inverted="F"/>
			<Map Value="DeadEyePaint" Source="IOMS_PAD_DIGITALBUTTON" Parameter="R1" Port="-1" Inverted="F"/>
			<Map Value="FastAim" Source="IOMS_PAD_DIGITALBUTTON" Parameter="R3" Port="-1" Inverted="F"/>
			<Map Value="Fire" Source="IOMS_PAD_ANALOGBUTTON" Parameter="ANALOG_R2" Port="-1" Inverted="F"/>
			<Map Value="Inventory" Source="IOMS_PAD_DIGITALBUTTON" Parameter="L1" Port="-1" Inverted="F"/>
			<Map Value="Jump" Source="IOMS_PAD_DIGITALBUTTON" Parameter="RRIGHT" Port="-1" Inverted="F"/>
			<Map Value="Melee" Source="IOMS_PAD_DIGITALBUTTON" Parameter="R3" Port="-1" Inverted="F"/>
			<Map Value="MoveX" Source="IOMS_PAD_AXIS" Parameter="IOM_AXIS_LX" Port="-1" Inverted="F"/>
			<Map Value="MoveY" Source="IOMS_PAD_AXIS" Parameter="IOM_AXIS_LY" Port="-1" Inverted="F"/>
			<Map Value="Pause" Source="IOMS_PAD_DIGITALBUTTON" Parameter="START" Port="-1" Inverted="F"/>
			<Map Value="Reload" Source="IOMS_PAD_DIGITALBUTTON" Parameter="RLEFT" Port="-1" Inverted="F"/>
			<Map Value="Roll" Source="IOMS_PAD_DIGITALBUTTON" Parameter="RLEFT" Port="-1" Inverted="F"/>
			<Map Value="SixAxisX" Source="IOMS_PAD_AXIS" Parameter="IOM_AXIS_SIXAXIS_X" Port="-1" Inverted="F"/>
			<Map Value="SixAxisY" Source="IOMS_PAD_AXIS" Parameter="IOM_AXIS_SIXAXIS_Y" Port="-1" Inverted="F"/>
			<Map Value="SixAxisZ" Source="IOMS_PAD_AXIS" Parameter="IOM_AXIS_SIXAXIS_Z" Port="-1" Inverted="F"/>
			<Map Value="SixAxisG" Source="IOMS_PAD_AXIS" Parameter="IOM_AXIS_SIXAXIS_G" Port="-1" Inverted="F"/>
			<Map Value="Sprint" Source="IOMS_PAD_DIGITALBUTTON" Parameter="L1" Port="-1" Inverted="F"/>
			<Map Value="Target" Source="IOMS_PAD_ANALOGBUTTON" Parameter="ANALOG_L2" Port="-1" Inverted="F"/>
			<Map Value="Use" Source="IOMS_PAD_DIGITALBUTTON" Parameter="RUP" Port="-1" Inverted="F"/>
			<Map Value="Whistle" Source="IOMS_PAD_DIGITALBUTTON" Parameter="LUP" Port="-1" Inverted="F"/>
			<Map Value="WpnSpecial" Source="IOMS_PAD_DIGITALBUTTON" Parameter="RDOWN" Port="-1" Inverted="F"/>
		</sagPlayerMapper>
		
		<!-- unlike the 3 above, THIS one is actually used-->
		<sagPlayerMapper Name="MP_Standoff">
			<Map Value="Target" Source="IOMS_PAD_ANALOGBUTTON" Parameter="ANALOG_L2" Port="-1" Inverted="F"/>
			<Map Value="CamX" Source="IOMS_PAD_AXIS" Parameter="IOM_AXIS_RX" Port="-1" Inverted="F"/>
			<Map Value="CamY" Source="IOMS_PAD_AXIS" Parameter="IOM_AXIS_RY" Port="-1" Inverted="F"/>
			<Map Value="MoveX" Source="IOMS_PAD_AXIS" Parameter="IOM_AXIS_LX" Port="-1" Inverted="F"/>
			<Map Value="MoveY" Source="IOMS_PAD_AXIS" Parameter="IOM_AXIS_LY" Port="-1" Inverted="F"/>
			<Map Value="Pause" Source="IOMS_PAD_DIGITALBUTTON" Parameter="START" Port="-1" Inverted="F"/>
			<Map Value="SixAxisX" Source="IOMS_PAD_AXIS" Parameter="IOM_AXIS_SIXAXIS_X" Port="-1" Inverted="F"/>
			<Map Value="SixAxisY" Source="IOMS_PAD_AXIS" Parameter="IOM_AXIS_SIXAXIS_Y" Port="-1" Inverted="F"/>
			<Map Value="SixAxisZ" Source="IOMS_PAD_AXIS" Parameter="IOM_AXIS_SIXAXIS_Z" Port="-1" Inverted="F"/>
			<Map Value="SixAxisG" Source="IOMS_PAD_AXIS" Parameter="IOM_AXIS_SIXAXIS_G" Port="-1" Inverted="F"/>
    	</sagPlayerMapper>

		<!-- these are used in Merchant02-->
		<sagPlayerMapper Name="Merchant02">
			<Map Value="CamX" Source="IOMS_PAD_AXIS" Parameter="IOM_AXIS_RX" Port="-1" Inverted="F"/>
			<Map Value="CamY" Source="IOMS_PAD_AXIS" Parameter="IOM_AXIS_RY" Port="-1" Inverted="F"/>
			<Map Value="Target" Source="IOMS_PAD_ANALOGBUTTON" Parameter="ANALOG_L2" Port="-1" Inverted="F"/>
			<Map Value="Fire" Source="IOMS_PAD_ANALOGBUTTON" Parameter="ANALOG_R2" Port="-1" Inverted="F"/>
			<Map Value="Pause" Source="IOMS_PAD_DIGITALBUTTON" Parameter="START" Port="-1" Inverted="F"/>
			<Map Value="Inventory" Source="IOMS_PAD_DIGITALBUTTON" Parameter="L1" Port="-1" Inverted="F"/>
			<Map Value="Reload" Source="IOMS_PAD_DIGITALBUTTON" Parameter="RDOWN" Port="-1" Inverted="F"/>
			<Map Value="DeadEyePaint" Source="IOMS_PAD_DIGITALBUTTON" Parameter="R1" Port="-1" Inverted="F"/>
			<Map Value="WpnSpecial" Source="IOMS_PAD_DIGITALBUTTON" Parameter="R3" Port="-1" Inverted="F"/>
			<Map Value="BumpTgt" Source="IOMS_PAD_DIGITALBUTTON" Parameter="R3" Port="-1" Inverted="F"/>
			<Map Value="FastAim" Source="IOMS_PAD_DIGITALBUTTON" Parameter="R3" Port="-1" Inverted="F"/>
		</sagPlayerMapper>
	
	</sagPlayerInput>
</sagPlayerInputFile>

