<?xml version="1.0" encoding="utf-8"?>
<sagPlayerInputFile>
  <sagPlayerInput Name="Config1">
    <sagPlayerMapper Name="Boat">
      <Map Value="Exit" Source="IOMS_PAD_DIGITALBUTTON" Parameter="RUP" Port="-1" Inverted="F"/>
      <Map Value="Melee" Source="IOMS_PAD_DIGITALBUTTON" Parameter="RDOWN" Port="-1" Inverted="F"/>
      <Map Value="PaddleBackward" Source="IOMS_PAD_DIGITALBUTTON" Parameter="RDOWN" Port="-1" Inverted="F"/>
      <Map Value="PaddleForward" Source="IOMS_PAD_DIGITALBUTTON" Parameter="RRIGHT" Port="-1" Inverted="F"/>
      <Map Value="SteerX" Source="IOMS_PAD_AXIS" Parameter="IOM_AXIS_LX" Port="-1" Inverted="F"/>
      <Map Value="SteerY" Source="IOMS_PAD_AXIS" Parameter="IOM_AXIS_LY" Port="-1" Inverted="F"/>
      <Map Value="Target" Source="IOMS_PAD_ANALOGBUTTON" Parameter="ANALOG_L2" Port="-1" Inverted="F"/>
      <Map Value="WeaponFire" Source="IOMS_PAD_ANALOGBUTTON" Parameter="ANALOG_R2" Port="-1" Inverted="F"/>
      <Map Value="WeaponMenu" Source="IOMS_PAD_DIGITALBUTTON" Parameter="L2" Port="-1" Inverted="F"/>
      <Map Value="WeaponReload" Source="IOMS_PAD_DIGITALBUTTON" Parameter="R1" Port="-1" Inverted="F"/>
      <Map Value="WeaponSpecial" Source="IOMS_PAD_DIGITALBUTTON" Parameter="R3" Port="-1" Inverted="F"/>
    </sagPlayerMapper>
  </sagPlayerInput>
</sagPlayerInputFile>

