<?xml version="1.0" encoding="UTF-8"?>
<sagPlayerInputFile>
	<sagPlayerInput Name="Config1">
		<sagPlayerMapper Name="Horse">
      <Map Value="DeadEyePaint" Source="IOMS_PAD_DIGITALBUTTON" Parameter="R1" Port="-1" Inverted="F"/>
			<Map Value="Dismount" Source="IOMS_PAD_DIGITALBUTTON" Parameter="RUP" Port="-1" Inverted="F"/>
			<Map Value="Fire" Source="IOMS_PAD_ANALOGBUTTON" Parameter="ANALOG_R2" Port="-1" Inverted="F"/>
			<Map Value="Jump" Source="IOMS_PAD_DIGITALBUTTON" Parameter="RLEFT" Port="-1" Inverted="F"/>
			<Map Value="Reload" Source="IOMS_PAD_DIGITALBUTTON" Parameter="RDOWN" Port="-1" Inverted="F"/>
			<Map Value="MoveX" Source="IOMS_PAD_AXIS" Parameter="IOM_AXIS_LX" Port="-1" Inverted="F"/>
			<Map Value="MoveY" Source="IOMS_PAD_AXIS" Parameter="IOM_AXIS_LY" Port="-1" Inverted="F"/>
			<Map Value="Brake" Source="IOMS_PAD_DIGITALBUTTON" Parameter="R1" Port="-1" Inverted="F"/>
			<Map Value="Spur" Source="IOMS_PAD_DIGITALBUTTON" Parameter="RRIGHT" Port="-1" Inverted="F"/>
			<Map Value="Target" Source="IOMS_PAD_ANALOGBUTTON" Parameter="ANALOG_L2" Port="-1" Inverted="F"/>
			<Map Value="Whistle" Source="IOMS_PAD_DIGITALBUTTON" Parameter="LUP" Port="-1" Inverted="F"/>
			<Map Value="WpnSpecial" Source="IOMS_PAD_DIGITALBUTTON" Parameter="R3" Port="-1" Inverted="F"/>
		</sagPlayerMapper>
	</sagPlayerInput>
	<Sagplayerinput Name="Config2">
		<Sagplayermapper Name="Horse">
      <Map Value="DeadEyePaint" Source="IOMS_PAD_DIGITALBUTTON" Parameter="R1" Port="-1" Inverted="F"/>
			<Map Value="Dismount" Source="Ioms_Pad_Digitalbutton" Parameter="RUP" Port="-1" Inverted="F"/>
			<Map Value="Fire" Source="IOMS_PAD_ANALOGBUTTON" Parameter="ANALOG_R2" Port="-1" Inverted="F"/>
			<Map Value="Jump" Source="Ioms_Pad_Digitalbutton" Parameter="RLEFT" Port="-1" Inverted="F"/>
			<Map Value="Reload" Source="Ioms_Pad_Digitalbutton" Parameter="RDOWN" Port="-1" Inverted="F"/>
			<Map Value="Movex" Source="Ioms_Pad_Axis" Parameter="Iom_Axis_Lx" Port="-1" Inverted="F"/>
			<Map Value="Movey" Source="Ioms_Pad_Axis" Parameter="Iom_Axis_Ly" Port="-1" Inverted="F"/>
			<Map Value="Brake" Source="IOMS_PAD_DIGITALBUTTON" Parameter="R1" Port="-1" Inverted="F"/>
			<Map Value="Spur" Source="Ioms_Pad_Digitalbutton" Parameter="L3" Port="-1" Inverted="F"/>
			<Map Value="Whistle" Source="IOMS_PAD_DIGITALBUTTON" Parameter="LUP" Port="-1" Inverted="F"/>
			<Map Value="Target" Source="IOMS_PAD_ANALOGBUTTON" Parameter="ANALOG_L2" Port="-1" Inverted="F"/>
		</Sagplayermapper>
	</Sagplayerinput>
</sagPlayerInputFile>
