<?xml version="1.0" encoding="UTF-8"?>
<sagPlayerInputFile>
	<sagPlayerInput Name="Config1">
		<sagPlayerMapper Name="Camera">
			<Map Value="CamX" Source="IOMS_PAD_AXIS" Parameter="IOM_AXIS_RX" Port="-1" Inverted="F"/>
			<Map Value="CamY" Source="IOMS_PAD_AXIS" Parameter="IOM_AXIS_RY" Port="-1" Inverted="F"/>
			<Map Value="LookBack" Source="IOMS_PAD_DIGITALBUTTON" Parameter="R3" Port="-1" Inverted="F"/>
			<Map Value="MoveX" Source="IOMS_PAD_AXIS" Parameter="IOM_AXIS_LX" Port="-1" Inverted="F"/>
			<Map Value="MoveY" Source="IOMS_PAD_AXIS" Parameter="IOM_AXIS_LY" Port="-1" Inverted="F"/>
      <Map Value="FocusCamera" Source="IOMS_PAD_DIGITALBUTTON" Parameter="RDOWN" Port="-1" Inverted="F"/>
      <Map Value="SwitchCameraModeLeft" Source="IOMS_PAD_DIGITALBUTTON" Parameter="LLEFT" Port="-1" Inverted="F"/>
      <Map Value="SwitchCameraModeRight" Source="IOMS_PAD_DIGITALBUTTON" Parameter="LRIGHT" Port="-1" Inverted="F"/>
      <Map Value="SwitchCameraModeUp" Source="IOMS_PAD_DIGITALBUTTON" Parameter="LUP" Port="-1" Inverted="F"/>
      <Map Value="SwitchCameraModeDown" Source="IOMS_PAD_DIGITALBUTTON" Parameter="LDOWN" Port="-1" Inverted="F"/>
		</sagPlayerMapper>
	</sagPlayerInput>
</sagPlayerInputFile>

