<?xml version="1.0" encoding="UTF-8"?>
<sagPlayerInputFile>
	<sagPlayerInput Name="Wagon">
		<sagPlayerMapper Name="Config1">
			<Map Value="Action" Source="IOMS_PAD_DIGITALBUTTON" Parameter="RLEFT" Port="-1" Inverted="F"/>
			<Map Value="DeadEyePaint" Source="IOMS_PAD_DIGITALBUTTON" Parameter="R1" Port="-1" Inverted="F"/>
			<Map Value="Exit" Source="IOMS_PAD_DIGITALBUTTON" Parameter="RUP" Port="-1" Inverted="F"/>
			<Map Value="Fire" Source="IOMS_PAD_ANALOGBUTTON" Parameter="ANALOG_R2" Port="-1" Inverted="F"/>
			<Map Value="FootBrake" Source="IOMS_PAD_DIGITALBUTTON" Parameter="R1" Port="-1" Inverted="F"/>
			<Map Value="ReinsBack" Source="IOMS_PAD_AXIS" Parameter="IOM_AXIS_LY" Port="-1" Inverted="F"/>
			<Map Value="ReinsLeft" Source="IOMS_PAD_ANALOGBUTTON" Parameter="ANALOG_L2" Port="-1" Inverted="F"/>
			<Map Value="ReinsRight" Source="IOMS_PAD_ANALOGBUTTON" Parameter="ANALOG_R2" Port="-1" Inverted="F"/>
			<Map Value="Reload" Source="IOMS_PAD_DIGITALBUTTON" Parameter="RDOWN" Port="-1" Inverted="F"/>
			<Map Value="Speed" Source="IOMS_PAD_DIGITALBUTTON" Parameter="RRIGHT" Port="-1" Inverted="F"/>
			<Map Value="Steer" Source="IOMS_PAD_AXIS" Parameter="IOM_AXIS_LX" Port="-1" Inverted="F"/>
			<Map Value="Target" Source="IOMS_PAD_ANALOGBUTTON" Parameter="ANALOG_L2" Port="-1" Inverted="F"/>
			<Map Value="Whip" Source="IOMS_PAD_DIGITALBUTTON" Parameter="RRIGHT" Port="-1" Inverted="F"/>
			<Map Value="Whistle" Source="IOMS_PAD_DIGITALBUTTON" Parameter="LUP" Port="-1" Inverted="F"/>
			<Map Value="WpnSpecial" Source="IOMS_PAD_DIGITALBUTTON" Parameter="R3" Port="-1" Inverted="F"/>
		</sagPlayerMapper>
	</sagPlayerInput>
</sagPlayerInputFile>

