<?xml version="1.0" encoding="UTF-8"?>
<sagPlayerInputFile>
	<sagPlayerInput Name="Config1">
		<sagPlayerMapper Name="Cheat">
			<Map Value="Cheat" Source="IOMS_PAD_DIGITALBUTTON" Parameter="R1" Port="-1" Inverted="F"/>
			<Map Value="CheatCtrlCfg" Source="IOMS_PAD_DIGITALBUTTON" Parameter="L1" Port="-1" Inverted="F"/>
			<Map Value="CheatGod" Source="IOMS_PAD_DIGITALBUTTON" Parameter="LLEFT" Port="-1" Inverted="F"/>
			<Map Value="CheatNoRun" Source="IOMS_PAD_DIGITALBUTTON" Parameter="RLEFT" Port="-1" Inverted="F"/>
			<Map Value="CheatTeleHrs" Source="IOMS_PAD_DIGITALBUTTON" Parameter="RDOWN" Port="-1" Inverted="F"/>
			<Map Value="CheatTelePly" Source="IOMS_PAD_DIGITALBUTTON" Parameter="RRIGHT" Port="-1" Inverted="F"/>
			<Map Value="CheatTeleVeh" Source="IOMS_PAD_DIGITALBUTTON" Parameter="RUP" Port="-1" Inverted="F"/>
			<Map Value="CheatWeapons" Source="IOMS_PAD_DIGITALBUTTON" Parameter="LRIGHT" Port="-1" Inverted="F"/>
		</sagPlayerMapper>
	</sagPlayerInput>
</sagPlayerInputFile>
